# Blender 3.6.1
# www.blender.org
mtllib lampeInnen.mtl
o Cylinder.001
v -0.120072 0.019513 -0.100619
v -0.129115 0.019513 -0.089901
v -0.131027 0.019513 -0.083932
v -0.122538 0.019513 -0.095285
v -0.120445 0.024450 -0.101051
v -0.119519 0.031187 -0.099945
v -0.129069 0.024450 -0.089845
v -0.132876 0.024450 -0.083932
v -0.128557 0.029865 -0.089139
v -0.130221 0.032110 -0.083932
v -0.125383 0.024450 -0.094782
v -0.122752 0.033817 -0.092883
v -0.126448 0.037048 -0.083932
v -0.100624 0.019513 -0.120058
v -0.101057 0.024450 -0.120425
v -0.099951 0.031180 -0.119503
v -0.089907 0.019513 -0.129117
v -0.092724 0.019513 -0.124549
v -0.083937 0.019513 -0.131024
v -0.089855 0.024450 -0.129080
v -0.094792 0.024450 -0.125362
v -0.089148 0.029872 -0.128567
v -0.092888 0.033817 -0.122736
v -0.083937 0.024450 -0.132886
v -0.083937 0.032102 -0.130228
v -0.083937 0.037040 -0.126419
v -0.110633 0.019513 -0.110657
v -0.113010 0.019513 -0.105488
v -0.103073 0.019513 -0.115261
v -0.111181 0.024450 -0.111191
v -0.116118 0.024450 -0.105988
v -0.110023 0.031487 -0.110009
v -0.113385 0.034628 -0.103487
v -0.105995 0.024450 -0.116128
v -0.103492 0.034625 -0.113373
v -0.107033 0.038070 -0.107029
v -0.116746 0.037770 -0.096628
v -0.096627 0.037763 -0.116737
v -0.139495 0.019513 -0.071518
v -0.141241 0.019513 -0.064183
v -0.148747 0.019513 -0.051162
v -0.149792 0.019513 -0.044435
v -0.143842 0.019513 -0.054396
v -0.139747 0.024450 -0.072033
v -0.143485 0.024450 -0.064183
v -0.138998 0.031012 -0.070606
v -0.140490 0.033046 -0.064183
v -0.148705 0.024450 -0.051047
v -0.150755 0.024450 -0.044435
v -0.148274 0.029852 -0.049815
v -0.149083 0.031428 -0.044435
v -0.146920 0.024450 -0.055984
v -0.143276 0.034538 -0.054479
v -0.145791 0.036365 -0.044435
v -0.133279 0.019513 -0.076791
v -0.137116 0.024450 -0.076970
v -0.133647 0.035068 -0.074656
v -0.137009 0.037984 -0.064183
v -0.128194 0.039123 -0.078705
v -0.138200 0.039224 -0.059143
v -0.151089 0.019513 -0.034560
v -0.152025 0.019513 -0.024686
v -0.152627 0.019513 -0.014812
v -0.152945 0.019513 -0.004937
v -0.153358 0.024450 -0.034560
v -0.155263 0.024450 -0.024686
v -0.150388 0.033371 -0.034560
v -0.150878 0.035170 -0.024814
v -0.147130 0.038308 -0.034560
v -0.147853 0.039026 -0.028190
v -0.156485 0.024450 -0.014812
v -0.157104 0.024450 -0.004937
v -0.152661 0.034324 -0.014812
v -0.153304 0.034324 -0.004937
v -0.071521 0.019513 -0.139493
v -0.064188 0.019513 -0.141239
v -0.073958 0.019513 -0.135011
v -0.072022 0.024450 -0.139751
v -0.070592 0.030999 -0.139003
v -0.064188 0.024450 -0.143491
v -0.064188 0.033036 -0.140493
v -0.076959 0.024450 -0.137110
v -0.074630 0.035052 -0.133652
v -0.078668 0.039106 -0.128168
v -0.064188 0.037973 -0.137015
v -0.051192 0.019513 -0.148739
v -0.054415 0.019513 -0.143838
v -0.044439 0.019513 -0.149781
v -0.051087 0.024450 -0.148698
v -0.056024 0.024450 -0.146918
v -0.049842 0.029850 -0.148269
v -0.054490 0.034537 -0.143268
v -0.044439 0.024450 -0.150751
v -0.044439 0.031431 -0.149085
v -0.044439 0.036368 -0.145779
v -0.059138 0.039223 -0.138192
v -0.034565 0.019513 -0.151083
v -0.024691 0.019513 -0.152023
v -0.034565 0.024450 -0.153360
v -0.034565 0.033378 -0.150392
v -0.034565 0.038315 -0.147127
v -0.024691 0.024450 -0.155252
v -0.024812 0.035173 -0.150873
v -0.028184 0.039029 -0.147852
v -0.014816 0.019513 -0.152624
v -0.004942 0.019513 -0.152945
v -0.014816 0.024450 -0.156472
v -0.014816 0.034324 -0.152635
v -0.004942 0.024450 -0.157110
v -0.004942 0.034324 -0.153275
v -0.152948 0.019513 0.004937
v -0.152627 0.019513 0.014811
v -0.152024 0.019513 0.024686
v -0.151086 0.019513 0.034560
v -0.157101 0.024450 0.004937
v -0.156463 0.024450 0.014811
v -0.153282 0.034324 0.004937
v -0.152630 0.034324 0.014811
v -0.155238 0.024450 0.024686
v -0.153350 0.024450 0.034560
v -0.150864 0.035174 0.024846
v -0.150383 0.033364 0.034560
v -0.147849 0.039033 0.028245
v -0.147127 0.038301 0.034560
v -0.149784 0.019513 0.044434
v -0.148742 0.019513 0.051184
v -0.143842 0.019513 0.054409
v -0.141241 0.019513 0.064183
v -0.139495 0.019513 0.071514
v -0.150749 0.024450 0.044434
v -0.148702 0.024450 0.051079
v -0.149084 0.031418 0.044434
v -0.148273 0.029856 0.049836
v -0.146914 0.024450 0.056016
v -0.145783 0.036355 0.044434
v -0.143267 0.034539 0.054483
v -0.143485 0.024450 0.064183
v -0.139753 0.024450 0.072015
v -0.140489 0.033032 0.064183
v -0.139007 0.030995 0.070585
v -0.134144 0.019513 0.075939
v -0.138195 0.039223 0.059131
v -0.137113 0.024450 0.076952
v -0.137019 0.037970 0.064183
v -0.133656 0.035050 0.074624
v -0.128172 0.039105 0.078662
v -0.131028 0.019513 0.083932
v -0.129121 0.019513 0.089901
v -0.123538 0.019513 0.094372
v -0.120062 0.019513 0.100619
v -0.132889 0.024450 0.083932
v -0.129084 0.024450 0.089849
v -0.130232 0.032101 0.083932
v -0.128572 0.029870 0.089143
v -0.125366 0.024450 0.094786
v -0.126423 0.037038 0.083932
v -0.122740 0.033817 0.092882
v -0.120429 0.024450 0.101052
v -0.119507 0.031180 0.099946
v -0.114283 0.019513 0.104528
v -0.110662 0.019513 0.110628
v -0.104530 0.019513 0.114262
v -0.116742 0.037763 0.096622
v -0.116132 0.024450 0.105989
v -0.111195 0.024450 0.111175
v -0.113378 0.034625 0.103487
v -0.110013 0.031487 0.110018
v -0.105993 0.024450 0.116113
v -0.107033 0.038070 0.107028
v -0.103491 0.034628 0.113379
v -0.096633 0.037770 0.116741
v -0.100624 0.019513 0.120068
v -0.101056 0.024450 0.120441
v -0.099950 0.031187 0.119514
v -0.094392 0.019513 0.123530
v -0.089906 0.019513 0.129111
v -0.083937 0.019513 0.131022
v -0.094787 0.024450 0.125378
v -0.089850 0.024450 0.129064
v -0.092888 0.033818 0.122747
v -0.089144 0.029866 0.128552
v -0.083937 0.024450 0.132871
v -0.083937 0.037043 0.126433
v -0.083937 0.032106 0.130215
v -0.075964 0.019513 0.134147
v -0.071549 0.019513 0.139483
v -0.064188 0.019513 0.141231
v -0.077005 0.024450 0.137110
v -0.078684 0.039117 0.128175
v -0.074654 0.035069 0.133637
v -0.064188 0.037990 0.136999
v -0.072068 0.024450 0.139733
v -0.070625 0.031021 0.138989
v -0.064188 0.024450 0.143471
v -0.064188 0.033053 0.140481
v -0.054402 0.019513 0.143837
v -0.051169 0.019513 0.148743
v -0.044439 0.019513 0.149788
v -0.059145 0.039224 0.138198
v -0.056045 0.024450 0.146915
v -0.051108 0.024450 0.148711
v -0.054518 0.034545 0.143267
v -0.049892 0.029867 0.148282
v -0.044439 0.024450 0.150759
v -0.044439 0.036367 0.145783
v -0.044439 0.031429 0.149086
v -0.034565 0.019513 0.151086
v -0.024691 0.019513 0.152021
v -0.034565 0.024450 0.153347
v -0.034565 0.038285 0.147124
v -0.034565 0.033348 0.150376
v -0.024691 0.024450 0.155242
v -0.028223 0.039008 0.147842
v -0.024835 0.035159 0.150860
v -0.014816 0.019513 0.152624
v -0.004942 0.019513 0.152945
v -0.014816 0.024450 0.156473
v -0.014816 0.034324 0.152639
v -0.004942 0.024450 0.157110
v -0.004942 0.034324 0.153292
v -0.119401 0.039839 -0.090045
v -0.121511 0.040950 -0.083932
v -0.090044 0.039860 -0.119386
v -0.083937 0.040952 -0.121482
v -0.110163 0.040153 -0.100446
v -0.100450 0.040151 -0.110155
v -0.103719 0.041556 -0.103715
v -0.113497 0.041307 -0.093524
v -0.113560 0.044350 -0.083932
v -0.103685 0.044975 -0.093806
v -0.103685 0.047181 -0.083932
v -0.093526 0.041321 -0.113490
v -0.093811 0.044978 -0.103681
v -0.083937 0.044359 -0.113555
v -0.083937 0.047178 -0.103681
v -0.092969 0.047730 -0.092964
v -0.098702 0.049002 -0.079815
v -0.088193 0.049437 -0.088422
v -0.083937 0.048709 -0.096366
v -0.139485 0.040148 -0.052560
v -0.140853 0.041015 -0.044435
v -0.130060 0.040363 -0.072122
v -0.132072 0.041444 -0.064183
v -0.124315 0.042315 -0.074871
v -0.123434 0.045260 -0.064183
v -0.134268 0.042249 -0.055235
v -0.133308 0.044686 -0.044435
v -0.123434 0.046758 -0.054309
v -0.122724 0.048024 -0.044333
v -0.118864 0.049519 -0.037191
v -0.148398 0.039513 -0.021607
v -0.142193 0.041711 -0.034560
v -0.144010 0.041720 -0.024814
v -0.148803 0.039830 -0.014812
v -0.149145 0.040084 -0.004937
v -0.143183 0.042968 -0.014812
v -0.143183 0.043353 -0.004937
v -0.133308 0.045801 -0.034560
v -0.133308 0.046530 -0.024686
v -0.124852 0.048289 -0.034560
v -0.126042 0.048583 -0.024686
v -0.119412 0.050016 -0.025870
v -0.133308 0.046975 -0.014812
v -0.133335 0.047230 -0.000312
v -0.126213 0.048937 -0.014776
v -0.126813 0.048977 -0.005124
v -0.113560 0.046519 -0.074058
v -0.111139 0.048624 -0.064390
v -0.109472 0.049638 -0.058235
v -0.104079 0.048594 -0.075005
v -0.099956 0.050370 -0.067387
v -0.116189 0.048626 -0.054309
v -0.117716 0.049053 -0.046782
v -0.099139 0.052772 -0.044733
v -0.079261 0.052781 -0.074414
v -0.077911 0.054370 -0.063655
v -0.088635 0.053725 -0.054213
v -0.079012 0.056210 -0.044648
v -0.097854 0.053754 -0.034498
v -0.096918 0.054486 -0.024299
v -0.108495 0.052607 -0.015124
v -0.109621 0.052583 -0.005069
v -0.080939 0.056596 -0.035776
v -0.083937 0.056750 -0.024686
v -0.089262 0.056254 -0.014599
v -0.089620 0.056385 -0.004771
v -0.072085 0.040366 -0.130073
v -0.074851 0.042303 -0.124297
v -0.064188 0.041441 -0.132078
v -0.064188 0.045263 -0.123429
v -0.052555 0.040154 -0.139472
v -0.044439 0.041017 -0.140842
v -0.055233 0.042242 -0.134261
v -0.054314 0.046756 -0.123429
v -0.044439 0.044682 -0.133304
v -0.044240 0.048021 -0.122702
v -0.036703 0.049527 -0.118892
v -0.074062 0.046512 -0.113555
v -0.074952 0.048594 -0.104072
v -0.076359 0.049298 -0.099603
v -0.064228 0.048133 -0.113129
v -0.066536 0.049024 -0.107911
v -0.057183 0.049777 -0.109249
v -0.074062 0.052118 -0.083932
v -0.064797 0.052356 -0.089922
v -0.054314 0.048637 -0.116168
v -0.046368 0.049031 -0.117908
v -0.045117 0.052525 -0.100343
v -0.054403 0.053749 -0.088372
v -0.044630 0.056251 -0.078684
v -0.034565 0.041708 -0.142190
v -0.021601 0.039508 -0.148406
v -0.024812 0.041723 -0.144008
v -0.034565 0.045804 -0.133304
v -0.034565 0.048295 -0.124799
v -0.024691 0.046546 -0.133304
v -0.024836 0.048835 -0.125076
v -0.014816 0.039826 -0.148787
v -0.014816 0.042979 -0.143178
v -0.004942 0.040080 -0.149111
v -0.004942 0.043347 -0.143178
v -0.014816 0.046999 -0.133304
v -0.014816 0.048783 -0.126850
v -0.015655 0.050304 -0.119850
v -0.004942 0.047194 -0.133304
v -0.005242 0.048969 -0.126758
v -0.034894 0.053595 -0.098620
v -0.025590 0.052040 -0.109423
v -0.035349 0.056447 -0.082027
v -0.024604 0.056026 -0.088414
v -0.014495 0.054919 -0.096645
v -0.004942 0.051774 -0.113555
v -0.005036 0.055239 -0.095909
v -0.014816 0.057165 -0.083932
v -0.004529 0.058764 -0.075619
v -0.064188 0.054850 -0.074058
v -0.065028 0.056551 -0.060490
v -0.074062 0.055992 -0.054309
v -0.059210 0.059206 -0.042794
v -0.055215 0.056264 -0.071537
v -0.044005 0.059091 -0.059235
v -0.051300 0.058971 -0.053826
v -0.044439 0.060654 -0.044435
v -0.068777 0.059146 -0.025582
v -0.062079 0.059442 -0.035268
v -0.068175 0.059681 -0.015289
v -0.072947 0.059167 -0.004938
v -0.064188 0.060451 -0.004937
v -0.054314 0.060451 -0.034560
v -0.054314 0.061072 -0.024686
v -0.044439 0.061471 -0.034560
v -0.044505 0.062274 -0.019337
v -0.054314 0.061482 -0.014812
v -0.054314 0.061675 -0.004937
v -0.044283 0.062593 -0.000080
v -0.033144 0.059029 -0.066151
v -0.025063 0.059132 -0.069087
v -0.034565 0.060445 -0.054309
v -0.034565 0.061484 -0.044435
v -0.024691 0.061076 -0.054309
v -0.024691 0.062041 -0.044435
v -0.015146 0.059650 -0.068482
v -0.004942 0.060464 -0.064183
v -0.014816 0.061486 -0.054309
v -0.009636 0.062530 -0.044234
v -0.004942 0.061682 -0.054309
v -0.034565 0.062221 -0.034560
v -0.034565 0.062699 -0.024686
v -0.025299 0.062880 -0.030737
v -0.031357 0.063129 -0.016004
v -0.034565 0.063116 -0.004937
v -0.018538 0.063756 -0.005239
v -0.009788 0.063115 -0.034045
v -0.016243 0.063502 -0.020750
v -0.005359 0.063726 -0.019327
v -0.004942 0.064102 -0.004937
v -0.149129 0.040082 0.004937
v -0.148795 0.039834 0.014811
v -0.143183 0.043349 0.004937
v -0.143183 0.042979 0.014811
v -0.148407 0.039522 0.021662
v -0.144008 0.041726 0.024846
v -0.142190 0.041706 0.034560
v -0.133308 0.046982 0.014811
v -0.126619 0.049021 0.004744
v -0.126196 0.048939 0.014704
v -0.133308 0.046528 0.024686
v -0.133308 0.045787 0.034560
v -0.125145 0.048820 0.024717
v -0.123480 0.048373 0.038235
v -0.119555 0.049364 0.037220
v -0.140846 0.041021 0.044434
v -0.139475 0.040153 0.052548
v -0.133308 0.044681 0.044434
v -0.134266 0.042243 0.055227
v -0.123434 0.046755 0.054309
v -0.132082 0.041440 0.064183
v -0.130077 0.040366 0.072079
v -0.123434 0.045262 0.064183
v -0.124302 0.042302 0.074845
v -0.113560 0.051782 0.004937
v -0.109323 0.052440 0.015327
v -0.096553 0.055114 0.005100
v -0.109286 0.052070 0.025467
v -0.107106 0.051985 0.034836
v -0.088966 0.056315 0.014435
v -0.083937 0.057356 0.004937
v -0.088329 0.056031 0.024572
v -0.088444 0.055427 0.034742
v -0.117645 0.049084 0.046399
v -0.116135 0.048634 0.054309
v -0.109605 0.049690 0.057404
v -0.100195 0.052550 0.045040
v -0.113117 0.048132 0.064217
v -0.113560 0.046511 0.074057
v -0.107160 0.049068 0.067363
v -0.104077 0.048594 0.074946
v -0.098503 0.049273 0.077917
v -0.087933 0.053867 0.053950
v -0.078628 0.056296 0.044474
v -0.090111 0.052316 0.064853
v -0.079809 0.052616 0.074941
v -0.121486 0.040952 0.083932
v -0.119390 0.039860 0.090039
v -0.113560 0.044359 0.083932
v -0.113494 0.041321 0.093521
v -0.103685 0.047178 0.083932
v -0.103685 0.044978 0.093806
v -0.110159 0.040151 0.100445
v -0.103719 0.041555 0.103714
v -0.100451 0.040152 0.110158
v -0.096370 0.048708 0.083932
v -0.092969 0.047730 0.092964
v -0.088327 0.049391 0.088597
v -0.083937 0.048714 0.096399
v -0.093811 0.044973 0.103680
v -0.093529 0.041308 0.113492
v -0.083937 0.047184 0.103680
v -0.083937 0.044353 0.113555
v -0.090050 0.039842 0.119397
v -0.083937 0.040946 0.121496
v -0.067917 0.059946 0.005307
v -0.068638 0.059607 0.015893
v -0.069154 0.059122 0.025416
v -0.069019 0.058852 0.030072
v -0.062488 0.059372 0.035236
v -0.054517 0.061606 0.009492
v -0.044478 0.062250 0.019821
v -0.054314 0.061083 0.024686
v -0.054314 0.060454 0.034560
v -0.044439 0.061483 0.034560
v -0.074062 0.056003 0.054309
v -0.058904 0.058995 0.045293
v -0.064675 0.056672 0.059995
v -0.074062 0.054849 0.064183
v -0.064188 0.054853 0.074057
v -0.051363 0.058880 0.054603
v -0.043211 0.059257 0.058559
v -0.054950 0.056397 0.070793
v -0.044455 0.056178 0.079246
v -0.044439 0.060662 0.044434
v -0.035042 0.063052 0.010280
v -0.019516 0.063713 0.005133
v -0.025738 0.063221 0.020786
v -0.034565 0.062687 0.024686
v -0.034565 0.062214 0.034560
v -0.024691 0.062709 0.034560
v -0.016304 0.063472 0.021413
v -0.004942 0.064100 0.004937
v -0.005113 0.063730 0.019021
v -0.011205 0.063076 0.034596
v -0.031575 0.058647 0.069669
v -0.034565 0.061480 0.044434
v -0.034659 0.060251 0.056033
v -0.024691 0.062048 0.044434
v -0.024691 0.061080 0.054309
v -0.024319 0.059230 0.068722
v -0.013820 0.058320 0.077185
v -0.004857 0.059008 0.073894
v -0.010431 0.062534 0.044129
v -0.014816 0.061488 0.054309
v 0.000713 0.061732 0.054196
v -0.010264 0.060462 0.063576
v -0.077168 0.049291 0.099112
v -0.074062 0.052114 0.083932
v -0.065163 0.052198 0.090626
v -0.074990 0.048594 0.104090
v -0.074062 0.046523 0.113555
v -0.066783 0.049067 0.107455
v -0.064187 0.048128 0.113133
v -0.054461 0.053624 0.089112
v -0.045479 0.052440 0.100621
v -0.054314 0.048624 0.116176
v -0.057311 0.049679 0.109710
v -0.046218 0.049074 0.117715
v -0.074860 0.042314 0.124301
v -0.072101 0.040361 0.130044
v -0.064188 0.045268 0.123429
v -0.064188 0.041440 0.132062
v -0.054314 0.046755 0.123429
v -0.055238 0.042255 0.134265
v -0.044224 0.048014 0.122706
v -0.044439 0.044694 0.133303
v -0.052562 0.040159 0.139471
v -0.044439 0.041030 0.140846
v -0.034565 0.056187 0.083932
v -0.034999 0.053467 0.099208
v -0.024691 0.056766 0.083932
v -0.024451 0.054296 0.097948
v -0.037746 0.049368 0.119281
v -0.025580 0.050034 0.119403
v -0.014666 0.054704 0.097761
v -0.004652 0.056495 0.088920
v -0.015574 0.050247 0.120131
v -0.004635 0.052898 0.108038
v -0.034565 0.048283 0.124785
v -0.034565 0.045801 0.133303
v -0.024691 0.048582 0.126020
v -0.024691 0.046525 0.133303
v -0.034565 0.041717 0.142187
v -0.024835 0.041708 0.144001
v -0.021640 0.039500 0.148395
v -0.014816 0.048765 0.126863
v -0.014816 0.046971 0.133303
v -0.004768 0.048936 0.126930
v -0.004942 0.047194 0.133303
v -0.014816 0.042960 0.143178
v -0.014816 0.039816 0.148790
v -0.004942 0.043355 0.143178
v -0.004942 0.040081 0.149127
v 0.004932 0.019513 -0.152949
v 0.014807 0.019513 -0.152624
v 0.004932 0.024450 -0.157119
v 0.004932 0.034324 -0.153283
v 0.014807 0.024450 -0.156482
v 0.014807 0.034324 -0.152648
v 0.024681 0.019513 -0.152019
v 0.034555 0.019513 -0.151084
v 0.024681 0.024450 -0.155243
v 0.024784 0.035172 -0.150868
v 0.028144 0.039029 -0.147855
v 0.034555 0.024450 -0.153347
v 0.034555 0.033362 -0.150379
v 0.034555 0.038299 -0.147141
v 0.103072 0.019513 -0.115238
v 0.044430 0.019513 -0.149787
v 0.051163 0.019513 -0.148744
v 0.054394 0.019513 -0.143838
v 0.073960 0.019513 -0.135029
v 0.044430 0.024450 -0.150764
v 0.044430 0.031430 -0.149092
v 0.044430 0.036367 -0.145792
v 0.051103 0.024450 -0.148713
v 0.056040 0.024450 -0.146917
v 0.049886 0.029870 -0.148283
v 0.054512 0.034548 -0.143268
v 0.059138 0.039225 -0.138200
v 0.064178 0.019513 -0.141233
v 0.071543 0.019513 -0.139485
v 0.064178 0.024450 -0.143475
v 0.064178 0.033056 -0.140483
v 0.072063 0.024450 -0.139736
v 0.070619 0.031023 -0.138991
v 0.064178 0.037993 -0.137001
v 0.077001 0.024450 -0.137113
v 0.074648 0.035071 -0.133639
v 0.078677 0.039118 -0.128177
v 0.083927 0.019513 -0.131025
v 0.092712 0.019513 -0.124559
v 0.089899 0.019513 -0.129113
v 0.083927 0.024450 -0.132877
v 0.083927 0.032111 -0.130219
v 0.083927 0.037048 -0.126436
v 0.089845 0.024450 -0.129068
v 0.094783 0.024450 -0.125382
v 0.089137 0.029870 -0.128555
v 0.092882 0.033822 -0.122750
v 0.100617 0.019513 -0.120071
v 0.101051 0.024450 -0.120445
v 0.099943 0.031190 -0.119517
v 0.096626 0.037773 -0.116744
v 0.110655 0.019513 -0.110631
v 0.113015 0.019513 -0.105502
v 0.122532 0.019513 -0.095269
v 0.105988 0.024450 -0.116117
v 0.103485 0.034631 -0.113383
v 0.107027 0.038073 -0.107032
v 0.111190 0.024450 -0.111180
v 0.116127 0.024450 -0.105995
v 0.110007 0.031490 -0.110021
v 0.113371 0.034628 -0.103491
v 0.116735 0.037767 -0.096626
v 0.120056 0.019513 -0.100623
v 0.129114 0.019513 -0.089906
v 0.131023 0.019513 -0.083932
v 0.120424 0.024450 -0.101058
v 0.119501 0.031184 -0.099949
v 0.125361 0.024450 -0.094793
v 0.122732 0.033822 -0.092887
v 0.126437 0.037059 -0.083932
v 0.129079 0.024450 -0.089855
v 0.132888 0.024450 -0.083932
v 0.128565 0.029877 -0.089147
v 0.130227 0.032122 -0.083932
v 0.133270 0.019513 -0.076792
v 0.128194 0.039126 -0.078724
v 0.137108 0.024450 -0.076957
v 0.133635 0.035065 -0.074655
v 0.136998 0.037981 -0.064183
v 0.138198 0.039229 -0.059161
v 0.139489 0.019513 -0.071520
v 0.141236 0.019513 -0.064183
v 0.143834 0.019513 -0.054419
v 0.148739 0.019513 -0.051202
v 0.149781 0.019513 -0.044435
v 0.139739 0.024450 -0.072019
v 0.143477 0.024450 -0.064183
v 0.138987 0.031003 -0.070586
v 0.140477 0.033044 -0.064183
v 0.146912 0.024450 -0.056057
v 0.143259 0.034554 -0.054517
v 0.145780 0.036385 -0.044435
v 0.148706 0.024450 -0.051120
v 0.150757 0.024450 -0.044435
v 0.148276 0.029878 -0.049873
v 0.149086 0.031448 -0.044435
v 0.151082 0.019513 -0.034560
v 0.152026 0.019513 -0.024686
v 0.152628 0.019513 -0.014812
v 0.152944 0.019513 -0.004937
v 0.147142 0.038313 -0.034560
v 0.147861 0.039031 -0.028218
v 0.153348 0.024450 -0.034560
v 0.155255 0.024450 -0.024686
v 0.150376 0.033376 -0.034560
v 0.150867 0.035174 -0.024830
v 0.156488 0.024450 -0.014812
v 0.157111 0.024450 -0.004937
v 0.152653 0.034324 -0.014812
v 0.153272 0.034324 -0.004937
v 0.004932 0.019513 0.152947
v 0.014807 0.019513 0.152624
v 0.004932 0.024450 0.157109
v 0.004932 0.034324 0.153293
v 0.014807 0.024450 0.156471
v 0.014807 0.034324 0.152645
v 0.024681 0.019513 0.152021
v 0.034555 0.019513 0.151084
v 0.024681 0.024450 0.155243
v 0.028253 0.039034 0.147849
v 0.024849 0.035176 0.150864
v 0.034555 0.024450 0.153350
v 0.034555 0.038304 0.147127
v 0.034555 0.033367 0.150381
v 0.075937 0.019513 0.134141
v 0.044430 0.019513 0.149782
v 0.054407 0.019513 0.143838
v 0.051185 0.019513 0.148739
v 0.059131 0.039224 0.138192
v 0.044430 0.024450 0.150749
v 0.044430 0.036361 0.145781
v 0.044430 0.031424 0.149082
v 0.056019 0.024450 0.146919
v 0.051082 0.024450 0.148699
v 0.054483 0.034543 0.143269
v 0.049835 0.029861 0.148269
v 0.064178 0.019513 0.141241
v 0.071514 0.019513 0.139494
v 0.064178 0.037975 0.137017
v 0.076954 0.024450 0.137112
v 0.078661 0.039107 0.128169
v 0.074623 0.035054 0.133653
v 0.064178 0.024450 0.143495
v 0.064178 0.033038 0.140495
v 0.072016 0.024450 0.139753
v 0.070585 0.031001 0.139004
v 0.152946 0.019513 0.004937
v 0.152626 0.019513 0.014811
v 0.152021 0.019513 0.024686
v 0.151081 0.019513 0.034560
v 0.157108 0.024450 0.004937
v 0.156474 0.024450 0.014811
v 0.153262 0.034324 0.004937
v 0.152631 0.034324 0.014811
v 0.147839 0.039009 0.028229
v 0.147122 0.038288 0.034560
v 0.155240 0.024450 0.024686
v 0.153341 0.024450 0.034560
v 0.150857 0.035160 0.024837
v 0.150371 0.033351 0.034560
v 0.134144 0.019513 0.075963
v 0.138195 0.039226 0.059145
v 0.128172 0.039119 0.078683
v 0.137109 0.024450 0.077007
v 0.136997 0.037994 0.064183
v 0.133634 0.035071 0.074654
v 0.143834 0.019513 0.054400
v 0.149783 0.019513 0.044434
v 0.148740 0.019513 0.051170
v 0.141229 0.019513 0.064183
v 0.139480 0.019513 0.071549
v 0.146914 0.024450 0.056048
v 0.145781 0.036372 0.044434
v 0.143264 0.034549 0.054519
v 0.150757 0.024450 0.044434
v 0.148710 0.024450 0.051111
v 0.149084 0.031435 0.044434
v 0.148279 0.029872 0.049893
v 0.143473 0.024450 0.064183
v 0.139732 0.024450 0.072070
v 0.140479 0.033057 0.064183
v 0.138986 0.031024 0.070625
v 0.096620 0.037767 0.116740
v 0.114260 0.019513 0.104527
v 0.103816 0.019513 0.113793
v 0.110626 0.019513 0.110660
v 0.116739 0.037773 0.096631
v 0.105989 0.024450 0.116132
v 0.107027 0.038073 0.107031
v 0.103485 0.034628 0.113375
v 0.116112 0.024450 0.105993
v 0.111175 0.024450 0.111195
v 0.113378 0.034632 0.103490
v 0.110016 0.031490 0.110011
v 0.083927 0.019513 0.131026
v 0.093436 0.019513 0.123382
v 0.089900 0.019513 0.129119
v 0.083927 0.024450 0.132891
v 0.083927 0.037044 0.126422
v 0.083927 0.032107 0.130231
v 0.094786 0.024450 0.125365
v 0.089849 0.024450 0.129083
v 0.092881 0.033821 0.122738
v 0.089142 0.029876 0.128569
v 0.100618 0.019513 0.120060
v 0.101052 0.024450 0.120428
v 0.099944 0.031184 0.119505
v 0.123528 0.019513 0.094389
v 0.131021 0.019513 0.083932
v 0.129109 0.019513 0.089904
v 0.120066 0.019513 0.100622
v 0.125377 0.024450 0.094788
v 0.126432 0.037049 0.083932
v 0.122745 0.033822 0.092887
v 0.132874 0.024450 0.083932
v 0.129063 0.024450 0.089851
v 0.130214 0.032112 0.083932
v 0.128550 0.029871 0.089143
v 0.120440 0.024450 0.101056
v 0.119512 0.031191 0.099948
v 0.004932 0.040084 -0.149113
v 0.004932 0.043353 -0.143178
v 0.014807 0.039834 -0.148790
v 0.014807 0.042984 -0.143178
v 0.004932 0.047187 -0.133304
v 0.004846 0.049032 -0.126504
v 0.014807 0.046987 -0.133304
v 0.014799 0.048965 -0.126085
v 0.021562 0.039513 -0.148405
v 0.024784 0.041723 -0.144009
v 0.034555 0.041720 -0.142204
v 0.024681 0.046543 -0.133304
v 0.024586 0.048805 -0.125219
v 0.034555 0.045814 -0.133304
v 0.034555 0.048292 -0.124816
v 0.037425 0.049506 -0.118870
v 0.005238 0.052701 -0.108982
v 0.015347 0.052474 -0.109132
v 0.004672 0.056135 -0.090970
v 0.014781 0.056191 -0.089522
v 0.025116 0.052165 -0.108900
v 0.034170 0.053802 -0.097646
v 0.024553 0.056110 -0.087903
v 0.035320 0.056749 -0.080280
v 0.044430 0.041029 -0.140855
v 0.052555 0.040157 -0.139473
v 0.044430 0.044699 -0.133304
v 0.044291 0.048023 -0.122726
v 0.055230 0.042254 -0.134266
v 0.054304 0.046761 -0.123429
v 0.064178 0.041442 -0.132064
v 0.064178 0.045270 -0.123429
v 0.072095 0.040362 -0.130046
v 0.074853 0.042315 -0.124303
v 0.046010 0.049084 -0.117856
v 0.045177 0.052573 -0.099938
v 0.054304 0.048629 -0.116171
v 0.056578 0.049682 -0.110066
v 0.054868 0.052087 -0.097854
v 0.043752 0.056516 -0.077550
v 0.054304 0.054473 -0.083932
v 0.064173 0.048128 -0.113133
v 0.069126 0.049174 -0.105433
v 0.074053 0.046524 -0.113555
v 0.074982 0.048595 -0.104091
v 0.064365 0.052559 -0.089063
v 0.078611 0.049212 -0.098415
v 0.074866 0.052692 -0.079406
v 0.005108 0.059187 -0.072918
v 0.015229 0.059552 -0.069208
v 0.004932 0.060462 -0.064183
v 0.004932 0.061677 -0.054309
v 0.010253 0.062458 -0.045018
v 0.014807 0.061479 -0.054309
v 0.025971 0.059106 -0.069039
v 0.036282 0.059817 -0.058804
v 0.024681 0.061080 -0.054309
v 0.024681 0.062040 -0.044435
v 0.034555 0.061475 -0.044435
v 0.010175 0.063035 -0.035416
v 0.004908 0.063783 -0.017681
v 0.021346 0.063198 -0.025951
v 0.004932 0.064110 -0.004937
v 0.019405 0.063566 -0.015273
v 0.017896 0.063777 -0.005314
v 0.024681 0.062694 -0.034560
v 0.034555 0.062213 -0.034560
v 0.035557 0.062804 -0.021081
v 0.034215 0.063185 0.000323
v 0.042419 0.059068 -0.060513
v 0.054343 0.056601 -0.069884
v 0.050051 0.059277 -0.052549
v 0.059143 0.059177 -0.043209
v 0.044430 0.060657 -0.044435
v 0.063023 0.055898 -0.067621
v 0.074053 0.054852 -0.064183
v 0.070932 0.056427 -0.054600
v 0.078378 0.056339 -0.044332
v 0.044430 0.061465 -0.034560
v 0.044430 0.062050 -0.024686
v 0.056275 0.060174 -0.035186
v 0.054304 0.061067 -0.024686
v 0.045127 0.062443 -0.011151
v 0.054304 0.061484 -0.014812
v 0.054304 0.061676 -0.004937
v 0.068364 0.058884 -0.031032
v 0.072959 0.059165 -0.004766
v 0.069175 0.059157 -0.024454
v 0.068402 0.059637 -0.015641
v 0.064178 0.060454 -0.004937
v 0.083927 0.040948 -0.121499
v 0.090043 0.039844 -0.119399
v 0.083927 0.044355 -0.113555
v 0.083927 0.047186 -0.103681
v 0.093521 0.041310 -0.113493
v 0.093801 0.044976 -0.103681
v 0.083927 0.048715 -0.096403
v 0.088297 0.049426 -0.088398
v 0.084126 0.051551 -0.078087
v 0.092961 0.047731 -0.092966
v 0.096365 0.048709 -0.083932
v 0.100444 0.040153 -0.110161
v 0.103711 0.041557 -0.103716
v 0.110152 0.040152 -0.100449
v 0.103676 0.044981 -0.093806
v 0.103676 0.047180 -0.083932
v 0.113486 0.041324 -0.093523
v 0.113550 0.044362 -0.083932
v 0.119380 0.039861 -0.090043
v 0.121500 0.040954 -0.083932
v 0.089538 0.052449 -0.064605
v 0.099551 0.049310 -0.076348
v 0.088136 0.053816 -0.054136
v 0.098759 0.052814 -0.044944
v 0.104069 0.048596 -0.074949
v 0.107724 0.049032 -0.066745
v 0.113550 0.046515 -0.074058
v 0.113105 0.048124 -0.064222
v 0.108813 0.049900 -0.056766
v 0.116138 0.048623 -0.054309
v 0.118381 0.049088 -0.044786
v 0.083927 0.056197 -0.034560
v 0.083927 0.056770 -0.024686
v 0.096032 0.054134 -0.033713
v 0.096130 0.054661 -0.024060
v 0.089770 0.056179 -0.014159
v 0.089814 0.056353 -0.004522
v 0.118933 0.050130 -0.026044
v 0.109786 0.052355 -0.015333
v 0.109500 0.052584 -0.005495
v 0.124311 0.042308 -0.074883
v 0.123424 0.045264 -0.064183
v 0.130041 0.040372 -0.072141
v 0.132061 0.041453 -0.064183
v 0.123424 0.046752 -0.054309
v 0.122754 0.048018 -0.044320
v 0.118956 0.049471 -0.037992
v 0.134263 0.042244 -0.055245
v 0.133299 0.044674 -0.044435
v 0.139462 0.040143 -0.052578
v 0.140843 0.041011 -0.044435
v 0.124905 0.048282 -0.034560
v 0.126059 0.048584 -0.024686
v 0.133299 0.045786 -0.034560
v 0.133299 0.046532 -0.024686
v 0.126147 0.048958 -0.014616
v 0.126685 0.049005 -0.004568
v 0.133299 0.046987 -0.014812
v 0.133299 0.047188 -0.004937
v 0.142205 0.041703 -0.034560
v 0.144011 0.041715 -0.024830
v 0.148399 0.039504 -0.021635
v 0.143173 0.042961 -0.014812
v 0.143173 0.043321 -0.004937
v 0.148792 0.039815 -0.014812
v 0.149105 0.040062 -0.004937
v 0.004932 0.064109 0.004937
v 0.005186 0.063794 0.017275
v 0.018593 0.063748 0.005210
v 0.018780 0.063582 0.015323
v 0.010218 0.063084 0.034746
v 0.019875 0.063250 0.025767
v 0.035354 0.062810 0.021019
v 0.024681 0.062687 0.034560
v 0.034555 0.062218 0.034560
v 0.004574 0.058498 0.077229
v 0.010216 0.062465 0.044974
v 0.014807 0.061483 0.054309
v 0.004932 0.060462 0.064183
v 0.015266 0.059702 0.068118
v 0.024951 0.059244 0.068376
v 0.034555 0.057752 0.074057
v 0.024681 0.062041 0.044434
v 0.024681 0.061085 0.054309
v 0.034555 0.061478 0.044434
v 0.035971 0.059864 0.058562
v 0.044442 0.062517 0.010251
v 0.054304 0.061673 0.004937
v 0.054304 0.061479 0.014811
v 0.044430 0.062049 0.024686
v 0.044430 0.061485 0.034560
v 0.054304 0.061073 0.024686
v 0.054304 0.060447 0.034560
v 0.076399 0.058632 0.004467
v 0.069163 0.059103 0.025784
v 0.067772 0.058922 0.031858
v 0.064178 0.060446 0.004937
v 0.068977 0.059559 0.015760
v 0.043139 0.059278 0.058403
v 0.059240 0.059082 0.044130
v 0.052813 0.059118 0.051172
v 0.043835 0.056460 0.077886
v 0.054304 0.057361 0.064183
v 0.052799 0.055769 0.076756
v 0.044430 0.060667 0.044434
v 0.070445 0.056481 0.054584
v 0.079103 0.056198 0.044486
v 0.067789 0.055840 0.063339
v 0.064178 0.054852 0.074057
v 0.079405 0.052684 0.074944
v 0.005094 0.055063 0.096729
v 0.014580 0.056336 0.088813
v 0.004932 0.051778 0.113555
v 0.015450 0.052267 0.110211
v 0.024249 0.056186 0.087563
v 0.033682 0.055797 0.086677
v 0.025142 0.052125 0.109146
v 0.034529 0.052105 0.106548
v 0.004486 0.048985 0.126759
v 0.004932 0.047195 0.133303
v 0.014732 0.048999 0.125942
v 0.014807 0.046978 0.133303
v 0.004932 0.043350 0.143178
v 0.004932 0.040085 0.149131
v 0.014807 0.042981 0.143178
v 0.014807 0.039837 0.148799
v 0.024916 0.048861 0.124929
v 0.024681 0.046528 0.133303
v 0.034555 0.048288 0.124833
v 0.034555 0.045801 0.133303
v 0.037211 0.049328 0.119672
v 0.024849 0.041728 0.144006
v 0.021670 0.039523 0.148401
v 0.034555 0.041711 0.142190
v 0.044988 0.052669 0.099524
v 0.054881 0.052097 0.097753
v 0.046762 0.049096 0.117438
v 0.054304 0.048635 0.116134
v 0.056648 0.049511 0.110854
v 0.064362 0.052517 0.089292
v 0.077274 0.049322 0.098753
v 0.074053 0.052114 0.083932
v 0.067489 0.049078 0.107036
v 0.064214 0.048133 0.113113
v 0.074944 0.048595 0.104073
v 0.074053 0.046513 0.113555
v 0.044247 0.048021 0.122704
v 0.044430 0.044689 0.133303
v 0.054304 0.046757 0.123429
v 0.055225 0.042245 0.134262
v 0.044430 0.041022 0.140844
v 0.052548 0.040155 0.139472
v 0.064178 0.045264 0.123429
v 0.064178 0.041442 0.132080
v 0.074843 0.042304 0.124298
v 0.072078 0.040367 0.130074
v 0.089838 0.056147 0.014424
v 0.096273 0.055163 0.004679
v 0.087806 0.056134 0.024330
v 0.083927 0.056181 0.034560
v 0.097597 0.053797 0.034373
v 0.110228 0.052262 0.015217
v 0.113550 0.051771 0.004937
v 0.110004 0.051927 0.025404
v 0.119121 0.049428 0.037580
v 0.088396 0.053779 0.054062
v 0.099398 0.052702 0.045029
v 0.089737 0.052395 0.064718
v 0.098464 0.049255 0.078290
v 0.109495 0.049761 0.057016
v 0.117881 0.049083 0.045879
v 0.116172 0.048627 0.054309
v 0.107641 0.049072 0.066475
v 0.104087 0.048595 0.074987
v 0.113131 0.048129 0.064185
v 0.113550 0.046525 0.074057
v 0.126853 0.048965 0.004742
v 0.126032 0.048983 0.014689
v 0.133299 0.047189 0.004937
v 0.133299 0.046970 0.014811
v 0.124960 0.048850 0.024844
v 0.124815 0.048282 0.034560
v 0.133299 0.046525 0.024686
v 0.133299 0.045801 0.034560
v 0.143173 0.043336 0.004937
v 0.143173 0.042969 0.014811
v 0.149099 0.040074 0.004937
v 0.148784 0.039829 0.014811
v 0.143998 0.041715 0.024837
v 0.142185 0.041718 0.034560
v 0.148395 0.039507 0.021646
v 0.122706 0.048017 0.044273
v 0.123424 0.046759 0.054309
v 0.133299 0.044697 0.044434
v 0.134262 0.042256 0.055236
v 0.123424 0.045271 0.064183
v 0.124298 0.042315 0.074858
v 0.132060 0.041442 0.064183
v 0.130042 0.040362 0.072100
v 0.140844 0.041031 0.044434
v 0.139469 0.040160 0.052562
v 0.083927 0.048709 0.096369
v 0.088297 0.049409 0.088519
v 0.096398 0.048715 0.083932
v 0.092961 0.047731 0.092965
v 0.083927 0.047180 0.103680
v 0.083927 0.044362 0.113555
v 0.093801 0.044981 0.103680
v 0.093518 0.041323 0.113491
v 0.103676 0.047186 0.083932
v 0.103676 0.044976 0.093806
v 0.113550 0.044356 0.083932
v 0.113489 0.041310 0.093526
v 0.103711 0.041557 0.103716
v 0.100444 0.040152 0.110157
v 0.110156 0.040153 0.100449
v 0.083927 0.040954 0.121485
v 0.090037 0.039861 0.119388
v 0.121495 0.040948 0.083932
v 0.119395 0.039844 0.090048
vn -0.6441 -0.6661 -0.3761
vn -0.4067 -0.8686 -0.2831
vn -0.5276 -0.8078 -0.2629
vn -0.8559 -0.0230 -0.5166
vn -0.7660 0.3490 -0.5398
vn -0.8413 0.0468 -0.5386
vn -0.6477 0.6138 -0.4514
vn -0.7814 0.4359 -0.4465
vn -0.7731 0.0193 -0.6340
vn -0.7065 0.3784 -0.5981
vn -0.7679 0.0469 -0.6388
vn -0.5158 -0.7374 -0.4361
vn -0.6253 0.0083 -0.7803
vn -0.5403 0.3506 -0.7650
vn -0.5401 0.0458 -0.8403
vn -0.4489 0.6157 -0.6476
vn -0.5195 0.4892 -0.7006
vn -0.5150 -0.0238 -0.8569
vn -0.5976 0.3785 -0.7069
vn -0.6375 0.0472 -0.7690
vn -0.3944 -0.6670 -0.6321
vn -0.2684 -0.8087 -0.5234
vn -0.4573 -0.7373 -0.4973
vn -0.5730 -0.5937 -0.5650
vn -0.7275 -0.0280 -0.6855
vn -0.6524 0.3861 -0.6522
vn -0.7071 0.0385 -0.7060
vn -0.5252 0.6691 -0.5257
vn -0.6357 0.5073 -0.5818
vn -0.6743 -0.0299 -0.7378
vn -0.3453 -0.8999 -0.2663
vn -0.3280 -0.9014 -0.2828
vn -0.4776 -0.7509 -0.4560
vn -0.5816 0.6566 -0.4802
vn -0.7010 0.4890 -0.5191
vn -0.4812 0.6554 -0.5821
vn -0.5812 0.5076 -0.6360
vn -0.9259 -0.0766 -0.3700
vn -0.8133 0.3825 -0.4384
vn -0.9056 0.0265 -0.4233
vn -0.9700 -0.0084 -0.2431
vn -0.8768 0.3461 -0.3339
vn -0.9528 0.0607 -0.2974
vn -0.7442 0.6271 -0.2299
vn -0.8851 0.4020 -0.2347
vn -0.8875 -0.0772 -0.4544
vn -0.6388 -0.7085 -0.2999
vn -0.5926 -0.7242 -0.3527
vn -0.5415 -0.8212 -0.1801
vn -0.6753 0.6582 -0.3327
vn -0.8338 0.4431 -0.3294
vn -0.8400 -0.0542 -0.5398
vn -0.9716 -0.1482 -0.1847
vn -0.9069 -0.1523 -0.3929
vn -0.6478 -0.5848 -0.4882
vn -0.6432 0.7184 -0.2651
vn -0.8027 0.5028 -0.3207
vn -0.9840 -0.1127 -0.1382
vn -0.8824 0.4369 -0.1748
vn -0.9779 -0.0748 -0.1951
vn -0.6925 0.7102 -0.1265
vn -0.8746 0.4698 -0.1203
vn -0.9851 -0.1486 -0.0868
vn -0.8794 0.4754 -0.0275
vn -0.8808 0.4665 -0.0809
vn -0.8453 -0.5257 -0.0951
vn -0.9129 -0.3808 -0.1470
vn -0.7690 -0.6389 -0.0200
vn -0.7955 -0.6035 -0.0540
vn -0.4392 0.3826 -0.8128
vn -0.3707 -0.0769 -0.9256
vn -0.4243 0.0266 -0.9051
vn -0.4542 -0.0776 -0.8875
vn -0.3338 0.3467 -0.8766
vn -0.2966 0.0604 -0.9531
vn -0.2302 0.6279 -0.7435
vn -0.3205 0.5038 -0.8022
vn -0.2430 -0.0094 -0.9700
vn -0.3297 0.4434 -0.8335
vn -0.1802 -0.8215 -0.5410
vn -0.3291 -0.7100 -0.6225
vn -0.3922 -0.1536 -0.9070
vn -0.1845 -0.1495 -0.9714
vn -0.5264 -0.0672 -0.8476
vn -0.3326 0.6576 -0.6760
vn -0.4286 0.5213 -0.7379
vn -0.2645 0.7187 -0.6430
vn -0.4900 -0.5822 -0.6487
vn -0.1262 0.7105 -0.6923
vn -0.1746 0.4372 -0.8823
vn -0.1928 0.6894 -0.6983
vn -0.1373 -0.1121 -0.9842
vn -0.1949 -0.0755 -0.9779
vn -0.0871 -0.1474 -0.9852
vn -0.0287 0.4768 -0.8786
vn -0.0319 -0.1628 -0.9861
vn -0.0798 0.4666 -0.8809
vn -0.0947 -0.5250 -0.8458
vn -0.1474 -0.3821 -0.9123
vn -0.0207 -0.6393 -0.7687
vn -0.0541 -0.6024 -0.7963
vn -0.2352 0.4024 -0.8847
vn -0.3688 0.7119 -0.5976
vn -0.4449 0.4384 -0.7810
vn -0.4615 -0.7370 -0.4937
vn -0.5985 0.7112 -0.3688
vn -0.7386 0.5210 -0.4278
vn -0.9853 -0.1470 0.0875
vn -0.8791 0.4756 0.0297
vn -0.9861 -0.1630 0.0318
vn -0.9842 -0.1113 0.1374
vn -0.8826 0.4364 0.1748
vn -0.8759 0.4674 0.1199
vn -0.6928 0.7097 0.1280
vn -0.7696 -0.6382 0.0205
vn -0.8469 -0.5232 0.0949
vn -0.9781 -0.0742 0.1944
vn -0.8815 0.4654 0.0802
vn -0.7972 -0.6012 0.0543
vn -0.9701 -0.0087 0.2424
vn -0.8766 0.3470 0.3336
vn -0.8852 0.4022 0.2338
vn -0.7442 0.6273 0.2296
vn -0.8873 -0.0773 0.4547
vn -0.9530 0.0604 0.2970
vn -0.9257 -0.0763 0.3704
vn -0.8131 0.3824 0.4388
vn -0.8338 0.4430 0.3294
vn -0.6120 -0.6690 0.4217
vn -0.6377 -0.7085 0.3022
vn -0.5415 -0.8212 0.1802
vn -0.6764 0.6572 0.3326
vn -0.8437 -0.0473 0.5347
vn -0.9053 0.0267 0.4240
vn -0.9716 -0.1486 0.1843
vn -0.9070 -0.1531 0.3924
vn -0.6493 -0.5811 0.4906
vn -0.8022 0.5037 0.3207
vn -0.6433 0.7184 0.2647
vn -0.9131 -0.3802 0.1472
vn -0.4118 -0.8476 0.3348
vn -0.6427 -0.6664 0.3779
vn -0.5239 -0.8086 0.2677
vn -0.8569 -0.0237 0.5149
vn -0.7650 0.3505 0.5403
vn -0.7810 0.4383 0.4449
vn -0.6476 0.6157 0.4489
vn -0.7755 0.0253 0.6309
vn -0.8404 0.0458 0.5401
vn -0.7069 0.3785 0.5976
vn -0.7006 0.4892 0.5195
vn -0.5094 -0.7375 0.4434
vn -0.3250 -0.8796 0.3475
vn -0.4667 -0.7510 0.4671
vn -0.5817 -0.6056 0.5431
vn -0.7330 -0.0175 0.6800
vn -0.6522 0.3860 0.6524
vn -0.6361 0.5076 0.5811
vn -0.5257 0.6692 0.5252
vn -0.6806 -0.0182 0.7324
vn -0.7061 0.0385 0.7071
vn -0.6296 0.0253 0.7765
vn -0.5396 0.3494 0.7660
vn -0.5189 0.4891 0.7011
vn -0.4498 0.6147 0.6480
vn -0.5174 -0.0229 0.8554
vn -0.5386 0.0468 0.8413
vn -0.5981 0.3784 0.7064
vn -0.6389 0.0469 0.7679
vn -0.3773 -0.6661 0.6434
vn -0.3340 -0.8476 0.4123
vn -0.2688 -0.8083 0.5238
vn -0.4441 -0.7375 0.5088
vn -0.7690 0.0472 0.6375
vn -0.5822 0.6554 0.4812
vn -0.5818 0.5073 0.6357
vn -0.4804 0.6566 0.5815
vn -0.3706 -0.0770 0.9256
vn -0.4381 0.3832 0.8132
vn -0.4222 0.0266 0.9061
vn -0.4560 -0.0801 0.8864
vn -0.3337 0.3474 0.8764
vn -0.3212 0.5044 0.8015
vn -0.2284 0.6278 0.7442
vn -0.2412 -0.0090 0.9704
vn -0.2979 0.0577 0.9529
vn -0.3297 0.4431 0.8337
vn -0.1799 -0.8212 0.5416
vn -0.3011 -0.7086 0.6381
vn -0.3917 -0.1569 0.9066
vn -0.4904 -0.5833 0.6475
vn -0.1841 -0.1504 0.9713
vn -0.5350 -0.0475 0.8435
vn -0.4281 0.5228 0.7372
vn -0.3328 0.6590 0.6745
vn -0.4178 -0.6783 0.6045
vn -0.2656 0.7184 0.6429
vn -0.1739 0.4369 0.8825
vn -0.1269 0.7092 0.6935
vn -0.1921 0.6868 0.7010
vn -0.1381 -0.1114 0.9841
vn -0.1940 -0.0737 0.9782
vn -0.0288 0.4762 0.8789
vn -0.0878 -0.1477 0.9851
vn -0.0315 -0.1634 0.9861
vn -0.0811 0.4668 0.8806
vn -0.0949 -0.5238 0.8465
vn -0.1466 -0.3801 0.9133
vn -0.0206 -0.6394 0.7686
vn -0.0544 -0.6024 0.7963
vn -0.2313 0.4030 0.8855
vn -0.4462 0.4370 0.7810
vn -0.3683 0.7117 0.5982
vn -0.7380 0.5212 0.4285
vn -0.5977 0.7119 0.3688
vn -0.3319 0.9149 -0.2297
vn -0.2844 0.9238 -0.2564
vn -0.4028 0.8514 -0.3359
vn -0.2571 0.9237 -0.2841
vn -0.2286 0.9151 -0.3321
vn -0.3371 0.8509 -0.4029
vn -0.1857 0.9704 -0.1543
vn -0.1590 0.9742 -0.1601
vn -0.2015 0.9584 -0.2020
vn -0.1696 0.9669 -0.1908
vn -0.4193 0.7798 -0.4648
vn -0.3603 0.8604 -0.3605
vn -0.2281 0.9543 -0.1930
vn -0.4644 0.7803 -0.4189
vn -0.5296 0.7546 -0.3874
vn -0.4613 0.8336 -0.3039
vn -0.3869 0.7543 -0.5304
vn -0.3397 0.9252 -0.1690
vn -0.5441 0.7867 -0.2917
vn -0.4625 0.8590 -0.2196
vn -0.3732 0.9192 -0.1257
vn -0.3030 0.9433 -0.1356
vn -0.4154 0.8915 -0.1808
vn -0.6028 0.7677 -0.2175
vn -0.5589 0.8148 -0.1539
vn -0.6639 0.7475 -0.0211
vn -0.4344 0.8993 -0.0513
vn -0.6692 0.7408 -0.0582
vn -0.2571 0.9637 -0.0722
vn -0.2060 0.9775 -0.0451
vn -0.2104 0.9754 -0.0651
vn -0.2474 0.9676 -0.0498
vn -0.3506 0.9324 -0.0882
vn -0.3367 0.9396 -0.0610
vn -0.2365 0.9716 -0.0106
vn -0.3196 0.9470 -0.0327
vn -0.3136 0.9496 -0.0003
vn -0.4944 0.8594 -0.1308
vn -0.4604 0.8836 -0.0850
vn -0.4241 0.9055 -0.0162
vn -0.6771 0.7302 -0.0911
vn -0.2366 0.9712 -0.0281
vn -0.2230 0.9664 -0.1280
vn -0.1718 0.9782 -0.1170
vn -0.2136 0.9653 -0.1506
vn -0.2180 0.9720 -0.0873
vn -0.1895 0.9768 -0.0993
vn -0.2308 0.9665 -0.1126
vn -0.1780 0.9807 -0.0808
vn -0.1635 0.9815 -0.1001
vn -0.1463 0.9820 -0.1197
vn -0.1818 0.9823 -0.0461
vn -0.1603 0.9847 -0.0686
vn -0.1799 0.9817 -0.0622
vn -0.1937 0.9806 -0.0282
vn -0.1735 0.9844 -0.0291
vn -0.1661 0.9849 -0.0493
vn -0.2802 0.9409 -0.1904
vn -0.3868 0.8894 -0.2436
vn -0.2666 0.9596 -0.0902
vn -0.1696 0.9248 -0.3405
vn -0.2944 0.7862 -0.5433
vn -0.2449 0.8890 -0.3870
vn -0.1347 0.9433 -0.3035
vn -0.1259 0.9194 -0.3727
vn -0.1807 0.8916 -0.4153
vn -0.2194 0.8588 -0.4630
vn -0.2177 0.7681 -0.6021
vn -0.1258 0.9715 -0.2010
vn -0.1001 0.9766 -0.1902
vn -0.1303 0.9621 -0.2395
vn -0.1904 0.9409 -0.2800
vn -0.1578 0.9633 -0.2171
vn -0.1407 0.9735 -0.1805
vn -0.1234 0.9822 -0.1419
vn -0.1152 0.9805 -0.1595
vn -0.0857 0.9720 -0.2190
vn -0.1107 0.9672 -0.2285
vn -0.0996 0.9817 -0.1626
vn -0.0812 0.9805 -0.1789
vn -0.0499 0.9698 -0.2386
vn -0.0888 0.9326 -0.3499
vn -0.0744 0.9634 -0.2577
vn -0.0506 0.8986 -0.4358
vn -0.0215 0.7472 -0.6643
vn -0.0566 0.7396 -0.6706
vn -0.0082 0.9717 -0.2361
vn -0.0326 0.9470 -0.3197
vn -0.0274 0.9697 -0.2426
vn -0.0903 0.7291 -0.6784
vn -0.0854 0.8833 -0.4609
vn -0.0623 0.9398 -0.3360
vn -0.0268 0.9784 -0.2050
vn -0.1312 0.8594 -0.4943
vn -0.0150 0.9051 -0.4249
vn -0.0635 0.9814 -0.1809
vn -0.0452 0.9801 -0.1931
vn -0.0654 0.9755 -0.2102
vn -0.0694 0.9845 -0.1612
vn -0.0483 0.9841 -0.1712
vn -0.0290 0.9856 -0.1667
vn -0.0090 0.9832 -0.1825
vn -0.0284 0.9825 -0.1840
vn -0.0895 0.9598 -0.2660
vn -0.1540 0.8149 -0.5588
vn -0.1228 0.9823 -0.1412
vn -0.1423 0.9808 -0.1337
vn -0.0940 0.9911 -0.0938
vn -0.1090 0.9877 -0.1119
vn -0.1238 0.9880 -0.0920
vn -0.1266 0.9848 -0.1193
vn -0.1074 0.9844 -0.1396
vn -0.1432 0.9842 -0.1041
vn -0.0919 0.9880 -0.1245
vn -0.1326 0.9911 -0.0101
vn -0.1439 0.9891 -0.0325
vn -0.1558 0.9877 -0.0111
vn -0.1124 0.9924 -0.0510
vn -0.0888 0.9937 -0.0677
vn -0.1117 0.9911 -0.0721
vn -0.1054 0.9944 -0.0088
vn -0.0783 0.9964 -0.0336
vn -0.1097 0.9935 -0.0294
vn -0.1335 0.9884 -0.0721
vn -0.1441 0.9881 -0.0539
vn -0.0525 0.9881 -0.1446
vn -0.0709 0.9879 -0.1379
vn -0.0697 0.9936 -0.0894
vn -0.0512 0.9922 -0.1133
vn -0.0728 0.9908 -0.1143
vn -0.0160 0.9972 -0.0725
vn -0.0083 0.9945 -0.1048
vn -0.0307 0.9936 -0.1090
vn -0.0430 0.9959 -0.0797
vn -0.0103 0.9909 -0.1343
vn -0.0325 0.9891 -0.1437
vn -0.0556 0.9977 -0.0396
vn -0.0367 0.9982 -0.0484
vn -0.0621 0.9962 -0.0615
vn -0.0308 0.9995 -0.0094
vn -0.0240 0.9993 -0.0292
vn -0.0460 0.9987 -0.0219
vn -0.0728 0.9973 -0.0004
vn -0.1536 0.9843 -0.0868
vn -0.1864 0.9539 -0.2351
vn -0.3017 0.8334 -0.4631
vn -0.0874 0.9843 -0.1534
vn -0.0095 0.9873 -0.1589
vn -0.4345 0.8993 0.0505
vn -0.6644 0.7470 0.0220
vn -0.6709 0.7394 0.0563
vn -0.3186 0.9473 0.0325
vn -0.2360 0.9717 0.0100
vn -0.3510 0.9324 0.0864
vn -0.2391 0.9698 0.0486
vn -0.3356 0.9400 0.0620
vn -0.4244 0.9054 0.0160
vn -0.4941 0.8594 0.1314
vn -0.4594 0.8841 0.0859
vn -0.6786 0.7289 0.0908
vn -0.2362 0.9713 0.0283
vn -0.3026 0.9436 0.1340
vn -0.3731 0.9192 0.1263
vn -0.4153 0.8915 0.1807
vn -0.5434 0.7862 0.2944
vn -0.3403 0.9249 0.1695
vn -0.4631 0.8587 0.2195
vn -0.6024 0.7679 0.2177
vn -0.5593 0.8146 0.1538
vn -0.1738 0.9844 0.0292
vn -0.1842 0.9828 0.0100
vn -0.1945 0.9805 0.0282
vn -0.1918 0.9762 0.1010
vn -0.1786 0.9806 0.0812
vn -0.2199 0.9716 0.0872
vn -0.2800 0.9410 0.1902
vn -0.1993 0.9717 0.1270
vn -0.2391 0.9622 0.1305
vn -0.1425 0.9806 0.1346
vn -0.1603 0.9803 0.1154
vn -0.1792 0.9734 0.1427
vn -0.1632 0.9815 0.0998
vn -0.2008 0.9796 0.0089
vn -0.2110 0.9754 0.0638
vn -0.1928 0.9803 0.0442
vn -0.2590 0.9625 0.0805
vn -0.3870 0.8890 0.2449
vn -0.2297 0.9669 0.1112
vn -0.1879 0.9803 0.0618
vn -0.1533 0.9844 0.0859
vn -0.1694 0.9833 0.0668
vn -0.2841 0.9237 0.2571
vn -0.3321 0.9151 0.2286
vn -0.4029 0.8509 0.3371
vn -0.1717 0.9663 0.1916
vn -0.1602 0.9741 0.1597
vn -0.2026 0.9582 0.2021
vn -0.2296 0.9148 0.3322
vn -0.2573 0.9235 0.2845
vn -0.3361 0.8515 0.4026
vn -0.1921 0.9663 0.1714
vn -0.2352 0.9539 0.1865
vn -0.4189 0.7803 0.4643
vn -0.3604 0.8604 0.3603
vn -0.4648 0.7798 0.4194
vn -0.5305 0.7542 0.3869
vn -0.4632 0.8333 0.3017
vn -0.3869 0.7546 0.5299
vn -0.0882 0.9938 0.0676
vn -0.1121 0.9925 0.0495
vn -0.1139 0.9908 0.0734
vn -0.1071 0.9941 0.0187
vn -0.1430 0.9897 0.0109
vn -0.1444 0.9890 0.0324
vn -0.1318 0.9884 0.0749
vn -0.1451 0.9880 0.0523
vn -0.1438 0.9874 0.0666
vn -0.0788 0.9963 0.0347
vn -0.1225 0.9822 0.1420
vn -0.1419 0.9823 0.1226
vn -0.1086 0.9876 0.1132
vn -0.0940 0.9911 0.0937
vn -0.1233 0.9879 0.0944
vn -0.1066 0.9845 0.1394
vn -0.1265 0.9848 0.1188
vn -0.1445 0.9839 0.1055
vn -0.0904 0.9882 0.1239
vn -0.0383 0.9978 0.0534
vn -0.0552 0.9977 0.0389
vn -0.0622 0.9962 0.0606
vn -0.0234 0.9993 0.0301
vn -0.0318 0.9994 0.0101
vn -0.0366 0.9989 0.0294
vn -0.0147 0.9987 0.0488
vn -0.0517 0.9986 0.0147
vn -0.0508 0.9923 0.1133
vn -0.0695 0.9936 0.0894
vn -0.0718 0.9905 0.1176
vn 0.0007 0.9945 0.1048
vn -0.0160 0.9971 0.0743
vn -0.0298 0.9935 0.1094
vn -0.0450 0.9956 0.0820
vn -0.0215 0.9908 0.1339
vn -0.0491 0.9885 0.1429
vn -0.0872 0.9842 0.1541
vn -0.0685 0.9871 0.1445
vn -0.1153 0.9804 0.1599
vn -0.1185 0.9836 0.1363
vn -0.1417 0.9732 0.1809
vn -0.1899 0.9412 0.2794
vn -0.1252 0.9719 0.1993
vn -0.1560 0.9635 0.2174
vn -0.0854 0.9723 0.2175
vn -0.1012 0.9761 0.1924
vn -0.1104 0.9670 0.2297
vn -0.1305 0.9624 0.2384
vn -0.0810 0.9804 0.1794
vn -0.0994 0.9816 0.1631
vn -0.2925 0.7868 0.5435
vn -0.1690 0.9248 0.3408
vn -0.2443 0.8888 0.3878
vn -0.1253 0.9198 0.3720
vn -0.1344 0.9437 0.3023
vn -0.1815 0.8915 0.4151
vn -0.2202 0.8590 0.4623
vn -0.2176 0.7680 0.6023
vn -0.0462 0.9820 0.1830
vn -0.0676 0.9840 0.1649
vn -0.0634 0.9812 0.1822
vn -0.0091 0.9846 0.1745
vn -0.0285 0.9867 0.1601
vn -0.0274 0.9826 0.1836
vn -0.0086 0.9808 0.1948
vn -0.0263 0.9781 0.2066
vn -0.0879 0.9328 0.3494
vn -0.0503 0.9677 0.2470
vn -0.0727 0.9639 0.2562
vn -0.0464 0.9774 0.2064
vn -0.0334 0.9468 0.3202
vn -0.0087 0.9717 0.2361
vn -0.0286 0.9693 0.2441
vn -0.0222 0.7475 0.6639
vn -0.0516 0.8989 0.4350
vn -0.0578 0.7404 0.6697
vn -0.0610 0.9395 0.3370
vn -0.0914 0.7295 0.6778
vn -0.0849 0.8833 0.4610
vn -0.1299 0.8588 0.4956
vn -0.0160 0.9052 0.4246
vn -0.0901 0.9599 0.2654
vn -0.0669 0.9748 0.2129
vn -0.1540 0.8146 0.5593
vn -0.1720 0.9840 0.0472
vn -0.1874 0.9535 0.2362
vn -0.3030 0.8335 0.4621
vn -0.2156 0.9638 0.1571
vn -0.0478 0.9848 0.1670
vn 0.0278 0.4769 -0.8785
vn 0.0880 -0.1480 -0.9851
vn 0.0310 -0.1630 -0.9861
vn 0.1261 0.7094 -0.6934
vn 0.1739 0.4361 -0.8829
vn 0.1204 0.4686 -0.8752
vn 0.1383 -0.1119 -0.9840
vn 0.1938 -0.0742 -0.9782
vn 0.0804 0.4666 -0.8808
vn 0.0203 -0.6398 -0.7683
vn 0.0548 -0.6032 -0.7957
vn 0.0950 -0.5242 -0.8463
vn 0.1464 -0.3806 -0.9131
vn 0.3339 0.3473 -0.8763
vn 0.4560 -0.0802 -0.8864
vn 0.2978 0.0577 -0.9529
vn 0.2290 0.6276 -0.7441
vn 0.2316 0.4026 -0.8856
vn 0.2412 -0.0096 -0.9704
vn 0.3706 -0.0771 -0.9256
vn 0.4380 0.3833 -0.8132
vn 0.4222 0.0266 -0.9061
vn 0.3296 0.4431 -0.8336
vn 0.3914 -0.1571 -0.9067
vn 0.1840 -0.1513 -0.9712
vn 0.1798 -0.8213 -0.5415
vn 0.3281 -0.7103 -0.6228
vn 0.4522 -0.7508 -0.4815
vn 0.5266 -0.0673 -0.8474
vn 0.3327 0.6590 -0.6745
vn 0.4903 -0.5837 -0.6472
vn 0.2654 0.7186 -0.6428
vn 0.3212 0.5045 -0.8015
vn 0.1921 0.6866 -0.7012
vn 0.3939 -0.6668 -0.6326
vn 0.3472 -0.8729 -0.3428
vn 0.2694 -0.8085 -0.5232
vn 0.5395 0.3495 -0.7660
vn 0.6239 0.0080 -0.7814
vn 0.5385 0.0468 -0.8413
vn 0.4496 0.6148 -0.6479
vn 0.4461 0.4371 -0.7810
vn 0.5174 -0.0230 -0.8554
vn 0.5981 0.3785 -0.7064
vn 0.6388 0.0468 -0.7679
vn 0.4578 -0.7374 -0.4966
vn 0.6521 0.3861 -0.6524
vn 0.7282 -0.0274 -0.6848
vn 0.7060 0.0384 -0.7071
vn 0.5256 0.6693 -0.5252
vn 0.5817 0.5074 -0.6357
vn 0.6749 -0.0309 -0.7373
vn 0.4772 -0.7511 -0.4563
vn 0.5701 -0.6585 -0.4914
vn 0.7649 0.3499 -0.5408
vn 0.8569 -0.0242 -0.5149
vn 0.8403 0.0457 -0.5401
vn 0.6463 0.6145 -0.4523
vn 0.7002 0.4892 -0.5200
vn 0.7720 0.0189 -0.6353
vn 0.5271 -0.8084 -0.2618
vn 0.6433 -0.6666 -0.3767
vn 0.6794 -0.5595 -0.4747
vn 0.7069 0.3786 -0.5975
vn 0.7690 0.0471 -0.6375
vn 0.5163 -0.7376 -0.4353
vn 0.5821 0.6556 -0.4810
vn 0.6360 0.5077 -0.5811
vn 0.3458 -0.8998 -0.2661
vn 0.4803 0.6568 -0.5814
vn 0.5188 0.4892 -0.7011
vn 0.8135 0.3823 -0.4382
vn 0.9253 -0.0764 -0.3715
vn 0.9055 0.0278 -0.4234
vn 0.8763 0.3475 -0.3337
vn 0.9704 -0.0097 -0.2415
vn 0.9530 0.0590 -0.2973
vn 0.7429 0.6289 -0.2294
vn 0.8014 0.5046 -0.3211
vn 0.8865 -0.0790 -0.4560
vn 0.6756 0.6570 -0.3344
vn 0.7398 0.5202 -0.4267
vn 0.8406 -0.0536 -0.5390
vn 0.5417 -0.8210 -0.1804
vn 0.6392 -0.7080 -0.3004
vn 0.9713 -0.1509 -0.1839
vn 0.9066 -0.1561 -0.3921
vn 0.6448 -0.5874 -0.4890
vn 0.8332 0.4429 -0.3310
vn 0.6431 0.7184 -0.2652
vn 0.6168 -0.6966 -0.3666
vn 0.8830 0.4358 -0.1743
vn 0.9840 -0.1121 -0.1386
vn 0.9780 -0.0745 -0.1946
vn 0.6930 0.7099 -0.1257
vn 0.6998 0.6878 -0.1929
vn 0.8781 0.4777 -0.0271
vn 0.9851 -0.1480 -0.0871
vn 0.8804 0.4674 -0.0795
vn 0.8459 -0.5247 -0.0953
vn 0.9129 -0.3808 -0.1471
vn 0.7684 -0.6396 -0.0201
vn 0.7955 -0.6035 -0.0542
vn 0.8752 0.4687 -0.1199
vn 0.8853 0.4027 -0.2325
vn 0.3682 0.7118 -0.5982
vn 0.4280 0.5228 -0.7372
vn 0.7816 0.4365 -0.4456
vn 0.5985 0.7113 -0.3685
vn 0.0876 -0.1479 0.9851
vn 0.0285 0.4759 0.8791
vn 0.0316 -0.1633 0.9861
vn 0.1749 0.4364 0.8826
vn 0.1278 0.7096 0.6929
vn 0.1203 0.4677 0.8757
vn 0.1379 -0.1119 0.9841
vn 0.1946 -0.0744 0.9781
vn 0.0805 0.4657 0.8813
vn 0.0206 -0.6391 0.7688
vn 0.0544 -0.6022 0.7965
vn 0.0949 -0.5240 0.8464
vn 0.1472 -0.3807 0.9129
vn 0.3332 0.3471 0.8766
vn 0.4542 -0.0778 0.8875
vn 0.3204 0.5041 0.8021
vn 0.2295 0.6274 0.7441
vn 0.2338 0.4023 0.8852
vn 0.2424 -0.0089 0.9701
vn 0.2964 0.0603 0.9532
vn 0.4392 0.3827 0.8128
vn 0.3706 -0.0770 0.9256
vn 0.4243 0.0265 0.9051
vn 0.3296 0.4434 0.8335
vn 0.3921 -0.1538 0.9070
vn 0.4901 -0.5823 0.6487
vn 0.1843 -0.1491 0.9715
vn 0.1801 -0.8216 0.5409
vn 0.3022 -0.7086 0.6376
vn 0.4425 -0.6261 0.6420
vn 0.5348 -0.0475 0.8437
vn 0.4285 0.5214 0.7379
vn 0.3325 0.6577 0.6760
vn 0.2645 0.7188 0.6430
vn 0.1942 0.6878 0.6994
vn 0.8782 0.4774 0.0283
vn 0.9853 -0.1470 0.0876
vn 0.9863 -0.1622 0.0315
vn 0.8826 0.4367 0.1738
vn 0.9841 -0.1112 0.1383
vn 0.8752 0.4685 0.1207
vn 0.6937 0.7089 0.1274
vn 0.7011 0.6868 0.1920
vn 0.7688 -0.6391 0.0204
vn 0.9782 -0.0737 0.1940
vn 0.8466 -0.5236 0.0952
vn 0.8808 0.4666 0.0798
vn 0.7964 -0.6023 0.0545
vn 0.8764 0.3474 0.3336
vn 0.9705 -0.0094 0.2409
vn 0.8856 0.4030 0.2311
vn 0.7441 0.6279 0.2282
vn 0.8015 0.5045 0.3212
vn 0.8863 -0.0803 0.4560
vn 0.9529 0.0577 0.2977
vn 0.8131 0.3833 0.4381
vn 0.9256 -0.0772 0.3706
vn 0.8336 0.4432 0.3297
vn 0.6745 0.6591 0.3327
vn 0.7372 0.5229 0.4280
vn 0.8435 -0.0477 0.5350
vn 0.9061 0.0266 0.4222
vn 0.9713 -0.1509 0.1839
vn 0.9066 -0.1574 0.3915
vn 0.6471 -0.5838 0.4903
vn 0.5414 -0.8213 0.1798
vn 0.6428 0.7185 0.2655
vn 0.6380 -0.7087 0.3011
vn 0.6214 -0.6553 0.4295
vn 0.9132 -0.3801 0.1467
vn 0.6020 -0.5661 0.5630
vn 0.4573 -0.7510 0.4762
vn 0.5458 -0.6140 0.5702
vn 0.6524 0.3861 0.6522
vn 0.7324 -0.0184 0.6806
vn 0.6357 0.5074 0.5818
vn 0.5251 0.6693 0.5256
vn 0.5811 0.5077 0.6360
vn 0.6788 -0.0565 0.7322
vn 0.7071 0.0384 0.7061
vn 0.5403 0.3507 0.7649
vn 0.6307 -0.0137 0.7759
vn 0.5194 0.4893 0.7005
vn 0.4488 0.6159 0.6475
vn 0.4448 0.4384 0.7810
vn 0.5149 -0.0240 0.8569
vn 0.5401 0.0457 0.8404
vn 0.5976 0.3785 0.7068
vn 0.6375 0.0471 0.7690
vn 0.5271 -0.0918 0.8448
vn 0.5916 -0.4346 0.6791
vn 0.4356 -0.2880 0.8528
vn 0.6395 -0.2777 0.7169
vn 0.7660 0.3496 0.5395
vn 0.8554 -0.0231 0.5174
vn 0.7810 0.4371 0.4461
vn 0.6479 0.6149 0.4496
vn 0.7011 0.4892 0.5188
vn 0.7765 0.0251 0.6296
vn 0.8413 0.0468 0.5385
vn 0.5236 -0.8085 0.2687
vn 0.6433 -0.6663 0.3772
vn 0.6787 -0.4868 0.5499
vn 0.7064 0.3785 0.5981
vn 0.5087 -0.7376 0.4440
vn 0.7679 0.0468 0.6389
vn 0.5814 0.6568 0.4803
vn 0.4811 0.6556 0.5820
vn 0.3687 0.7120 0.5976
vn 0.5981 0.7118 0.3682
vn 0.0508 0.8989 -0.4351
vn 0.0209 0.7473 -0.6642
vn 0.0147 0.9053 -0.4246
vn 0.0088 0.9721 -0.2344
vn 0.0325 0.9475 -0.3182
vn 0.0099 0.9499 -0.3123
vn 0.0476 0.9700 -0.2384
vn 0.0880 0.9329 -0.3493
vn 0.0612 0.9401 -0.3353
vn 0.0911 0.7292 -0.6782
vn 0.0569 0.7400 -0.6702
vn 0.0275 0.9715 -0.2352
vn 0.1305 0.8589 -0.4953
vn 0.0850 0.8833 -0.4610
vn 0.0632 0.9816 -0.1800
vn 0.0448 0.9802 -0.1927
vn 0.0475 0.9840 -0.1715
vn 0.1352 0.9435 -0.3026
vn 0.1259 0.9195 -0.3725
vn 0.0905 0.9596 -0.2665
vn 0.1691 0.9248 -0.3407
vn 0.2924 0.7869 -0.5435
vn 0.2201 0.8590 -0.4622
vn 0.1814 0.8914 -0.4153
vn 0.2177 0.7680 -0.6023
vn 0.1547 0.8145 -0.5592
vn 0.0794 0.9808 -0.1780
vn 0.1007 0.9759 -0.1936
vn 0.0860 0.9723 -0.2175
vn 0.1121 0.9668 -0.2298
vn 0.1276 0.9721 -0.1968
vn 0.1304 0.9630 -0.2360
vn 0.1897 0.9413 -0.2792
vn 0.1157 0.9807 -0.1578
vn 0.0960 0.9805 -0.1716
vn 0.1009 0.9824 -0.1569
vn 0.1448 0.9728 -0.1805
vn 0.1572 0.9631 -0.2183
vn 0.0732 0.9632 -0.2586
vn 0.0656 0.9753 -0.2111
vn 0.0275 0.9805 -0.1945
vn 0.0103 0.9911 -0.1330
vn 0.0324 0.9889 -0.1453
vn 0.0103 0.9878 -0.1552
vn 0.0696 0.9935 -0.0896
vn 0.0507 0.9924 -0.1122
vn 0.0444 0.9957 -0.0813
vn 0.0306 0.9935 -0.1095
vn 0.0165 0.9970 -0.0754
vn 0.0086 0.9944 -0.1050
vn 0.0750 0.9896 -0.1230
vn 0.0553 0.9880 -0.1440
vn 0.0299 0.9988 -0.0375
vn 0.0132 0.9986 -0.0508
vn 0.0091 0.9995 -0.0314
vn 0.0308 0.9995 -0.0100
vn 0.0123 0.9998 -0.0127
vn 0.0537 0.9980 -0.0319
vn 0.0385 0.9977 -0.0552
vn 0.0295 0.9993 -0.0220
vn 0.1076 0.9845 -0.1388
vn 0.0863 0.9845 -0.1529
vn 0.0911 0.9876 -0.1281
vn 0.1533 0.9843 -0.0870
vn 0.1382 0.9846 -0.1075
vn 0.1241 0.9881 -0.0914
vn 0.1062 0.9882 -0.1103
vn 0.1134 0.9922 -0.0517
vn 0.0899 0.9935 -0.0698
vn 0.0833 0.9954 -0.0467
vn 0.1338 0.9910 -0.0102
vn 0.1107 0.9934 -0.0309
vn 0.1050 0.9944 -0.0077
vn 0.0758 0.9970 -0.0173
vn 0.1440 0.9891 -0.0320
vn 0.0697 0.9847 -0.1596
vn 0.0928 0.9914 -0.0923
vn 0.0615 0.9962 -0.0614
vn 0.0495 0.9988 0.0001
vn 0.1168 0.9905 -0.0722
vn 0.1409 0.9878 -0.0664
vn 0.2572 0.9235 -0.2845
vn 0.2296 0.9149 -0.3322
vn 0.1877 0.9533 -0.2365
vn 0.1602 0.9741 -0.1598
vn 0.1909 0.9669 -0.1696
vn 0.2023 0.9583 -0.2018
vn 0.1742 0.9657 -0.1924
vn 0.3318 0.9152 -0.2287
vn 0.2840 0.9237 -0.2571
vn 0.2350 0.9540 -0.1864
vn 0.4188 0.7804 -0.4643
vn 0.3360 0.8515 -0.4025
vn 0.4646 0.7799 -0.4193
vn 0.3603 0.8605 -0.3603
vn 0.5296 0.7546 -0.3875
vn 0.4028 0.8510 -0.3369
vn 0.3868 0.7547 -0.5298
vn 0.3028 0.8336 -0.4620
vn 0.1777 0.9807 -0.0811
vn 0.1626 0.9817 -0.0994
vn 0.1805 0.9735 -0.1406
vn 0.2016 0.9714 -0.1256
vn 0.2170 0.9633 -0.1578
vn 0.2795 0.9412 -0.1899
vn 0.1900 0.9767 -0.0995
vn 0.2392 0.9624 -0.1290
vn 0.2189 0.9720 -0.0857
vn 0.2285 0.9671 -0.1123
vn 0.1818 0.9823 -0.0454
vn 0.1642 0.9841 -0.0675
vn 0.1651 0.9851 -0.0476
vn 0.1947 0.9805 -0.0266
vn 0.1742 0.9843 -0.0272
vn 0.3398 0.9253 -0.1687
vn 0.5442 0.7867 -0.2915
vn 0.3859 0.8899 -0.2434
vn 0.3736 0.9190 -0.1256
vn 0.3026 0.9435 -0.1353
vn 0.2697 0.9585 -0.0927
vn 0.6019 0.7688 -0.2163
vn 0.4153 0.8918 -0.1795
vn 0.4626 0.8589 -0.2196
vn 0.2059 0.9775 -0.0453
vn 0.2596 0.9630 -0.0721
vn 0.2124 0.9749 -0.0664
vn 0.2487 0.9673 -0.0497
vn 0.3511 0.9321 -0.0887
vn 0.2353 0.9719 -0.0088
vn 0.3196 0.9470 -0.0332
vn 0.2364 0.9713 -0.0269
vn 0.6633 0.7481 -0.0207
vn 0.4353 0.8989 -0.0498
vn 0.4254 0.9049 -0.0153
vn 0.3369 0.9395 -0.0616
vn 0.4930 0.8601 -0.1312
vn 0.3147 0.9491 -0.0101
vn 0.6775 0.7300 -0.0897
vn 0.4599 0.8840 -0.0841
vn 0.1956 0.9806 -0.0095
vn 0.5574 0.8158 -0.1544
vn 0.1326 0.9808 -0.1428
vn 0.2442 0.8889 -0.3877
vn 0.1412 0.9825 -0.1213
vn 0.1441 0.9883 -0.0502
vn 0.1223 0.9838 -0.1308
vn 0.4612 0.8340 -0.3030
vn 0.0091 0.9995 0.0304
vn 0.0315 0.9995 0.0101
vn 0.0125 0.9998 0.0127
vn 0.0133 0.9986 0.0506
vn 0.0292 0.9989 0.0371
vn 0.0387 0.9978 0.0548
vn 0.0529 0.9981 0.0320
vn 0.0289 0.9994 0.0215
vn 0.0319 0.9891 0.1438
vn 0.0091 0.9908 0.1348
vn 0.0098 0.9870 0.1606
vn 0.0510 0.9924 0.1122
vn 0.0692 0.9935 0.0899
vn 0.0442 0.9957 0.0808
vn 0.0295 0.9936 0.1091
vn 0.0167 0.9970 0.0757
vn 0.0741 0.9896 0.1233
vn 0.0533 0.9882 0.1439
vn 0.0893 0.9936 0.0693
vn 0.1131 0.9923 0.0507
vn 0.0826 0.9955 0.0454
vn 0.1102 0.9934 0.0304
vn 0.1344 0.9909 0.0107
vn 0.1057 0.9944 0.0082
vn 0.1410 0.9876 0.0695
vn 0.1141 0.9908 0.0725
vn 0.0743 0.9971 0.0161
vn 0.1448 0.9890 0.0318
vn 0.0859 0.9845 0.1529
vn 0.1101 0.9853 0.1309
vn 0.0917 0.9882 0.1230
vn 0.1110 0.9879 0.1082
vn 0.0930 0.9913 0.0933
vn 0.1397 0.9845 0.1064
vn 0.1541 0.9842 0.0873
vn 0.1249 0.9879 0.0919
vn 0.1027 0.9838 0.1470
vn 0.1310 0.9838 0.1228
vn 0.0605 0.9963 0.0607
vn 0.0692 0.9862 0.1502
vn 0.0097 0.9830 0.1834
vn 0.0276 0.9844 0.1738
vn 0.0077 0.9796 0.2008
vn 0.0271 0.9804 0.1953
vn 0.0335 0.9474 0.3182
vn 0.0080 0.9718 0.2357
vn 0.0106 0.9496 0.3132
vn 0.0211 0.7475 0.6640
vn 0.0505 0.8995 0.4340
vn 0.0152 0.9055 0.4241
vn 0.0877 0.9326 0.3500
vn 0.0481 0.9699 0.2385
vn 0.0612 0.9401 0.3353
vn 0.0281 0.9714 0.2358
vn 0.0910 0.7293 0.6781
vn 0.0567 0.7399 0.6703
vn 0.1313 0.8593 0.4943
vn 0.0856 0.8841 0.4593
vn 0.1003 0.9756 0.1954
vn 0.0795 0.9808 0.1780
vn 0.0868 0.9723 0.2169
vn 0.1115 0.9667 0.2304
vn 0.1902 0.9410 0.2800
vn 0.1275 0.9715 0.1999
vn 0.1307 0.9622 0.2391
vn 0.1418 0.9735 0.1794
vn 0.1578 0.9635 0.2161
vn 0.0968 0.9804 0.1718
vn 0.1151 0.9806 0.1586
vn 0.1257 0.9194 0.3727
vn 0.1347 0.9436 0.3025
vn 0.0908 0.9598 0.2655
vn 0.2944 0.7863 0.5432
vn 0.1694 0.9250 0.3402
vn 0.2194 0.8588 0.4629
vn 0.1808 0.8915 0.4153
vn 0.2177 0.7680 0.6023
vn 0.1540 0.8145 0.5593
vn 0.0623 0.9803 0.1872
vn 0.0657 0.9837 0.1677
vn 0.0736 0.9629 0.2595
vn 0.0666 0.9745 0.2142
vn 0.0447 0.9802 0.1927
vn 0.1750 0.9842 0.0280
vn 0.1835 0.9830 0.0095
vn 0.1595 0.9871 0.0103
vn 0.1951 0.9804 0.0275
vn 0.2000 0.9798 0.0082
vn 0.1808 0.9816 0.0621
vn 0.1933 0.9801 0.0456
vn 0.1711 0.9841 0.0470
vn 0.1625 0.9817 0.0993
vn 0.1782 0.9807 0.0803
vn 0.2793 0.9412 0.1899
vn 0.1993 0.9719 0.1253
vn 0.2167 0.9638 0.1552
vn 0.1918 0.9762 0.1008
vn 0.2388 0.9622 0.1306
vn 0.3195 0.9470 0.0334
vn 0.2370 0.9715 0.0090
vn 0.2363 0.9713 0.0284
vn 0.3494 0.9329 0.0873
vn 0.2383 0.9700 0.0483
vn 0.2592 0.9630 0.0733
vn 0.4345 0.8993 0.0504
vn 0.6639 0.7475 0.0205
vn 0.4251 0.9050 0.0146
vn 0.3147 0.9491 0.0106
vn 0.4954 0.8589 0.1300
vn 0.3356 0.9400 0.0610
vn 0.6782 0.7291 0.0916
vn 0.4607 0.8834 0.0853
vn 0.3025 0.9436 0.1348
vn 0.3722 0.9196 0.1252
vn 0.2666 0.9596 0.0903
vn 0.5434 0.7869 0.2924
vn 0.3408 0.9248 0.1690
vn 0.3877 0.8889 0.2442
vn 0.6022 0.7681 0.2176
vn 0.4151 0.8915 0.1814
vn 0.4622 0.8590 0.2202
vn 0.2181 0.9722 0.0852
vn 0.2301 0.9668 0.1115
vn 0.2123 0.9750 0.0661
vn 0.5591 0.8147 0.1539
vn 0.1594 0.9741 0.1606
vn 0.1926 0.9657 0.1742
vn 0.1806 0.9730 0.1434
vn 0.1708 0.9664 0.1921
vn 0.2020 0.9582 0.2025
vn 0.2285 0.9151 0.3321
vn 0.2571 0.9237 0.2840
vn 0.1864 0.9540 0.2350
vn 0.2845 0.9235 0.2572
vn 0.3321 0.9149 0.2296
vn 0.2365 0.9533 0.1877
vn 0.4193 0.7799 0.4647
vn 0.3370 0.8510 0.4028
vn 0.4642 0.7804 0.4189
vn 0.3602 0.8605 0.3603
vn 0.5298 0.7547 0.3868
vn 0.4024 0.8516 0.3360
vn 0.3868 0.7544 0.5304
vn 0.3016 0.8335 0.4630
vn 0.1458 0.9879 0.0531
vn 0.1419 0.9808 0.1337
vn 0.1594 0.9805 0.1152
vn 0.1636 0.9842 0.0672
vn 0.1253 0.9818 0.1427
vn 0.2448 0.8890 0.3869
vn 0.0472 0.9842 0.1705
vn 0.1205 0.9830 0.1389
vn 0.4620 0.8336 0.3028
vn -0.0089 0.9497 -0.3129
vn 0.0098 0.9806 -0.1956
vn -0.0086 0.9798 -0.1997
vn 0.0098 0.9842 -0.1767
vn -0.0129 0.9998 -0.0126
vn -0.0087 0.9995 -0.0320
vn -0.0135 0.9998 0.0132
vn -0.0092 0.9995 0.0315
vn -0.0097 0.9880 0.1542
vn -0.0108 0.9496 0.3131
vn -0.1192 0.4691 -0.8751
vn -0.6991 0.6886 -0.1926
vn 0.6692 0.7410 -0.0559
vn -0.6992 0.6880 0.1942
vn -0.1207 0.4690 0.8749
vn 0.6700 0.7402 0.0562
vn -0.9860 -0.1639 -0.0304
vn -0.1663 0.9860 0.0103
vn -0.1753 0.9845 -0.0099
vn -0.1961 0.9805 -0.0097
vn 0.9862 -0.1627 -0.0306
vn 0.1547 0.9879 -0.0109
vn 0.1757 0.9844 -0.0085
vn -0.0505 0.9987 -0.0074
vn -0.0137 0.9987 -0.0499
vn 0.0286 0.9842 -0.1750
vn 0.1597 0.9805 -0.1149
vn 0.1482 0.9797 -0.1350
vn 0.1796 0.9817 -0.0630
vt 0.000000 0.000000
vt 1.000000 0.000000
vt 1.000000 1.000000
vt 0.000000 1.000000
s 1
f 2/1/1 4/2/2 3/3/3
f 8/1/4 9/2/5 7/3/6
f 13/1/7 9/2/5 10/3/8
f 9/1/5 11/2/9 7/3/6
f 3/1/3 7/2/6 2/3/1
f 2/1/1 11/2/9 4/3/2
f 11/1/9 6/2/10 5/3/11
f 1/1/12 11/2/9 5/3/11
f 21/1/13 22/2/14 20/3/15
f 26/1/16 22/2/14 23/3/17
f 22/1/14 24/2/18 20/3/15
f 16/1/19 21/2/13 15/3/20
f 17/1/21 21/2/13 20/3/15
f 20/1/15 19/2/22 17/3/21
f 14/1/23 21/2/13 18/3/24
f 31/1/25 32/2/26 30/3/27
f 36/1/28 32/2/26 33/3/29
f 32/1/26 34/2/30 30/3/27
f 18/1/24 28/2/31 29/3/32
f 27/1/33 31/2/25 30/3/27
f 27/1/33 34/2/30 29/3/32
f 6/1/10 31/2/25 5/3/11
f 37/1/34 6/2/10 12/3/35
f 1/1/12 31/2/25 28/3/31
f 34/1/30 16/2/19 15/3/20
f 14/1/23 34/2/30 15/3/20
f 38/1/36 16/2/19 35/3/37
f 45/1/38 46/2/39 44/3/40
f 49/1/41 50/2/42 48/3/43
f 54/1/44 50/2/42 51/3/45
f 50/1/42 52/2/46 48/3/43
f 39/1/47 55/2/48 40/3/49
f 58/1/50 46/2/39 47/3/51
f 46/1/39 56/2/52 44/3/40
f 40/1/49 44/2/40 39/3/47
f 42/1/53 48/2/43 41/3/54
f 41/1/54 52/2/46 43/3/55
f 52/1/46 47/2/51 45/3/38
f 43/1/55 45/2/38 40/3/49
f 40/1/49 55/2/48 43/3/55
f 60/1/56 47/2/51 53/3/57
f 39/1/47 56/2/52 55/3/48
f 66/1/58 67/2/59 65/3/60
f 70/1/61 67/2/59 68/3/62
f 71/1/63 74/2/64 73/3/65
f 62/1/66 65/2/60 61/3/67
f 64/1/68 71/2/63 63/3/69
f 66/1/58 73/2/65 68/3/62
f 63/1/69 66/2/58 62/3/66
f 65/1/60 51/2/45 49/3/41
f 67/1/59 54/2/44 51/3/45
f 61/1/67 49/2/41 42/3/53
f 79/1/70 80/2/71 78/3/72
f 90/1/73 91/2/74 89/3/75
f 95/1/76 91/2/74 92/3/77
f 91/1/74 93/2/78 89/3/75
f 81/1/79 90/2/73 80/3/71
f 78/1/72 76/2/80 75/3/81
f 86/1/82 90/2/73 89/3/75
f 89/1/75 88/2/83 86/3/82
f 82/1/84 79/2/70 78/3/72
f 85/1/85 79/2/70 83/3/86
f 75/1/81 82/2/84 78/3/72
f 96/1/87 81/2/79 85/3/85
f 80/1/71 87/2/88 76/3/80
f 104/1/89 100/2/90 101/3/91
f 100/1/90 102/2/92 99/3/93
f 107/1/94 110/2/95 109/3/96
f 102/1/92 108/2/97 107/3/94
f 99/1/93 98/2/98 97/3/99
f 107/1/94 106/2/100 105/3/101
f 102/1/92 105/2/101 98/3/98
f 95/1/76 100/2/90 94/3/102
f 94/1/102 99/2/93 93/3/78
f 93/1/78 97/2/99 88/3/83
f 84/1/103 25/2/104 26/3/16
f 25/1/104 82/2/84 24/3/18
f 19/1/22 82/2/84 77/3/105
f 56/1/52 10/2/8 8/3/4
f 59/1/106 10/2/8 57/3/107
f 3/1/3 56/2/52 8/3/4
f 18/1/24 55/2/48 4/3/2
f 116/1/108 117/2/109 115/3/110
f 119/1/111 122/2/112 121/3/113
f 122/1/112 123/2/114 121/3/113
f 111/1/115 116/2/108 115/3/110
f 113/1/116 120/2/117 119/3/111
f 119/1/111 118/2/118 116/3/108
f 112/1/119 119/2/111 116/3/108
f 130/1/120 133/2/121 132/3/122
f 133/1/121 135/2/123 132/3/122
f 134/1/124 133/2/121 131/3/125
f 137/1/126 140/2/127 139/3/128
f 141/1/129 129/2/130 128/3/131
f 140/1/127 144/2/132 139/3/128
f 143/1/133 140/2/127 138/3/134
f 125/1/135 131/2/125 130/3/120
f 134/1/124 126/2/136 127/3/137
f 128/1/131 138/2/134 137/3/126
f 134/1/124 139/2/128 136/3/138
f 127/1/137 137/2/126 134/3/124
f 141/1/129 128/2/131 127/3/137
f 139/1/128 142/2/139 136/3/138
f 143/1/133 129/2/130 141/3/129
f 120/1/117 132/2/122 122/3/112
f 135/1/123 122/2/112 132/3/122
f 114/1/140 130/2/120 120/3/117
f 149/1/141 148/2/142 147/3/143
f 151/1/144 154/2/145 153/3/146
f 154/1/145 156/2/147 153/3/146
f 155/1/148 154/2/145 152/3/149
f 147/1/143 152/2/149 151/3/144
f 155/1/148 148/2/142 149/3/141
f 155/1/148 159/2/150 157/3/151
f 150/1/152 155/2/148 149/3/141
f 162/1/153 161/2/154 160/3/155
f 164/1/156 167/2/157 166/3/158
f 167/1/157 169/2/159 166/3/158
f 168/1/160 167/2/157 165/3/161
f 161/1/154 164/2/156 160/3/155
f 168/1/160 161/2/154 162/3/153
f 178/1/162 181/2/163 180/3/164
f 181/1/163 183/2/165 180/3/164
f 182/1/166 181/2/163 179/3/167
f 178/1/162 174/2/168 173/3/169
f 176/1/170 178/2/162 175/3/171
f 177/1/172 179/2/167 176/3/170
f 178/1/162 172/2/173 175/3/171
f 164/1/156 159/2/150 158/3/174
f 160/1/155 150/2/152 149/3/141
f 159/1/150 163/2/175 157/3/151
f 164/1/156 150/2/152 160/3/155
f 168/1/160 174/2/168 170/3/176
f 172/1/173 168/2/160 162/3/153
f 174/1/168 171/2/177 170/3/176
f 194/1/178 193/2/179 192/3/180
f 200/1/181 203/2/182 202/3/183
f 203/1/182 205/2/184 202/3/183
f 204/1/185 203/2/182 201/3/186
f 200/1/181 195/2/187 194/3/178
f 187/1/188 192/2/180 186/3/189
f 197/1/190 200/2/181 196/3/191
f 198/1/192 201/2/186 197/3/190
f 188/1/193 193/2/179 190/3/194
f 193/1/179 191/2/195 190/3/194
f 186/1/189 188/2/193 185/3/196
f 195/1/187 199/2/197 191/3/195
f 196/1/191 194/2/178 187/3/188
f 211/1/198 213/2/199 210/3/200
f 212/1/201 211/2/198 209/3/202
f 220/1/203 217/2/204 219/3/205
f 218/1/206 212/2/201 217/3/204
f 208/1/207 209/2/202 207/3/208
f 216/1/209 217/2/204 215/3/210
f 215/1/210 212/2/201 208/3/207
f 211/1/198 205/2/184 206/3/211
f 209/1/202 206/2/211 204/3/185
f 207/1/208 204/2/185 198/3/192
f 184/1/212 189/2/213 183/3/165
f 188/1/193 184/2/212 182/3/166
f 188/1/193 177/2/172 185/3/196
f 143/1/133 153/2/146 145/3/214
f 153/1/146 146/2/215 145/3/214
f 147/1/143 143/2/133 141/3/129
f 229/1/216 230/2/217 228/3/218
f 233/1/219 234/2/220 232/3/221
f 237/1/222 238/2/223 236/3/224
f 238/1/223 239/2/225 236/3/224
f 233/1/219 226/2/226 227/3/227
f 237/1/222 230/2/217 231/3/228
f 230/1/217 225/2/229 228/3/218
f 239/1/225 233/2/219 236/3/224
f 230/1/217 233/2/219 227/3/227
f 229/1/216 221/2/230 222/3/231
f 234/1/220 223/2/232 232/3/221
f 245/1/233 242/2/234 243/3/235
f 247/1/236 248/2/237 246/3/238
f 247/1/236 240/2/239 241/3/240
f 248/1/237 243/2/235 246/3/238
f 255/1/241 256/2/242 254/3/243
f 260/1/244 262/2/245 250/3/246
f 261/1/247 258/2/248 259/3/249
f 266/1/250 263/2/251 264/3/252
f 259/1/249 252/2/253 253/3/254
f 257/1/255 263/2/251 256/3/242
f 256/1/242 251/2/256 254/3/243
f 261/1/247 265/2/257 262/3/245
f 265/1/257 259/2/249 263/3/251
f 256/1/242 259/2/249 253/3/254
f 268/1/258 271/2/259 270/3/260
f 273/1/261 269/2/262 272/3/263
f 274/1/264 269/2/262 273/3/261
f 271/1/259 237/2/222 270/3/260
f 274/1/264 277/2/265 269/3/262
f 272/1/263 269/2/262 268/3/258
f 277/1/265 276/2/266 271/3/259
f 280/1/267 283/2/268 279/3/269
f 281/1/270 280/2/267 262/3/245
f 285/1/271 284/2/272 280/3/267
f 245/1/233 267/2/273 244/3/274
f 273/1/261 248/2/237 249/3/275
f 250/1/246 273/2/261 249/3/275
f 272/1/263 245/2/233 248/3/237
f 281/1/270 262/2/245 265/3/257
f 260/1/244 250/2/246 249/3/275
f 260/1/244 247/2/236 258/3/248
f 258/1/248 241/2/240 252/3/253
f 290/1/276 287/2/277 288/3/278
f 294/1/279 295/2/280 293/3/281
f 294/1/279 289/2/282 290/3/276
f 295/1/280 291/2/283 293/3/281
f 302/1/284 303/2/285 301/3/286
f 302/1/284 298/2/287 299/3/288
f 300/1/289 302/2/284 299/3/288
f 304/1/290 305/2/291 300/3/289
f 303/1/285 307/2/292 306/3/293
f 303/1/285 306/2/293 301/3/286
f 309/1/294 308/2/295 303/3/285
f 317/1/296 314/2/297 315/3/298
f 319/1/299 320/2/300 318/3/301
f 326/1/302 322/2/303 323/3/304
f 319/1/299 312/2/305 313/3/306
f 323/1/304 316/2/307 317/3/296
f 317/1/296 324/2/308 323/3/304
f 316/1/307 311/2/309 314/3/297
f 322/1/303 321/2/310 319/3/299
f 316/1/307 319/2/299 313/3/306
f 327/1/311 328/2/312 297/3/313
f 329/1/314 330/2/315 327/3/311
f 334/1/316 333/2/317 331/3/318
f 330/1/315 331/2/318 328/3/312
f 315/1/298 295/2/280 296/3/319
f 297/1/313 315/2/298 296/3/319
f 314/1/297 292/2/320 295/3/280
f 298/1/287 290/2/276 288/3/278
f 307/1/292 297/2/313 296/3/319
f 307/1/292 294/2/279 306/3/293
f 306/1/293 290/2/276 301/3/286
f 324/1/308 317/2/296 328/3/312
f 276/1/266 336/2/321 275/3/322
f 343/1/323 342/2/324 339/3/325
f 337/1/326 340/2/327 336/3/321
f 338/1/328 337/2/326 276/3/266
f 341/1/329 340/2/327 342/3/324
f 348/1/330 346/2/331 347/3/332
f 350/1/333 351/2/334 349/3/335
f 354/1/336 352/2/337 353/3/338
f 350/1/333 345/2/339 344/3/340
f 348/1/330 353/2/338 346/3/331
f 353/1/338 352/2/337 350/3/333
f 346/1/331 350/2/333 344/3/340
f 357/1/341 329/2/314 356/3/342
f 359/1/343 360/2/344 358/3/345
f 365/1/346 366/2/347 364/3/348
f 361/1/349 364/2/348 360/3/344
f 360/1/344 356/2/342 358/3/345
f 364/1/348 363/2/350 362/3/351
f 360/1/344 362/2/351 357/3/341
f 368/1/352 369/2/353 367/3/354
f 372/1/355 374/2/356 370/3/357
f 370/1/357 369/2/353 368/3/352
f 370/1/357 374/2/356 369/3/353
f 343/1/323 358/2/345 341/3/329
f 352/1/337 367/2/354 351/3/334
f 355/1/358 370/2/357 352/3/337
f 345/1/339 278/2/359 283/3/268
f 349/1/335 343/2/323 339/3/325
f 349/1/335 339/2/325 345/3/339
f 367/1/354 361/2/349 359/3/343
f 351/1/334 359/2/343 343/3/323
f 299/1/288 234/2/220 235/3/360
f 238/1/223 300/2/289 239/3/225
f 300/1/289 235/2/360 239/3/225
f 298/1/287 224/2/361 234/3/220
f 278/1/359 338/2/328 277/3/265
f 270/1/260 229/2/216 267/3/273
f 275/1/322 238/2/223 237/3/222
f 237/1/222 231/2/228 270/3/260
f 267/1/273 222/2/231 244/3/274
f 275/1/322 305/2/291 304/3/290
f 340/1/327 310/2/362 309/3/294
f 336/1/321 309/2/294 305/3/291
f 335/1/363 334/2/316 362/3/351
f 275/1/322 304/2/290 238/3/223
f 380/1/364 377/2/365 378/3/366
f 384/1/367 385/2/368 264/3/252
f 388/1/369 389/2/370 387/3/371
f 384/1/367 379/2/372 380/3/364
f 383/1/373 387/2/371 382/3/374
f 381/1/375 380/2/364 378/3/366
f 387/1/371 386/2/376 384/3/367
f 387/1/371 380/2/364 382/3/374
f 396/1/377 394/2/378 395/3/379
f 398/1/380 399/2/381 397/3/382
f 393/1/383 394/2/378 392/3/384
f 397/1/382 396/2/377 395/3/379
f 406/1/385 403/2/386 402/3/387
f 412/1/388 413/2/389 410/3/390
f 415/1/391 416/2/392 414/3/393
f 416/1/392 412/2/388 414/3/393
f 422/1/394 421/2/395 418/3/396
f 419/1/397 413/2/389 412/3/388
f 418/1/396 421/2/395 416/3/392
f 386/1/376 401/2/398 385/3/368
f 391/1/399 404/2/400 389/3/370
f 389/1/370 402/2/387 386/3/376
f 396/1/377 410/2/390 390/3/401
f 410/1/390 391/2/399 390/3/401
f 415/1/391 399/2/381 400/3/402
f 399/1/381 411/2/403 396/3/377
f 394/1/378 390/2/401 388/3/369
f 392/1/384 388/2/369 383/3/373
f 413/1/389 405/2/404 410/3/390
f 420/1/405 409/2/406 413/3/389
f 428/1/407 425/2/408 426/3/409
f 435/1/410 434/2/411 433/3/412
f 439/1/413 436/2/414 437/3/415
f 428/1/407 432/2/416 427/3/417
f 431/1/418 436/2/414 430/3/419
f 429/1/420 428/2/407 426/3/409
f 436/1/414 435/2/410 433/3/412
f 436/1/414 428/2/407 430/3/419
f 424/1/421 425/2/408 423/3/422
f 440/1/423 439/2/413 437/3/415
f 451/1/424 449/2/425 450/3/426
f 447/1/427 442/2/428 443/3/429
f 446/1/430 449/2/425 444/3/431
f 445/1/432 446/2/430 444/3/431
f 448/1/433 447/2/427 449/3/425
f 456/1/434 455/2/435 422/3/394
f 457/1/436 461/2/437 453/3/438
f 459/1/439 454/2/440 456/3/434
f 454/1/440 452/2/441 455/3/435
f 459/1/439 458/2/442 457/3/436
f 467/1/443 465/2/444 466/3/445
f 468/1/446 463/2/447 464/3/448
f 471/1/449 464/2/448 467/3/443
f 464/1/448 462/2/450 465/3/444
f 476/1/451 473/2/452 474/3/453
f 482/1/454 480/2/455 481/3/456
f 481/1/456 475/2/457 476/3/451
f 483/1/458 476/2/451 477/3/459
f 462/1/450 355/2/358 448/3/433
f 466/1/445 448/2/433 451/3/424
f 460/1/460 472/2/461 458/3/442
f 474/1/453 461/2/437 458/3/442
f 420/1/405 446/2/430 445/3/432
f 461/1/437 450/2/426 453/3/438
f 453/1/438 450/2/426 446/3/430
f 475/1/457 466/2/445 473/3/452
f 480/1/455 467/2/443 475/3/457
f 473/1/452 451/2/424 461/3/437
f 486/1/462 485/2/463 484/3/464
f 488/1/465 489/2/466 487/3/467
f 489/1/466 484/2/464 487/3/467
f 495/1/468 494/2/469 493/3/470
f 493/1/470 494/2/469 490/3/471
f 492/1/472 491/2/473 494/3/469
f 497/1/474 498/2/475 496/3/476
f 503/1/477 500/2/478 501/3/479
f 499/1/480 500/2/478 498/3/475
f 504/1/481 503/2/477 501/3/479
f 509/1/482 506/2/483 507/3/484
f 513/1/485 478/2/486 512/3/487
f 515/1/488 512/2/487 514/3/489
f 517/1/490 518/2/491 516/3/492
f 511/1/493 516/2/492 518/3/491
f 524/1/494 525/2/495 523/3/496
f 530/1/497 527/2/498 528/3/499
f 519/1/500 523/2/496 518/3/491
f 514/1/489 518/2/491 523/3/496
f 522/1/501 527/2/498 521/3/502
f 520/1/503 519/2/500 517/3/490
f 529/1/504 524/2/494 527/3/498
f 527/1/498 519/2/500 521/3/502
f 503/1/477 516/2/492 502/3/505
f 516/1/492 510/2/506 502/3/505
f 505/1/507 517/2/490 503/3/477
f 498/1/475 488/2/465 496/3/476
f 500/1/478 495/2/468 493/3/470
f 498/1/475 493/2/470 490/3/471
f 445/1/432 408/2/508 409/3/406
f 452/1/441 420/2/405 419/3/397
f 455/1/435 419/2/397 421/3/395
f 484/1/464 434/2/411 435/3/410
f 439/1/413 487/2/467 438/3/509
f 438/1/509 484/2/464 435/3/410
f 441/1/510 488/2/465 439/3/413
f 425/1/408 417/2/511 415/3/391
f 434/1/411 422/2/394 418/3/396
f 427/1/417 418/2/396 417/3/511
f 423/1/422 415/2/391 400/3/402
f 486/1/462 422/2/394 485/3/463
f 460/1/460 459/2/439 491/3/473
f 508/1/512 472/2/461 506/3/483
f 508/1/512 478/2/486 477/3/459
f 485/1/463 422/2/394 434/3/411
f 534/1/513 535/2/514 533/3/515
f 541/1/516 543/2/517 540/3/518
f 539/1/519 543/2/517 542/3/520
f 536/1/521 539/2/519 535/3/514
f 531/1/522 535/2/514 532/3/523
f 537/1/524 542/2/520 538/3/525
f 532/1/523 539/2/519 537/3/524
f 555/1/526 554/2/527 553/3/528
f 552/1/529 555/2/526 551/3/530
f 550/1/531 555/2/526 553/3/528
f 560/1/532 563/2/533 562/3/534
f 554/1/527 561/2/535 560/3/532
f 554/1/527 547/2/536 553/3/528
f 546/1/537 553/2/528 547/3/536
f 558/1/538 562/2/534 559/3/539
f 559/1/539 549/2/540 558/3/538
f 563/1/533 565/2/541 562/3/534
f 564/1/542 563/2/533 561/3/535
f 565/1/541 559/2/539 562/3/534
f 558/1/538 549/2/540 548/3/543
f 557/1/544 561/2/535 556/3/545
f 548/1/543 560/2/532 558/3/538
f 552/1/529 543/2/517 544/3/546
f 542/1/520 551/2/530 550/3/531
f 538/1/525 550/2/531 546/3/537
f 570/1/547 569/2/548 568/3/549
f 576/1/550 575/2/551 574/3/552
f 573/1/553 576/2/550 572/3/554
f 571/1/555 576/2/550 574/3/552
f 575/1/551 580/2/556 579/3/557
f 575/1/551 570/2/547 574/3/552
f 568/1/549 574/2/552 570/3/547
f 575/1/551 578/2/558 569/3/548
f 590/1/559 589/2/560 588/3/561
f 587/1/562 590/2/559 586/3/563
f 585/1/564 590/2/559 588/3/561
f 589/1/560 582/2/565 588/3/561
f 585/1/564 582/2/565 545/3/566
f 603/1/567 602/2/568 601/3/569
f 600/1/570 603/2/567 599/3/571
f 598/1/572 603/2/567 601/3/569
f 601/1/569 595/2/573 594/3/574
f 598/1/572 594/2/574 584/3/575
f 597/1/576 598/2/572 596/3/577
f 598/1/572 593/2/578 596/3/577
f 589/1/560 597/2/576 596/3/577
f 592/1/579 597/2/576 591/3/580
f 589/1/560 593/2/578 583/3/581
f 580/1/556 585/2/564 579/3/557
f 585/1/564 578/2/558 579/3/557
f 581/1/582 580/2/556 577/3/583
f 618/1/584 617/2/585 616/3/586
f 625/1/587 624/2/588 623/3/589
f 622/1/590 625/2/587 621/3/591
f 620/1/592 625/2/587 623/3/589
f 609/1/593 618/2/584 608/3/594
f 607/1/595 618/2/584 616/3/586
f 616/1/586 612/2/596 611/3/597
f 623/1/589 615/2/598 614/3/599
f 620/1/592 614/2/599 613/3/600
f 619/1/601 620/2/592 617/3/585
f 617/1/585 613/2/600 612/3/596
f 610/1/602 619/2/601 609/3/593
f 607/1/595 611/2/597 605/3/603
f 635/1/604 634/2/605 633/3/606
f 632/1/607 635/2/604 631/3/608
f 640/1/609 637/2/610 639/3/611
f 633/1/606 628/2/612 627/3/613
f 637/1/610 630/2/614 629/3/615
f 639/1/611 634/2/605 636/3/616
f 634/1/605 629/2/615 628/3/612
f 626/1/617 633/2/606 624/3/588
f 635/1/604 622/2/590 631/3/608
f 624/1/588 627/2/613 615/3/598
f 567/1/618 572/2/554 566/3/619
f 565/1/541 572/2/554 571/3/555
f 565/1/541 568/2/549 549/3/540
f 569/1/548 545/2/566 549/3/540
f 604/1/620 607/2/595 602/3/568
f 606/1/621 604/2/620 600/3/570
f 607/1/595 595/2/573 602/3/568
f 645/1/622 644/2/623 643/3/624
f 654/1/625 650/2/626 651/3/627
f 654/1/625 649/2/628 652/3/629
f 649/1/628 646/2/630 645/3/622
f 645/1/622 641/2/631 642/3/632
f 652/1/629 647/2/633 648/3/634
f 649/1/628 642/2/632 647/3/633
f 666/1/635 663/2/636 665/3/637
f 666/1/635 661/2/638 662/3/639
f 666/1/635 660/2/640 664/3/641
f 676/1/642 673/2/643 675/3/644
f 674/1/645 663/2/636 673/3/643
f 663/1/636 658/2/646 657/3/647
f 664/1/641 656/2/648 658/3/646
f 675/1/644 667/2/649 668/3/650
f 655/1/651 668/2/650 667/3/649
f 676/1/642 670/2/652 672/3/653
f 676/1/642 669/2/654 674/3/645
f 670/1/652 668/2/650 655/3/651
f 655/1/651 667/2/649 657/3/647
f 674/1/645 659/2/655 665/3/637
f 673/1/643 657/2/647 667/3/649
f 654/1/625 661/2/638 653/3/656
f 662/1/639 652/2/629 660/3/640
f 660/1/640 648/2/634 656/3/648
f 683/1/657 682/2/658 681/3/659
f 690/1/660 687/2/661 689/3/662
f 690/1/660 685/2/663 686/3/664
f 682/1/658 677/2/665 681/3/659
f 688/1/666 679/2/667 687/3/661
f 684/1/668 687/2/661 682/3/658
f 687/1/661 678/2/669 682/3/658
f 708/1/670 705/2/671 707/3/672
f 708/1/670 703/2/673 704/3/674
f 708/1/670 702/2/675 706/3/676
f 712/1/677 709/2/678 711/3/679
f 712/1/677 695/2/680 696/3/681
f 712/1/677 694/2/682 710/3/683
f 706/1/676 698/2/684 705/3/671
f 699/1/685 702/2/675 697/3/686
f 710/1/683 700/2/687 709/3/678
f 711/1/679 702/2/675 704/3/674
f 709/1/678 697/2/686 702/3/675
f 711/1/679 692/2/688 695/3/680
f 701/1/689 694/2/682 691/3/690
f 707/1/672 688/2/666 690/3/660
f 703/1/673 690/2/660 686/3/664
f 705/1/671 680/2/691 688/3/666
f 714/1/692 716/2/693 715/3/694
f 724/1/695 721/2/696 723/3/697
f 724/1/695 719/2/698 720/3/699
f 724/1/695 718/2/700 722/3/701
f 721/1/696 716/2/693 714/3/692
f 716/1/693 718/2/700 715/3/694
f 734/1/702 731/2/703 733/3/704
f 734/1/702 729/2/705 730/3/706
f 734/1/702 728/2/707 732/3/708
f 737/1/709 731/2/703 736/3/710
f 731/1/703 727/2/711 726/3/712
f 732/1/708 725/2/713 727/3/711
f 735/1/714 731/2/703 726/3/712
f 748/1/715 745/2/716 747/3/717
f 748/1/715 743/2/718 744/3/719
f 748/1/715 742/2/720 746/3/721
f 746/1/721 739/2/722 745/3/716
f 740/1/723 742/2/720 738/3/724
f 750/1/725 742/2/720 744/3/719
f 742/1/720 741/2/726 738/3/724
f 750/1/725 721/2/696 749/3/727
f 738/1/724 741/2/726 714/3/692
f 750/1/725 717/2/728 723/3/697
f 741/1/726 721/2/696 714/3/692
f 737/1/709 718/2/700 720/3/699
f 718/1/700 735/2/714 715/3/694
f 737/1/709 713/2/729 733/3/704
f 730/1/706 671/2/730 672/3/653
f 730/1/706 670/2/652 728/3/707
f 725/1/713 670/2/652 655/3/651
f 747/1/717 694/2/682 696/3/681
f 747/1/717 693/2/731 743/3/718
f 694/1/682 739/2/722 691/3/690
f 754/1/732 751/2/733 752/3/734
f 756/1/735 757/2/736 755/3/737
f 763/1/738 764/2/739 762/3/740
f 754/1/732 759/2/741 753/3/742
f 758/1/743 762/2/740 757/3/736
f 757/1/736 752/2/734 755/3/737
f 762/1/740 761/2/744 760/3/745
f 762/1/740 754/2/732 757/3/736
f 772/1/746 771/2/747 773/3/748
f 780/1/749 777/2/750 778/3/751
f 782/1/752 783/2/753 781/3/754
f 780/1/749 781/2/754 779/3/755
f 777/1/750 776/2/756 775/3/757
f 786/1/758 788/2/759 785/3/760
f 785/1/760 788/2/759 787/3/761
f 788/1/759 793/2/762 792/3/763
f 793/1/762 794/2/764 792/3/763
f 787/1/761 788/2/759 792/3/763
f 796/1/765 789/2/766 791/3/767
f 793/1/762 797/2/768 795/3/769
f 765/1/770 777/2/750 764/3/739
f 765/1/770 766/2/771 778/3/751
f 764/1/739 775/2/757 761/3/744
f 771/1/747 766/2/771 763/3/738
f 768/1/772 763/2/738 758/3/743
f 766/1/771 785/2/760 778/3/751
f 785/1/760 780/2/749 778/3/751
f 794/1/764 782/2/752 792/3/763
f 787/1/761 782/2/752 780/3/749
f 801/1/773 800/2/774 799/3/775
f 809/1/776 807/2/777 808/3/778
f 808/1/778 804/2/779 803/3/780
f 804/1/779 801/2/773 802/3/781
f 807/1/777 806/2/782 805/3/783
f 807/1/777 800/2/774 804/3/779
f 812/1/784 810/2/785 811/3/786
f 815/1/787 811/2/786 813/3/788
f 818/1/789 816/2/790 812/3/784
f 818/1/789 812/2/784 814/3/791
f 821/1/792 790/2/793 820/3/794
f 828/1/795 827/2/796 823/3/797
f 823/1/797 827/2/796 822/3/798
f 822/1/798 821/2/792 820/3/794
f 832/1/799 829/2/800 830/3/801
f 840/1/802 834/2/803 835/3/804
f 834/1/803 830/2/801 833/3/805
f 839/1/806 832/2/799 834/3/803
f 806/1/782 790/2/793 774/3/807
f 824/1/808 806/2/782 809/3/776
f 830/1/801 817/2/809 818/3/789
f 833/1/805 818/2/789 819/3/810
f 817/1/809 808/2/778 816/3/790
f 816/1/790 803/2/780 810/3/785
f 831/1/811 824/2/808 829/3/800
f 836/1/812 828/2/795 823/3/797
f 829/1/800 809/2/776 817/3/809
f 846/1/813 843/2/814 844/3/815
f 848/1/816 851/2/817 850/3/818
f 847/1/819 848/2/816 850/3/818
f 858/1/820 855/2/821 856/3/822
f 846/1/813 852/2/823 845/3/824
f 851/1/817 855/2/821 850/3/818
f 847/1/819 846/2/813 844/3/815
f 855/1/821 854/2/825 853/3/826
f 855/1/821 846/2/813 850/3/818
f 858/1/820 859/2/827 857/3/828
f 843/1/814 842/2/829 841/3/830
f 864/1/831 863/2/832 828/3/795
f 862/1/833 866/2/834 865/3/835
f 866/1/834 867/2/836 865/3/835
f 866/1/834 869/2/837 868/3/838
f 869/1/837 871/2/839 870/3/840
f 869/1/837 870/2/840 868/3/838
f 875/1/841 872/2/842 873/3/843
f 879/1/844 875/2/841 876/3/845
f 882/1/846 883/2/847 881/3/848
f 889/1/849 885/2/850 886/3/851
f 889/1/849 890/2/852 888/3/853
f 885/1/850 884/2/854 882/3/846
f 878/1/855 892/2/856 887/3/857
f 893/1/858 894/2/859 892/3/856
f 897/1/860 898/2/861 896/3/862
f 906/1/863 903/2/864 904/3/865
f 895/1/866 900/2/867 894/3/859
f 904/1/865 898/2/861 899/3/868
f 896/1/862 893/2/858 878/3/855
f 896/1/862 895/2/866 893/3/858
f 903/1/864 902/2/869 901/3/870
f 903/1/864 895/2/866 898/3/861
f 882/1/846 867/2/836 868/3/838
f 871/1/839 885/2/850 870/3/840
f 871/1/839 887/2/857 886/3/851
f 870/1/840 882/2/846 868/3/838
f 880/1/871 896/2/862 879/3/844
f 887/1/857 892/2/856 886/3/851
f 892/1/856 889/2/849 886/3/851
f 894/1/859 891/2/872 889/3/849
f 795/1/769 843/2/814 794/3/764
f 798/1/873 848/2/816 797/3/768
f 797/1/768 848/2/816 847/3/819
f 797/1/768 844/2/815 795/3/769
f 794/1/764 841/2/830 784/3/874
f 863/1/832 826/2/875 827/3/796
f 873/1/843 836/2/812 838/3/876
f 872/1/842 828/2/795 836/3/812
f 774/1/807 773/2/748 805/3/783
f 798/1/873 796/2/765 825/3/877
f 825/1/877 791/2/767 821/3/792
f 848/1/816 862/2/833 851/3/817
f 865/1/835 858/2/820 856/3/822
f 862/1/833 856/2/822 851/3/817
f 867/1/836 860/2/878 858/3/820
f 908/1/879 909/2/880 907/3/881
f 911/1/882 912/2/883 908/3/879
f 914/1/884 913/2/885 912/3/883
f 912/1/883 913/2/885 910/3/886
f 920/1/887 919/2/888 916/3/889
f 924/1/890 925/2/891 923/3/892
f 918/1/893 923/2/892 917/3/894
f 919/1/888 918/2/893 482/3/454
f 926/1/895 924/2/890 921/3/896
f 920/1/887 924/2/890 918/3/893
f 931/1/897 932/2/898 930/3/899
f 929/1/900 937/2/901 928/3/902
f 936/1/903 932/2/898 933/3/904
f 930/1/899 929/2/900 927/3/905
f 932/1/898 938/2/906 929/3/900
f 942/1/907 943/2/908 939/3/909
f 941/1/910 945/2/911 939/3/909
f 946/1/912 947/2/913 940/3/914
f 946/1/912 940/2/914 941/3/910
f 944/1/915 948/2/916 943/3/908
f 948/1/916 941/2/910 943/3/908
f 913/1/885 927/2/905 819/3/810
f 915/1/917 930/2/899 913/3/885
f 942/1/907 926/2/895 922/3/918
f 926/1/895 945/2/911 925/3/891
f 923/1/892 915/2/917 914/3/884
f 917/1/894 914/2/884 911/3/882
f 945/1/911 933/2/904 931/3/897
f 947/1/913 936/2/903 940/3/914
f 925/1/891 931/2/897 915/3/917
f 951/1/919 952/2/920 916/3/889
f 953/1/921 954/2/922 951/3/919
f 962/1/923 959/2/924 960/3/925
f 964/1/926 965/2/927 963/3/928
f 970/1/929 967/2/930 968/3/931
f 968/1/931 961/2/932 962/3/923
f 973/1/933 965/2/927 966/3/934
f 963/1/928 962/2/923 960/3/925
f 974/1/935 968/2/931 972/3/936
f 965/1/927 968/2/931 962/3/923
f 979/1/937 975/2/938 977/3/939
f 979/1/937 977/2/939 978/3/940
f 986/1/941 983/2/942 984/3/943
f 981/1/944 983/2/942 985/3/945
f 976/1/946 980/2/947 944/3/915
f 979/1/937 978/2/940 984/3/943
f 981/1/944 980/2/947 983/3/942
f 988/1/948 989/2/949 987/3/950
f 996/1/951 993/2/952 994/3/953
f 994/1/953 989/2/949 990/3/954
f 992/1/955 988/2/948 991/3/956
f 958/1/957 975/2/938 956/3/958
f 988/1/948 969/2/959 970/3/929
f 971/1/960 969/2/959 987/3/950
f 991/1/956 970/2/929 974/3/935
f 961/1/932 953/2/921 959/3/924
f 971/1/960 957/2/961 967/3/930
f 967/1/930 954/2/922 961/3/932
f 989/1/949 977/2/939 987/3/950
f 993/1/952 986/2/941 984/3/943
f 993/1/952 978/2/940 989/3/949
f 997/1/962 998/2/963 934/3/964
f 1002/1/965 1003/2/966 998/3/963
f 1001/1/967 1004/2/968 999/3/969
f 1006/1/970 1007/2/971 947/3/913
f 1016/1/972 1013/2/973 1014/3/974
f 1010/1/975 1013/2/973 1015/3/976
f 1020/1/977 1017/2/978 1018/3/979
f 1024/1/980 1021/2/981 1022/3/982
f 1026/1/983 1027/2/984 1025/3/985
f 1020/1/977 1025/2/985 1019/3/986
f 1030/1/987 1023/2/988 1024/3/980
f 1023/1/988 1018/2/979 1021/3/981
f 1031/1/989 1026/2/983 1029/3/990
f 1023/1/988 1026/2/983 1020/3/977
f 1033/1/991 1034/2/992 1032/3/993
f 1039/1/994 1036/2/995 1037/3/996
f 1041/1/997 1034/2/992 1035/3/998
f 1038/1/999 1033/2/991 1036/3/995
f 1018/1/979 1003/2/966 1002/3/965
f 1021/1/981 1002/2/965 1004/3/968
f 1033/1/991 1011/2/1000 1012/3/1001
f 1005/1/1002 1011/2/1000 1032/3/993
f 1016/1/972 1036/2/995 1015/3/976
f 1036/1/995 1012/2/1001 1015/3/976
f 1034/1/992 1022/2/982 1032/3/993
f 1040/1/1003 1024/2/980 1034/3/992
f 1043/1/1004 1044/2/1005 1009/3/1006
f 1043/1/1004 1042/2/1007 1045/3/1008
f 1047/1/1009 1048/2/1010 1046/3/1011
f 1051/1/1012 1052/2/1013 1050/3/1014
f 1051/1/1012 1044/2/1005 1045/3/1008
f 1055/1/1015 1048/2/1010 1049/3/1016
f 1048/1/1010 1042/2/1007 1046/3/1011
f 1056/1/1017 1051/2/1012 1054/3/1018
f 1048/1/1010 1051/2/1012 1045/3/1008
f 1060/1/1019 1052/2/1013 1053/3/1020
f 1058/1/1021 1047/2/1009 1057/3/1022
f 997/1/962 934/2/964 938/3/906
f 936/1/903 999/2/969 935/3/1023
f 950/1/1024 1008/2/1025 948/3/916
f 947/1/913 1000/2/1026 936/3/903
f 1043/1/1004 982/2/1027 981/3/944
f 1043/1/1004 981/2/944 1042/3/1007
f 1047/1/1009 985/2/945 986/3/941
f 1046/1/1011 981/2/944 985/3/945
f 1057/1/1022 986/2/941 995/3/1028
f 955/1/1029 922/2/918 921/3/896
f 980/1/947 950/2/1024 949/3/1030
f 956/1/958 942/2/907 922/3/918
f 1009/1/1006 950/2/1024 1043/3/1004
f 1052/1/1013 1014/2/974 1050/3/1014
f 1050/1/1014 1009/2/1006 1044/3/1005
f 1059/1/1031 1016/2/972 1052/3/1013
f 109/1/96 534/2/513 533/3/515
f 109/1/96 531/2/522 106/3/100
f 643/1/624 220/2/203 219/3/205
f 641/1/631 219/2/205 216/3/209
f 321/1/310 751/2/733 320/3/300
f 756/1/735 325/2/1032 326/3/302
f 755/1/737 321/2/310 325/3/1032
f 767/1/1033 332/2/1034 333/3/317
f 769/1/1035 333/2/317 335/3/363
f 332/1/1034 756/2/735 326/3/302
f 801/1/773 335/2/363 363/3/350
f 803/1/780 366/2/347 365/3/346
f 802/1/781 363/2/350 366/3/347
f 376/1/1036 811/2/786 375/3/1037
f 908/1/879 469/2/1038 470/3/1039
f 482/1/454 917/2/894 480/3/455
f 479/1/1040 919/2/888 483/3/458
f 919/1/888 482/2/454 483/3/458
f 515/1/488 951/2/919 513/3/485
f 960/1/925 525/2/495 526/3/1041
f 530/1/497 963/2/928 529/3/504
f 529/1/504 960/2/925 526/3/1041
f 959/1/924 515/2/488 525/3/495
f 513/1/485 916/2/889 479/3/1040
f 223/1/232 26/2/16 23/3/17
f 13/1/7 221/2/230 12/3/35
f 36/1/28 226/2/226 35/3/37
f 225/1/229 36/2/28 33/3/29
f 37/1/34 225/2/229 33/3/29
f 226/1/226 38/2/36 35/3/37
f 38/1/36 223/2/232 23/3/17
f 221/1/230 37/2/34 12/3/35
f 291/1/283 95/2/76 92/3/77
f 84/1/103 287/2/277 83/3/86
f 287/1/277 85/2/85 83/3/86
f 96/1/87 291/2/283 92/3/77
f 289/1/282 96/2/87 85/3/85
f 104/1/89 312/2/305 103/3/1042
f 311/1/309 104/2/89 101/3/91
f 108/1/97 320/2/300 110/3/95
f 312/1/305 108/2/97 103/3/1042
f 95/1/76 311/2/309 101/3/91
f 58/1/50 242/2/234 57/3/107
f 242/1/234 59/2/106 57/3/107
f 54/1/44 240/2/239 53/3/57
f 60/1/56 243/2/235 58/3/50
f 240/1/239 60/2/56 53/3/57
f 70/1/61 252/2/253 69/3/1043
f 251/1/256 70/2/61 68/3/62
f 73/1/65 255/2/241 254/3/243
f 73/1/65 251/2/256 68/3/62
f 54/1/44 252/2/253 241/3/240
f 59/1/106 222/2/231 13/3/7
f 224/1/361 84/2/103 26/3/16
f 751/1/733 536/2/521 534/3/513
f 759/1/741 541/2/516 540/3/518
f 541/1/516 761/2/744 544/3/546
f 536/1/521 759/2/741 540/3/518
f 552/1/529 776/2/756 556/3/545
f 783/1/753 567/2/618 566/3/619
f 564/1/542 783/2/753 566/3/619
f 776/1/756 557/2/544 556/3/545
f 557/1/544 781/2/754 564/3/542
f 761/1/744 552/2/529 544/3/546
f 573/1/553 842/2/829 577/3/583
f 852/1/823 587/2/562 586/3/563
f 587/1/562 854/2/825 591/3/580
f 854/1/825 592/2/579 591/3/580
f 581/1/582 852/2/823 586/3/563
f 859/1/827 600/2/570 599/3/571
f 842/1/829 581/2/582 577/3/583
f 592/1/579 859/2/827 599/3/571
f 883/1/847 609/2/593 608/3/594
f 606/1/621 883/2/847 608/3/594
f 890/1/852 622/2/590 621/3/591
f 884/1/854 610/2/602 609/3/593
f 610/1/602 890/2/852 621/3/591
f 900/1/867 632/2/607 631/3/608
f 632/1/607 902/2/869 636/3/616
f 906/1/863 639/2/611 905/3/1044
f 902/1/869 639/2/611 636/3/616
f 900/1/867 622/2/590 891/3/872
f 860/1/878 606/2/621 600/3/570
f 567/1/618 841/2/830 573/3/553
f 118/1/118 377/2/365 117/3/109
f 123/1/114 383/2/373 382/3/374
f 123/1/114 381/2/375 121/3/113
f 118/1/118 381/2/375 378/3/366
f 135/1/123 393/2/383 392/3/384
f 144/1/132 398/2/380 397/3/382
f 146/1/215 398/2/380 145/3/214
f 142/1/139 397/2/382 395/3/379
f 142/1/139 393/2/383 136/3/138
f 135/1/123 383/2/373 124/3/1045
f 156/1/147 424/2/421 423/3/422
f 169/1/159 431/2/418 430/3/419
f 169/1/159 429/2/420 166/3/158
f 163/1/175 429/2/420 426/3/409
f 171/1/177 431/2/418 170/3/176
f 183/1/165 440/2/423 180/3/164
f 171/1/177 440/2/423 437/3/415
f 163/1/175 424/2/421 157/3/151
f 189/1/213 497/2/474 496/3/476
f 191/1/195 497/2/474 190/3/194
f 205/1/184 504/2/481 202/3/183
f 199/1/197 504/2/481 501/3/479
f 199/1/197 499/2/480 191/3/195
f 213/1/199 522/2/501 521/3/502
f 213/1/199 520/2/503 210/3/200
f 530/1/497 218/2/206 220/3/203
f 218/1/206 522/2/501 214/3/1046
f 520/1/503 205/2/184 210/3/200
f 146/1/215 423/2/422 400/3/402
f 189/1/213 441/2/510 183/3/165
f 1027/1/984 684/2/668 683/3/657
f 1030/1/987 685/2/663 1029/3/990
f 1031/1/989 685/2/663 689/3/662
f 1031/1/989 684/2/668 1028/3/1047
f 1041/1/997 703/2/673 1040/3/1003
f 1039/1/994 695/2/680 1038/3/999
f 1039/1/994 693/2/731 696/3/681
f 1038/1/999 692/2/688 1035/3/998
f 1041/1/997 692/2/688 704/3/674
f 1030/1/987 703/2/673 686/3/664
f 646/1/630 964/2/926 644/3/623
f 973/1/933 650/2/626 972/3/936
f 974/1/935 650/2/626 653/3/656
f 973/1/933 646/2/630 651/3/627
f 996/1/951 671/2/730 995/3/1028
f 996/1/951 669/2/654 672/3/653
f 992/1/955 661/2/638 665/3/637
f 992/1/955 659/2/655 990/3/954
f 994/1/953 659/2/655 669/3/654
f 661/1/638 974/2/935 653/3/656
f 1055/1/1015 719/2/698 1054/3/1018
f 1056/1/1017 719/2/698 723/3/697
f 1056/1/1017 717/2/728 1053/3/1020
f 1055/1/1015 713/2/729 720/3/699
f 1060/1/1019 743/2/718 1059/3/1031
f 1058/1/1021 729/2/705 733/3/704
f 1058/1/1021 713/2/729 1049/3/1016
f 1060/1/1019 717/2/728 744/3/719
f 1059/1/1031 693/2/731 1037/3/996
f 1057/1/1022 671/2/730 729/3/705
f 115/1/110 74/2/64 72/3/1048
f 64/1/68 115/2/110 72/3/1048
f 377/1/365 257/2/255 255/3/241
f 264/1/252 257/2/255 379/3/372
f 407/1/1049 286/2/1050 403/3/386
f 403/1/386 286/2/1050 282/3/1051
f 385/1/368 282/2/1051 266/3/250
f 442/1/428 348/2/330 347/3/332
f 355/1/358 354/2/336 447/3/427
f 447/1/427 348/2/330 442/3/428
f 469/1/1038 372/2/355 463/3/447
f 407/1/1049 347/2/332 286/3/1050
f 640/1/609 681/2/659 638/3/1052
f 681/1/659 630/2/614 638/3/1052
f 907/1/881 815/2/787 813/3/788
f 909/1/880 819/2/810 815/3/787
f 928/1/902 833/2/805 927/3/905
f 937/1/901 837/2/1053 840/3/802
f 928/1/902 840/2/802 835/3/804
f 1003/1/966 880/2/871 998/3/963
f 1017/1/978 899/2/868 897/3/860
f 1027/1/984 904/2/865 1025/3/985
f 1025/1/985 899/2/868 1019/3/986
f 1003/1/966 897/2/860 880/3/871
f 934/1/964 877/2/1054 837/3/1053
f 117/1/109 255/2/241 74/3/64
f 906/1/863 683/2/657 640/3/609
f 907/1/881 376/2/1036 469/3/1038
f 110/1/95 751/2/733 534/3/513
f 644/1/623 530/2/497 220/3/203
f 8/1/4 10/2/8 9/3/5
f 13/1/7 12/2/35 9/3/5
f 9/1/5 12/2/35 11/3/9
f 3/1/3 8/2/4 7/3/6
f 2/1/1 7/2/6 11/3/9
f 11/1/9 12/2/35 6/3/10
f 1/1/12 4/2/2 11/3/9
f 17/1/21 19/2/22 18/3/24
f 21/1/13 23/2/17 22/3/14
f 26/1/16 25/2/104 22/3/14
f 22/1/14 25/2/104 24/3/18
f 16/1/19 23/2/17 21/3/13
f 17/1/21 18/2/24 21/3/13
f 20/1/15 24/2/18 19/3/22
f 14/1/23 15/2/20 21/3/13
f 27/1/33 29/2/32 28/3/31
f 28/1/31 18/2/24 4/3/2
f 31/1/25 33/2/29 32/3/26
f 36/1/28 35/2/37 32/3/26
f 32/1/26 35/2/37 34/3/30
f 27/1/33 28/2/31 31/3/25
f 27/1/33 30/2/27 34/3/30
f 6/1/10 33/2/29 31/3/25
f 1/1/12 28/2/31 4/3/2
f 37/1/34 33/2/29 6/3/10
f 1/1/12 5/2/11 31/3/25
f 34/1/30 35/2/37 16/3/19
f 14/1/23 29/2/32 34/3/30
f 14/1/23 18/2/24 29/3/32
f 38/1/36 23/2/17 16/3/19
f 45/1/38 47/2/51 46/3/39
f 49/1/41 51/2/45 50/3/42
f 54/1/44 53/2/57 50/3/42
f 50/1/42 53/2/57 52/3/46
f 58/1/50 57/2/107 46/3/39
f 46/1/39 57/2/107 56/3/52
f 40/1/49 45/2/38 44/3/40
f 42/1/53 49/2/41 48/3/43
f 41/1/54 48/2/43 52/3/46
f 52/1/46 53/2/57 47/3/51
f 43/1/55 52/2/46 45/3/38
f 60/1/56 58/2/50 47/3/51
f 39/1/47 44/2/40 56/3/52
f 66/1/58 68/2/62 67/3/59
f 70/1/61 69/2/1043 67/3/59
f 71/1/63 72/2/1048 74/3/64
f 62/1/66 66/2/58 65/3/60
f 64/1/68 72/2/1048 71/3/63
f 66/1/58 71/2/63 73/3/65
f 63/1/69 71/2/63 66/3/58
f 65/1/60 67/2/59 51/3/45
f 67/1/59 69/2/1043 54/3/44
f 61/1/67 65/2/60 49/3/41
f 79/1/70 81/2/79 80/3/71
f 90/1/73 92/2/77 91/3/74
f 95/1/76 94/2/102 91/3/74
f 91/1/74 94/2/102 93/3/78
f 81/1/79 92/2/77 90/3/73
f 78/1/72 80/2/71 76/3/80
f 86/1/82 87/2/88 90/3/73
f 89/1/75 93/2/78 88/3/83
f 75/1/81 76/2/80 77/3/105
f 82/1/84 83/2/86 79/3/70
f 85/1/85 81/2/79 79/3/70
f 75/1/81 77/2/105 82/3/84
f 76/1/80 87/2/88 77/3/105
f 96/1/87 92/2/77 81/3/79
f 80/1/71 90/2/73 87/3/88
f 104/1/89 103/2/1042 100/3/90
f 100/1/90 103/2/1042 102/3/92
f 107/1/94 108/2/97 110/3/95
f 102/1/92 103/2/1042 108/3/97
f 99/1/93 102/2/92 98/3/98
f 107/1/94 109/2/96 106/3/100
f 102/1/92 107/2/94 105/3/101
f 95/1/76 101/2/91 100/3/90
f 94/1/102 100/2/90 99/3/93
f 93/1/78 99/2/93 97/3/99
f 19/1/22 77/2/105 18/3/24
f 84/1/103 83/2/86 25/3/104
f 25/1/104 83/2/86 82/3/84
f 19/1/22 24/2/18 82/3/84
f 3/1/3 4/2/2 55/3/48
f 56/1/52 57/2/107 10/3/8
f 59/1/106 13/2/7 10/3/8
f 3/1/3 55/2/48 56/3/52
f 116/1/108 118/2/118 117/3/109
f 119/1/111 120/2/117 122/3/112
f 122/1/112 124/2/1045 123/3/114
f 111/1/115 112/2/119 116/3/108
f 113/1/116 114/2/140 120/3/117
f 119/1/111 121/2/113 118/3/118
f 112/1/119 113/2/116 119/3/111
f 130/1/120 131/2/125 133/3/121
f 133/1/121 136/2/138 135/3/123
f 134/1/124 136/2/138 133/3/121
f 137/1/126 138/2/134 140/3/127
f 140/1/127 145/2/214 144/3/132
f 143/1/133 145/2/214 140/3/127
f 125/1/135 126/2/136 131/3/125
f 134/1/124 131/2/125 126/3/136
f 128/1/131 129/2/130 138/3/134
f 134/1/124 137/2/126 139/3/128
f 127/1/137 128/2/131 137/3/126
f 139/1/128 144/2/132 142/3/139
f 143/1/133 138/2/134 129/3/130
f 120/1/117 130/2/120 132/3/122
f 135/1/123 124/2/1045 122/3/112
f 114/1/140 125/2/135 130/3/120
f 151/1/144 152/2/149 154/3/145
f 154/1/145 157/2/151 156/3/147
f 155/1/148 157/2/151 154/3/145
f 147/1/143 148/2/142 152/3/149
f 155/1/148 152/2/149 148/3/142
f 155/1/148 158/2/174 159/3/150
f 150/1/152 158/2/174 155/3/148
f 164/1/156 165/2/161 167/3/157
f 167/1/157 170/2/176 169/3/159
f 168/1/160 170/2/176 167/3/157
f 161/1/154 165/2/161 164/3/156
f 168/1/160 165/2/161 161/3/154
f 160/1/155 175/2/171 162/3/153
f 175/1/171 177/2/172 176/3/170
f 178/1/162 179/2/167 181/3/163
f 181/1/163 184/2/212 183/3/165
f 182/1/166 184/2/212 181/3/163
f 178/1/162 180/2/164 174/3/168
f 176/1/170 179/2/167 178/3/162
f 177/1/172 182/2/166 179/3/167
f 178/1/162 173/2/169 172/3/173
f 164/1/156 166/2/158 159/3/150
f 159/1/150 166/2/158 163/3/175
f 164/1/156 158/2/174 150/3/152
f 168/1/160 173/2/169 174/3/168
f 172/1/173 173/2/169 168/3/160
f 162/1/153 175/2/171 172/3/173
f 174/1/168 180/2/164 171/3/177
f 194/1/178 195/2/187 193/3/179
f 275/1/322 271/3/259 276/4/266
f 200/1/181 201/2/186 203/3/182
f 203/1/182 206/2/211 205/3/184
f 204/1/185 206/2/211 203/3/182
f 200/1/181 202/2/183 195/3/187
f 187/1/188 194/2/178 192/3/180
f 197/1/190 201/2/186 200/3/181
f 198/1/192 204/2/185 201/3/186
f 185/1/196 187/2/188 186/3/189
f 188/1/193 192/2/180 193/3/179
f 193/1/179 195/2/187 191/3/195
f 186/1/189 192/2/180 188/3/193
f 185/1/196 196/2/191 187/3/188
f 195/1/187 202/2/183 199/3/197
f 196/1/191 200/2/181 194/3/178
f 211/1/198 214/2/1046 213/3/199
f 212/1/201 214/2/1046 211/3/198
f 220/1/203 218/2/206 217/3/204
f 218/1/206 214/2/1046 212/3/201
f 208/1/207 212/2/201 209/3/202
f 216/1/209 219/2/205 217/3/204
f 215/1/210 217/2/204 212/3/201
f 211/1/198 210/2/200 205/3/184
f 209/1/202 211/2/198 206/3/211
f 207/1/208 209/2/202 204/3/185
f 160/1/155 185/2/196 175/3/171
f 175/1/171 185/2/196 177/3/172
f 184/1/212 190/2/194 189/3/213
f 188/1/193 190/2/194 184/3/212
f 188/1/193 182/2/166 177/3/172
f 141/1/129 149/2/141 147/3/143
f 143/1/133 151/2/144 153/3/146
f 153/1/146 156/2/147 146/3/215
f 147/1/143 151/2/144 143/3/133
f 141/1/129 160/2/155 149/3/141
f 229/1/216 231/2/228 230/3/217
f 233/1/219 235/2/360 234/3/220
f 233/1/219 232/2/221 226/3/226
f 237/1/222 236/2/224 230/3/217
f 230/1/217 227/2/227 225/3/229
f 239/1/225 235/2/360 233/3/219
f 230/1/217 236/2/224 233/3/219
f 229/1/216 228/2/218 221/3/230
f 234/1/220 224/2/361 223/3/232
f 245/1/233 244/2/274 242/3/234
f 247/1/236 249/2/275 248/3/237
f 247/1/236 246/2/238 240/3/239
f 248/1/237 245/2/233 243/3/235
f 255/1/241 257/2/255 256/3/242
f 260/1/244 261/2/247 262/3/245
f 261/1/247 260/2/244 258/3/248
f 266/1/250 265/2/257 263/3/251
f 259/1/249 258/2/248 252/3/253
f 257/1/255 264/2/252 263/3/251
f 256/1/242 253/2/254 251/3/256
f 265/1/257 261/2/247 259/3/249
f 256/1/242 263/2/251 259/3/249
f 268/1/258 270/2/260 267/3/273
f 269/1/262 271/2/259 268/3/258
f 279/1/269 262/3/245 280/4/267
f 274/1/264 278/2/359 277/3/265
f 269/1/262 277/2/265 271/3/259
f 281/2/270 286/4/1050 285/1/271
f 280/1/267 284/2/272 283/3/268
f 265/1/257 282/3/1051 281/4/270
f 281/1/270 285/2/271 280/3/267
f 245/1/233 268/2/258 267/3/273
f 273/1/261 272/2/263 248/3/237
f 272/1/263 268/2/258 245/3/233
f 274/1/264 250/3/246 279/4/269
f 260/1/244 249/2/275 247/3/236
f 258/1/248 247/2/236 241/3/240
f 274/2/264 283/4/268 278/1/359
f 303/1/285 305/3/291 309/4/294
f 290/1/276 289/2/282 287/3/277
f 294/1/279 296/2/319 295/3/280
f 294/1/279 293/2/281 289/3/282
f 295/1/280 292/2/320 291/3/283
f 302/1/284 301/2/286 298/3/287
f 308/1/295 307/2/292 303/3/285
f 309/1/294 310/2/362 308/3/295
f 305/1/291 302/2/284 300/3/289
f 332/1/1034 331/3/318 333/4/317
f 317/1/296 316/2/307 314/3/297
f 315/1/298 297/2/313 317/3/296
f 319/1/299 321/2/310 320/3/300
f 326/1/302 325/2/1032 322/3/303
f 323/1/304 324/2/308 326/3/302
f 319/1/299 318/2/301 312/3/305
f 323/1/304 322/2/303 316/3/307
f 316/1/307 313/2/306 311/3/309
f 322/1/303 325/2/1032 321/3/310
f 316/1/307 322/2/303 319/3/299
f 297/1/313 308/3/295 327/4/311
f 334/1/316 335/2/363 333/3/317
f 328/1/312 331/2/318 324/3/308
f 330/1/315 334/2/316 331/3/318
f 327/1/311 330/2/315 328/3/312
f 315/1/298 314/2/297 295/3/280
f 314/1/297 311/2/309 292/3/320
f 308/2/295 329/4/314 327/1/311
f 338/2/328 339/4/325 337/1/326
f 298/1/287 301/2/286 290/3/276
f 307/1/292 296/2/319 294/3/279
f 306/1/293 294/2/279 290/3/276
f 328/1/312 317/2/296 297/3/313
f 332/1/1034 326/2/302 324/3/308
f 276/1/266 337/2/326 336/3/321
f 375/1/1037 372/3/355 376/4/1036
f 340/1/327 341/2/329 310/3/362
f 343/1/323 341/2/329 342/3/324
f 339/1/325 342/2/324 337/3/326
f 342/1/324 340/2/327 337/3/326
f 344/1/340 345/2/339 283/3/268
f 350/1/333 352/2/337 351/3/334
f 354/1/336 355/2/358 352/3/337
f 350/1/333 349/2/335 345/3/339
f 348/1/330 354/2/336 353/3/338
f 346/1/331 353/2/338 350/3/333
f 359/1/343 361/2/349 360/3/344
f 363/1/350 335/2/363 362/3/351
f 361/1/349 365/2/346 364/3/348
f 360/1/344 357/2/341 356/3/342
f 364/1/348 366/2/347 363/3/350
f 360/1/344 364/2/348 362/3/351
f 371/1/1055 372/2/355 370/3/357
f 374/1/356 375/2/1037 373/3/1056
f 310/1/362 356/3/342 329/4/314
f 369/1/353 374/2/356 373/3/1056
f 361/2/349 373/4/1056 365/1/346
f 343/1/323 359/2/343 358/3/345
f 358/1/345 356/2/342 341/3/329
f 352/1/337 368/2/352 367/3/354
f 355/1/358 371/2/1055 370/3/357
f 352/1/337 370/2/357 368/3/352
f 345/1/339 339/2/325 278/3/359
f 349/1/335 351/2/334 343/3/323
f 367/1/354 369/2/353 361/3/349
f 285/1/271 347/3/332 346/4/331
f 351/1/334 367/2/354 359/3/343
f 299/1/288 298/2/287 234/3/220
f 304/1/290 300/2/289 238/3/223
f 300/1/289 299/2/288 235/3/360
f 298/1/287 288/2/278 224/3/361
f 277/1/265 338/2/328 276/3/266
f 284/1/272 344/2/340 283/3/268
f 284/1/272 346/3/331 344/4/340
f 357/2/341 334/4/316 330/1/315
f 270/1/260 231/2/228 229/3/216
f 267/1/273 229/2/216 222/3/231
f 275/1/322 336/2/321 305/3/291
f 336/1/321 340/2/327 309/3/294
f 329/1/314 357/2/341 330/3/315
f 405/2/404 408/4/508 404/1/400
f 380/1/364 379/2/372 377/3/365
f 384/1/367 386/2/376 385/3/368
f 390/1/401 391/2/399 389/3/370
f 388/1/369 390/2/401 389/3/370
f 384/1/367 264/2/252 379/3/372
f 383/1/373 388/2/369 387/3/371
f 381/1/375 382/2/374 380/3/364
f 387/1/371 389/2/370 386/3/376
f 387/1/371 384/2/367 380/3/364
f 396/1/377 390/2/401 394/3/378
f 398/1/380 400/2/402 399/3/381
f 393/1/383 395/2/379 394/3/378
f 397/1/382 399/2/381 396/3/377
f 402/1/387 403/2/386 401/3/398
f 406/1/385 407/2/1049 403/3/386
f 402/1/387 408/3/508 406/4/385
f 412/1/388 421/3/395 419/4/397
f 410/1/390 411/2/403 412/3/388
f 416/1/392 417/2/511 418/3/396
f 415/1/391 417/2/511 416/3/392
f 419/1/397 420/2/405 413/3/389
f 411/1/403 414/2/393 412/3/388
f 443/1/429 449/3/425 447/4/427
f 386/1/376 402/2/387 401/3/398
f 391/1/399 405/2/404 404/3/400
f 389/1/370 404/2/400 402/3/387
f 396/1/377 411/2/403 410/3/390
f 415/1/391 414/2/393 399/3/381
f 399/1/381 414/2/393 411/3/403
f 392/1/384 394/2/378 388/3/369
f 413/1/389 409/2/406 405/3/404
f 391/1/399 410/2/390 405/3/404
f 428/1/407 427/2/417 425/3/408
f 432/1/416 433/2/412 434/3/411
f 439/1/413 438/2/509 436/3/414
f 428/1/407 433/2/412 432/3/416
f 431/1/418 437/2/415 436/3/414
f 429/1/420 430/2/419 428/3/407
f 436/1/414 438/2/509 435/3/410
f 436/1/414 433/2/412 428/3/407
f 424/1/421 426/2/409 425/3/408
f 440/1/423 441/2/510 439/3/413
f 448/1/433 355/2/358 447/3/427
f 451/1/424 448/2/433 449/3/425
f 446/1/430 450/2/426 449/3/425
f 452/2/441 453/4/438 420/1/405
f 463/1/447 470/3/1039 469/4/1038
f 456/1/434 454/2/440 455/3/435
f 460/1/460 458/2/442 459/3/439
f 457/1/436 458/2/442 461/3/437
f 454/1/440 457/2/436 453/3/438
f 454/1/440 459/2/439 457/3/436
f 464/1/448 463/2/447 462/3/450
f 467/1/443 464/2/448 465/3/444
f 486/1/462 494/3/469 491/4/473
f 471/1/449 470/2/1039 468/3/446
f 471/1/449 468/2/446 464/3/448
f 476/1/451 475/2/457 473/3/452
f 478/1/486 479/2/1040 483/3/458
f 481/1/456 480/2/455 475/3/457
f 477/1/459 478/2/486 483/3/458
f 472/1/461 477/2/459 474/3/453
f 474/1/453 477/2/459 476/3/451
f 483/1/458 482/2/454 481/3/456
f 483/1/458 481/2/456 476/3/451
f 466/1/445 465/2/444 448/3/433
f 465/1/444 462/2/450 448/3/433
f 474/1/453 473/2/452 461/3/437
f 472/1/461 474/2/453 458/3/442
f 420/1/405 453/2/438 446/3/430
f 461/1/437 451/2/424 450/3/426
f 475/1/457 467/2/443 466/3/445
f 480/1/455 471/2/449 467/3/443
f 473/1/452 466/2/445 451/3/424
f 489/1/466 490/2/471 494/3/469
f 488/1/465 490/2/471 489/3/466
f 492/1/472 460/2/460 491/3/473
f 494/1/469 495/2/468 492/3/472
f 484/1/464 489/2/466 486/3/462
f 507/1/484 511/3/493 509/4/482
f 497/1/474 499/2/480 498/3/475
f 503/1/477 502/2/505 500/3/478
f 499/1/480 501/2/479 500/3/478
f 504/1/481 505/2/507 503/3/477
f 509/1/482 508/2/512 506/3/483
f 508/1/512 512/3/487 478/4/486
f 509/1/482 514/3/489 512/4/487
f 492/2/472 506/4/483 460/1/460
f 515/1/488 513/2/485 512/3/487
f 517/1/490 519/2/500 518/3/491
f 511/1/493 510/2/506 516/3/492
f 524/1/494 526/2/1041 525/3/495
f 525/1/495 514/2/489 523/3/496
f 530/1/497 529/2/504 527/3/498
f 519/1/500 524/2/494 523/3/496
f 514/1/489 511/2/493 518/3/491
f 522/1/501 528/2/499 527/3/498
f 520/1/503 521/2/502 519/3/500
f 529/1/504 526/2/1041 524/3/494
f 527/1/498 524/2/494 519/3/500
f 492/1/472 510/3/506 507/4/484
f 407/2/1049 443/4/429 442/1/428
f 503/1/477 517/2/490 516/3/492
f 505/1/507 520/2/503 517/3/490
f 498/1/475 490/2/471 488/3/465
f 495/1/468 502/2/505 510/3/506
f 500/1/478 502/2/505 495/3/468
f 498/1/475 500/2/478 493/3/470
f 514/1/489 525/2/495 515/3/488
f 443/1/429 408/3/508 444/4/431
f 445/1/432 444/2/431 408/3/508
f 456/1/434 491/3/473 459/4/439
f 422/1/394 455/2/435 421/3/395
f 455/1/435 452/2/441 419/3/397
f 420/1/405 445/2/432 409/3/406
f 434/1/411 484/2/464 485/3/463
f 439/1/413 488/2/465 487/3/467
f 438/1/509 487/2/467 484/3/464
f 441/1/510 496/2/476 488/3/465
f 425/1/408 427/2/417 417/3/511
f 418/1/396 432/2/416 434/3/411
f 427/1/417 432/2/416 418/3/396
f 423/1/422 425/2/408 415/3/391
f 486/1/462 456/2/434 422/3/394
f 508/1/512 477/2/459 472/3/461
f 478/1/486 513/2/485 479/3/1040
f 506/1/483 472/2/461 460/3/460
f 534/1/513 536/2/521 535/3/514
f 541/1/516 544/2/546 543/3/517
f 539/1/519 540/2/518 543/3/517
f 536/1/521 540/2/518 539/3/519
f 531/1/522 533/2/515 535/3/514
f 537/1/524 539/2/519 542/3/520
f 532/1/523 535/2/514 539/3/519
f 555/1/526 556/2/545 554/3/527
f 552/1/529 556/2/545 555/3/526
f 550/1/531 551/2/530 555/3/526
f 560/1/532 561/2/535 563/3/533
f 554/1/527 556/2/545 561/3/535
f 554/1/527 548/2/543 547/3/536
f 546/1/537 550/2/531 553/3/528
f 558/1/538 560/2/532 562/3/534
f 563/1/533 566/2/619 565/3/541
f 564/1/542 566/2/619 563/3/533
f 565/1/541 549/2/540 559/3/539
f 557/1/544 564/2/542 561/3/535
f 548/1/543 554/2/527 560/3/532
f 552/1/529 551/2/530 543/3/517
f 542/1/520 543/2/517 551/3/530
f 538/1/525 542/2/520 550/3/531
f 576/1/550 577/2/583 575/3/551
f 573/1/553 577/2/583 576/3/550
f 571/1/555 572/2/554 576/3/550
f 575/1/551 577/2/583 580/3/556
f 575/1/551 569/2/548 570/3/547
f 568/1/549 571/2/555 574/3/552
f 575/1/551 579/2/557 578/3/558
f 582/1/565 583/2/581 545/3/566
f 590/1/559 591/2/580 589/3/560
f 587/1/562 591/2/580 590/3/559
f 585/1/564 586/2/563 590/3/559
f 583/1/581 584/2/575 545/3/566
f 589/1/560 583/2/581 582/3/565
f 585/1/564 588/2/561 582/3/565
f 594/1/574 595/2/573 584/3/575
f 603/1/567 604/2/620 602/3/568
f 600/1/570 604/2/620 603/3/567
f 598/1/572 599/2/571 603/3/567
f 601/1/569 602/2/568 595/3/573
f 598/1/572 601/2/569 594/3/574
f 597/1/576 599/2/571 598/3/572
f 598/1/572 584/2/575 593/3/578
f 589/1/560 591/2/580 597/3/576
f 593/1/578 584/2/575 583/3/581
f 592/1/579 599/2/571 597/3/576
f 589/1/560 596/2/577 593/3/578
f 580/1/556 586/2/563 585/3/564
f 585/1/564 545/2/566 578/3/558
f 578/1/558 545/2/566 569/3/548
f 581/1/582 586/2/563 580/3/556
f 618/1/584 619/2/601 617/3/585
f 625/1/587 626/2/617 624/3/588
f 622/1/590 626/2/617 625/3/587
f 620/1/592 621/2/591 625/3/587
f 611/1/597 612/2/596 605/3/603
f 609/1/593 619/2/601 618/3/584
f 607/1/595 608/2/594 618/3/584
f 616/1/586 617/2/585 612/3/596
f 623/1/589 624/2/588 615/3/598
f 620/1/592 623/2/589 614/3/599
f 619/1/601 621/2/591 620/3/592
f 617/1/585 620/2/592 613/3/600
f 612/1/596 613/2/600 605/3/603
f 610/1/602 621/2/591 619/3/601
f 607/1/595 616/2/586 611/3/597
f 635/1/604 636/2/616 634/3/605
f 632/1/607 636/2/616 635/3/604
f 640/1/609 638/2/1052 637/3/610
f 633/1/606 634/2/605 628/3/612
f 637/1/610 638/2/1052 630/3/614
f 639/1/611 637/2/610 634/3/605
f 634/1/605 637/2/610 629/3/615
f 626/1/617 635/2/604 633/3/606
f 635/1/604 626/2/617 622/3/590
f 624/1/588 633/2/606 627/3/613
f 568/1/549 569/2/548 549/3/540
f 567/1/618 573/2/553 572/3/554
f 565/1/541 566/2/619 572/3/554
f 565/1/541 571/2/555 568/3/549
f 595/1/573 605/2/603 584/3/575
f 604/1/620 608/2/594 607/3/595
f 606/1/621 608/2/594 604/3/620
f 607/1/595 605/2/603 595/3/573
f 645/1/622 646/2/630 644/3/623
f 654/1/625 653/2/656 650/3/626
f 654/1/625 651/2/627 649/3/628
f 649/1/628 651/2/627 646/3/630
f 645/1/622 643/2/624 641/3/631
f 652/1/629 649/2/628 647/3/633
f 649/1/628 645/2/622 642/3/632
f 666/1/635 664/2/641 663/3/636
f 666/1/635 665/2/637 661/3/638
f 666/1/635 662/2/639 660/3/640
f 676/1/642 674/2/645 673/3/643
f 674/1/645 665/2/637 663/3/636
f 663/1/636 664/2/641 658/3/646
f 664/1/641 660/2/640 656/3/648
f 675/1/644 673/2/643 667/3/649
f 676/1/642 675/2/644 670/3/652
f 676/1/642 672/2/653 669/3/654
f 670/1/652 675/2/644 668/3/650
f 674/1/645 669/2/654 659/3/655
f 673/1/643 663/2/636 657/3/647
f 654/1/625 662/2/639 661/3/638
f 662/1/639 654/2/625 652/3/629
f 660/1/640 652/2/629 648/3/634
f 683/1/657 684/2/668 682/3/658
f 690/1/660 688/2/666 687/3/661
f 690/1/660 689/2/662 685/3/663
f 682/1/658 678/2/669 677/3/665
f 688/1/666 680/2/691 679/3/667
f 684/1/668 689/2/662 687/3/661
f 687/1/661 679/2/667 678/3/669
f 708/1/670 706/2/676 705/3/671
f 708/1/670 707/2/672 703/3/673
f 708/1/670 704/2/674 702/3/675
f 712/1/677 710/2/683 709/3/678
f 691/1/690 700/2/687 701/3/689
f 712/1/677 711/2/679 695/3/680
f 712/1/677 696/2/681 694/3/682
f 706/1/676 699/2/685 698/3/684
f 699/1/685 706/2/676 702/3/675
f 710/1/683 701/2/689 700/3/687
f 711/1/679 709/2/678 702/3/675
f 709/1/678 700/2/687 697/3/686
f 691/1/690 697/2/686 700/3/687
f 711/1/679 704/2/674 692/3/688
f 701/1/689 710/2/683 694/3/682
f 707/1/672 705/2/671 688/3/666
f 703/1/673 707/2/672 690/3/660
f 705/1/671 698/2/684 680/3/691
f 724/1/695 722/2/701 721/3/696
f 724/1/695 723/2/697 719/3/698
f 724/1/695 720/2/699 718/3/700
f 721/1/696 722/2/701 716/3/693
f 716/1/693 722/2/701 718/3/700
f 734/1/702 732/2/708 731/3/703
f 734/1/702 733/2/704 729/3/705
f 734/1/702 730/2/706 728/3/707
f 737/1/709 733/2/704 731/3/703
f 731/1/703 732/2/708 727/3/711
f 732/1/708 728/2/707 725/3/713
f 735/1/714 736/2/710 731/3/703
f 738/1/724 739/2/722 740/3/723
f 748/1/715 746/2/721 745/3/716
f 748/1/715 747/2/717 743/3/718
f 748/1/715 744/2/719 742/3/720
f 746/1/721 740/2/723 739/3/722
f 740/1/723 746/2/721 742/3/720
f 750/1/725 749/2/727 742/3/720
f 742/1/720 749/2/727 741/3/726
f 750/1/725 723/2/697 721/3/696
f 750/1/725 744/2/719 717/3/728
f 741/1/726 749/2/727 721/3/696
f 737/1/709 736/2/710 718/3/700
f 718/1/700 736/2/710 735/3/714
f 769/2/1035 768/4/772 767/1/1033
f 737/1/709 720/2/699 713/3/729
f 730/1/706 729/2/705 671/3/730
f 730/1/706 672/2/653 670/3/652
f 725/1/713 728/2/707 670/3/652
f 738/1/724 691/2/690 739/3/722
f 747/1/717 745/2/716 694/3/682
f 747/1/717 696/2/681 693/3/731
f 694/1/682 745/2/716 739/3/722
f 754/1/732 753/2/742 751/3/733
f 756/1/735 758/2/743 757/3/736
f 763/1/738 765/2/770 764/3/739
f 763/1/738 766/2/771 765/3/770
f 754/1/732 760/2/745 759/3/741
f 758/1/743 763/2/738 762/3/740
f 757/1/736 754/2/732 752/3/734
f 762/1/740 764/2/739 761/3/744
f 762/1/740 760/2/745 754/3/732
f 772/1/746 766/2/771 771/3/747
f 774/1/807 772/2/746 773/3/748
f 770/2/1057 771/4/747 768/1/772
f 786/1/758 791/3/767 789/4/766
f 780/1/749 779/2/755 777/3/750
f 782/1/752 784/2/874 783/3/753
f 780/1/749 782/2/752 781/3/754
f 777/1/750 779/2/755 776/3/756
f 786/1/758 789/2/766 788/3/759
f 766/1/771 786/3/758 785/4/760
f 793/1/762 795/2/769 794/3/764
f 798/1/873 797/2/768 796/3/765
f 789/1/766 793/2/762 788/3/759
f 796/1/765 797/2/768 793/3/762
f 796/1/765 793/2/762 789/3/766
f 765/1/770 778/2/751 777/3/750
f 764/1/739 777/2/750 775/3/757
f 774/2/807 786/4/758 772/1/746
f 758/1/743 767/3/1033 768/4/772
f 814/1/791 819/3/810 818/4/789
f 768/1/772 771/2/747 763/3/738
f 785/1/760 787/2/761 780/3/749
f 794/1/764 784/2/874 782/3/752
f 787/1/761 792/2/763 782/3/752
f 803/1/780 804/2/779 802/3/781
f 805/1/783 806/2/782 774/3/807
f 809/1/776 806/2/782 807/3/777
f 808/1/778 807/2/777 804/3/779
f 804/1/779 800/2/774 801/3/773
f 807/1/777 805/2/783 800/3/774
f 815/1/787 814/2/791 811/3/786
f 818/1/789 817/2/809 816/3/790
f 825/1/877 822/3/798 827/4/796
f 812/1/784 816/2/790 810/3/785
f 814/1/791 812/2/784 811/3/786
f 824/1/808 823/2/797 822/3/798
f 826/1/875 798/2/873 825/3/877
f 827/1/796 826/2/875 825/3/877
f 861/1/1058 869/3/837 866/4/834
f 832/1/799 831/2/811 829/3/800
f 835/1/804 834/2/803 833/3/805
f 840/1/802 837/2/1053 839/3/806
f 832/1/799 838/2/876 831/3/811
f 840/1/802 839/2/806 834/3/803
f 831/1/811 838/2/876 836/3/812
f 834/1/803 832/2/799 830/3/801
f 839/1/806 838/2/876 832/3/799
f 806/1/782 820/2/794 790/3/793
f 824/1/808 822/2/798 806/3/782
f 806/1/782 822/2/798 820/3/794
f 830/1/801 829/2/800 817/3/809
f 833/1/805 830/2/801 818/3/789
f 817/1/809 809/2/776 808/3/778
f 816/1/790 808/2/778 803/3/780
f 831/1/811 823/2/797 824/3/808
f 823/1/797 831/2/811 836/3/812
f 829/1/800 824/2/808 809/3/776
f 846/1/813 845/2/824 843/3/814
f 858/1/820 857/2/828 855/3/821
f 846/1/813 853/2/826 852/3/823
f 851/1/817 856/2/822 855/3/821
f 847/1/819 850/2/818 846/3/813
f 855/1/821 857/2/828 854/3/825
f 855/1/821 853/2/826 846/3/813
f 858/1/820 860/2/878 859/3/827
f 843/1/814 845/2/824 842/3/829
f 861/1/1058 862/2/833 849/3/1059
f 866/1/834 868/2/838 867/3/836
f 864/1/831 871/2/839 869/3/837
f 861/1/1058 866/2/834 862/3/833
f 864/1/831 869/2/837 863/3/832
f 874/1/1060 878/3/855 887/4/857
f 875/1/841 874/2/1060 872/3/842
f 876/1/845 880/3/871 879/4/844
f 872/2/842 864/4/831 828/1/795
f 876/1/845 875/2/841 873/3/843
f 879/1/844 878/2/855 875/3/841
f 882/1/846 884/2/854 883/3/847
f 889/1/849 888/2/853 885/3/850
f 889/1/849 891/2/872 890/3/852
f 885/1/850 888/2/853 884/3/854
f 878/1/855 893/2/858 892/3/856
f 893/1/858 895/2/866 894/3/859
f 897/1/860 899/2/868 898/3/861
f 906/1/863 905/2/1044 903/3/864
f 895/1/866 901/2/870 900/3/867
f 904/1/865 903/2/864 898/3/861
f 896/1/862 898/2/861 895/3/866
f 903/1/864 905/2/1044 902/3/869
f 903/1/864 901/2/870 895/3/866
f 882/1/846 881/2/848 867/3/836
f 871/1/839 886/2/851 885/3/850
f 870/1/840 885/2/850 882/3/846
f 880/1/871 897/2/860 896/3/862
f 879/1/844 896/2/862 878/3/855
f 864/1/831 887/3/857 871/4/839
f 826/2/875 849/4/1059 798/1/873
f 892/1/856 894/2/859 889/3/849
f 894/1/859 900/2/867 891/3/872
f 795/1/769 844/2/815 843/3/814
f 798/1/873 849/2/1059 848/3/816
f 797/1/768 847/2/819 844/3/815
f 794/1/764 843/2/814 841/3/830
f 876/1/845 837/3/1053 877/4/1054
f 828/1/795 863/2/832 827/3/796
f 863/1/832 861/2/1058 826/3/875
f 873/1/843 872/2/842 836/3/812
f 873/1/843 839/3/806 876/4/845
f 770/1/1057 799/3/775 800/4/774
f 773/1/748 800/3/774 805/4/783
f 819/1/810 910/3/886 913/4/885
f 821/1/792 791/2/767 790/3/793
f 825/1/877 796/2/765 791/3/767
f 849/1/1059 862/2/833 848/3/816
f 865/1/835 867/2/836 858/3/820
f 862/1/833 865/2/835 856/3/822
f 867/1/836 881/2/848 860/3/878
f 908/1/879 910/2/886 909/3/880
f 955/2/1029 958/4/957 956/1/958
f 914/1/884 915/2/917 913/3/885
f 911/1/882 914/2/884 912/3/883
f 908/1/879 912/2/883 910/3/886
f 482/1/454 918/2/893 917/3/894
f 922/1/918 926/2/895 921/3/896
f 924/1/890 926/2/895 925/3/891
f 918/1/893 924/2/890 923/3/892
f 919/1/888 920/2/887 918/3/893
f 920/1/887 921/2/896 924/3/890
f 927/1/905 929/2/900 928/3/902
f 931/1/897 933/2/904 932/3/898
f 938/1/906 934/2/964 937/3/901
f 929/1/900 938/2/906 937/3/901
f 936/1/903 935/2/1023 932/3/898
f 930/1/899 932/2/898 929/3/900
f 932/1/898 935/2/1023 938/3/906
f 942/1/907 944/2/915 943/3/908
f 941/1/910 940/2/914 945/3/911
f 949/1/1030 950/2/1024 948/3/916
f 944/1/915 949/2/1030 948/3/916
f 943/1/908 941/2/910 939/3/909
f 948/1/916 946/2/912 941/3/910
f 915/1/917 931/2/897 930/3/899
f 913/1/885 930/2/899 927/3/905
f 942/1/907 939/2/909 926/3/895
f 926/1/895 939/2/909 945/3/911
f 923/1/892 925/2/891 915/3/917
f 917/1/894 923/2/892 914/3/884
f 945/1/911 940/2/914 933/3/904
f 940/1/914 936/2/903 933/3/904
f 925/1/891 945/2/911 931/3/897
f 951/1/919 954/2/922 952/3/920
f 952/2/920 957/4/961 955/1/1029
f 942/2/907 976/4/946 944/1/915
f 962/1/923 961/2/932 959/3/924
f 964/1/926 966/2/934 965/3/927
f 970/1/929 969/2/959 967/3/930
f 969/1/959 971/2/960 967/3/930
f 968/1/931 967/2/930 961/3/932
f 973/1/933 972/2/936 965/3/927
f 963/1/928 965/2/927 962/3/923
f 974/1/935 970/2/929 968/3/931
f 965/1/927 972/2/936 968/3/931
f 997/2/962 1004/4/968 1002/1/965
f 979/1/937 976/2/946 975/3/938
f 980/1/947 981/2/944 982/3/1027
f 979/1/937 984/2/943 983/3/942
f 986/1/941 985/2/945 983/3/942
f 979/1/937 983/2/942 976/3/946
f 976/1/946 983/2/942 980/3/947
f 988/1/948 990/2/954 989/3/949
f 996/1/951 995/2/1028 993/3/952
f 994/1/953 993/2/952 989/3/949
f 992/1/955 990/2/954 988/3/948
f 956/1/958 975/2/938 942/3/907
f 958/1/957 977/2/939 975/3/938
f 988/1/948 987/2/950 969/3/959
f 991/1/956 988/2/948 970/3/929
f 961/1/932 954/2/922 953/3/921
f 971/1/960 958/2/957 957/3/961
f 967/1/930 957/2/961 954/3/922
f 971/1/960 987/2/950 977/3/939
f 989/1/949 978/2/940 977/3/939
f 993/1/952 995/2/1028 986/3/941
f 993/1/952 984/2/943 978/3/940
f 971/1/960 977/2/939 958/3/957
f 1000/1/1026 1001/2/967 999/3/969
f 1001/1/967 1005/2/1002 1004/3/968
f 997/1/962 1002/2/965 998/3/963
f 1010/1/975 1008/3/1025 1013/4/973
f 950/1/1024 1009/2/1006 1008/3/1025
f 1010/1/975 1012/2/1001 1011/3/1000
f 1010/1/975 1011/2/1000 1007/3/971
f 1009/1/1006 1014/2/974 1013/3/973
f 1016/1/972 1015/2/976 1013/3/973
f 1006/1/970 1010/2/975 1007/3/971
f 1009/1/1006 1013/2/973 1008/3/1025
f 1010/1/975 1015/2/976 1012/3/1001
f 1000/2/1026 1007/4/971 1001/1/967
f 1020/1/977 1019/2/986 1017/3/978
f 1021/1/981 1005/2/1002 1022/3/982
f 1024/1/980 1023/2/988 1021/3/981
f 1026/1/983 1028/2/1047 1027/3/984
f 1020/1/977 1026/2/983 1025/3/985
f 1030/1/987 1029/2/990 1023/3/988
f 1023/1/988 1020/2/977 1018/3/979
f 1031/1/989 1028/2/1047 1026/3/983
f 1023/1/988 1029/2/990 1026/3/983
f 1033/1/991 1035/2/998 1034/3/992
f 1039/1/994 1038/2/999 1036/3/995
f 1041/1/997 1040/2/1003 1034/3/992
f 1038/1/999 1035/2/998 1033/3/991
f 1018/1/979 1017/2/978 1003/3/966
f 1005/1/1002 1021/2/981 1004/3/968
f 1021/1/981 1018/2/979 1002/3/965
f 1033/1/991 1032/2/993 1011/3/1000
f 1016/1/972 1037/2/996 1036/3/995
f 1036/1/995 1033/2/991 1012/3/1001
f 1005/1/1002 1007/3/971 1011/4/1000
f 938/1/906 999/3/969 997/4/962
f 1005/1/1002 1032/2/993 1022/3/982
f 1034/1/992 1024/2/980 1022/3/982
f 1040/1/1003 1030/2/987 1024/3/980
f 1043/1/1004 1045/2/1008 1044/3/1005
f 1047/1/1009 1049/2/1016 1048/3/1010
f 1051/1/1012 1053/2/1020 1052/3/1013
f 1051/1/1012 1050/2/1014 1044/3/1005
f 1055/1/1015 1054/2/1018 1048/3/1010
f 1048/1/1010 1045/2/1008 1042/3/1007
f 1056/1/1017 1053/2/1020 1051/3/1012
f 1048/1/1010 1054/2/1018 1051/3/1012
f 1060/1/1019 1059/2/1031 1052/3/1013
f 1058/1/1021 1049/2/1016 1047/3/1009
f 936/1/903 1000/2/1026 999/3/969
f 946/2/912 1008/4/1025 1006/1/970
f 946/1/912 1006/2/970 947/3/913
f 920/1/887 955/3/1029 921/4/896
f 1047/1/1009 1046/2/1011 985/3/945
f 1046/1/1011 1042/2/1007 981/3/944
f 1057/1/1022 1047/2/1009 986/3/941
f 952/1/920 920/2/887 916/3/889
f 955/1/1029 956/2/958 922/3/918
f 375/2/1037 810/4/785 373/1/1056
f 980/1/947 982/2/1027 950/3/1024
f 944/1/915 980/2/947 949/3/1030
f 1052/1/1013 1016/2/972 1014/3/974
f 1050/1/1014 1014/2/974 1009/3/1006
f 1059/1/1031 1037/2/996 1016/3/972
f 982/1/1027 1043/2/1004 950/3/1024
f 109/1/96 110/2/95 534/3/513
f 109/1/96 533/2/515 531/3/522
f 643/1/624 644/2/623 220/3/203
f 641/1/631 643/2/624 219/3/205
f 321/1/310 752/2/734 751/3/733
f 756/1/735 755/2/737 325/3/1032
f 755/1/737 752/2/734 321/3/310
f 769/1/1035 767/2/1033 333/3/317
f 332/1/1034 767/2/1033 756/3/735
f 801/1/773 799/2/775 335/3/363
f 803/1/780 802/2/781 366/3/347
f 802/1/781 801/2/773 363/3/350
f 365/1/346 810/3/785 803/4/780
f 376/1/1036 813/2/788 811/3/786
f 470/1/1039 911/3/882 908/4/879
f 799/1/775 769/2/1035 335/3/363
f 908/1/879 907/2/881 469/3/1038
f 911/1/882 480/3/455 917/4/894
f 479/1/1040 916/2/889 919/3/888
f 371/1/1055 463/3/447 372/4/355
f 513/1/485 951/2/919 916/3/889
f 953/1/921 951/2/919 515/3/488
f 960/1/925 959/2/924 525/3/495
f 530/1/497 964/2/926 963/3/928
f 529/1/504 963/2/928 960/3/925
f 959/1/924 953/2/921 515/3/488
f 223/1/232 224/2/361 26/3/16
f 13/1/7 222/2/231 221/3/230
f 36/1/28 227/2/227 226/3/226
f 225/1/229 227/2/227 36/3/28
f 37/1/34 228/2/218 225/3/229
f 226/1/226 232/2/221 38/3/36
f 38/1/36 232/2/221 223/3/232
f 221/1/230 228/2/218 37/3/34
f 291/1/283 292/2/320 95/3/76
f 84/1/103 288/2/278 287/3/277
f 287/1/277 289/2/282 85/3/85
f 96/1/87 293/2/281 291/3/283
f 289/1/282 293/2/281 96/3/87
f 104/1/89 313/2/306 312/3/305
f 311/1/309 313/2/306 104/3/89
f 108/1/97 318/2/301 320/3/300
f 312/1/305 318/2/301 108/3/97
f 95/1/76 292/2/320 311/3/309
f 58/1/50 243/2/235 242/3/234
f 242/1/234 244/2/274 59/3/106
f 54/1/44 241/2/240 240/3/239
f 60/1/56 246/2/238 243/3/235
f 240/1/239 246/2/238 60/3/56
f 70/1/61 253/2/254 252/3/253
f 251/1/256 253/2/254 70/3/61
f 73/1/65 74/2/64 255/3/241
f 73/1/65 254/2/243 251/3/256
f 54/1/44 69/2/1043 252/3/253
f 59/1/106 244/2/274 222/3/231
f 224/1/361 288/2/278 84/3/103
f 751/1/733 753/2/742 536/3/521
f 759/1/741 760/2/745 541/3/516
f 541/1/516 760/2/745 761/3/744
f 536/1/521 753/2/742 759/3/741
f 552/1/529 775/2/757 776/3/756
f 783/1/753 784/2/874 567/3/618
f 564/1/542 781/2/754 783/3/753
f 776/1/756 779/2/755 557/3/544
f 557/1/544 779/2/755 781/3/754
f 761/1/744 775/2/757 552/3/529
f 573/1/553 841/2/830 842/3/829
f 852/1/823 853/2/826 587/3/562
f 587/1/562 853/2/826 854/3/825
f 854/1/825 857/2/828 592/3/579
f 581/1/582 845/2/824 852/3/823
f 859/1/827 860/2/878 600/3/570
f 842/1/829 845/2/824 581/3/582
f 592/1/579 857/2/828 859/3/827
f 883/1/847 884/2/854 609/3/593
f 606/1/621 881/2/848 883/3/847
f 890/1/852 891/2/872 622/3/590
f 884/1/854 888/2/853 610/3/602
f 610/1/602 888/2/853 890/3/852
f 900/1/867 901/2/870 632/3/607
f 632/1/607 901/2/870 902/3/869
f 906/1/863 640/2/609 639/3/611
f 902/1/869 905/2/1044 639/3/611
f 900/1/867 631/2/608 622/3/590
f 860/1/878 881/2/848 606/3/621
f 567/1/618 784/2/874 841/3/830
f 118/1/118 378/2/366 377/3/365
f 123/1/114 124/2/1045 383/3/373
f 123/1/114 382/2/374 381/3/375
f 118/1/118 121/2/113 381/3/375
f 135/1/123 136/2/138 393/3/383
f 144/1/132 145/2/214 398/3/380
f 146/1/215 400/2/402 398/3/380
f 142/1/139 144/2/132 397/3/382
f 142/1/139 395/2/379 393/3/383
f 135/1/123 392/2/384 383/3/373
f 156/1/147 157/2/151 424/3/421
f 169/1/159 170/2/176 431/3/418
f 169/1/159 430/2/419 429/3/420
f 163/1/175 166/2/158 429/3/420
f 171/1/177 437/2/415 431/3/418
f 183/1/165 441/2/510 440/3/423
f 171/1/177 180/2/164 440/3/423
f 163/1/175 426/2/409 424/3/421
f 189/1/213 190/2/194 497/3/474
f 191/1/195 499/2/480 497/3/474
f 205/1/184 505/2/507 504/3/481
f 199/1/197 202/2/183 504/3/481
f 199/1/197 501/2/479 499/3/480
f 213/1/199 214/2/1046 522/3/501
f 213/1/199 521/2/502 520/3/503
f 530/1/497 528/2/499 218/3/206
f 218/1/206 528/2/499 522/3/501
f 520/1/503 505/2/507 205/3/184
f 146/1/215 156/2/147 423/3/422
f 189/1/213 496/2/476 441/3/510
f 1027/1/984 1028/2/1047 684/3/668
f 1030/1/987 686/2/664 685/3/663
f 1031/1/989 1029/2/990 685/3/663
f 1031/1/989 689/2/662 684/3/668
f 1041/1/997 704/2/674 703/3/673
f 1039/1/994 696/2/681 695/3/680
f 1039/1/994 1037/2/996 693/3/731
f 1038/1/999 695/2/680 692/3/688
f 1041/1/997 1035/2/998 692/3/688
f 1030/1/987 1040/2/1003 703/3/673
f 646/1/630 966/2/934 964/3/926
f 973/1/933 651/2/627 650/3/626
f 974/1/935 972/2/936 650/3/626
f 973/1/933 966/2/934 646/3/630
f 996/1/951 672/2/653 671/3/730
f 996/1/951 994/2/953 669/3/654
f 992/1/955 991/2/956 661/3/638
f 992/1/955 665/2/637 659/3/655
f 994/1/953 990/2/954 659/3/655
f 661/1/638 991/2/956 974/3/935
f 1055/1/1015 720/2/699 719/3/698
f 1056/1/1017 1054/2/1018 719/3/698
f 1056/1/1017 723/2/697 717/3/728
f 1055/1/1015 1049/2/1016 713/3/729
f 1060/1/1019 744/2/719 743/3/718
f 1058/1/1021 1057/2/1022 729/3/705
f 1058/1/1021 733/2/704 713/3/729
f 1060/1/1019 1053/2/1020 717/3/728
f 1059/1/1031 743/2/718 693/3/731
f 1057/1/1022 995/2/1028 671/3/730
f 115/1/110 117/2/109 74/3/64
f 64/1/68 111/2/115 115/3/110
f 377/1/365 379/2/372 257/3/255
f 264/1/252 385/2/368 266/3/250
f 401/1/398 403/2/386 282/3/1051
f 385/1/368 401/2/398 282/3/1051
f 447/1/427 354/2/336 348/3/330
f 469/1/1038 376/2/1036 372/3/355
f 462/1/450 371/2/1055 355/3/358
f 407/1/1049 442/2/428 347/3/332
f 640/1/609 683/2/657 681/3/659
f 681/1/659 677/2/665 630/3/614
f 907/1/881 909/2/880 815/3/787
f 928/1/902 835/2/804 833/3/805
f 937/1/901 934/2/964 837/3/1053
f 928/1/902 937/2/901 840/3/802
f 927/1/905 833/2/805 819/3/810
f 934/1/964 998/2/963 877/3/1054
f 998/1/963 880/2/871 877/3/1054
f 1017/1/978 1019/2/986 899/3/868
f 1027/1/984 906/2/863 904/3/865
f 1025/1/985 904/2/865 899/3/868
f 1003/1/966 1017/2/978 897/3/860
f 117/1/109 377/2/365 255/3/241
f 906/1/863 1027/2/984 683/3/657
f 907/1/881 813/2/788 376/3/1036
f 110/1/95 320/2/300 751/3/733
f 644/1/623 964/2/926 530/3/497
f 275/1/322 237/2/222 271/3/259
f 279/1/269 250/2/246 262/3/245
f 281/2/270 282/3/1051 286/4/1050
f 265/1/257 266/2/250 282/3/1051
f 274/1/264 273/2/261 250/3/246
f 274/2/264 279/3/269 283/4/268
f 303/1/285 302/2/284 305/3/291
f 332/1/1034 324/2/308 331/3/318
f 297/1/313 307/2/292 308/3/295
f 308/2/295 310/3/362 329/4/314
f 338/2/328 278/3/359 339/4/325
f 375/1/1037 374/2/356 372/3/355
f 310/1/362 341/2/329 356/3/342
f 361/2/349 369/3/353 373/4/1056
f 285/1/271 286/2/1050 347/3/332
f 284/1/272 285/2/271 346/3/331
f 357/2/341 362/3/351 334/4/316
f 405/2/404 409/3/406 408/4/508
f 402/1/387 404/2/400 408/3/508
f 412/1/388 416/2/392 421/3/395
f 443/1/429 444/2/431 449/3/425
f 452/2/441 454/3/440 453/4/438
f 463/1/447 468/2/446 470/3/1039
f 486/1/462 489/2/466 494/3/469
f 507/1/484 510/2/506 511/3/493
f 508/1/512 509/2/482 512/3/487
f 509/1/482 511/2/493 514/3/489
f 492/2/472 507/3/484 506/4/483
f 492/1/472 495/2/468 510/3/506
f 407/2/1049 406/3/385 443/4/429
f 443/1/429 406/2/385 408/3/508
f 456/1/434 486/2/462 491/3/473
f 769/2/1035 770/3/1057 768/4/772
f 770/2/1057 773/3/748 771/4/747
f 786/1/758 790/2/793 791/3/767
f 766/1/771 772/2/746 786/3/758
f 774/2/807 790/3/793 786/4/758
f 758/1/743 756/2/735 767/3/1033
f 814/1/791 815/2/787 819/3/810
f 825/1/877 821/2/792 822/3/798
f 861/1/1058 863/2/832 869/3/837
f 874/1/1060 875/2/841 878/3/855
f 876/1/845 877/2/1054 880/3/871
f 872/2/842 874/3/1060 864/4/831
f 864/1/831 874/2/1060 887/3/857
f 826/2/875 861/3/1058 849/4/1059
f 876/1/845 839/2/806 837/3/1053
f 873/1/843 838/2/876 839/3/806
f 770/1/1057 769/2/1035 799/3/775
f 773/1/748 770/2/1057 800/3/774
f 819/1/810 909/2/880 910/3/886
f 955/2/1029 957/3/961 958/4/957
f 952/2/920 954/3/922 957/4/961
f 942/2/907 975/3/938 976/4/946
f 997/2/962 999/3/969 1004/4/968
f 1010/1/975 1006/2/970 1008/3/1025
f 1000/2/1026 947/3/913 1007/4/971
f 1005/1/1002 1001/2/967 1007/3/971
f 938/1/906 935/2/1023 999/3/969
f 946/2/912 948/3/916 1008/4/1025
f 920/1/887 952/2/920 955/3/1029
f 375/2/1037 811/3/786 810/4/785
f 365/1/346 373/2/1056 810/3/785
f 470/1/1039 471/2/449 911/3/882
f 911/1/882 471/2/449 480/3/455
f 371/1/1055 462/2/450 463/3/447
