# Blender 3.6.1
# www.blender.org
mtllib schwarzeFiguren.mtl
o Cylinder.002
v 0.150153 1.897574 -0.284175
v 0.164572 1.895003 -0.280991
v 0.168748 1.897524 -0.278072
v 0.181552 1.895003 -0.261451
v 0.180694 1.897524 -0.262755
v 0.181547 1.897533 -0.240002
v 0.180696 1.895003 -0.238696
v 0.170987 1.895003 -0.225438
v 0.167449 1.897485 -0.222506
v 0.153739 1.895003 -0.217175
v 0.148800 1.897574 -0.217277
v 0.131586 1.895003 -0.222454
v 0.130281 1.897485 -0.223324
v 0.117401 1.895003 -0.240001
v 0.118314 1.897574 -0.238551
v 0.116837 1.897524 -0.258067
v 0.119211 1.895003 -0.265821
v 0.128677 1.897477 -0.277390
v 0.138751 1.895003 -0.282801
v 0.146903 1.899517 -0.279943
v 0.158294 1.899534 -0.278703
v 0.166045 1.899475 -0.274752
v 0.172340 1.899517 -0.269098
v 0.177751 1.899468 -0.258664
v 0.177269 1.899526 -0.241241
v 0.166643 1.899483 -0.227055
v 0.157034 1.899526 -0.222348
v 0.136655 1.899536 -0.224240
v 0.126609 1.899511 -0.232359
v 0.121315 1.899534 -0.242515
v 0.120294 1.899475 -0.251154
v 0.121498 1.899534 -0.259540
v 0.127003 1.899511 -0.269572
v 0.135918 1.899517 -0.276734
v 0.179171 1.902236 -0.253475
v 0.172323 1.902444 -0.231538
v 0.146217 1.902446 -0.221068
v 0.160625 1.909110 -0.278449
v 0.174176 1.908914 -0.267613
v 0.179355 1.909109 -0.251033
v 0.175731 1.909004 -0.236899
v 0.168440 1.909003 -0.227902
v 0.158264 1.909004 -0.222383
v 0.146877 1.908910 -0.221148
v 0.135875 1.908994 -0.224352
v 0.125006 1.908853 -0.233470
v 0.120237 1.909278 -0.245379
v 0.120956 1.908993 -0.258921
v 0.128132 1.909110 -0.271636
v 0.143325 1.908914 -0.280007
v 0.153495 1.916900 -0.271149
v 0.164201 1.916970 -0.265347
v 0.169887 1.916906 -0.254708
v 0.168658 1.916938 -0.242747
v 0.161035 1.916975 -0.233514
v 0.151522 1.916862 -0.230149
v 0.141553 1.917007 -0.231591
v 0.133479 1.916861 -0.237620
v 0.128693 1.917046 -0.248565
v 0.132137 1.916938 -0.262166
v 0.141417 1.916938 -0.269872
v 0.149277 1.923406 -0.267388
v 0.161295 1.923500 -0.262973
v 0.166293 1.923440 -0.247901
v 0.158871 1.923476 -0.236953
v 0.148067 1.923394 -0.233999
v 0.137673 1.923442 -0.238925
v 0.132697 1.923441 -0.249551
v 0.137477 1.923440 -0.262726
v 0.150984 1.925328 -0.268073
v 0.161035 1.925278 -0.264645
v 0.166915 1.925275 -0.254514
v 0.166730 1.925450 -0.246374
v 0.162247 1.925254 -0.238268
v 0.154716 1.925258 -0.233566
v 0.144276 1.925702 -0.233696
v 0.136989 1.925468 -0.238090
v 0.132832 1.925204 -0.244381
v 0.132119 1.925332 -0.255726
v 0.138119 1.925390 -0.264308
v 0.144765 1.925349 -0.267646
v 0.157961 1.928002 -0.263322
v 0.163513 1.928749 -0.255424
v 0.164251 1.927942 -0.247229
v 0.159516 1.928056 -0.239257
v 0.147798 1.927947 -0.235433
v 0.134629 1.927920 -0.246831
v 0.135930 1.928035 -0.257846
v 0.142278 1.931774 -0.240171
v 0.150706 1.933238 -0.263244
v 0.158563 1.935146 -0.258263
v 0.162140 1.933424 -0.250494
v 0.158446 1.935469 -0.243187
v 0.150522 1.933630 -0.238335
v 0.138527 1.933774 -0.244873
v 0.137948 1.935466 -0.251783
v 0.140502 1.933614 -0.259629
v 0.147324 1.942096 -0.261931
v 0.154905 1.943045 -0.260883
v 0.160886 1.942711 -0.250660
v 0.152742 1.942040 -0.239664
v 0.145108 1.942432 -0.240184
v 0.139270 1.942911 -0.245357
v 0.140665 1.942471 -0.258165
v 0.148090 1.985517 -0.262488
v 0.154183 1.985533 -0.261491
v 0.158851 1.985524 -0.257997
v 0.161336 1.985513 -0.249561
v 0.156484 1.985511 -0.240985
v 0.146599 1.985489 -0.239097
v 0.139668 1.985513 -0.244195
v 0.137616 1.985527 -0.252555
v 0.141950 1.985516 -0.259882
v 0.152225 1.987940 -0.271288
v 0.163392 1.987903 -0.266160
v 0.169159 1.988032 -0.256698
v 0.169730 1.988032 -0.246463
v 0.163043 1.988169 -0.234925
v 0.151155 1.987988 -0.230078
v 0.139225 1.987459 -0.232738
v 0.129272 1.987916 -0.245658
v 0.130381 1.988028 -0.258638
v 0.137473 1.987864 -0.267563
v 0.145100 1.988865 -0.270733
v 0.136800 1.988835 -0.234361
v 0.151686 1.991355 -0.268113
v 0.160531 1.990819 -0.264354
v 0.167057 1.990805 -0.252158
v 0.164720 1.991001 -0.241980
v 0.157882 1.990802 -0.235319
v 0.148048 1.991150 -0.233189
v 0.138310 1.990835 -0.237174
v 0.133495 1.990909 -0.243614
v 0.132557 1.990894 -0.254996
v 0.136235 1.991060 -0.262198
v 0.142045 1.990833 -0.266546
v 0.165526 1.991989 -0.257374
v 0.132953 1.992293 -0.248400
v 0.146984 1.994387 -0.265762
v 0.160636 1.994357 -0.261107
v 0.164810 1.994442 -0.252292
v 0.162417 1.994440 -0.242755
v 0.156476 1.994470 -0.237054
v 0.146530 1.994370 -0.235729
v 0.137596 1.994441 -0.240905
v 0.136832 1.995649 -0.258155
v 0.156955 1.998850 -0.262659
v 0.135408 1.997100 -0.247964
v 0.142234 1.998935 -0.262699
v 0.150263 1.999254 -0.265047
v 0.162603 1.999352 -0.256319
v 0.163691 1.999322 -0.250317
v 0.160555 1.999305 -0.241505
v 0.152795 1.999305 -0.236910
v 0.144094 1.999294 -0.237336
v 0.137391 1.999357 -0.243199
v 0.135357 1.999278 -0.253872
v 0.148097 2.001364 -0.267185
v 0.159894 2.001068 -0.263562
v 0.165652 2.000365 -0.252028
v 0.162102 2.000806 -0.240311
v 0.155409 2.001166 -0.235503
v 0.146865 2.001065 -0.234605
v 0.139872 2.001223 -0.237479
v 0.133804 2.000824 -0.245589
v 0.134803 2.000381 -0.257236
v 0.138810 2.001097 -0.263314
v 0.163776 2.003049 -0.255660
v 0.165255 2.002165 -0.247753
v 0.133292 2.002165 -0.251860
v 0.155665 2.003447 -0.264305
v 0.163950 2.003523 -0.250377
v 0.160799 2.003531 -0.241405
v 0.153638 2.003553 -0.236959
v 0.146567 2.003488 -0.236479
v 0.140517 2.003443 -0.239296
v 0.135356 2.003493 -0.246671
v 0.135712 2.003560 -0.254902
v 0.139221 2.003536 -0.260987
v 0.146349 2.003497 -0.264852
v 0.154609 2.014673 -0.268605
v 0.165897 2.014672 -0.259436
v 0.132474 2.015385 -0.242577
v 0.147049 2.022926 -0.273081
v 0.163677 2.022894 -0.268308
v 0.171892 2.022965 -0.253152
v 0.173790 2.028105 -0.244041
v 0.167734 2.024640 -0.235733
v 0.160683 2.028115 -0.228118
v 0.151907 2.022995 -0.228384
v 0.142536 2.028216 -0.226486
v 0.135284 2.023679 -0.232298
v 0.126988 2.023117 -0.248292
v 0.125234 2.028218 -0.257778
v 0.131493 2.023342 -0.265353
v 0.138020 2.028223 -0.273225
v 0.156917 2.028270 -0.275092
v 0.171980 2.028271 -0.262643
v 0.126825 2.028225 -0.239187
v 0.146065 2.024004 -0.270463
v 0.155218 2.028658 -0.269584
v 0.161000 2.024000 -0.267106
v 0.166874 2.028659 -0.260001
v 0.168674 2.024189 -0.256024
v 0.169400 2.024225 -0.248825
v 0.168405 2.028528 -0.245429
v 0.163808 2.024041 -0.236568
v 0.158312 2.028534 -0.233209
v 0.149442 2.024023 -0.230631
v 0.143855 2.028624 -0.231900
v 0.135486 2.024103 -0.236344
v 0.132037 2.028604 -0.241654
v 0.129403 2.024008 -0.250316
v 0.130589 2.028639 -0.256471
v 0.134142 2.024031 -0.263022
v 0.140304 2.028638 -0.268228
v 0.157835 2.024153 -0.259082
v 0.160988 2.024145 -0.249261
v 0.155980 2.024148 -0.240991
v 0.144954 2.024153 -0.239806
v 0.137995 2.024148 -0.248440
v 0.139900 2.024143 -0.257122
v 0.147193 2.024148 -0.262207
v 0.153333 2.031596 -0.256497
v 0.156261 2.031610 -0.251254
v 0.154352 2.031561 -0.245850
v 0.148752 2.031610 -0.243932
v 0.142786 2.031596 -0.248197
v 0.145529 2.031596 -0.256634
v 0.150814 2.036234 -0.263659
v 0.160298 2.036277 -0.258217
v 0.162180 2.036109 -0.248792
v 0.157741 2.036203 -0.240732
v 0.149763 2.036314 -0.237829
v 0.143895 2.036165 -0.239241
v 0.138744 2.036351 -0.243544
v 0.136868 2.036133 -0.249052
v 0.137838 2.036371 -0.256640
v 0.142870 2.036161 -0.261658
v 0.147961 2.043739 -0.264453
v 0.156239 2.041065 -0.263141
v 0.162707 2.042832 -0.255332
v 0.163141 2.041039 -0.247884
v 0.160255 2.040813 -0.242028
v 0.155028 2.040915 -0.237906
v 0.148573 2.043863 -0.236898
v 0.143080 2.043160 -0.238444
v 0.137859 2.040916 -0.242962
v 0.135489 2.040776 -0.250887
v 0.136872 2.042809 -0.256552
v 0.141373 2.042472 -0.262128
v 0.136423 2.044873 -0.248020
v 0.155585 2.045112 -0.262153
v 0.161277 2.045217 -0.245835
v 0.156717 2.045087 -0.240078
v 0.160489 2.046514 -0.254157
v 0.142038 2.046787 -0.241809
v 0.141497 2.046724 -0.258872
v 0.154059 2.050005 -0.255136
v 0.152846 2.049975 -0.245338
v 0.143937 2.049401 -0.245933
v 0.144350 2.050031 -0.254104
v 0.251840 1.894279 0.018134
v 0.247755 1.897179 0.018320
v 0.265748 1.897633 0.021980
v 0.266315 1.894514 0.022850
v 0.277033 1.894757 0.033185
v 0.279541 1.897838 0.037981
v 0.281564 1.894957 0.047370
v 0.281408 1.898060 0.053755
v 0.279394 1.895078 0.062438
v 0.277377 1.898038 0.065939
v 0.269320 1.895074 0.075167
v 0.263409 1.898060 0.079284
v 0.252109 1.894918 0.082072
v 0.245280 1.897815 0.081291
v 0.234653 1.894648 0.077703
v 0.230895 1.897506 0.075565
v 0.221481 1.894352 0.065084
v 0.221410 1.897379 0.063677
v 0.218092 1.897069 0.048334
v 0.218749 1.894102 0.043534
v 0.222643 1.897063 0.033945
v 0.230279 1.894060 0.024300
v 0.232912 1.897166 0.023096
v 0.256952 1.900134 0.022099
v 0.271003 1.900536 0.030523
v 0.276621 1.902064 0.041652
v 0.277769 1.900751 0.056965
v 0.269340 1.900917 0.071015
v 0.252219 1.903744 0.076854
v 0.243187 1.900644 0.077794
v 0.231225 1.900494 0.071266
v 0.222908 1.900068 0.059905
v 0.222817 1.900227 0.040416
v 0.237266 1.899952 0.023749
v 0.253406 1.904430 0.023178
v 0.268965 1.904717 0.031156
v 0.275199 1.905886 0.057872
v 0.264305 1.905107 0.072403
v 0.238866 1.904688 0.074418
v 0.227103 1.904646 0.063779
v 0.223673 1.905317 0.046100
v 0.233959 1.904243 0.028052
v 0.252809 1.909744 0.032349
v 0.266231 1.909814 0.037960
v 0.272665 1.909768 0.048802
v 0.268165 1.910073 0.060307
v 0.259958 1.909936 0.065670
v 0.246800 1.910013 0.067346
v 0.233382 1.909624 0.061738
v 0.226954 1.909196 0.050899
v 0.231447 1.909388 0.039389
v 0.239657 1.909357 0.034028
v 0.247634 1.915967 0.036018
v 0.266044 1.916947 0.040836
v 0.272840 1.917607 0.050529
v 0.265428 1.917128 0.059769
v 0.246743 1.916230 0.063393
v 0.232349 1.916651 0.057889
v 0.226766 1.916723 0.050193
v 0.231080 1.916612 0.041665
v 0.256726 1.922231 0.042803
v 0.267353 1.922042 0.047722
v 0.267727 1.922315 0.052186
v 0.259679 1.922938 0.056012
v 0.246680 1.922346 0.056927
v 0.234113 1.921670 0.053748
v 0.231177 1.921998 0.047929
v 0.239596 1.922551 0.043435
v 0.262534 1.928941 0.045860
v 0.265950 1.928930 0.050773
v 0.236589 1.928680 0.053468
v 0.233172 1.928481 0.048556
v 0.260308 1.960787 0.044447
v 0.268659 1.958565 0.048012
v 0.269190 1.958323 0.051441
v 0.259392 1.961005 0.055070
v 0.243924 1.965226 0.054958
v 0.234482 1.967073 0.053117
v 0.228404 1.967497 0.050396
v 0.227749 1.966061 0.048344
v 0.229158 1.968204 0.046540
v 0.235777 1.966845 0.044245
v 0.244843 1.957283 0.043282
v 0.275119 1.972746 0.048738
v 0.274664 1.973774 0.051919
v 0.270973 1.981016 0.045623
v 0.266825 1.983550 0.054982
v 0.230181 1.971826 0.049011
v 0.263458 1.987439 0.043794
v 0.275993 1.979823 0.048960
v 0.273537 1.984898 0.052811
v 0.255681 1.991098 0.055153
v 0.247189 1.986472 0.053136
v 0.243979 1.987200 0.050540
v 0.241488 1.984262 0.047685
v 0.247727 1.986703 0.044934
v 0.252393 1.989975 0.043752
v 0.275106 1.986040 0.050121
v 0.270320 1.989251 0.046314
v 0.262764 1.998140 0.053663
v 0.243725 1.989334 0.047825
v 0.269590 1.993532 0.049701
v 0.262550 2.003149 0.045356
v 0.266423 2.004385 0.049494
v 0.249198 1.998824 0.053947
v 0.242699 1.996821 0.050306
v 0.244340 1.997331 0.046043
v 0.252820 2.008366 0.044129
v 0.265844 2.014428 0.047226
v 0.265794 2.021713 0.051289
v 0.259517 2.021703 0.044149
v 0.264962 2.028584 0.048302
v 0.257890 2.022968 0.054177
v 0.249820 2.007969 0.052518
v 0.247174 2.004685 0.048355
v 0.248620 2.016697 0.053211
v 0.244922 2.010672 0.048393
v 0.249437 2.017412 0.044286
v 0.255036 2.043004 0.044962
v 0.256830 2.050217 0.047430
v 0.256854 2.050292 0.050464
v 0.240014 2.008065 0.051443
v 0.238716 2.003926 0.048978
v 0.236788 2.000264 0.046453
v 0.240074 2.043868 0.043263
v 0.245008 2.053836 0.044418
v 0.247580 2.046730 0.048470
v 0.246035 2.060631 0.050305
v 0.244748 2.053912 0.052221
v 0.239960 2.044346 0.053240
v 0.234438 2.022896 0.052494
v 0.231063 2.013072 0.049571
v 0.227913 2.007797 0.047473
v 0.232559 2.007914 0.045243
v 0.246064 2.060651 0.046350
v 0.230647 2.023002 0.045687
v 0.243362 2.047509 0.048330
v 0.235574 2.040777 0.052605
v 0.229835 2.021074 0.050183
v 0.236014 2.040606 0.043626
v 0.237601 2.048396 0.045788
v 0.238471 2.045180 0.048216
v 0.237536 2.048603 0.050431
v 0.230715 2.028224 0.048725
v 0.152629 1.894625 -0.383683
v 0.151374 1.900104 -0.383864
v 0.168726 1.894625 -0.377889
v 0.164187 1.900390 -0.380002
v 0.173066 1.900393 -0.372510
v 0.180233 1.894625 -0.357291
v 0.179654 1.899769 -0.358912
v 0.176468 1.899696 -0.338000
v 0.174121 1.894625 -0.334387
v 0.161401 1.900450 -0.325384
v 0.159344 1.894625 -0.324447
v 0.147411 1.900420 -0.323024
v 0.145151 1.894625 -0.323194
v 0.136108 1.899676 -0.326648
v 0.127452 1.894625 -0.333039
v 0.123470 1.899718 -0.339021
v 0.120090 1.894625 -0.355555
v 0.121011 1.899768 -0.359815
v 0.126986 1.894625 -0.372258
v 0.127898 1.900401 -0.373074
v 0.138130 1.894625 -0.381392
v 0.138432 1.900661 -0.380981
v 0.175862 1.903961 -0.355969
v 0.170604 1.903664 -0.336579
v 0.129886 1.903665 -0.336581
v 0.124629 1.903961 -0.355970
v 0.148273 1.907142 -0.373911
v 0.162269 1.907143 -0.370715
v 0.170544 1.907142 -0.355434
v 0.166423 1.907142 -0.340525
v 0.150244 1.907144 -0.332010
v 0.134066 1.907142 -0.340526
v 0.129946 1.907142 -0.355434
v 0.136828 1.907143 -0.369227
v 0.149558 1.911726 -0.376358
v 0.159202 1.912266 -0.374423
v 0.167167 1.911991 -0.368353
v 0.172218 1.910711 -0.357866
v 0.169883 1.911470 -0.341780
v 0.162305 1.911970 -0.333909
v 0.147859 1.911919 -0.330285
v 0.138188 1.911970 -0.333908
v 0.130609 1.911470 -0.341778
v 0.128273 1.910712 -0.357866
v 0.133322 1.911990 -0.368352
v 0.140199 1.911988 -0.373845
v 0.172158 1.913524 -0.355598
v 0.154533 1.913144 -0.331269
v 0.128333 1.913523 -0.355600
v 0.158896 1.917726 -0.369262
v 0.167513 1.915716 -0.363049
v 0.169537 1.915423 -0.349446
v 0.162583 1.915716 -0.337677
v 0.150245 1.915804 -0.333521
v 0.137907 1.915716 -0.337677
v 0.130953 1.915423 -0.349447
v 0.132977 1.915716 -0.363050
v 0.146430 1.916173 -0.373081
v 0.162546 1.928640 -0.360192
v 0.164187 1.927818 -0.351969
v 0.161011 1.928639 -0.344242
v 0.150245 1.930048 -0.339400
v 0.139478 1.928639 -0.344244
v 0.136302 1.927818 -0.351977
v 0.137944 1.928639 -0.360192
v 0.147591 1.930051 -0.367096
v 0.150353 1.945073 -0.363018
v 0.156472 1.945001 -0.360737
v 0.159719 1.944862 -0.354180
v 0.157113 1.945233 -0.346540
v 0.149313 1.945012 -0.343655
v 0.142739 1.945001 -0.347411
v 0.140801 1.944862 -0.354496
v 0.144234 1.945006 -0.360928
v 0.150088 1.958583 -0.363242
v 0.157559 1.958691 -0.359607
v 0.159722 1.958756 -0.352601
v 0.157056 1.958709 -0.346735
v 0.151317 1.958629 -0.343708
v 0.144259 1.958690 -0.345815
v 0.140802 1.958756 -0.352252
v 0.142738 1.958696 -0.359354
v 0.149856 1.962959 -0.365450
v 0.157172 1.963289 -0.363443
v 0.162039 1.963264 -0.355079
v 0.160133 1.963146 -0.346436
v 0.153564 1.963143 -0.341703
v 0.148949 1.963063 -0.341253
v 0.141925 1.963111 -0.344465
v 0.138229 1.963236 -0.353010
v 0.139951 1.962440 -0.359419
v 0.143113 1.963304 -0.363161
v 0.154781 1.966181 -0.362094
v 0.159712 1.966186 -0.350433
v 0.150245 1.966180 -0.343676
v 0.140779 1.966186 -0.350432
v 0.144781 1.966179 -0.361251
v 0.151843 1.969870 -0.370033
v 0.160834 1.969715 -0.366321
v 0.166514 1.969607 -0.355027
v 0.162654 1.970183 -0.341305
v 0.155086 1.969760 -0.337522
v 0.147039 1.969856 -0.336848
v 0.138336 1.969437 -0.342286
v 0.133976 1.969607 -0.355026
v 0.140842 1.969661 -0.367466
v 0.165834 1.971577 -0.345055
v 0.134658 1.971575 -0.345053
v 0.150637 1.975316 -0.372585
v 0.158706 1.975654 -0.370481
v 0.164450 1.975656 -0.365862
v 0.169019 1.975129 -0.356052
v 0.157181 1.975527 -0.335532
v 0.149668 1.976044 -0.334130
v 0.140004 1.973889 -0.337737
v 0.131471 1.975131 -0.356050
v 0.136041 1.975654 -0.365862
v 0.141783 1.975654 -0.370481
v 0.167884 1.980014 -0.347460
v 0.164328 1.980011 -0.340994
v 0.141859 1.980012 -0.336417
v 0.136164 1.980013 -0.340992
v 0.132607 1.980014 -0.347460
v 0.146659 1.980680 -0.371927
v 0.158915 1.981774 -0.369872
v 0.167600 1.982149 -0.358786
v 0.157228 1.981677 -0.336253
v 0.146135 1.984410 -0.336253
v 0.132890 1.982149 -0.358787
v 0.137659 1.984715 -0.365058
v 0.150245 1.985515 -0.370216
v 0.162790 1.985629 -0.363699
v 0.166116 1.985762 -0.351778
v 0.160584 1.985629 -0.340757
v 0.152509 1.986437 -0.337980
v 0.138688 1.986755 -0.343799
v 0.134374 1.985761 -0.351778
v 0.149950 1.989577 -0.363573
v 0.156410 1.989292 -0.362386
v 0.160322 1.989537 -0.354072
v 0.156742 1.989653 -0.345448
v 0.145419 1.989600 -0.344455
v 0.140070 1.989493 -0.354042
v 0.143212 1.989429 -0.361169
v 0.151794 1.990890 -0.349165
v 0.149078 1.991057 -0.356562
v 0.255339 1.894625 0.316430
v 0.251375 1.900104 0.316135
v 0.264187 1.900391 0.319998
v 0.273038 1.894625 0.326275
v 0.273064 1.900393 0.327487
v 0.278692 1.899675 0.337952
v 0.280400 1.894625 0.348791
v 0.279479 1.899768 0.353051
v 0.273500 1.894625 0.365499
v 0.272788 1.900992 0.365823
v 0.262358 1.894625 0.374628
v 0.261404 1.900450 0.374615
v 0.247412 1.900421 0.376975
v 0.247862 1.894625 0.376919
v 0.231767 1.894625 0.371127
v 0.230876 1.899718 0.370385
v 0.220257 1.894625 0.350528
v 0.220836 1.899769 0.352149
v 0.222010 1.899664 0.337277
v 0.226368 1.894625 0.327624
v 0.227901 1.900401 0.326923
v 0.238434 1.900661 0.319018
v 0.241144 1.894625 0.317683
v 0.275863 1.903960 0.344030
v 0.229886 1.903665 0.363418
v 0.224629 1.903961 0.344029
v 0.262271 1.907142 0.329285
v 0.270545 1.907141 0.344567
v 0.266422 1.907141 0.359476
v 0.254205 1.907141 0.367033
v 0.240100 1.907142 0.364838
v 0.230728 1.907141 0.352691
v 0.231929 1.907141 0.337242
v 0.244288 1.907142 0.326458
v 0.249558 1.911725 0.323642
v 0.259202 1.912265 0.325577
v 0.267170 1.911990 0.331650
v 0.271474 1.911991 0.339427
v 0.272218 1.910712 0.351101
v 0.264051 1.911468 0.365036
v 0.252632 1.911919 0.369715
v 0.236441 1.911467 0.365037
v 0.228273 1.910711 0.351102
v 0.229017 1.911992 0.339425
v 0.233320 1.911990 0.331650
v 0.240198 1.911987 0.326156
v 0.271313 1.913523 0.353176
v 0.245957 1.913143 0.368731
v 0.229178 1.913523 0.353179
v 0.258896 1.917728 0.330738
v 0.267514 1.915716 0.336952
v 0.269537 1.915423 0.350555
v 0.262583 1.915716 0.362322
v 0.250245 1.915804 0.366479
v 0.237906 1.915716 0.362321
v 0.230954 1.915423 0.350556
v 0.232976 1.915716 0.336951
v 0.246430 1.916174 0.326920
v 0.262548 1.928640 0.339809
v 0.264187 1.927818 0.348029
v 0.261012 1.928640 0.355757
v 0.250245 1.930050 0.360599
v 0.239478 1.928640 0.355757
v 0.236302 1.927817 0.348023
v 0.237944 1.928639 0.339809
v 0.247591 1.930051 0.332904
v 0.250353 1.945073 0.336982
v 0.256471 1.945001 0.339262
v 0.259719 1.944862 0.345820
v 0.257113 1.945233 0.353460
v 0.249313 1.945011 0.356345
v 0.242739 1.945001 0.352589
v 0.240801 1.944862 0.345504
v 0.244234 1.945006 0.339072
v 0.250088 1.958583 0.336758
v 0.257559 1.958691 0.340393
v 0.259722 1.958756 0.347400
v 0.257056 1.958709 0.353265
v 0.251317 1.958629 0.356292
v 0.244259 1.958690 0.354185
v 0.240802 1.958756 0.347748
v 0.242738 1.958696 0.340646
v 0.253565 1.963142 0.334938
v 0.260132 1.963146 0.339671
v 0.262039 1.963264 0.348315
v 0.257659 1.963118 0.356240
v 0.250634 1.962960 0.358686
v 0.243317 1.963289 0.356679
v 0.238451 1.963264 0.348314
v 0.240358 1.963146 0.339670
v 0.247876 1.962762 0.334559
v 0.252953 1.966178 0.337464
v 0.259757 1.966182 0.344675
v 0.256340 1.966178 0.353811
v 0.249330 1.966178 0.356137
v 0.240779 1.966185 0.349567
v 0.244781 1.966178 0.338749
v 0.247242 1.970009 0.329931
v 0.255854 1.969583 0.331148
v 0.263250 1.970037 0.335873
v 0.266546 1.969509 0.347285
v 0.262711 1.969396 0.356837
v 0.256010 1.970575 0.363230
v 0.245431 1.969835 0.362915
v 0.235341 1.970306 0.355262
v 0.234483 1.969393 0.342533
v 0.239962 1.969396 0.334106
v 0.233495 1.970215 0.348312
v 0.250636 1.975315 0.327415
v 0.258704 1.975656 0.329517
v 0.264449 1.975656 0.334137
v 0.268030 1.975654 0.340657
v 0.268635 1.974999 0.351498
v 0.260402 1.975736 0.362875
v 0.249668 1.976044 0.365870
v 0.240001 1.973889 0.362261
v 0.231471 1.975131 0.343949
v 0.236041 1.975654 0.334137
v 0.241785 1.975656 0.329518
v 0.267884 1.980013 0.352540
v 0.264329 1.980011 0.359004
v 0.241859 1.980011 0.363583
v 0.236164 1.980012 0.359008
v 0.232606 1.980013 0.352539
v 0.246658 1.980679 0.328073
v 0.258914 1.981772 0.330127
v 0.267600 1.982148 0.341212
v 0.256977 1.984237 0.362796
v 0.248562 1.983989 0.364129
v 0.232891 1.982148 0.341211
v 0.237660 1.984715 0.334942
v 0.253375 1.985459 0.330475
v 0.262790 1.985629 0.336301
v 0.266116 1.985762 0.348221
v 0.261801 1.986755 0.356203
v 0.239906 1.985629 0.359243
v 0.234374 1.985762 0.348219
v 0.243919 1.986724 0.332701
v 0.251191 1.989521 0.336258
v 0.258387 1.989397 0.340028
v 0.259931 1.989683 0.348453
v 0.252512 1.989401 0.356964
v 0.245608 1.989425 0.356110
v 0.240889 1.989660 0.349751
v 0.240944 1.989613 0.342728
v 0.252062 1.991086 0.349045
v 0.247563 1.990873 0.343036
v 0.052353 1.894625 -0.284274
v 0.051374 1.900104 -0.283864
v 0.064186 1.900391 -0.280002
v 0.073037 1.894625 -0.273725
v 0.073066 1.900394 -0.272510
v 0.078694 1.899676 -0.262041
v 0.080401 1.894625 -0.251211
v 0.079479 1.899768 -0.246948
v 0.070046 1.894625 -0.229982
v 0.072788 1.900991 -0.234175
v 0.061402 1.900450 -0.225384
v 0.048139 1.894625 -0.222490
v 0.047411 1.900421 -0.223025
v 0.036110 1.899676 -0.226647
v 0.027451 1.894625 -0.233042
v 0.023470 1.899718 -0.239021
v 0.020090 1.894625 -0.255555
v 0.021011 1.899768 -0.259815
v 0.030446 1.894625 -0.276784
v 0.027899 1.900401 -0.273074
v 0.038434 1.900661 -0.280981
v 0.075862 1.903961 -0.255970
v 0.029885 1.903665 -0.236581
v 0.024628 1.903960 -0.255971
v 0.052217 1.907141 -0.273911
v 0.063662 1.907141 -0.269228
v 0.070544 1.907141 -0.255434
v 0.066423 1.907141 -0.240525
v 0.050245 1.907143 -0.232009
v 0.034067 1.907141 -0.240525
v 0.029946 1.907141 -0.255436
v 0.038221 1.907142 -0.270716
v 0.052632 1.911919 -0.276479
v 0.064051 1.911468 -0.271801
v 0.072218 1.910712 -0.257866
v 0.071475 1.911992 -0.246191
v 0.067170 1.911991 -0.238414
v 0.059202 1.912265 -0.232341
v 0.049558 1.911726 -0.230407
v 0.040199 1.911988 -0.232920
v 0.033319 1.911991 -0.238415
v 0.029016 1.911992 -0.246191
v 0.028273 1.910711 -0.257865
v 0.036440 1.910699 -0.271683
v 0.045957 1.913144 -0.275495
v 0.071313 1.913524 -0.259940
v 0.029178 1.913524 -0.259942
v 0.036739 1.913648 -0.270331
v 0.050245 1.915804 -0.273244
v 0.062583 1.915716 -0.269087
v 0.069537 1.915423 -0.257318
v 0.067514 1.915715 -0.243716
v 0.054061 1.916173 -0.233684
v 0.037907 1.915716 -0.237678
v 0.030954 1.915423 -0.249444
v 0.032977 1.915716 -0.263050
v 0.054229 1.929257 -0.266864
v 0.062547 1.928640 -0.260192
v 0.064189 1.927817 -0.251975
v 0.061013 1.928639 -0.244243
v 0.052931 1.928734 -0.239525
v 0.044945 1.928278 -0.240152
v 0.037944 1.928639 -0.246573
v 0.036302 1.927817 -0.254788
v 0.039478 1.928640 -0.262521
v 0.046233 1.928106 -0.267029
v 0.050353 1.945073 -0.263018
v 0.056471 1.945001 -0.260738
v 0.059719 1.944862 -0.254180
v 0.057113 1.945233 -0.246540
v 0.049313 1.945011 -0.243655
v 0.042739 1.945001 -0.247411
v 0.040801 1.944862 -0.254496
v 0.044234 1.945006 -0.260928
v 0.050088 1.958583 -0.263242
v 0.057559 1.958691 -0.259607
v 0.059722 1.958756 -0.252600
v 0.057056 1.958709 -0.246735
v 0.051317 1.958629 -0.243708
v 0.044259 1.958690 -0.245815
v 0.040802 1.958756 -0.252252
v 0.042738 1.958696 -0.259354
v 0.052440 1.963141 -0.265522
v 0.060133 1.963147 -0.260328
v 0.062001 1.963427 -0.252195
v 0.058617 1.963146 -0.244591
v 0.050123 1.963110 -0.241103
v 0.041925 1.963112 -0.244465
v 0.038229 1.963237 -0.253009
v 0.039951 1.962440 -0.259419
v 0.047917 1.962433 -0.265407
v 0.042887 1.964090 -0.262410
v 0.049330 1.966178 -0.262901
v 0.056340 1.966178 -0.260575
v 0.059757 1.966182 -0.251439
v 0.052952 1.966178 -0.244227
v 0.044780 1.966178 -0.245514
v 0.040779 1.966185 -0.256333
v 0.052642 1.969653 -0.269950
v 0.062653 1.970183 -0.265461
v 0.066515 1.969607 -0.251740
v 0.059649 1.969661 -0.239298
v 0.048647 1.969870 -0.236731
v 0.039656 1.969715 -0.240444
v 0.033975 1.969607 -0.251738
v 0.035385 1.970351 -0.262031
v 0.041153 1.970694 -0.268601
v 0.065833 1.971576 -0.261710
v 0.051648 1.975218 -0.272738
v 0.069019 1.975129 -0.250712
v 0.064449 1.975656 -0.240902
v 0.058704 1.975656 -0.236281
v 0.050671 1.975181 -0.234188
v 0.041787 1.975656 -0.236281
v 0.036041 1.975654 -0.240902
v 0.031471 1.975131 -0.250714
v 0.050700 1.980484 -0.272380
v 0.058630 1.980010 -0.270348
v 0.064329 1.980011 -0.265768
v 0.067884 1.980013 -0.259304
v 0.047037 1.980346 -0.234644
v 0.032606 1.980013 -0.259303
v 0.036164 1.980011 -0.265772
v 0.041859 1.980010 -0.270347
v 0.067600 1.982147 -0.247977
v 0.058914 1.981772 -0.236891
v 0.037660 1.984715 -0.241706
v 0.032891 1.982148 -0.247976
v 0.051835 1.985464 -0.269943
v 0.062790 1.985629 -0.263699
v 0.066116 1.985762 -0.251779
v 0.060880 1.986481 -0.241943
v 0.049675 1.986346 -0.237405
v 0.034374 1.985762 -0.254984
v 0.041110 1.986493 -0.266091
v 0.051162 1.989486 -0.263821
v 0.058076 1.989467 -0.260197
v 0.058014 1.990532 -0.254093
v 0.044941 1.989489 -0.244412
v 0.040576 1.989551 -0.250525
v 0.040943 1.989612 -0.257274
v 0.053416 1.990602 -0.247077
v 0.046135 1.990912 -0.254812
v 0.255339 1.894625 0.116430
v 0.250790 1.899595 0.115989
v 0.262090 1.900400 0.118814
v 0.273038 1.894625 0.126275
v 0.277020 1.899718 0.132256
v 0.280400 1.894625 0.148791
v 0.279479 1.899769 0.153051
v 0.273500 1.894625 0.165500
v 0.272588 1.900401 0.166315
v 0.262357 1.894625 0.174628
v 0.263533 1.900398 0.173576
v 0.250394 1.900122 0.177137
v 0.247862 1.894625 0.176919
v 0.231765 1.894625 0.171125
v 0.237904 1.900602 0.174061
v 0.227424 1.900393 0.165745
v 0.220257 1.894625 0.150527
v 0.220836 1.899769 0.152148
v 0.224021 1.899696 0.131237
v 0.226368 1.894625 0.127624
v 0.241463 1.900489 0.117486
v 0.241144 1.894625 0.117683
v 0.270604 1.903664 0.129815
v 0.275863 1.903960 0.149205
v 0.224629 1.903961 0.149206
v 0.229885 1.903664 0.129816
v 0.254205 1.907141 0.126203
v 0.266423 1.907141 0.133760
v 0.270545 1.907141 0.148669
v 0.262270 1.907142 0.163951
v 0.244285 1.907142 0.166776
v 0.231928 1.907141 0.155993
v 0.230728 1.907141 0.140543
v 0.240101 1.907142 0.128397
v 0.252631 1.911920 0.123521
v 0.262305 1.911970 0.127145
v 0.269882 1.911470 0.135015
v 0.272218 1.910712 0.151102
v 0.267169 1.911991 0.161588
v 0.259202 1.912266 0.167659
v 0.249558 1.911726 0.169593
v 0.240199 1.911988 0.167081
v 0.233319 1.911991 0.161585
v 0.228273 1.910711 0.151101
v 0.230608 1.911470 0.135014
v 0.238188 1.911970 0.127144
v 0.245957 1.913144 0.124505
v 0.272159 1.913524 0.148833
v 0.228333 1.913523 0.148835
v 0.250245 1.915804 0.126756
v 0.262583 1.915716 0.130913
v 0.269537 1.915423 0.142680
v 0.267514 1.915715 0.156284
v 0.258896 1.917727 0.162498
v 0.246430 1.916173 0.166316
v 0.232976 1.915716 0.156285
v 0.230954 1.915423 0.142680
v 0.237907 1.915716 0.130913
v 0.250245 1.930049 0.132636
v 0.261013 1.928639 0.137479
v 0.264187 1.927818 0.145206
v 0.262547 1.928640 0.153426
v 0.247591 1.930051 0.160332
v 0.237944 1.928639 0.153427
v 0.236302 1.927817 0.145212
v 0.239478 1.928639 0.137479
v 0.252252 1.945266 0.136978
v 0.258746 1.945001 0.142263
v 0.259294 1.944862 0.149605
v 0.255557 1.945064 0.154538
v 0.249313 1.945011 0.156345
v 0.242739 1.945001 0.152589
v 0.240801 1.944862 0.145504
v 0.244234 1.945006 0.139072
v 0.253772 1.958583 0.137442
v 0.259290 1.958756 0.143616
v 0.258402 1.958671 0.151862
v 0.251317 1.958629 0.156292
v 0.244259 1.958690 0.154185
v 0.240802 1.958756 0.147748
v 0.243829 1.958627 0.139063
v 0.252152 1.962981 0.134432
v 0.260133 1.963147 0.139672
v 0.262040 1.963264 0.148314
v 0.257659 1.963117 0.156240
v 0.248338 1.962981 0.158803
v 0.240358 1.963147 0.153565
v 0.238451 1.963264 0.144921
v 0.242831 1.963117 0.136997
v 0.250245 1.966180 0.136912
v 0.259712 1.966185 0.143669
v 0.254781 1.966180 0.155329
v 0.244782 1.966178 0.154487
v 0.240779 1.966185 0.143668
v 0.254288 1.969651 0.130577
v 0.262653 1.970183 0.134540
v 0.266514 1.969606 0.148262
v 0.260203 1.969490 0.159903
v 0.250017 1.970009 0.163584
v 0.239656 1.969714 0.159555
v 0.233975 1.969607 0.148262
v 0.238336 1.969437 0.135522
v 0.246901 1.969939 0.130037
v 0.265834 1.971577 0.138291
v 0.234657 1.971577 0.138291
v 0.252084 1.974836 0.127456
v 0.269019 1.975128 0.149288
v 0.264449 1.975656 0.159098
v 0.258704 1.975656 0.163719
v 0.250244 1.975648 0.165896
v 0.241783 1.975653 0.163717
v 0.236041 1.975654 0.159098
v 0.231471 1.975131 0.149286
v 0.240003 1.973889 0.130974
v 0.260263 1.979959 0.130453
v 0.265542 1.979959 0.135616
v 0.268479 1.980173 0.142517
v 0.232011 1.980171 0.142517
v 0.234949 1.979961 0.135616
v 0.240224 1.979959 0.130455
v 0.246658 1.980679 0.128073
v 0.254567 1.984426 0.129796
v 0.266942 1.984845 0.149237
v 0.263555 1.984230 0.157513
v 0.256978 1.984237 0.162796
v 0.248565 1.983987 0.164130
v 0.240125 1.984714 0.160586
v 0.234093 1.981773 0.155395
v 0.262790 1.985629 0.136301
v 0.234374 1.985762 0.148219
v 0.237700 1.985629 0.136302
v 0.243920 1.986724 0.132701
v 0.251192 1.989521 0.136258
v 0.258388 1.989396 0.140028
v 0.259887 1.989600 0.150715
v 0.248307 1.989395 0.157596
v 0.241251 1.989759 0.150308
v 0.240944 1.989613 0.142727
v 0.251303 1.990962 0.142567
v 0.249187 1.990962 0.150668
v 0.155339 1.894625 0.116430
v 0.150790 1.899595 0.115989
v 0.162090 1.900400 0.118814
v 0.173038 1.894625 0.126275
v 0.177020 1.899718 0.132256
v 0.180400 1.894625 0.148791
v 0.179479 1.899769 0.153051
v 0.173500 1.894625 0.165500
v 0.172588 1.900401 0.166315
v 0.162357 1.894625 0.174628
v 0.163533 1.900398 0.173576
v 0.150393 1.900122 0.177137
v 0.147861 1.894625 0.176919
v 0.131765 1.894625 0.171125
v 0.137904 1.900602 0.174061
v 0.127424 1.900393 0.165745
v 0.120257 1.894625 0.150527
v 0.120836 1.899769 0.152148
v 0.124021 1.899696 0.131237
v 0.126368 1.894625 0.127624
v 0.141463 1.900489 0.117486
v 0.141144 1.894625 0.117683
v 0.170604 1.903664 0.129815
v 0.175863 1.903960 0.149205
v 0.124628 1.903960 0.149206
v 0.129885 1.903665 0.129817
v 0.150244 1.907143 0.125246
v 0.166423 1.907141 0.133760
v 0.170545 1.907141 0.148669
v 0.162270 1.907142 0.163951
v 0.148273 1.907141 0.167146
v 0.136827 1.907141 0.162462
v 0.129945 1.907141 0.148669
v 0.134066 1.907141 0.133761
v 0.152631 1.911920 0.123521
v 0.162305 1.911970 0.127145
v 0.169882 1.911470 0.135015
v 0.172218 1.910712 0.151102
v 0.167169 1.911991 0.161588
v 0.159202 1.912266 0.167659
v 0.149559 1.911726 0.169593
v 0.140200 1.911988 0.167081
v 0.133321 1.911990 0.161587
v 0.128273 1.910712 0.151101
v 0.130609 1.911470 0.135013
v 0.138187 1.911970 0.127144
v 0.145957 1.913144 0.124505
v 0.172159 1.913524 0.148833
v 0.128333 1.913523 0.148835
v 0.150245 1.915804 0.126756
v 0.162583 1.915716 0.130913
v 0.169537 1.915423 0.142680
v 0.167514 1.915715 0.156284
v 0.158897 1.917727 0.162497
v 0.146429 1.916173 0.166316
v 0.132977 1.915716 0.156285
v 0.130953 1.915423 0.142683
v 0.137907 1.915716 0.130913
v 0.161012 1.928640 0.137479
v 0.164187 1.927818 0.145206
v 0.162547 1.928640 0.153426
v 0.147591 1.930052 0.160332
v 0.137944 1.928638 0.153427
v 0.136302 1.927818 0.145212
v 0.139478 1.928639 0.137479
v 0.150245 1.930048 0.132636
v 0.150353 1.945073 0.136982
v 0.156471 1.945001 0.139262
v 0.159719 1.944862 0.145820
v 0.157113 1.945233 0.153460
v 0.149313 1.945011 0.156345
v 0.142739 1.945001 0.152589
v 0.140801 1.944862 0.145504
v 0.144234 1.945006 0.139072
v 0.150088 1.958583 0.136758
v 0.157559 1.958691 0.140393
v 0.159722 1.958756 0.147399
v 0.157056 1.958709 0.153265
v 0.151317 1.958629 0.156292
v 0.144259 1.958690 0.154185
v 0.140802 1.958756 0.147748
v 0.142738 1.958696 0.140646
v 0.153564 1.963143 0.134938
v 0.160132 1.963146 0.139671
v 0.162039 1.963264 0.148314
v 0.157173 1.963289 0.156679
v 0.149856 1.962959 0.158686
v 0.142831 1.963117 0.156239
v 0.138451 1.963264 0.148315
v 0.140358 1.963146 0.139670
v 0.147874 1.962762 0.134560
v 0.150245 1.966179 0.136912
v 0.159712 1.966185 0.143669
v 0.154781 1.966180 0.155329
v 0.144782 1.966178 0.154487
v 0.140779 1.966185 0.143667
v 0.155676 1.969725 0.130788
v 0.162711 1.969396 0.136399
v 0.166546 1.969509 0.145951
v 0.163250 1.970037 0.157363
v 0.155854 1.969583 0.162087
v 0.147245 1.970009 0.163305
v 0.139963 1.969396 0.159131
v 0.134483 1.969393 0.150703
v 0.137780 1.969395 0.136400
v 0.145433 1.970134 0.130111
v 0.133495 1.970215 0.144924
v 0.152084 1.974836 0.127456
v 0.160400 1.975736 0.130359
v 0.165704 1.975737 0.135583
v 0.169019 1.975129 0.149288
v 0.164603 1.977895 0.159447
v 0.158708 1.975656 0.163716
v 0.150245 1.975648 0.165896
v 0.141781 1.975655 0.163715
v 0.136041 1.975654 0.159098
v 0.131471 1.975131 0.149286
v 0.134788 1.975735 0.135581
v 0.140004 1.973889 0.130973
v 0.167347 1.980160 0.139157
v 0.133143 1.980162 0.139158
v 0.140224 1.979959 0.130455
v 0.146658 1.980679 0.128073
v 0.158915 1.981773 0.130127
v 0.167369 1.984463 0.148349
v 0.157228 1.981677 0.163747
v 0.144965 1.983864 0.163760
v 0.136936 1.984230 0.157514
v 0.133121 1.984463 0.148350
v 0.153375 1.985459 0.130475
v 0.162790 1.985629 0.136301
v 0.160880 1.986481 0.158057
v 0.152509 1.986436 0.162020
v 0.137699 1.985629 0.136302
v 0.143919 1.986724 0.132701
v 0.151192 1.989521 0.136258
v 0.159813 1.989726 0.142900
v 0.144941 1.989489 0.155588
v 0.142751 1.990480 0.149509
v 0.140944 1.989613 0.142727
v 0.153472 1.990627 0.152811
v 0.151788 1.990893 0.142418
v -0.044661 1.894625 0.016430
v -0.048625 1.900104 0.016135
v -0.035814 1.900391 0.019998
v -0.026962 1.894625 0.026275
v -0.026936 1.900393 0.027487
v -0.021308 1.899675 0.037952
v -0.019600 1.894625 0.048791
v -0.020521 1.899769 0.053051
v -0.026498 1.894625 0.065497
v -0.027211 1.900991 0.065823
v -0.037642 1.894625 0.074628
v -0.038596 1.900450 0.074615
v -0.052588 1.900421 0.076975
v -0.052138 1.894625 0.076919
v -0.068233 1.894625 0.071126
v -0.069124 1.899719 0.070384
v -0.079743 1.894625 0.050527
v -0.079164 1.899769 0.052148
v -0.077990 1.899664 0.037277
v -0.073632 1.894625 0.027624
v -0.072100 1.900401 0.026923
v -0.061564 1.900661 0.019018
v -0.058856 1.894625 0.017683
v -0.024137 1.903960 0.044031
v -0.070114 1.903665 0.063418
v -0.075371 1.903962 0.044030
v -0.053817 1.907143 0.025654
v -0.036338 1.907141 0.030773
v -0.029456 1.907141 0.044567
v -0.033577 1.907141 0.059475
v -0.045795 1.907141 0.067033
v -0.059899 1.907143 0.064839
v -0.069272 1.907142 0.052693
v -0.068072 1.907142 0.037243
v -0.047369 1.911919 0.023521
v -0.037696 1.911970 0.027145
v -0.030118 1.911469 0.035014
v -0.027782 1.910712 0.051101
v -0.032831 1.911991 0.061587
v -0.040798 1.912266 0.067659
v -0.050442 1.911726 0.069594
v -0.059801 1.911988 0.067081
v -0.066679 1.911991 0.061586
v -0.071727 1.910711 0.051102
v -0.069392 1.911470 0.035014
v -0.061812 1.911970 0.027144
v -0.054043 1.913144 0.024505
v -0.027841 1.913524 0.048833
v -0.071667 1.913523 0.048835
v -0.049755 1.915804 0.026756
v -0.037417 1.915716 0.030912
v -0.030463 1.915423 0.042680
v -0.032486 1.915715 0.056284
v -0.041104 1.917727 0.062498
v -0.053570 1.916173 0.066316
v -0.067023 1.915716 0.056285
v -0.069046 1.915423 0.042680
v -0.062093 1.915716 0.030913
v -0.049755 1.930049 0.032636
v -0.038987 1.928639 0.037479
v -0.035813 1.927818 0.045206
v -0.037453 1.928640 0.053426
v -0.052409 1.930051 0.060332
v -0.062056 1.928639 0.053427
v -0.063698 1.927817 0.045212
v -0.060522 1.928640 0.037479
v -0.049647 1.945073 0.036982
v -0.043529 1.945001 0.039262
v -0.040281 1.944862 0.045820
v -0.042887 1.945233 0.053460
v -0.050687 1.945011 0.056345
v -0.057261 1.945001 0.052589
v -0.059199 1.944862 0.045504
v -0.055766 1.945006 0.039072
v -0.049912 1.958583 0.036758
v -0.042441 1.958691 0.040393
v -0.040278 1.958756 0.047400
v -0.042944 1.958709 0.053265
v -0.048683 1.958629 0.056292
v -0.055741 1.958690 0.054185
v -0.059198 1.958756 0.047748
v -0.057262 1.958696 0.040646
v -0.047848 1.962981 0.034432
v -0.039867 1.963147 0.039672
v -0.037961 1.963264 0.048315
v -0.042342 1.963117 0.056240
v -0.051662 1.962981 0.058803
v -0.059642 1.963146 0.053565
v -0.061549 1.963263 0.044922
v -0.057169 1.963117 0.036997
v -0.047046 1.966178 0.037464
v -0.040243 1.966182 0.044675
v -0.043660 1.966178 0.053811
v -0.050670 1.966178 0.056137
v -0.059221 1.966186 0.049567
v -0.055219 1.966179 0.038749
v -0.043509 1.969865 0.031054
v -0.037289 1.969396 0.036398
v -0.033454 1.969509 0.045951
v -0.041234 1.969492 0.060920
v -0.052758 1.970009 0.063304
v -0.060038 1.969396 0.059129
v -0.065517 1.969392 0.050703
v -0.062803 1.969579 0.036951
v -0.054570 1.969836 0.030321
v -0.034166 1.971577 0.054945
v -0.066505 1.970215 0.044924
v -0.049364 1.975315 0.027415
v -0.041296 1.975656 0.029517
v -0.035551 1.975656 0.034137
v -0.030981 1.975128 0.043948
v -0.040970 1.974739 0.063636
v -0.050331 1.976044 0.065870
v -0.058217 1.975653 0.063717
v -0.063959 1.975654 0.059098
v -0.068529 1.975131 0.049286
v -0.065212 1.975735 0.035581
v -0.059997 1.973889 0.030974
v -0.032116 1.980013 0.052540
v -0.035671 1.980011 0.059004
v -0.066857 1.980163 0.039158
v -0.059776 1.979960 0.030455
v -0.053342 1.980680 0.028073
v -0.041086 1.981772 0.030127
v -0.032400 1.982148 0.041212
v -0.042772 1.981677 0.063747
v -0.051436 1.983987 0.064130
v -0.061395 1.981773 0.061062
v -0.066878 1.984463 0.048349
v -0.046625 1.985459 0.030475
v -0.037210 1.985629 0.036301
v -0.033884 1.985762 0.048221
v -0.040578 1.985717 0.060338
v -0.058890 1.986493 0.059326
v -0.062300 1.985629 0.036302
v -0.056080 1.986724 0.032701
v -0.048808 1.989521 0.036258
v -0.041613 1.989396 0.040028
v -0.040113 1.989600 0.050715
v -0.048808 1.989521 0.056977
v -0.058749 1.989759 0.050308
v -0.059056 1.989613 0.042727
v -0.048697 1.990962 0.042567
v -0.050813 1.990962 0.050668
v 0.149069 1.894450 0.212743
v 0.157660 1.899585 0.213526
v 0.169926 1.894450 0.218505
v 0.173775 1.899606 0.221672
v 0.184064 1.894450 0.234881
v 0.182912 1.899553 0.233140
v 0.187252 1.899562 0.250926
v 0.186345 1.894450 0.259916
v 0.180460 1.899562 0.271464
v 0.168687 1.894450 0.282712
v 0.163402 1.899563 0.284770
v 0.147025 1.894450 0.286860
v 0.145735 1.899553 0.286732
v 0.130074 1.894450 0.281494
v 0.128536 1.899562 0.280460
v 0.115935 1.894450 0.265116
v 0.115230 1.899563 0.263402
v 0.113140 1.894450 0.247025
v 0.113268 1.899553 0.245734
v 0.118506 1.894450 0.230075
v 0.119414 1.899482 0.228711
v 0.131993 1.894450 0.217699
v 0.136104 1.899585 0.215416
v 0.150273 1.904460 0.218230
v 0.158914 1.904354 0.219548
v 0.170086 1.904420 0.225523
v 0.177577 1.904491 0.234563
v 0.180794 1.903733 0.240884
v 0.181524 1.904483 0.247175
v 0.180266 1.904438 0.259273
v 0.176159 1.904441 0.267479
v 0.170085 1.904420 0.274478
v 0.159760 1.904492 0.280059
v 0.152931 1.903733 0.281981
v 0.137462 1.904531 0.279174
v 0.127261 1.904508 0.272160
v 0.119738 1.904465 0.259012
v 0.118236 1.904412 0.249843
v 0.119332 1.903733 0.240469
v 0.122264 1.904494 0.234771
v 0.129901 1.904445 0.225560
v 0.140063 1.904484 0.219981
v 0.146362 1.906538 0.282378
v 0.121182 1.906595 0.265323
v 0.146571 1.911734 0.214968
v 0.166491 1.909250 0.220012
v 0.174461 1.911576 0.224524
v 0.183747 1.909332 0.242225
v 0.182382 1.911521 0.264049
v 0.176259 1.911455 0.273374
v 0.163261 1.909510 0.282013
v 0.130926 1.909060 0.278541
v 0.115160 1.909722 0.250371
v 0.117727 1.911900 0.236246
v 0.122224 1.911400 0.228583
v 0.133358 1.909128 0.220138
v 0.157889 1.914673 0.215735
v 0.179713 1.915022 0.231735
v 0.184993 1.913819 0.247374
v 0.183719 1.914870 0.259152
v 0.166522 1.914348 0.280908
v 0.157441 1.914361 0.284127
v 0.148415 1.914626 0.284955
v 0.139637 1.913321 0.283483
v 0.127742 1.912935 0.277122
v 0.121835 1.915076 0.270674
v 0.116953 1.914835 0.261153
v 0.115032 1.914366 0.247048
v 0.128372 1.914814 0.222420
v 0.138618 1.914731 0.216890
v 0.167839 1.917652 0.221629
v 0.181805 1.917679 0.240351
v 0.176387 1.917280 0.270550
v 0.133835 1.917234 0.279339
v 0.120688 1.917680 0.234333
v 0.147819 1.931396 0.227861
v 0.158523 1.931733 0.229397
v 0.168538 1.931769 0.237659
v 0.172140 1.931390 0.247815
v 0.171287 1.931399 0.256453
v 0.167152 1.931596 0.264050
v 0.160490 1.931391 0.269619
v 0.152183 1.931399 0.272137
v 0.143537 1.931395 0.271285
v 0.135950 1.931598 0.267151
v 0.130460 1.931586 0.260485
v 0.127863 1.931395 0.252191
v 0.128714 1.931400 0.243545
v 0.132807 1.931395 0.235884
v 0.139511 1.931586 0.230461
v 0.148073 1.941765 0.230455
v 0.159934 1.941428 0.233016
v 0.167151 1.941606 0.240846
v 0.169683 1.942174 0.247627
v 0.168601 1.941608 0.255654
v 0.163020 1.943736 0.265833
v 0.160898 1.941747 0.266191
v 0.151529 1.941116 0.269805
v 0.140846 1.941564 0.267155
v 0.133746 1.941531 0.260918
v 0.130645 1.941589 0.251857
v 0.131399 1.941607 0.244345
v 0.136858 1.941503 0.235327
v 0.153776 1.945269 0.270562
v 0.152273 1.948253 0.228739
v 0.160048 1.948354 0.231202
v 0.167459 1.946398 0.237835
v 0.169420 1.945611 0.258225
v 0.142057 1.948426 0.269892
v 0.134969 1.945611 0.264793
v 0.129310 1.945302 0.253957
v 0.130580 1.945613 0.241775
v 0.139866 1.945240 0.231327
v 0.170847 1.949806 0.251646
v 0.169578 1.950742 0.243684
v 0.167984 1.950282 0.260203
v 0.161917 1.950097 0.267212
v 0.150347 1.950094 0.270933
v 0.134082 1.950168 0.263333
v 0.128951 1.950006 0.252290
v 0.132402 1.950096 0.238659
v 0.142112 1.950086 0.230619
v 0.163653 1.954365 0.237928
v 0.145965 1.955522 0.233075
v 0.152986 1.955624 0.232928
v 0.165791 1.955654 0.257244
v 0.159327 1.955373 0.264778
v 0.150307 1.955495 0.267437
v 0.140405 1.955590 0.264789
v 0.133784 1.955452 0.256541
v 0.133026 1.955394 0.245186
v 0.137723 1.955331 0.237594
v 0.159630 1.956648 0.235660
v 0.166883 1.958335 0.251717
v 0.149677 1.962360 0.232414
v 0.157092 1.962467 0.233899
v 0.163895 1.962409 0.239028
v 0.167316 1.962457 0.246928
v 0.162182 1.962326 0.262666
v 0.155016 1.962375 0.266749
v 0.148178 1.962347 0.267371
v 0.140410 1.962330 0.264731
v 0.135134 1.962355 0.259339
v 0.132423 1.962350 0.250344
v 0.134553 1.962466 0.241172
v 0.141707 1.962375 0.234608
v 0.166987 1.963531 0.256895
v 0.152476 1.974943 0.223344
v 0.165136 1.974800 0.227743
v 0.174867 1.974744 0.239901
v 0.176645 1.974983 0.252623
v 0.172256 1.974800 0.265136
v 0.160098 1.974744 0.274867
v 0.147230 1.974943 0.276627
v 0.134709 1.974851 0.272154
v 0.126347 1.974922 0.262450
v 0.123398 1.974886 0.252621
v 0.124420 1.974887 0.242244
v 0.131001 1.974856 0.230920
v 0.142083 1.974815 0.224526
v 0.150891 1.989021 0.222815
v 0.164791 1.988919 0.227864
v 0.170355 1.983465 0.232175
v 0.176111 1.983570 0.244806
v 0.177039 1.989020 0.251709
v 0.172136 1.988919 0.264791
v 0.168480 1.983467 0.269865
v 0.155194 1.983577 0.276111
v 0.148290 1.989020 0.277038
v 0.135209 1.988919 0.272136
v 0.130145 1.983325 0.268494
v 0.123889 1.983433 0.255194
v 0.122813 1.989032 0.249119
v 0.127864 1.988919 0.235209
v 0.132188 1.983477 0.229636
v 0.144806 1.983597 0.223889
v 0.150000 1.988919 0.232912
v 0.158960 1.988972 0.235057
v 0.162009 1.983578 0.237682
v 0.166768 1.983519 0.245234
v 0.167088 1.988919 0.250000
v 0.164821 1.988984 0.259220
v 0.154768 1.983518 0.266767
v 0.150000 1.988919 0.267088
v 0.140768 1.988982 0.264816
v 0.133176 1.983414 0.254533
v 0.132912 1.988919 0.250000
v 0.135058 1.988965 0.241039
v 0.138581 1.983496 0.236850
v 0.148403 1.983665 0.232515
v 0.164321 1.983636 0.260176
v 0.139833 1.983610 0.264326
v 0.133419 1.983533 0.244456
v 0.356359 1.894450 0.013278
v 0.357661 1.899585 0.013526
v 0.375690 1.894450 0.023002
v 0.373781 1.899606 0.021677
v 0.382914 1.899553 0.033144
v 0.387373 1.894450 0.045252
v 0.387252 1.899562 0.050926
v 0.381494 1.894450 0.069925
v 0.380460 1.899562 0.071464
v 0.365116 1.894450 0.084065
v 0.363402 1.899563 0.084769
v 0.343642 1.894450 0.086721
v 0.345733 1.899553 0.086732
v 0.328534 1.899563 0.080459
v 0.321562 1.894450 0.074710
v 0.315229 1.899563 0.063399
v 0.312419 1.894450 0.047366
v 0.313268 1.899553 0.045728
v 0.317629 1.899507 0.032118
v 0.322997 1.894450 0.024314
v 0.326753 1.899568 0.021234
v 0.338643 1.894450 0.014807
v 0.339525 1.899568 0.014528
v 0.346509 1.904348 0.018514
v 0.359320 1.904465 0.019832
v 0.367776 1.904413 0.023675
v 0.374892 1.904401 0.030515
v 0.380266 1.904438 0.040725
v 0.381526 1.904452 0.052402
v 0.380668 1.903733 0.059532
v 0.377789 1.904521 0.065118
v 0.370085 1.904420 0.074478
v 0.359760 1.904491 0.080059
v 0.352931 1.903733 0.081981
v 0.340507 1.903741 0.080679
v 0.327261 1.904508 0.072161
v 0.321958 1.904483 0.064675
v 0.318513 1.904444 0.053134
v 0.319700 1.904420 0.040808
v 0.325543 1.904434 0.029926
v 0.334974 1.904428 0.022141
v 0.353022 1.906004 0.017972
v 0.346360 1.906536 0.082378
v 0.334247 1.906538 0.078521
v 0.346571 1.911734 0.014968
v 0.362959 1.909267 0.017938
v 0.374461 1.911576 0.024524
v 0.383747 1.909332 0.042225
v 0.382382 1.911521 0.064049
v 0.376258 1.911456 0.073376
v 0.363259 1.909510 0.082013
v 0.322831 1.911730 0.072296
v 0.316716 1.909860 0.059378
v 0.316041 1.908992 0.046355
v 0.317727 1.911900 0.036246
v 0.322223 1.911400 0.028584
v 0.333355 1.909128 0.020139
v 0.357889 1.914672 0.015734
v 0.379713 1.915021 0.031735
v 0.384993 1.913819 0.047374
v 0.383719 1.914870 0.059154
v 0.366522 1.914347 0.080908
v 0.357441 1.914361 0.084127
v 0.348415 1.914626 0.084955
v 0.339635 1.913321 0.083482
v 0.332247 1.915112 0.080096
v 0.316953 1.914836 0.061153
v 0.315032 1.914367 0.047048
v 0.328372 1.914815 0.022420
v 0.338617 1.914731 0.016891
v 0.367840 1.917652 0.021630
v 0.381806 1.917679 0.040353
v 0.376387 1.917279 0.070552
v 0.323686 1.917122 0.070867
v 0.320688 1.917680 0.034333
v 0.347819 1.931396 0.027861
v 0.358522 1.931733 0.029397
v 0.368538 1.931769 0.037660
v 0.372140 1.931390 0.047816
v 0.371287 1.931399 0.056455
v 0.367151 1.931597 0.064051
v 0.360491 1.931391 0.069618
v 0.352184 1.931399 0.072137
v 0.343537 1.931395 0.071285
v 0.335951 1.931597 0.067152
v 0.330461 1.931587 0.060486
v 0.327862 1.931394 0.052193
v 0.328712 1.931399 0.043547
v 0.332805 1.931395 0.035887
v 0.339510 1.931585 0.030461
v 0.348075 1.941764 0.030455
v 0.359932 1.941429 0.033015
v 0.367152 1.941608 0.040848
v 0.369684 1.942175 0.047631
v 0.368599 1.941606 0.055658
v 0.362646 1.941634 0.065235
v 0.351857 1.941589 0.069354
v 0.342537 1.941624 0.068130
v 0.333744 1.941531 0.060915
v 0.330645 1.941587 0.051853
v 0.331399 1.941607 0.044345
v 0.336857 1.941504 0.035327
v 0.352273 1.948253 0.028739
v 0.360050 1.948354 0.031203
v 0.367459 1.946398 0.037836
v 0.370289 1.947060 0.056157
v 0.366083 1.945389 0.063364
v 0.358056 1.945497 0.069449
v 0.345883 1.945415 0.070698
v 0.334970 1.945612 0.064794
v 0.329829 1.948474 0.056967
v 0.328883 1.946817 0.051770
v 0.329751 1.946816 0.043859
v 0.333361 1.948235 0.036633
v 0.341352 1.946357 0.030578
v 0.369346 1.950128 0.042228
v 0.366928 1.950356 0.061859
v 0.360002 1.949972 0.068233
v 0.350346 1.950095 0.070933
v 0.340522 1.950073 0.068492
v 0.334083 1.950168 0.063335
v 0.363654 1.954364 0.037930
v 0.370653 1.950490 0.048916
v 0.330152 1.951411 0.046256
v 0.342806 1.950556 0.030564
v 0.345963 1.955522 0.033076
v 0.352989 1.955624 0.032928
v 0.365791 1.955654 0.057244
v 0.359327 1.955372 0.064779
v 0.350307 1.955495 0.067437
v 0.340404 1.955590 0.064789
v 0.333785 1.955452 0.056541
v 0.332712 1.955435 0.048404
v 0.336532 1.955250 0.038667
v 0.359630 1.956647 0.035660
v 0.366883 1.958335 0.051717
v 0.349676 1.962361 0.032414
v 0.357092 1.962467 0.033899
v 0.363895 1.962409 0.039028
v 0.367316 1.962457 0.046928
v 0.362182 1.962326 0.062666
v 0.355016 1.962375 0.066749
v 0.348176 1.962346 0.067371
v 0.340410 1.962330 0.064731
v 0.335134 1.962355 0.059339
v 0.332620 1.962343 0.051717
v 0.334216 1.962178 0.042050
v 0.340754 1.962367 0.035073
v 0.366987 1.963531 0.056895
v 0.352476 1.974943 0.023344
v 0.365137 1.974800 0.027744
v 0.374868 1.974744 0.039902
v 0.376645 1.974983 0.052623
v 0.372257 1.974800 0.065136
v 0.360098 1.974744 0.074868
v 0.347230 1.974943 0.076627
v 0.334708 1.974850 0.072153
v 0.326345 1.974921 0.062446
v 0.323398 1.974886 0.052620
v 0.324420 1.974886 0.042243
v 0.331001 1.974857 0.030920
v 0.342083 1.974815 0.024526
v 0.350891 1.989021 0.022815
v 0.364791 1.988919 0.027864
v 0.370355 1.983465 0.032175
v 0.376111 1.983570 0.044806
v 0.377039 1.989020 0.051709
v 0.372136 1.988919 0.064791
v 0.368480 1.983467 0.069865
v 0.355194 1.983577 0.076111
v 0.348290 1.989020 0.077038
v 0.335209 1.988919 0.072136
v 0.330145 1.983325 0.068494
v 0.323889 1.983433 0.055194
v 0.322813 1.989032 0.049119
v 0.327864 1.988919 0.035209
v 0.332188 1.983477 0.029636
v 0.344806 1.983597 0.023889
v 0.350000 1.988919 0.032912
v 0.358959 1.988972 0.035057
v 0.362009 1.983578 0.037682
v 0.366768 1.983516 0.045233
v 0.367088 1.988919 0.050000
v 0.364820 1.988983 0.059222
v 0.354766 1.983518 0.066768
v 0.350000 1.988919 0.067088
v 0.340768 1.988982 0.064816
v 0.333176 1.983414 0.054533
v 0.332912 1.988919 0.050000
v 0.335058 1.988965 0.041039
v 0.338581 1.983496 0.036849
v 0.348403 1.983665 0.032515
v 0.364320 1.983636 0.060178
v 0.339834 1.983610 0.064327
v 0.333419 1.983533 0.044456
v 0.245719 1.893147 -0.284913
v 0.253809 1.896483 -0.284363
v 0.269245 1.893147 -0.279307
v 0.267407 1.896516 -0.280079
v 0.277667 1.896437 -0.271433
v 0.282724 1.893147 -0.263690
v 0.284094 1.896573 -0.259157
v 0.284897 1.893147 -0.239831
v 0.285266 1.896516 -0.245215
v 0.279169 1.896472 -0.228663
v 0.270718 1.893147 -0.220242
v 0.263017 1.896527 -0.216132
v 0.254321 1.893147 -0.214262
v 0.246172 1.896516 -0.214264
v 0.237473 1.893147 -0.216127
v 0.229562 1.896491 -0.220404
v 0.221206 1.893147 -0.228810
v 0.218917 1.896500 -0.233123
v 0.215225 1.893147 -0.245214
v 0.215116 1.896476 -0.246365
v 0.217092 1.893147 -0.262057
v 0.217638 1.896630 -0.263386
v 0.227404 1.893147 -0.276139
v 0.228555 1.896425 -0.277066
v 0.240840 1.896426 -0.283252
v 0.258233 1.903346 -0.276203
v 0.270174 1.903392 -0.269518
v 0.277943 1.903393 -0.254791
v 0.277170 1.903347 -0.241306
v 0.272087 1.903350 -0.231563
v 0.261162 1.903406 -0.223232
v 0.245056 1.903355 -0.221465
v 0.230137 1.903412 -0.229214
v 0.221706 1.903388 -0.247238
v 0.227857 1.903386 -0.266926
v 0.244179 1.903434 -0.276964
v 0.247665 1.906712 -0.279080
v 0.258855 1.907786 -0.278307
v 0.269379 1.906818 -0.272295
v 0.276146 1.909000 -0.264971
v 0.279268 1.907821 -0.257927
v 0.280657 1.908818 -0.247827
v 0.278201 1.908908 -0.237548
v 0.273257 1.906819 -0.230148
v 0.266182 1.908175 -0.223353
v 0.253159 1.906714 -0.219510
v 0.241718 1.907572 -0.220278
v 0.231113 1.906820 -0.226270
v 0.224297 1.909029 -0.233622
v 0.221382 1.907881 -0.240162
v 0.219986 1.909092 -0.248438
v 0.221055 1.908660 -0.257771
v 0.226722 1.908679 -0.268589
v 0.235908 1.908719 -0.276095
v 0.247445 1.909854 -0.278861
v 0.266741 1.909511 -0.274325
v 0.253135 1.910038 -0.219722
v 0.233696 1.909488 -0.224275
v 0.269276 1.910542 -0.227288
v 0.256950 1.913742 -0.271680
v 0.273468 1.913958 -0.246255
v 0.269684 1.913714 -0.236120
v 0.262474 1.913929 -0.229509
v 0.247751 1.913898 -0.225774
v 0.227548 1.914230 -0.245371
v 0.228474 1.913699 -0.258096
v 0.233751 1.913858 -0.265861
v 0.245957 1.915405 -0.270843
v 0.268878 1.915706 -0.261472
v 0.234138 1.915151 -0.233956
v 0.255545 1.925463 -0.263286
v 0.263342 1.924344 -0.258076
v 0.265962 1.924086 -0.247754
v 0.263078 1.924162 -0.240410
v 0.254607 1.924180 -0.234070
v 0.244459 1.924152 -0.234750
v 0.236228 1.924466 -0.242301
v 0.234805 1.924215 -0.250879
v 0.237226 1.924144 -0.257984
v 0.245737 1.924382 -0.264392
v 0.258897 1.935690 -0.239164
v 0.251442 1.935546 -0.236142
v 0.240762 1.936259 -0.240168
v 0.248559 1.970246 -0.258153
v 0.260632 1.946647 -0.255217
v 0.262091 1.945109 -0.247052
v 0.247745 1.970123 -0.240580
v 0.238367 1.948480 -0.249637
v 0.244157 1.970191 -0.255986
v 0.253290 1.970390 -0.257843
v 0.257240 1.970468 -0.255167
v 0.259551 1.970454 -0.248520
v 0.254726 1.970438 -0.241012
v 0.243732 1.970533 -0.242693
v 0.240987 1.970380 -0.249709
v 0.252588 1.977723 -0.261052
v 0.261657 1.978281 -0.254009
v 0.261399 1.979447 -0.242388
v 0.253664 1.978980 -0.236866
v 0.242412 1.979425 -0.238982
v 0.237814 1.979898 -0.244289
v 0.238309 1.978052 -0.250610
v 0.242485 1.978378 -0.258740
v 0.255918 1.984064 -0.264635
v 0.262662 1.981862 -0.257663
v 0.265006 1.981582 -0.249282
v 0.247461 1.981705 -0.234682
v 0.234539 1.983513 -0.252244
v 0.237333 1.983189 -0.258455
v 0.245971 1.981552 -0.263563
v 0.248566 1.985393 -0.265548
v 0.262100 1.985327 -0.260751
v 0.266430 1.985197 -0.252092
v 0.265289 1.985723 -0.242254
v 0.259138 1.985269 -0.235451
v 0.249725 1.985282 -0.232846
v 0.242468 1.985393 -0.234898
v 0.236289 1.985282 -0.240587
v 0.233805 1.985614 -0.248734
v 0.241775 1.985685 -0.263395
v 0.260039 1.989691 -0.261299
v 0.264606 1.989907 -0.255036
v 0.253645 1.989927 -0.234298
v 0.239711 1.989928 -0.238091
v 0.236629 1.989621 -0.256753
v 0.252820 1.990844 -0.264024
v 0.264610 1.991037 -0.246637
v 0.261696 1.990332 -0.239218
v 0.247194 1.991035 -0.234997
v 0.236583 1.990655 -0.243480
v 0.235476 1.990816 -0.249682
v 0.242535 1.990335 -0.262420
v 0.249199 2.001143 -0.254284
v 0.253344 2.001163 -0.253503
v 0.255352 2.001234 -0.249311
v 0.253889 2.001116 -0.245596
v 0.249471 2.001247 -0.244149
v 0.245256 2.001105 -0.247482
v 0.246132 2.001232 -0.252443
v 0.257906 2.010663 -0.251287
v 0.250189 2.011136 -0.257112
v 0.254266 2.007075 -0.255194
v 0.256754 2.007692 -0.246068
v 0.253431 2.011254 -0.241946
v 0.248887 2.007630 -0.242134
v 0.242867 2.011424 -0.245986
v 0.242441 2.012216 -0.251124
v 0.245309 2.009771 -0.255229
v 0.245862 2.012037 -0.242787
v 0.254592 2.013286 -0.255533
v 0.257376 2.013643 -0.246506
v 0.244628 2.014800 -0.253899
v 0.249358 2.015612 -0.256034
v 0.253981 2.018011 -0.252962
v 0.256170 2.017016 -0.249263
v 0.250011 2.016956 -0.243120
v 0.245283 2.017393 -0.246577
v 0.249912 2.024279 -0.249574
v 0.250518 2.024354 -0.249061
v 0.374836 1.902413 0.353464
v 0.380031 1.894409 0.362406
v 0.370530 1.902361 0.365368
v 0.365676 1.894423 0.379620
v 0.361065 1.902448 0.373511
v 0.346427 1.902417 0.376712
v 0.342507 1.894412 0.383154
v 0.322455 1.894420 0.371026
v 0.329030 1.902418 0.367837
v 0.315706 1.894416 0.347175
v 0.322784 1.902476 0.350807
v 0.326035 1.902418 0.338270
v 0.329264 1.894436 0.322729
v 0.334353 1.902421 0.328724
v 0.346461 1.902350 0.324567
v 0.361095 1.894436 0.318631
v 0.359366 1.902472 0.326351
v 0.372722 1.902417 0.338648
v 0.380869 1.894423 0.339802
v 0.382526 1.894416 0.352805
v 0.374880 1.902447 0.353242
v 0.369140 1.902340 0.367624
v 0.374555 1.894407 0.371421
v 0.360965 1.894409 0.381472
v 0.351605 1.902588 0.376776
v 0.338360 1.894421 0.382313
v 0.334836 1.902360 0.372466
v 0.317708 1.894428 0.363423
v 0.326306 1.902414 0.363116
v 0.322591 1.902418 0.348621
v 0.318954 1.894421 0.335460
v 0.330025 1.902415 0.332401
v 0.335532 1.894410 0.320071
v 0.341240 1.902445 0.325624
v 0.357855 1.894421 0.318048
v 0.354366 1.902360 0.324752
v 0.365857 1.902413 0.330652
v 0.376180 1.894414 0.331309
v 0.373364 1.902362 0.340844
v 0.377049 1.907262 0.352914
v 0.373867 1.907255 0.363434
v 0.365824 1.907315 0.372885
v 0.353937 1.907058 0.378153
v 0.340674 1.907267 0.377091
v 0.331037 1.907240 0.371851
v 0.324158 1.907255 0.363434
v 0.320957 1.907280 0.352778
v 0.322106 1.907260 0.341867
v 0.328577 1.907467 0.330680
v 0.338634 1.907261 0.323769
v 0.351892 1.907341 0.322183
v 0.362269 1.907278 0.325319
v 0.370694 1.907266 0.332206
v 0.375930 1.907286 0.341846
v 0.376880 1.907196 0.354935
v 0.373824 1.907227 0.363533
v 0.367104 1.907261 0.371765
v 0.354527 1.907171 0.378069
v 0.338720 1.907468 0.376476
v 0.331025 1.907486 0.372048
v 0.325074 1.907191 0.365217
v 0.321062 1.907329 0.354331
v 0.322106 1.907260 0.341867
v 0.328674 1.907475 0.330561
v 0.338498 1.907296 0.323795
v 0.353358 1.907439 0.322303
v 0.362411 1.907250 0.325389
v 0.370618 1.907284 0.332102
v 0.376430 1.907333 0.343328
v 0.368126 1.925070 0.350143
v 0.367758 1.925070 0.353871
v 0.366671 1.925070 0.357457
v 0.364905 1.925070 0.360761
v 0.362528 1.925070 0.363658
v 0.359631 1.925070 0.366035
v 0.356327 1.925070 0.367801
v 0.352741 1.925070 0.368888
v 0.349013 1.925070 0.369256
v 0.345284 1.925070 0.368888
v 0.341699 1.925070 0.367801
v 0.338394 1.925070 0.366035
v 0.335498 1.925070 0.363658
v 0.333121 1.925070 0.360761
v 0.331355 1.925070 0.357457
v 0.330267 1.925070 0.353871
v 0.329900 1.925070 0.350143
v 0.330267 1.925070 0.346414
v 0.331355 1.925070 0.342828
v 0.333121 1.925070 0.339524
v 0.335498 1.925070 0.336628
v 0.338394 1.925070 0.334251
v 0.341699 1.925070 0.332485
v 0.345284 1.925070 0.331397
v 0.349013 1.925070 0.331030
v 0.352741 1.925070 0.331397
v 0.356327 1.925070 0.332485
v 0.359631 1.925070 0.334251
v 0.362528 1.925070 0.336628
v 0.364905 1.925070 0.339524
v 0.366671 1.925070 0.342828
v 0.367758 1.925070 0.346414
v 0.368126 1.925070 0.350143
v 0.367758 1.925070 0.353871
v 0.366671 1.925070 0.357457
v 0.364905 1.925070 0.360761
v 0.362528 1.925070 0.363658
v 0.359631 1.925070 0.366035
v 0.356327 1.925070 0.367801
v 0.352741 1.925070 0.368888
v 0.349013 1.925070 0.369256
v 0.345284 1.925070 0.368888
v 0.341699 1.925070 0.367801
v 0.338394 1.925070 0.366035
v 0.335498 1.925070 0.363658
v 0.333121 1.925070 0.360761
v 0.331355 1.925070 0.357457
v 0.330267 1.925070 0.353871
v 0.329900 1.925070 0.350143
v 0.330267 1.925070 0.346414
v 0.331355 1.925070 0.342828
v 0.333121 1.925070 0.339524
v 0.335498 1.925070 0.336628
v 0.338394 1.925070 0.334251
v 0.341699 1.925070 0.332485
v 0.345284 1.925070 0.331397
v 0.349013 1.925070 0.331030
v 0.352741 1.925070 0.331397
v 0.356327 1.925070 0.332485
v 0.359631 1.925070 0.334251
v 0.362528 1.925070 0.336628
v 0.364905 1.925070 0.339524
v 0.366671 1.925070 0.342828
v 0.367758 1.925070 0.346414
v 0.368126 1.925070 0.350143
v 0.367758 1.925070 0.353871
v 0.366671 1.925070 0.357457
v 0.364905 1.925070 0.360761
v 0.362528 1.925070 0.363658
v 0.359631 1.925070 0.366035
v 0.356327 1.925070 0.367801
v 0.352741 1.925070 0.368888
v 0.349013 1.925070 0.369256
v 0.345284 1.925070 0.368888
v 0.341699 1.925070 0.367801
v 0.338394 1.925070 0.366035
v 0.335498 1.925070 0.363658
v 0.333121 1.925070 0.360761
v 0.331355 1.925070 0.357457
v 0.330267 1.925070 0.353871
v 0.329900 1.925070 0.350143
v 0.330267 1.925070 0.346414
v 0.331355 1.925070 0.342828
v 0.333121 1.925070 0.339524
v 0.335498 1.925070 0.336628
v 0.338394 1.925070 0.334251
v 0.341699 1.925070 0.332485
v 0.345284 1.925070 0.331397
v 0.349013 1.925070 0.331030
v 0.352741 1.925070 0.331397
v 0.356327 1.925070 0.332485
v 0.359631 1.925070 0.334251
v 0.362528 1.925070 0.336628
v 0.364905 1.925070 0.339524
v 0.366671 1.925070 0.342828
v 0.367758 1.925070 0.346414
v 0.368126 1.925070 0.350143
v 0.367758 1.925070 0.353871
v 0.366671 1.925070 0.357457
v 0.364905 1.925070 0.360761
v 0.362528 1.925070 0.363658
v 0.359631 1.925070 0.366035
v 0.356327 1.925070 0.367801
v 0.352741 1.925070 0.368888
v 0.349013 1.925070 0.369256
v 0.345284 1.925070 0.368888
v 0.341699 1.925070 0.367801
v 0.338394 1.925070 0.366035
v 0.335498 1.925070 0.363658
v 0.333121 1.925070 0.360761
v 0.331355 1.925070 0.357457
v 0.330267 1.925070 0.353871
v 0.329900 1.925070 0.350143
v 0.330267 1.925070 0.346414
v 0.331355 1.925070 0.342828
v 0.333121 1.925070 0.339524
v 0.335498 1.925070 0.336628
v 0.338394 1.925070 0.334251
v 0.341699 1.925070 0.332485
v 0.345284 1.925070 0.331397
v 0.349013 1.925070 0.331030
v 0.352741 1.925070 0.331397
v 0.356327 1.925070 0.332485
v 0.359631 1.925070 0.334251
v 0.362528 1.925070 0.336628
v 0.364905 1.925070 0.339524
v 0.366671 1.925070 0.342828
v 0.367758 1.925070 0.346414
v 0.358992 1.973352 0.352394
v 0.356371 1.973432 0.357181
v 0.351967 1.973558 0.359955
v 0.346899 1.973456 0.360128
v 0.341059 1.973384 0.356747
v 0.338717 1.973369 0.349205
v 0.341132 1.973107 0.343709
v 0.346684 1.972854 0.339886
v 0.354647 1.974222 0.341623
v 0.358845 1.973455 0.347227
v 0.358200 1.973183 0.354900
v 0.354390 1.973179 0.358818
v 0.347846 1.973913 0.360490
v 0.340975 1.973572 0.356481
v 0.338675 1.973557 0.350103
v 0.341173 1.973728 0.343664
v 0.345144 1.973409 0.340666
v 0.352024 1.973200 0.340214
v 0.358711 1.973592 0.346252
v 0.357859 1.996292 0.355717
v 0.351043 1.996289 0.360172
v 0.342993 1.996239 0.358686
v 0.338556 1.996292 0.349864
v 0.343416 1.996239 0.341298
v 0.351997 1.996274 0.340296
v 0.358576 1.996239 0.345898
v 0.359257 1.996251 0.348886
v 0.357114 1.996267 0.356527
v 0.351011 1.996305 0.360178
v 0.342993 1.996239 0.358686
v 0.338719 1.996273 0.350855
v 0.343089 1.996207 0.341161
v 0.354598 1.996292 0.341289
v 0.371303 2.004316 0.365029
v 0.353552 2.004315 0.377144
v 0.333617 2.004316 0.371981
v 0.323101 2.004340 0.357597
v 0.325010 2.004292 0.337831
v 0.338173 2.004316 0.325704
v 0.359129 2.004349 0.324608
v 0.375718 2.004284 0.344319
v 0.374925 2.004340 0.357598
v 0.364411 2.004316 0.371979
v 0.347124 2.004316 0.377084
v 0.324877 2.004314 0.364008
v 0.326122 2.004315 0.334840
v 0.346376 2.004316 0.323348
v 0.363907 2.004316 0.327843
v 0.373832 2.004299 0.340301
v 0.356553 2.012346 0.352216
v 0.352864 2.012373 0.356942
v 0.346173 2.012346 0.357537
v 0.340812 2.012406 0.350354
v 0.347189 2.012356 0.342132
v 0.355491 2.012381 0.345563
v 0.355080 2.012368 0.355436
v 0.348026 2.012358 0.357893
v 0.341793 2.012368 0.353711
v 0.343396 2.012379 0.344152
v 0.352241 2.012346 0.342891
v 0.356550 2.012373 0.348041
v 0.356750 2.018766 0.350266
v 0.354448 2.018773 0.355904
v 0.346490 2.018794 0.357782
v 0.341485 2.018755 0.352255
v 0.342221 2.018780 0.346254
v 0.347698 2.018773 0.342317
v 0.354747 2.018800 0.344660
v 0.356938 2.018800 0.349950
v 0.354620 2.018784 0.355468
v 0.347666 2.018738 0.358217
v 0.341288 2.018772 0.351911
v 0.344249 2.018738 0.343465
v 0.353275 2.018740 0.343452
v 0.367814 2.027141 0.354453
v 0.363666 2.027175 0.362533
v 0.355713 2.027180 0.368230
v 0.346771 2.027212 0.369205
v 0.335896 2.027122 0.364479
v 0.329949 2.027218 0.353212
v 0.331415 2.027141 0.342228
v 0.337059 2.027175 0.335114
v 0.345971 2.027180 0.331078
v 0.359078 2.027122 0.333504
v 0.367109 2.027218 0.343395
v 0.368094 2.027193 0.352288
v 0.364701 2.027110 0.361341
v 0.353654 2.027122 0.369010
v 0.340955 2.027180 0.367667
v 0.332571 2.027180 0.360235
v 0.329730 2.027180 0.349398
v 0.334667 2.027122 0.337017
v 0.345971 2.027180 0.331078
v 0.359078 2.027122 0.333504
v 0.367109 2.027218 0.343395
v 0.370796 2.040387 0.362250
v 0.360390 2.040417 0.372336
v 0.346167 2.040385 0.374903
v 0.334302 2.040404 0.370169
v 0.327745 2.040415 0.363006
v 0.324177 2.040385 0.352184
v 0.326505 2.040416 0.339608
v 0.333531 2.040409 0.330602
v 0.346976 2.040386 0.325310
v 0.359537 2.040405 0.327639
v 0.367362 2.040416 0.333384
v 0.372367 2.040398 0.341674
v 0.373840 2.040415 0.351268
v 0.371518 2.040397 0.360667
v 0.364512 2.040397 0.369666
v 0.351033 2.040415 0.375000
v 0.338474 2.040409 0.372652
v 0.329468 2.040408 0.365627
v 0.324445 2.040410 0.353887
v 0.324883 2.040411 0.344201
v 0.328995 2.040412 0.335419
v 0.336149 2.040398 0.328892
v 0.345261 2.040406 0.325585
v 0.354943 2.040406 0.326018
v 0.363727 2.040406 0.330125
v 0.371182 2.040398 0.338754
v 0.373840 2.040415 0.351268
v 0.349013 2.044290 0.350147
v 0.349013 2.044290 0.350147
v 0.344889 2.041214 0.345788
v 0.344889 2.074924 0.345788
v 0.354422 2.041214 0.345788
v 0.354422 2.074924 0.345788
v 0.344889 2.041214 0.354619
v 0.344889 2.074924 0.354619
v 0.354422 2.041214 0.354619
v 0.354422 2.074924 0.354619
v 0.344376 2.055061 0.332379
v 0.344376 2.062357 0.332379
v 0.355536 2.055061 0.332379
v 0.355536 2.062357 0.332379
v 0.344376 2.055061 0.367276
v 0.344376 2.062357 0.367276
v 0.355536 2.055061 0.367276
v 0.355536 2.062357 0.367276
vn 0.2709 0.5021 -0.8213
vn 0.7875 -0.0498 -0.6143
vn 0.9516 0.3052 -0.0358
vn 0.7304 0.3449 0.5895
vn 0.2376 0.4897 0.8389
vn -0.3068 0.1672 0.9370
vn -0.7846 -0.0688 0.6162
vn -0.9520 0.2978 0.0713
vn -0.6622 0.6290 -0.4073
vn -0.2331 0.6443 -0.7284
vn -0.0000 -1.0000 -0.0000
vn 0.1968 0.9068 -0.3728
vn 0.3446 0.9018 0.2609
vn -0.4636 0.8056 0.3690
vn -0.0290 0.9478 0.3177
vn -0.1788 0.8128 -0.5544
vn 0.4202 0.9074 0.0086
vn -0.4486 0.8586 -0.2481
vn 0.1655 0.8001 0.5766
vn -0.4961 0.8666 0.0528
vn -0.2511 0.9177 0.3078
vn 0.8690 -0.4941 0.0257
vn 0.6776 -0.5338 0.5059
vn -0.0733 -0.6149 0.7852
vn -0.0735 -0.6151 0.7850
vn -0.0734 -0.6150 0.7851
vn 0.7722 0.1103 0.6258
vn -0.8707 -0.0177 -0.4915
vn 0.4767 -0.0117 0.8790
vn 0.0894 0.0272 -0.9956
vn 0.1079 -0.0103 0.9941
vn -0.4805 0.0744 -0.8738
vn 0.6241 0.0520 -0.7796
vn -0.2791 0.0403 0.9594
vn -0.6417 -0.0438 0.7657
vn 0.9514 0.0776 -0.2981
vn -0.9282 0.0066 0.3720
vn 0.9677 0.0432 0.2485
vn -0.9982 0.0258 -0.0535
vn -0.1865 0.7281 0.6596
vn -0.0639 0.7766 -0.6268
vn -0.4281 0.7538 0.4986
vn 0.6694 0.7103 -0.2175
vn -0.5911 0.7622 0.2639
vn 0.6201 0.7821 0.0617
vn -0.6861 0.7257 -0.0517
vn 0.5058 0.7565 0.4146
vn -0.6021 0.7825 -0.1586
vn -0.6084 0.7187 -0.3367
vn 0.0553 0.7092 -0.7029
vn 0.2042 0.7711 0.6031
vn -0.3976 0.7827 -0.4788
vn 0.2930 0.7826 -0.5493
vn 0.2930 0.7825 -0.5493
vn 0.2930 0.7825 -0.5494
vn -0.0809 0.7673 0.6362
vn 0.2794 0.5200 0.8072
vn 0.2699 0.6071 -0.7474
vn -0.5807 0.4167 -0.6994
vn -0.2852 0.6254 -0.7263
vn -0.0924 0.4527 -0.8868
vn -0.3362 0.6125 0.7154
vn -0.5313 0.4773 0.6999
vn 0.7248 0.6466 -0.2378
vn -0.7604 0.5523 0.3418
vn 0.6647 0.5974 0.4486
vn -0.8421 0.4937 -0.2171
vn -0.3914 -0.4987 -0.7733
vn -0.2639 -0.7006 -0.6629
vn -0.0668 -0.2819 -0.9571
vn -0.3321 -0.6374 0.6953
vn -0.3321 -0.6372 0.6954
vn -0.3321 -0.6372 0.6955
vn 0.5321 -0.8274 -0.1796
vn 0.5319 -0.8276 -0.1794
vn 0.5320 -0.8275 -0.1795
vn -0.9928 -0.1033 0.0612
vn 0.5412 -0.7552 0.3697
vn 0.5413 -0.7552 0.3697
vn 0.5414 -0.7553 0.3695
vn 0.4952 -0.3536 0.7935
vn -0.8037 -0.1924 -0.5631
vn 0.1747 -0.7669 0.6176
vn 0.2718 -0.5283 -0.8044
vn 0.7078 0.7064 0.0059
vn -0.8080 0.5864 0.0578
vn -0.8079 0.5865 0.0577
vn 0.6024 0.7184 0.3477
vn 0.6024 0.7184 0.3478
vn -0.6003 0.7973 -0.0626
vn -0.6695 0.5800 -0.4641
vn 0.4943 0.7614 -0.4195
vn 0.7035 0.5820 -0.4078
vn 0.7035 0.5821 -0.4079
vn 0.2909 0.3206 0.9014
vn 0.1707 0.8193 0.5474
vn 0.1706 0.8193 0.5473
vn 0.1709 0.8193 0.5474
vn -0.2303 0.0623 0.9711
vn 0.3650 0.5174 -0.7740
vn -0.0478 0.6827 -0.7292
vn 0.8270 0.4864 0.2819
vn -0.6454 0.1723 0.7442
vn 0.9117 0.1160 -0.3940
vn -0.9908 0.0860 0.1041
vn 0.1121 0.1871 -0.9759
vn 0.1121 0.1872 -0.9759
vn -0.0582 0.1708 0.9836
vn -0.3335 0.0124 -0.9427
vn 0.1615 -0.0155 -0.9868
vn -0.8607 0.0054 -0.5091
vn 0.1872 0.0137 0.9822
vn 0.5992 -0.0013 -0.8006
vn -0.3904 -0.0049 -0.9207
vn 0.5835 0.0010 -0.8121
vn -0.5928 0.0002 0.8053
vn 0.9592 -0.0040 -0.2826
vn -0.9711 0.0026 0.2387
vn 0.1477 -0.9686 -0.2001
vn 0.2507 -0.9579 -0.1397
vn 0.2445 -0.9669 -0.0733
vn -0.2430 -0.9578 0.1533
vn 0.2388 -0.9616 0.1349
vn -0.2260 -0.9606 -0.1619
vn 0.0430 -0.9682 -0.2465
vn -0.2020 0.5770 0.7914
vn 0.3864 0.8205 0.4212
vn -0.6187 0.6039 -0.5025
vn -0.6187 0.6040 -0.5024
vn -0.6187 0.6041 -0.5023
vn 0.3240 0.6711 -0.6668
vn -0.3722 0.7571 -0.5369
vn 0.1612 0.7680 0.6198
vn 0.1613 0.7679 0.6199
vn -0.3420 0.7295 -0.5923
vn -0.2015 0.5791 0.7899
vn 0.5529 0.7574 -0.3473
vn -0.5268 0.8004 0.2859
vn 0.5824 0.8042 0.1182
vn 0.6414 -0.6857 -0.3441
vn -0.4105 0.6995 -0.5850
vn 0.6661 0.4936 -0.5592
vn -0.3465 0.4749 0.8090
vn -0.7239 0.6365 0.2661
vn 0.8336 0.5217 0.1814
vn 0.5837 0.5300 0.6151
vn 0.5836 0.5300 0.6152
vn 0.5837 0.5300 0.6152
vn -0.7979 0.4534 -0.3971
vn 0.2019 0.4810 0.8532
vn -0.9355 0.1167 0.3335
vn 0.9626 0.1230 0.2415
vn 0.1310 0.0702 0.9889
vn 0.6875 0.3429 -0.6401
vn 0.6876 0.3430 -0.6400
vn 0.6877 0.3430 -0.6399
vn -0.5008 0.0344 0.8649
vn 0.9022 0.0547 -0.4277
vn 0.9434 0.2850 -0.1696
vn -0.3517 -0.9051 -0.2388
vn 0.2288 -0.5670 -0.7913
vn -0.0265 -0.8263 0.5626
vn -0.2114 -0.5623 -0.7995
vn -0.3093 -0.6235 0.7181
vn 0.7453 -0.5302 -0.4042
vn -0.3866 -0.8141 0.4333
vn 0.4132 -0.9072 -0.0794
vn 0.5954 -0.7756 0.2095
vn 0.3408 -0.7748 0.5325
vn 0.8796 0.4621 -0.1129
vn -0.7033 0.5917 -0.3939
vn -0.6667 0.5781 0.4705
vn -0.8154 0.5488 0.1840
vn -0.5138 0.8577 -0.0155
vn -0.5137 0.8578 -0.0156
vn -0.5139 0.8577 -0.0153
vn -0.7882 0.4483 -0.4216
vn 0.0800 0.5615 0.8236
vn -0.2970 0.6849 -0.6653
vn 0.5836 -0.3840 0.7155
vn 0.9827 -0.1845 -0.0160
vn -0.7630 -0.3679 0.5315
vn 0.4788 -0.4157 0.7733
vn 0.1140 -0.3909 -0.9133
vn 0.1950 -0.3812 0.9037
vn -0.5794 -0.3844 -0.7187
vn -0.2059 -0.3754 -0.9037
vn -0.3846 -0.3991 0.8324
vn 0.7183 -0.4114 -0.5610
vn 0.9265 -0.3758 0.0190
vn 0.8560 -0.4202 0.3010
vn -0.9177 -0.3949 -0.0426
vn -0.4970 0.8660 -0.0559
vn 0.4310 -0.4471 -0.7838
vn 0.8639 -0.4430 -0.2396
vn -0.8661 -0.4425 0.2327
vn 0.3047 0.8302 0.4669
vn 0.7238 0.6816 0.1074
vn -0.8112 0.2349 -0.5355
vn -0.2844 0.8339 -0.4729
vn -0.0227 0.9283 0.3711
vn -0.0228 0.9283 0.3710
vn 0.2356 0.7542 0.6129
vn 0.0631 0.6460 -0.7607
vn 0.0562 0.8600 -0.5072
vn -0.3642 0.8049 -0.4685
vn -0.4881 0.8214 0.2950
vn -0.4398 0.8642 0.2443
vn 0.5482 0.8290 0.1107
vn 0.6359 0.6636 -0.3940
vn 0.4875 0.8231 -0.2913
vn 0.0700 0.8067 -0.5868
vn 0.8930 0.2239 -0.3904
vn -0.9044 0.1150 -0.4109
vn 0.9140 0.2196 0.3413
vn -0.3730 0.2180 -0.9019
vn 0.3720 0.2019 -0.9060
vn -0.0155 0.9999 -0.0039
vn 0.0050 0.9999 0.0152
vn -0.0060 0.9999 -0.0132
vn 0.0019 0.9998 -0.0183
vn -0.0039 1.0000 0.0021
vn -0.0043 1.0000 0.0028
vn -0.0164 0.9999 0.0003
vn -0.0092 0.9999 -0.0059
vn -0.1492 -0.7698 -0.6206
vn 0.2711 0.5686 0.7767
vn 0.2515 0.4497 -0.8571
vn 0.0960 0.4440 0.8909
vn -0.8243 0.5363 -0.1814
vn -0.8244 0.5362 -0.1814
vn 0.0140 0.6010 -0.7991
vn 0.6355 -0.7592 -0.1405
vn 0.5447 -0.8179 0.1851
vn 0.5628 -0.7626 0.3189
vn 0.0096 -0.8378 -0.5459
vn -0.4728 -0.7622 -0.4422
vn 0.2007 -0.7880 0.5821
vn 0.2008 -0.7879 0.5821
vn 0.2007 -0.7879 0.5821
vn 0.3433 -0.7287 -0.5926
vn -0.7768 -0.1080 -0.6205
vn 0.3164 -0.3473 0.8828
vn -0.6939 -0.2155 -0.6871
vn 0.1065 -0.1049 0.9888
vn 0.1064 -0.1049 0.9888
vn -0.3049 -0.1425 -0.9417
vn -0.2273 -0.1544 0.9615
vn -0.6062 -0.1597 0.7791
vn -0.6062 -0.1598 0.7791
vn 0.9454 -0.2622 -0.1935
vn -0.9342 -0.2171 0.2832
vn 0.8728 -0.2475 0.4206
vn -0.9353 -0.3291 -0.1299
vn -0.9495 -0.1386 -0.2814
vn 0.6137 -0.1151 0.7811
vn 0.8565 0.5161 -0.0007
vn -0.6852 0.4663 0.5596
vn -0.6852 0.4665 0.5593
vn -0.6851 0.4663 0.5597
vn 0.7338 0.3388 0.5889
vn 0.6139 0.1547 0.7741
vn 0.6139 0.1549 0.7741
vn 0.6138 0.1549 0.7741
vn 0.2960 0.3437 0.8912
vn 0.2959 0.3438 0.8912
vn 0.7093 0.2737 -0.6496
vn 0.7093 0.2737 -0.6495
vn 0.7094 0.2737 -0.6495
vn -0.6770 0.4599 -0.5746
vn -0.7495 0.3216 0.5786
vn -0.0890 0.8593 0.5037
vn 0.4808 0.7651 -0.4284
vn 0.4808 0.7650 -0.4284
vn -0.0543 0.8447 -0.5325
vn 0.4640 0.8809 0.0933
vn -0.5237 0.8510 0.0392
vn 0.0535 -0.6447 -0.7626
vn 0.6775 -0.4408 -0.5888
vn 0.9527 -0.3019 0.0358
vn 0.8063 0.0336 0.5905
vn 0.3941 -0.4098 0.8226
vn -0.2147 -0.3768 0.9011
vn -0.7642 -0.1853 0.6178
vn -0.8078 -0.5867 -0.0566
vn -0.4592 -0.7141 -0.5284
vn -0.4093 0.9109 -0.0524
vn 0.3854 0.8680 0.3130
vn 0.5313 0.8470 -0.0203
vn 0.2740 0.9098 -0.3117
vn -0.3530 0.9169 0.1861
vn -0.1471 0.8512 -0.5038
vn -0.1834 0.8151 0.5495
vn -0.5149 0.7963 -0.3174
vn 0.4698 0.8032 -0.3664
vn 0.1842 0.9115 0.3677
vn 0.0411 0.9197 -0.3905
vn 0.3555 0.9172 -0.1801
vn -0.5499 0.8343 0.0394
vn 0.1884 0.8016 -0.5674
vn -0.2348 0.9273 -0.2916
vn 0.6350 -0.0512 0.7708
vn -0.8767 -0.0003 -0.4811
vn 0.4391 -0.0536 0.8969
vn 0.1082 -0.0000 -0.9941
vn -0.6235 -0.0936 -0.7762
vn 0.1175 0.0002 0.9931
vn 0.4519 -0.0864 -0.8879
vn 0.6682 -0.0130 -0.7439
vn -0.2786 -0.1127 -0.9538
vn -0.3108 -0.0144 0.9504
vn 0.8831 -0.1001 -0.4584
vn -0.6285 -0.0154 0.7777
vn 0.9491 0.0826 -0.3039
vn -0.8827 -0.0968 0.4599
vn 0.9877 -0.0751 0.1370
vn -0.9902 -0.0750 0.1176
vn 0.8796 -0.0727 0.4702
vn -0.9887 -0.0473 -0.1423
vn 0.5591 0.7751 -0.2943
vn -0.4197 0.7262 0.5444
vn -0.5933 0.7575 0.2722
vn 0.6666 0.7243 0.1764
vn 0.5060 0.7588 0.4101
vn 0.3269 0.7279 0.6027
vn 0.0677 0.7301 0.6800
vn -0.3341 0.7074 -0.6229
vn 0.4474 0.7078 -0.5467
vn 0.2117 0.5768 0.7890
vn 0.2117 0.5767 0.7890
vn 0.4185 0.4690 -0.7777
vn -0.1210 0.4558 0.8818
vn 0.7695 0.4910 -0.4084
vn -0.7654 0.5342 0.3588
vn -0.7655 0.5341 0.3588
vn 0.9099 0.4045 0.0920
vn 0.9098 0.4046 0.0921
vn 0.9099 0.4046 0.0921
vn 0.6643 0.5101 0.5464
vn -0.7547 0.5962 -0.2739
vn -0.0191 -0.1609 0.9868
vn -0.4460 -0.4655 0.7645
vn 0.8173 -0.3268 -0.4746
vn -0.7339 -0.4553 0.5041
vn -0.5871 -0.7614 0.2750
vn 0.9723 -0.2320 0.0271
vn 0.7712 -0.4828 0.4149
vn -0.5463 -0.8138 -0.1981
vn 0.2698 -0.6386 -0.7207
vn 0.6051 0.7141 0.3519
vn 0.4105 0.6322 0.6571
vn 0.2516 0.6375 -0.7282
vn 0.0154 0.5967 0.8023
vn 0.7143 0.6998 0.0012
vn -0.5934 0.7190 0.3619
vn -0.2108 0.8776 -0.4305
vn -0.1075 0.7084 0.6975
vn -0.4315 0.5877 0.6843
vn -0.6516 0.6662 0.3628
vn 0.3502 0.4966 -0.7942
vn -0.6578 0.3214 -0.6812
vn -0.2741 0.4941 -0.8250
vn -0.2971 0.5434 0.7852
vn 0.7556 0.3349 -0.5629
vn 0.8160 0.5155 -0.2614
vn -0.7040 0.2460 0.6662
vn 0.9419 0.3317 -0.0521
vn -0.8452 0.4984 0.1929
vn 0.8025 0.3657 0.4715
vn -0.9341 0.3408 -0.1068
vn -0.7725 0.5140 -0.3728
vn 0.3764 0.4757 0.7950
vn -0.7579 0.0958 0.6453
vn 0.8991 0.1288 0.4184
vn -0.9434 0.0708 -0.3239
vn 0.5228 -0.0033 0.8525
vn 0.5405 -0.0286 -0.8409
vn 0.5405 -0.0287 -0.8409
vn -0.4801 0.1516 -0.8640
vn -0.9787 -0.0033 0.2052
vn 0.8703 0.0124 0.4924
vn -0.9150 -0.0122 -0.4033
vn -0.9150 -0.0120 -0.4032
vn 0.5105 -0.0178 0.8597
vn 0.1388 -0.0118 -0.9903
vn -0.4930 -0.0200 -0.8698
vn -0.0691 -0.0228 0.9974
vn -0.6642 -0.0142 0.7475
vn 0.9571 -0.0026 -0.2898
vn 0.9553 -0.0177 0.2952
vn 0.9553 -0.0179 0.2951
vn 0.9553 -0.0176 0.2952
vn -0.1004 -0.9663 -0.2369
vn -0.0189 -0.9610 0.2758
vn -0.0696 -0.9529 -0.2951
vn -0.1223 -0.9793 0.1616
vn 0.2930 -0.9560 -0.0163
vn -0.2324 -0.9710 0.0551
vn -0.2323 -0.9711 0.0551
vn 0.2457 -0.9571 0.1538
vn -0.3009 -0.9531 -0.0339
vn -0.2237 -0.9658 -0.1308
vn 0.1281 -0.9518 0.2787
vn 0.0487 -0.9686 0.2438
vn 0.1155 -0.9590 -0.2587
vn -0.6539 -0.5823 0.4831
vn -0.1487 -0.7823 -0.6048
vn -0.5928 0.8039 0.0478
vn 0.7056 0.5836 0.4019
vn -0.7575 0.6502 -0.0591
vn -0.5678 0.7769 -0.2721
vn 0.0319 0.6833 -0.7295
vn 0.2781 0.6509 0.7064
vn 0.3009 0.6977 -0.6501
vn -0.2246 0.8471 0.4817
vn -0.2247 0.8471 0.4817
vn -0.1277 0.8586 -0.4964
vn -0.1275 0.8585 -0.4966
vn -0.1274 0.8585 -0.4967
vn 0.5036 0.8212 -0.2685
vn 0.7615 0.6467 -0.0425
vn -0.6492 0.5799 0.4922
vn -0.9911 -0.1049 0.0818
vn 0.0947 0.6438 0.7593
vn 0.3353 0.6316 -0.6990
vn -0.1675 0.4287 -0.8878
vn -0.3878 0.6245 0.6780
vn 0.5849 0.7596 -0.2842
vn -0.7239 0.4216 0.5461
vn 0.8456 0.5176 -0.1307
vn 0.7928 0.5761 0.1989
vn -0.7689 0.6333 -0.0881
vn -0.7689 0.6333 -0.0879
vn -0.7689 0.6333 -0.0880
vn 0.5933 0.5187 0.6156
vn -0.8294 0.3871 0.4028
vn -0.0170 0.5961 -0.8028
vn -0.7135 0.5131 -0.4772
vn 0.5658 0.1867 -0.8031
vn 0.5659 0.1868 -0.8030
vn 0.5659 0.1867 -0.8031
vn -0.3683 0.2230 -0.9026
vn 0.9086 0.2643 0.3235
vn 0.9086 0.2642 0.3236
vn -0.8839 0.4362 0.1685
vn 0.6903 0.0796 0.7191
vn -0.9333 0.0417 -0.3567
vn 0.4791 0.3406 0.8090
vn 0.3304 -0.0845 -0.9401
vn -0.0472 0.2886 0.9563
vn -0.2775 0.3201 -0.9058
vn -0.6246 0.3087 0.7174
vn -0.7199 0.3872 -0.5760
vn -0.8878 0.4293 0.1660
vn -0.4418 -0.8096 -0.3866
vn 0.0851 -0.6742 0.7336
vn 0.2320 -0.6147 -0.7539
vn -0.2138 -0.7949 -0.5679
vn 0.4847 -0.7930 -0.3692
vn -0.5838 -0.6625 0.4694
vn -0.4268 -0.9000 0.0880
vn 0.5927 -0.7777 0.2095
vn -0.8241 -0.5643 -0.0492
vn 0.3009 -0.8070 0.5081
vn 0.8950 0.0230 -0.4454
vn 0.8436 -0.4624 0.2730
vn -0.8318 -0.5528 -0.0502
vn -0.6666 0.5783 0.4704
vn 0.7923 0.6048 -0.0804
vn 0.7923 0.6048 -0.0806
vn 0.7922 0.6050 -0.0801
vn 0.5130 0.8394 0.1794
vn 0.7466 0.5225 0.4118
vn 0.5165 0.5203 0.6801
vn -0.7340 0.5295 -0.4253
vn 0.3921 0.6725 0.6277
vn 0.3920 0.6724 0.6278
vn 0.3919 0.6724 0.6279
vn 0.2912 0.2271 -0.9293
vn 0.2911 0.2270 -0.9294
vn 0.2913 0.2272 -0.9293
vn 0.0477 0.6145 0.7875
vn 0.0476 0.6145 0.7875
vn -0.4111 0.4984 -0.7632
vn -0.3043 0.5590 0.7713
vn 0.4985 0.7509 -0.4332
vn 0.0426 0.7532 -0.6564
vn -0.3234 0.6534 0.6845
vn -0.3234 0.6534 0.6844
vn 0.0531 -0.3526 -0.9343
vn 0.0532 -0.3526 -0.9342
vn 0.0530 -0.3526 -0.9343
vn 0.6791 -0.3360 -0.6526
vn -0.7913 -0.4089 -0.4546
vn 0.0658 -0.3978 0.9151
vn 0.3138 -0.3138 -0.8962
vn -0.4350 -0.4168 -0.7982
vn -0.0230 -0.3778 0.9256
vn -0.4139 -0.3913 0.8219
vn 0.8665 -0.3971 -0.3025
vn -0.7699 -0.3771 0.5148
vn -0.8643 -0.3378 0.3726
vn 0.8149 -0.3843 0.4338
vn -0.9176 -0.3951 -0.0423
vn -0.9177 -0.3950 -0.0423
vn -0.9177 -0.3951 -0.0423
vn -0.8166 -0.3960 -0.4200
vn -0.5009 0.8630 0.0653
vn 0.6830 -0.4426 -0.5810
vn -0.6965 -0.4533 0.5562
vn 0.0540 -0.4374 -0.8976
vn -0.4847 0.4643 0.7413
vn 0.1358 0.8954 0.4241
vn 0.3892 0.9201 -0.0439
vn 0.1977 0.8356 -0.5126
vn -0.5239 0.8081 -0.2695
vn -0.2136 0.9117 0.3508
vn -0.1870 0.8504 0.4918
vn 0.3595 0.9287 -0.0909
vn 0.2064 0.8495 -0.4856
vn -0.4985 0.8403 -0.2131
vn -0.2202 0.7729 0.5951
vn -0.4746 0.8682 0.1448
vn 0.4889 0.7964 0.3560
vn 0.5067 0.8416 0.1867
vn 0.5991 0.7941 -0.1022
vn -0.1981 0.8393 -0.5062
vn -0.2128 0.2397 0.9472
vn 0.5141 0.2423 0.8228
vn -0.8115 0.1707 0.5589
vn 0.0043 0.9998 -0.0180
vn 0.0046 0.9998 -0.0172
vn -0.0117 0.9998 -0.0158
vn 0.0019 0.9999 0.0133
vn -0.0001 0.9999 0.0143
vn -0.0093 0.9999 -0.0041
vn 0.0041 0.9998 0.0169
vn -0.5146 0.4370 -0.7377
vn -0.4671 0.5982 0.6512
vn 0.7155 0.5721 -0.4010
vn 0.8443 0.4624 -0.2707
vn -0.7020 0.4331 0.5654
vn 0.7758 0.5659 0.2791
vn 0.7567 0.4664 0.4581
vn -0.7650 0.5941 -0.2487
vn -0.3277 -0.8246 0.4612
vn 0.4898 -0.8285 -0.2714
vn -0.4083 -0.7917 0.4545
vn -0.6124 -0.7538 0.2384
vn -0.5961 -0.7966 -0.1009
vn -0.5962 -0.7965 -0.1009
vn -0.5961 -0.7965 -0.1009
vn -0.5197 -0.8374 -0.1690
vn 0.1914 -0.7925 0.5791
vn -0.1291 -0.7749 0.6187
vn 0.1398 -0.0515 -0.9888
vn 0.1399 -0.0516 -0.9888
vn 0.4522 -0.4237 -0.7848
vn -0.2378 -0.1917 -0.9522
vn -0.2379 -0.1917 -0.9522
vn -0.2378 -0.1916 -0.9522
vn -0.2518 -0.1381 0.9579
vn -0.2518 -0.1382 0.9579
vn 0.7705 -0.0026 -0.6375
vn -0.6305 -0.2171 0.7452
vn 0.9800 -0.1728 -0.0988
vn -0.9342 -0.1495 0.3240
vn 0.8276 -0.3222 0.4596
vn -0.9580 0.0181 0.2862
vn 0.9197 0.3906 0.0403
vn 0.8801 0.1767 0.4406
vn -0.9456 0.3013 -0.1226
vn 0.2342 0.2662 -0.9350
vn 0.4703 0.7917 0.3900
vn 0.4702 0.7917 0.3899
vn -0.6899 0.6944 -0.2048
vn -0.6899 0.6943 -0.2048
vn -0.6897 0.6945 -0.2046
vn -0.3686 0.5720 -0.7328
vn -0.2863 0.6062 0.7420
vn 0.6598 0.5583 -0.5029
vn 0.6599 0.5584 -0.5027
vn 0.6598 0.5584 -0.5028
vn -0.6217 0.7668 -0.1599
vn 0.0233 0.8224 -0.5684
vn 0.1273 0.7716 0.6232
vn -0.0576 0.8222 0.5663
vn -0.0760 0.8400 -0.5372
vn 0.4933 0.8676 0.0633
vn 0.4934 0.8675 0.0634
vn -0.5496 0.7965 0.2520
vn -0.5497 0.7965 0.2520
vn 0.0031 1.0000 0.0034
vn -0.0690 0.9949 0.0736
vn -0.0692 0.9949 0.0736
vn -0.0693 0.9949 0.0735
vn 0.1815 0.3153 -0.9315
vn 0.6993 0.3765 -0.6076
vn 0.9506 0.2876 -0.1166
vn 0.9153 0.2650 0.3033
vn 0.6479 0.3480 0.6775
vn 0.0922 0.4552 0.8856
vn 0.0922 0.4553 0.8855
vn -0.3662 0.1987 0.9091
vn -0.7559 0.2613 0.6003
vn -0.9750 0.0743 0.2093
vn -0.9189 0.2669 -0.2907
vn -0.6868 0.3314 -0.6469
vn -0.3045 -0.1086 -0.9463
vn 0.0130 -0.9999 0.0099
vn -0.2987 0.7943 0.5291
vn -0.4197 0.8198 -0.3895
vn 0.5672 0.7274 -0.3862
vn 0.4730 0.8374 0.2739
vn -0.0239 0.3529 0.9353
vn 0.2399 0.8646 -0.4414
vn -0.5633 0.6982 0.4419
vn 0.7755 0.6232 -0.1006
vn -0.7921 0.5566 -0.2507
vn -0.2510 0.5750 -0.7787
vn 0.6551 0.4947 -0.5710
vn 0.3041 0.8118 0.4985
vn 0.1504 0.5673 -0.8096
vn -0.0455 0.8219 0.5678
vn -0.7528 0.0754 -0.6539
vn 0.3847 0.5108 -0.7688
vn -0.1091 0.5657 0.8174
vn 0.7733 0.4452 -0.4515
vn -0.7873 0.2413 0.5674
vn 0.6302 0.5904 0.5042
vn -0.0990 0.8007 -0.5908
vn 0.6360 0.7181 -0.2824
vn -0.4412 0.7554 0.4845
vn -0.4413 0.7553 0.4845
vn 0.8745 0.4836 -0.0373
vn -0.8507 0.4924 0.1837
vn 0.5505 0.8120 0.1938
vn -0.5943 0.7738 -0.2191
vn 0.2722 0.8565 0.4385
vn 0.0748 0.8326 0.5488
vn -0.2893 0.8459 -0.4480
vn 0.2288 0.8487 -0.4769
vn -0.8531 0.1485 0.5001
vn 0.7283 0.3285 0.6014
vn -0.8908 -0.0644 -0.4498
vn 0.1304 0.5678 0.8128
vn 0.3587 0.3572 -0.8624
vn -0.2517 0.5446 -0.8000
vn -0.3460 0.5012 0.7931
vn 0.8389 0.2224 -0.4969
vn 0.6546 0.5166 0.5519
vn -0.7801 0.4803 -0.4009
vn 0.1205 0.6203 0.7750
vn -0.2428 0.5798 -0.7778
vn 0.2928 0.7411 -0.6041
vn -0.2084 0.7095 0.6732
vn 0.6560 0.7480 -0.1011
vn 0.6559 0.7480 -0.1011
vn 0.6559 0.7481 -0.1010
vn -0.6345 0.6846 0.3587
vn -0.0952 0.0100 -0.9954
vn 0.7574 0.3872 -0.5258
vn -0.7887 0.3000 0.5366
vn -0.3109 0.0236 0.9502
vn 0.8138 -0.1271 -0.5670
vn -0.8122 -0.1262 0.5696
vn 0.3534 0.0258 0.9351
vn -0.7176 -0.1074 -0.6881
vn -0.3300 -0.0112 -0.9439
vn -0.3300 -0.0111 -0.9439
vn 0.4715 -0.0062 -0.8819
vn 0.9133 -0.3309 0.2375
vn 0.3103 -0.1390 0.9404
vn 0.9004 -0.4015 -0.1677
vn 0.0828 -0.0342 -0.9960
vn 0.3850 -0.1500 -0.9107
vn -0.2833 0.2031 -0.9373
vn 0.0146 -0.0010 0.9999
vn -0.0730 0.0312 -0.9968
vn -0.5179 0.4039 0.7540
vn 0.9755 -0.1262 0.1802
vn 0.3155 -0.0441 0.9479
vn 0.6952 0.2266 -0.6821
vn 0.6952 0.2263 -0.6822
vn 0.6953 0.2265 -0.6822
vn 0.8545 0.0450 0.5174
vn -0.2938 0.1267 0.9474
vn -0.2939 0.1268 0.9474
vn 0.2741 0.1620 0.9479
vn -0.4664 0.2293 -0.8543
vn -0.2160 -0.0289 0.9760
vn 0.6373 0.5019 0.5847
vn 0.6455 0.3127 -0.6968
vn -0.6366 -0.0661 0.7684
vn -0.6366 -0.0662 0.7684
vn -0.9911 -0.1323 -0.0112
vn -0.9912 -0.1322 -0.0111
vn 0.5843 0.1853 0.7901
vn 0.5843 0.1855 0.7901
vn -0.9329 -0.0086 -0.3601
vn 0.0080 0.0203 -0.9998
vn 0.0080 0.0202 -0.9998
vn 0.0930 0.1156 0.9889
vn -0.8472 0.5147 0.1318
vn -0.8471 0.5148 0.1318
vn 0.7417 -0.1068 -0.6622
vn -0.8623 0.4209 -0.2816
vn 0.0993 -0.0484 -0.9939
vn 0.4521 0.0159 -0.8918
vn -0.4872 0.1672 0.8571
vn 0.9910 0.0706 -0.1137
vn 0.9910 0.0708 -0.1139
vn 0.9910 0.0705 -0.1137
vn -0.5082 -0.1859 -0.8409
vn -0.6841 -0.1507 0.7136
vn 0.4870 0.1354 -0.8629
vn 0.6098 -0.6884 0.3928
vn 0.0522 0.1559 0.9864
vn -0.0590 -0.0195 0.9981
vn 0.0024 -0.0378 -0.9993
vn 0.3077 0.2386 -0.9211
vn -0.2958 -0.1777 0.9386
vn 0.2072 0.2314 0.9505
vn -0.2193 -0.2446 0.9445
vn 0.0465 0.0827 0.9955
vn 0.1162 0.0623 -0.9913
vn 0.0244 -0.1430 -0.9894
vn 0.0581 0.1370 -0.9889
vn -0.4453 0.3234 0.8349
vn -0.0542 -0.0436 -0.9976
vn -0.4558 0.0234 0.8898
vn -0.4558 0.0233 0.8898
vn -0.4558 0.0236 0.8898
vn -0.4369 0.3086 0.8449
vn -0.3976 0.3368 0.8536
vn -0.8716 0.1987 0.4481
vn -0.8717 0.1986 0.4481
vn -0.3670 0.2119 0.9058
vn -0.2131 0.4893 -0.8457
vn -0.9860 0.0932 -0.1385
vn -0.9860 0.0931 -0.1385
vn -0.9860 0.0933 -0.1385
vn 0.3061 -0.2036 -0.9300
vn 0.3062 -0.2036 -0.9299
vn 0.6931 -0.0741 -0.7171
vn 0.9114 -0.2950 -0.2869
vn 0.9605 -0.2404 0.1403
vn 0.7688 -0.1958 0.6088
vn 0.7688 -0.1957 0.6088
vn 0.7689 -0.1957 0.6088
vn 0.3329 -0.4696 0.8177
vn 0.3326 -0.4693 0.8180
vn 0.3328 -0.4694 0.8179
vn -0.2284 -0.2875 0.9301
vn -0.6467 -0.3393 0.6831
vn -0.9105 -0.3957 0.1200
vn -0.7571 -0.4709 -0.4528
vn 0.7030 0.6717 0.2338
vn -0.2588 -0.3059 -0.9162
vn 0.0130 -0.9999 0.0100
vn 0.3350 0.0921 0.9377
vn -0.4495 0.7973 -0.4029
vn -0.5447 0.8386 0.0094
vn 0.0565 0.7925 0.6072
vn 0.5781 0.5486 0.6041
vn -0.5184 0.7801 0.3503
vn 0.6072 0.7942 0.0226
vn -0.2934 0.6499 0.7011
vn -0.2933 0.6498 0.7012
vn -0.2934 0.6500 0.7010
vn -0.7581 0.6344 0.1511
vn -0.0521 0.8445 -0.5330
vn -0.0521 0.8445 -0.5331
vn -0.0520 0.8447 -0.5328
vn 0.4737 0.3530 -0.8069
vn -0.1974 0.6140 -0.7642
vn -0.0839 0.1771 -0.9806
vn -0.4701 0.2127 0.8566
vn -0.5589 0.5554 0.6158
vn 0.8919 0.4513 -0.0282
vn -0.7955 0.5797 0.1763
vn -0.9872 0.1593 0.0059
vn 0.8136 0.3217 0.4843
vn -0.6854 0.5906 -0.4258
vn -0.1343 0.8536 -0.5033
vn -0.2060 0.8786 0.4309
vn -0.2059 0.8787 0.4308
vn 0.6362 0.6744 -0.3747
vn -0.5361 0.7940 0.2866
vn 0.5663 0.6831 0.4612
vn -0.6791 0.6001 -0.4227
vn 0.0919 0.8546 0.5111
vn 0.2165 0.8211 -0.5281
vn -0.8088 0.0349 0.5870
vn 0.9256 -0.1011 0.3647
vn -0.9298 0.0668 -0.3619
vn 0.5243 0.2652 0.8092
vn 0.1099 0.5341 0.8383
vn 0.1719 0.6025 -0.7794
vn -0.5315 0.2299 -0.8153
vn -0.1270 0.4233 -0.8971
vn -0.3133 0.4203 0.8516
vn 0.8104 0.1087 -0.5756
vn -0.4702 0.2271 -0.8528
vn 0.3408 0.7246 0.5990
vn -0.3683 0.7077 -0.6028
vn 0.1732 0.5970 -0.7833
vn 0.0153 0.7265 0.6870
vn -0.0109 0.7419 -0.6704
vn -0.2490 0.6669 0.7023
vn 0.6827 0.5193 -0.5140
vn -0.6381 0.6109 0.4686
vn 0.4203 0.0491 -0.9060
vn -0.2496 0.1265 0.9600
vn 0.9662 0.2392 -0.0962
vn 0.9662 0.2393 -0.0961
vn -0.8652 0.2228 0.4492
vn 0.4288 0.2977 0.8530
vn 0.4288 0.2976 0.8530
vn 0.0054 0.0462 0.9989
vn -0.0369 0.0012 -0.9993
vn 0.3895 -0.0137 -0.9209
vn -0.1916 -0.0016 0.9815
vn -0.4094 -0.0141 0.9123
vn 0.9817 -0.1046 -0.1593
vn -0.9146 -0.1298 0.3829
vn 0.6892 -0.0919 0.7187
vn 0.6893 -0.0922 0.7186
vn 0.6893 -0.0923 0.7186
vn -0.6775 -0.1054 -0.7279
vn 0.0669 0.0363 -0.9971
vn 0.0690 0.0252 0.9973
vn -0.8897 0.4006 -0.2189
vn 0.3632 -0.1181 -0.9242
vn 0.2690 -0.0850 0.9594
vn 0.1978 -0.0474 -0.9791
vn -0.9220 0.3864 0.0242
vn -0.9221 0.3863 0.0242
vn -0.9221 0.3863 0.0243
vn -0.0082 -0.0038 1.0000
vn -0.4159 0.2804 -0.8651
vn 0.0069 0.0125 -0.9999
vn 0.0068 0.0125 -0.9999
vn -0.1694 0.1100 0.9794
vn 0.5463 -0.0412 -0.8365
vn -0.3812 0.2489 0.8904
vn -0.5817 0.4545 0.6746
vn -0.5816 0.4544 0.6747
vn -0.5814 0.4545 0.6749
vn -0.6577 0.5423 -0.5228
vn -0.5006 0.4377 -0.7469
vn 0.8807 0.0375 0.4721
vn -0.7414 0.6697 -0.0426
vn 0.5686 0.1134 -0.8148
vn -0.8545 0.3667 0.3679
vn 0.3185 0.1043 -0.9422
vn 0.7191 0.5025 -0.4801
vn 0.6620 0.5028 0.5558
vn -0.2627 0.0259 -0.9645
vn 0.3164 0.1119 -0.9420
vn 0.9509 0.2749 -0.1420
vn 0.9509 0.2751 -0.1421
vn 0.9510 0.2748 -0.1419
vn -0.4940 0.0233 0.8691
vn -0.6326 -0.1219 -0.7648
vn 0.0296 0.1783 0.9835
vn 0.1809 0.1077 -0.9776
vn 0.9970 0.0431 -0.0643
vn 0.9970 0.0429 -0.0643
vn 0.9970 0.0433 -0.0645
vn 0.7777 -0.0368 0.6275
vn 0.0201 -0.0167 0.9997
vn -0.2474 0.0222 -0.9687
vn 0.3496 0.0493 0.9356
vn -0.7040 0.4451 -0.5534
vn -0.7040 0.4452 -0.5534
vn 0.5233 0.0969 -0.8466
vn -0.5204 0.1663 0.8376
vn -0.5068 -0.1749 -0.8441
vn -0.0181 0.0105 -0.9998
vn -0.0459 -0.0853 0.9953
vn -0.7029 -0.2686 0.6586
vn 0.7930 -0.5990 -0.1113
vn 0.5154 0.1598 -0.8419
vn 0.9361 0.3513 -0.0164
vn 0.6324 -0.5331 0.5620
vn 0.8672 0.2831 0.4097
vn 0.7028 -0.6157 0.3563
vn 0.3592 0.1390 0.9228
vn -0.0291 -0.0489 -0.9984
vn -0.0966 -0.1064 0.9896
vn -0.3547 0.9348 -0.0201
vn -0.3878 -0.3788 0.8403
vn 0.1539 0.1461 -0.9772
vn -0.2773 -0.4422 0.8530
vn -0.3975 -0.3537 -0.8467
vn 0.1829 0.1392 0.9732
vn 0.1159 0.0574 -0.9916
vn -0.0850 -0.0277 0.9960
vn -0.4320 -0.0282 -0.9014
vn 0.3024 0.2162 -0.9283
vn -0.3900 -0.1296 0.9116
vn -0.9807 0.1638 -0.1071
vn -0.3213 -0.0129 -0.9469
vn -0.1457 0.0031 0.9893
vn -0.0052 0.1500 0.9887
vn -0.4030 -0.1311 0.9058
vn -0.9065 0.0690 0.4164
vn -0.8673 0.0810 -0.4911
vn -0.8572 0.5123 -0.0518
vn -0.9257 0.3746 -0.0525
vn -0.3322 0.3145 -0.8893
vn -0.8981 0.2299 -0.3750
vn -0.3741 0.2873 -0.8817
vn -0.3858 0.3064 -0.8702
vn -0.3858 0.3063 -0.8702
vn -0.3858 0.3063 -0.8703
vn -0.2719 0.5318 0.8020
vn -0.2986 0.2013 -0.9329
vn 0.2890 -0.1206 -0.9497
vn 0.6288 0.2219 -0.7452
vn 0.8987 -0.0367 -0.4371
vn 0.9763 0.1569 0.1493
vn 0.6309 0.2349 0.7394
vn 0.1653 0.0995 0.9812
vn -0.3095 0.0930 0.9463
vn -0.6708 0.2814 0.6861
vn -0.9573 0.2657 0.1139
vn -0.8864 0.0755 -0.4568
vn -0.5995 0.0841 -0.7959
vn -0.2136 0.0769 -0.9739
vn -0.5741 0.5695 0.5883
vn -0.5917 0.7592 -0.2711
vn 0.5803 0.7967 0.1692
vn 0.5801 0.7968 0.1692
vn 0.5800 0.7968 0.1693
vn -0.7953 0.5987 0.0955
vn -0.6664 -0.3405 0.6633
vn 0.4058 0.7770 -0.4812
vn -0.2021 0.8457 -0.4939
vn -0.2566 0.8109 0.5258
vn 0.4800 0.8373 -0.2618
vn -0.5386 0.8275 0.1587
vn 0.5187 0.8429 0.1434
vn -0.4805 0.8436 -0.2397
vn 0.2510 0.8425 0.4767
vn 0.1508 0.8141 -0.5608
vn 0.7923 -0.5694 0.2191
vn 0.7921 -0.5695 0.2194
vn 0.7923 -0.5694 0.2193
vn -0.9307 -0.3333 0.1508
vn -0.7250 -0.5861 -0.3617
vn 0.3610 -0.6316 0.6861
vn 0.3606 -0.6318 0.6862
vn 0.3609 -0.6316 0.6862
vn 0.1975 -0.4944 -0.8465
vn 0.5875 -0.2132 -0.7806
vn -0.3221 -0.5260 -0.7871
vn -0.3141 -0.4574 0.8320
vn 0.7328 -0.5365 -0.4184
vn -0.9842 -0.0981 0.1475
vn -0.8675 0.3231 -0.3783
vn 0.2299 0.3691 -0.9005
vn 0.1164 0.6409 -0.7587
vn 0.1971 0.7988 0.5684
vn -0.4262 0.7269 -0.5384
vn -0.0047 0.6417 0.7670
vn 0.4924 0.6123 -0.6186
vn -0.2553 0.6761 0.6911
vn 0.8101 0.4537 -0.3714
vn -0.6282 0.5279 0.5715
vn -0.8486 0.4848 0.2118
vn 0.6087 0.7160 0.3418
vn -0.4975 0.8657 -0.0554
vn -0.5743 0.3810 -0.7245
vn -0.2997 0.3640 0.8819
vn 0.9159 0.3803 -0.1284
vn -0.8137 0.3389 0.4723
vn 0.8506 0.4290 0.3040
vn -0.9187 0.3665 -0.1469
vn 0.4144 0.4517 0.7901
vn -0.4240 0.2232 0.8777
vn 0.9586 0.2295 -0.1687
vn -0.9052 0.2473 0.3455
vn 0.9132 0.2780 0.2981
vn -0.8430 0.3042 -0.4436
vn 0.3264 0.2772 0.9037
vn 0.0839 0.2467 -0.9655
vn 0.7485 0.2575 -0.6111
vn -0.3112 0.3018 -0.9012
vn 0.7614 -0.5510 0.3417
vn -0.8799 0.0425 0.4733
vn 0.9102 0.0099 0.4141
vn 0.9102 0.0098 0.4142
vn 0.9102 0.0099 0.4142
vn -0.9638 0.0425 -0.2630
vn 0.4664 0.0148 0.8844
vn 0.3477 -0.0475 0.9364
vn 0.4367 0.0395 -0.8987
vn -0.4664 0.0506 -0.8831
vn -0.2854 0.0457 0.9573
vn 0.9549 0.0334 -0.2951
vn -0.7828 -0.5863 -0.2084
vn 0.4011 -0.5311 0.7463
vn 0.2573 -0.4246 -0.8681
vn -0.3920 -0.5668 -0.7246
vn -0.3398 -0.5879 0.7341
vn 0.8160 -0.3283 -0.4758
vn -0.7880 -0.5177 0.3334
vn 0.0678 0.5946 0.8011
vn -0.5095 0.8264 -0.2396
vn -0.0548 0.7592 -0.6485
vn -0.3085 0.6606 0.6844
vn 0.6278 0.6885 -0.3631
vn -0.8380 0.4026 0.3684
vn -0.6262 0.7443 -0.2321
vn 0.3807 0.7549 0.5341
vn 0.1989 0.5447 -0.8147
vn -0.5983 -0.7773 0.1944
vn -0.5324 -0.8290 0.1711
vn -0.3700 -0.9190 -0.1363
vn 0.2333 -0.9161 0.3262
vn 0.2331 -0.9161 0.3262
vn 0.2332 -0.9161 0.3262
vn 0.1783 -0.8655 -0.4681
vn -0.0394 -0.8822 -0.4692
vn -0.2003 -0.8988 0.3899
vn 0.3846 -0.9007 -0.2021
vn -0.7866 -0.4376 -0.4357
vn -0.7865 -0.4376 -0.4357
vn 0.2491 -0.3651 -0.8970
vn 0.0741 -0.3493 0.9341
vn 0.5967 -0.3060 -0.7418
vn -0.2789 -0.2844 0.9172
vn -0.1947 -0.4512 -0.8709
vn 0.7977 -0.4550 -0.3959
vn -0.6868 -0.3773 0.6212
vn 0.9114 -0.3876 0.1384
vn 0.9114 -0.3875 0.1384
vn -0.6261 0.0218 0.7794
vn -0.8738 -0.0757 0.4803
vn 0.9599 -0.1695 0.2233
vn 0.7810 -0.1522 0.6057
vn 0.9067 0.0192 -0.4213
vn 0.9790 0.2033 0.0138
vn -0.8175 0.1942 -0.5422
vn 0.2478 0.0876 -0.9648
vn 0.0670 0.2719 0.9600
vn -0.5101 0.2588 -0.8203
vn 0.6257 0.0561 -0.7780
vn -0.2018 0.1600 0.9663
vn -0.7746 0.4673 0.4262
vn -0.9472 0.3185 0.0363
vn 0.7586 0.5241 0.3871
vn -0.6721 0.7065 -0.2219
vn 0.1401 0.2365 -0.9615
vn 0.3155 0.5842 0.7478
vn 0.7676 0.2024 -0.6082
vn -0.5418 0.5016 0.6745
vn -0.5257 0.8164 -0.2390
vn 0.2549 0.8272 0.5008
vn 0.3034 0.7426 -0.5971
vn -0.2028 0.8314 -0.5174
vn 0.5847 0.7928 -0.1720
vn 0.4826 0.8553 0.1888
vn 0.0210 0.9567 0.2905
vn 0.0317 0.9113 0.4105
vn 0.1554 0.9826 -0.1021
vn -0.1507 0.9859 0.0731
vn 0.0792 0.9773 -0.1964
vn 0.3383 0.0465 -0.9399
vn 0.8557 -0.1980 -0.4781
vn 0.9343 -0.2548 0.2493
vn 0.5570 -0.0635 0.8281
vn 0.0877 -0.0633 0.9941
vn -0.4690 -0.2631 0.8431
vn -0.8890 -0.3537 0.2907
vn -0.9140 -0.1488 -0.3774
vn -0.6339 -0.0092 -0.7734
vn -0.1558 -0.0682 -0.9854
vn -0.0000 -1.0000 -0.0001
vn 0.5401 0.5795 0.6103
vn 0.7768 0.6181 0.1205
vn -0.5615 0.8109 0.1646
vn -0.2083 0.8555 0.4740
vn 0.6157 0.7424 -0.2642
vn -0.0982 0.7979 -0.5948
vn -0.2510 0.8425 0.4767
vn 0.4767 0.8403 -0.2581
vn -0.5184 0.8431 0.1431
vn 0.5386 0.8275 0.1587
vn -0.5046 0.8209 -0.2674
vn 0.2476 0.8580 0.4499
vn 0.1247 0.8280 -0.5467
vn -0.3838 0.7854 -0.4855
vn 0.1023 0.7807 0.6165
vn 0.9306 -0.3335 0.1508
vn -0.7922 -0.5696 0.2190
vn 0.6665 -0.3400 0.6635
vn 0.6663 -0.3401 0.6636
vn 0.6666 -0.3400 0.6634
vn -0.7673 -0.4778 -0.4277
vn 0.1923 -0.5036 -0.8422
vn 0.2379 -0.2226 0.9454
vn -0.5962 -0.2961 -0.7462
vn -0.5961 -0.2961 -0.7463
vn -0.2480 -0.4012 -0.8818
vn -0.3607 -0.6319 0.6860
vn -0.3609 -0.6317 0.6860
vn -0.3608 -0.6318 0.6861
vn 0.7079 -0.5931 -0.3834
vn 0.2142 -0.4868 0.8468
vn 0.8673 0.3236 -0.3782
vn 0.9841 -0.0983 0.1476
vn 0.9842 -0.0983 0.1475
vn 0.9841 -0.0980 0.1478
vn -0.8100 0.4537 -0.3715
vn 0.3295 0.6573 0.6778
vn 0.1342 0.6847 -0.7164
vn -0.4256 0.7311 -0.5333
vn 0.5269 0.6790 -0.5112
vn -0.2155 0.4765 -0.8524
vn -0.2317 0.7026 0.6728
vn 0.4974 0.8658 -0.0554
vn -0.6086 0.7161 0.3417
vn 0.8485 0.4849 0.2118
vn 0.6283 0.5280 0.5713
vn -0.5642 0.3663 -0.7400
vn 0.5971 0.3851 -0.7037
vn -0.4145 0.4518 0.7900
vn 0.9187 0.3667 -0.1467
vn -0.8507 0.4291 0.3038
vn 0.8137 0.3389 0.4723
vn -0.9159 0.3803 -0.1281
vn 0.2997 0.3640 0.8819
vn -0.4796 0.2579 0.8387
vn 0.8562 0.3040 -0.4177
vn -0.9270 0.2814 0.2480
vn 0.9026 0.2596 0.3434
vn -0.9589 0.2282 -0.1688
vn 0.4242 0.2212 0.8781
vn 0.4242 0.2213 0.8781
vn 0.3355 0.3081 -0.8903
vn -0.5896 0.1913 -0.7847
vn -0.9635 -0.0426 0.2644
vn 0.9452 -0.0370 0.3243
vn -0.8810 -0.0421 -0.4711
vn 0.3492 -0.0087 -0.9370
vn -0.3229 -0.0220 -0.9462
vn -0.4955 -0.0461 0.8674
vn 0.8953 -0.0344 -0.4442
vn -0.8434 -0.5120 -0.1630
vn 0.5312 -0.4180 0.7369
vn 0.0945 -0.4430 0.8915
vn -0.6174 -0.4706 -0.6304
vn 0.3635 -0.5786 -0.7301
vn -0.3086 -0.4415 -0.8425
vn -0.2646 -0.4066 0.8744
vn 0.8021 -0.5457 -0.2425
vn -0.8117 -0.3933 0.4318
vn 0.9118 -0.3608 0.1962
vn -0.2219 0.6255 -0.7480
vn -0.3431 0.8065 0.4816
vn 0.5473 0.8042 -0.2317
vn 0.8975 0.3915 0.2032
vn -0.7021 0.6291 -0.3336
vn 0.3804 0.7591 0.5283
vn 0.5388 -0.8216 0.1861
vn -0.4129 -0.8808 -0.2317
vn 0.2261 -0.9087 0.3509
vn 0.0302 -0.8741 0.4848
vn -0.0753 -0.9147 -0.3971
vn -0.2180 -0.9272 0.3046
vn 0.3602 -0.9204 -0.1519
vn 0.5782 -0.7920 0.1959
vn -0.7679 -0.5119 -0.3851
vn -0.7679 -0.5119 -0.3850
vn -0.7678 -0.5120 -0.3851
vn 0.4230 -0.4290 0.7981
vn 0.3328 -0.4582 -0.8242
vn 0.3328 -0.4583 -0.8241
vn -0.6014 -0.2818 -0.7476
vn 0.1344 -0.4458 0.8850
vn -0.2261 -0.4094 -0.8839
vn -0.2260 -0.4091 -0.8841
vn -0.2261 -0.4092 -0.8840
vn -0.4159 -0.5690 0.7094
vn 0.8010 -0.4389 -0.4071
vn -0.9113 -0.3875 0.1389
vn 0.7494 0.2868 -0.5968
vn -0.2328 -0.0536 -0.9711
vn -0.3278 -0.1034 0.9391
vn -0.3277 -0.1034 0.9391
vn -0.3278 -0.1033 0.9391
vn -0.7728 -0.1578 0.6147
vn -0.9599 -0.1696 0.2234
vn 0.8738 -0.0753 0.4805
vn 0.6537 -0.1349 0.7446
vn -0.9790 0.2034 0.0138
vn 0.5678 0.0916 0.8181
vn -0.9067 0.0191 -0.4213
vn 0.1418 0.2233 -0.9644
vn 0.1898 0.1129 0.9753
vn -0.6167 0.1782 -0.7668
vn 0.5192 0.8108 0.2704
vn -0.7816 0.5100 0.3591
vn 0.9472 0.3185 0.0363
vn 0.7633 0.4909 0.4200
vn 0.5755 0.3523 0.7380
vn 0.1060 0.4305 0.8964
vn 0.3258 0.6964 -0.6394
vn -0.3498 0.5323 -0.7709
vn -0.5408 0.4877 0.6853
vn 0.7018 0.6826 -0.2038
vn 0.7019 0.6826 -0.2037
vn 0.7019 0.6825 -0.2036
vn -0.5924 0.7783 -0.2082
vn -0.5925 0.7782 -0.2082
vn -0.5923 0.7783 -0.2081
vn 0.1317 0.8483 -0.5129
vn -0.2768 0.7844 -0.5551
vn -0.2769 0.7842 -0.5552
vn -0.2768 0.7844 -0.5550
vn -0.1194 0.8342 0.5384
vn -0.2857 0.7983 0.5301
vn 0.4469 0.8629 -0.2357
vn -0.4951 0.8537 0.1613
vn -0.3658 0.9103 0.1939
vn -0.1441 0.9867 0.0751
vn 0.1401 0.9897 -0.0295
vn 0.1940 0.9787 0.0674
vn -0.1961 0.9760 -0.0951
vn -0.0988 0.9711 -0.2173
vn 0.2821 0.1532 -0.9471
vn 0.6369 0.1558 -0.7550
vn 0.8795 0.0941 -0.4665
vn 0.9746 0.2178 -0.0521
vn 0.8862 0.0759 0.4570
vn 0.6051 0.1009 0.7897
vn 0.1662 0.0294 0.9857
vn -0.3719 0.0698 0.9257
vn -0.8748 -0.0533 0.4815
vn -0.9876 0.1359 -0.0789
vn -0.8616 0.1705 -0.4781
vn -0.6000 0.0623 -0.7976
vn -0.2109 0.1199 -0.9701
vn 0.8028 0.5946 -0.0455
vn -0.7392 0.5354 0.4085
vn -0.5724 0.7740 -0.2706
vn 0.5092 0.8402 0.1863
vn 0.4057 0.7771 -0.4812
vn -0.3310 0.7268 0.6019
vn -0.6502 0.7362 0.1875
vn 0.5186 0.8429 0.1434
vn -0.4248 0.9047 -0.0330
vn 0.3026 0.8181 0.4891
vn 0.1508 0.8141 -0.5607
vn -0.3570 0.8397 -0.4091
vn 0.9556 -0.2803 -0.0916
vn -0.8048 -0.3352 0.4899
vn 0.7025 -0.6847 0.1942
vn -0.8091 -0.5843 -0.0629
vn 0.4098 -0.6270 0.6625
vn -0.5437 -0.5627 -0.6228
vn -0.5438 -0.5626 -0.6227
vn -0.5438 -0.5625 -0.6228
vn 0.5875 -0.2131 -0.7807
vn -0.2610 -0.2634 0.9287
vn 0.7342 -0.5440 -0.4062
vn -0.9462 0.3228 -0.0248
vn -0.2191 -0.5429 0.8107
vn -0.8561 -0.0993 0.5071
vn 0.2298 0.3691 -0.9005
vn 0.1164 0.6411 -0.7586
vn 0.1163 0.6411 -0.7586
vn 0.2317 0.7025 0.6729
vn -0.4263 0.7268 -0.5385
vn 0.4926 0.6121 -0.6187
vn -0.3806 0.5876 0.7140
vn 0.7474 0.5198 -0.4137
vn -0.6656 0.5512 0.5032
vn 0.7063 0.7044 -0.0702
vn 0.4902 0.8293 0.2684
vn 0.4900 0.8293 0.2684
vn -0.7948 0.5976 -0.1056
vn -0.7947 0.5977 -0.1056
vn -0.5744 0.3810 -0.7245
vn -0.2998 0.3640 0.8818
vn 0.9159 0.3803 -0.1283
vn 0.8506 0.4290 0.3039
vn -0.9188 0.3664 -0.1469
vn 0.4145 0.4517 0.7900
vn -0.4240 0.2231 0.8777
vn 0.9586 0.2295 -0.1686
vn -0.9053 0.2473 0.3455
vn -0.8431 0.3042 -0.4435
vn 0.3264 0.2773 0.9036
vn 0.7484 0.2573 -0.6113
vn 0.7483 0.2575 -0.6114
vn 0.7482 0.2576 -0.6114
vn -0.3112 0.3019 -0.9011
vn 0.7983 -0.4832 0.3594
vn 0.7983 -0.4833 0.3594
vn 0.7984 -0.4832 0.3594
vn 0.9101 0.0099 0.4142
vn -0.9638 0.0425 -0.2631
vn -0.8381 -0.4972 -0.2242
vn 0.3958 -0.5500 0.7354
vn 0.3957 -0.5500 0.7355
vn 0.0884 -0.4268 -0.9000
vn -0.3874 -0.5815 -0.7154
vn 0.5295 -0.4248 -0.7343
vn -0.2501 -0.4982 0.8302
vn 0.8883 -0.4180 -0.1903
vn -0.7877 -0.4104 0.4595
vn -0.1960 0.5586 0.8059
vn -0.1960 0.5586 0.8060
vn -0.3060 -0.8858 0.3489
vn -0.1060 0.7308 -0.6743
vn 0.8769 0.4373 -0.1994
vn -0.7816 0.4283 0.4534
vn 0.6084 0.7602 0.2279
vn -0.5823 0.7838 -0.2159
vn 0.2354 0.6641 0.7097
vn 0.2352 0.6641 0.7097
vn 0.4579 0.6213 -0.6359
vn -0.5352 -0.8392 0.0963
vn 0.3902 -0.9092 0.1455
vn -0.3369 -0.9333 -0.1241
vn 0.0222 -0.8842 -0.4665
vn 0.1403 -0.8953 0.4229
vn 0.2802 -0.8928 -0.3527
vn -0.0650 -0.9085 -0.4128
vn 0.4879 -0.8540 -0.1805
vn -0.8908 -0.4456 -0.0889
vn 0.5766 -0.4435 0.6862
vn -0.7429 -0.4631 -0.4833
vn 0.2498 -0.3584 -0.8995
vn 0.2499 -0.3586 -0.8994
vn 0.2499 -0.3585 -0.8995
vn -0.4132 -0.4570 -0.7876
vn 0.5869 -0.3507 -0.7298
vn -0.2918 -0.2415 0.9255
vn 0.8308 -0.3183 -0.4565
vn 0.9492 -0.3064 -0.0715
vn -0.9526 -0.1656 0.2553
vn 0.7855 -0.5361 0.3091
vn -0.6261 0.0217 0.7794
vn -0.8708 -0.1110 0.4789
vn 0.7883 -0.1961 0.5832
vn 0.8722 0.0988 -0.4791
vn 0.9962 0.0704 -0.0513
vn 0.9890 0.1476 0.0030
vn 0.2481 0.0876 -0.9648
vn 0.2481 0.0878 -0.9648
vn 0.2480 0.0875 -0.9648
vn 0.1455 0.2311 0.9620
vn -0.5100 0.2589 -0.8203
vn -0.1885 0.1851 0.9645
vn -0.7633 0.4909 0.4200
vn -0.9473 0.3184 0.0362
vn 0.7816 0.5100 0.3591
vn -0.6723 0.7063 -0.2216
vn -0.6722 0.7064 -0.2216
vn -0.6720 0.7066 -0.2217
vn 0.6050 0.4881 0.6291
vn 0.1331 0.2893 -0.9479
vn 0.7675 0.2027 -0.6081
vn 0.7677 0.2025 -0.6079
vn 0.7676 0.2026 -0.6080
vn -0.1152 0.5705 -0.8132
vn -0.5845 0.3589 0.7277
vn 0.2739 0.8145 0.5115
vn -0.3996 0.8424 -0.3614
vn 0.2810 0.8321 -0.4783
vn -0.1899 0.7787 0.5979
vn 0.5572 0.8139 -0.1646
vn -0.5405 0.7931 0.2808
vn 0.5312 0.8270 0.1842
vn -0.1969 0.9250 -0.3250
vn 0.2842 0.9174 0.2785
vn 0.2840 0.9175 0.2785
vn 0.2843 0.9174 0.2784
vn -0.1179 0.9853 0.1239
vn 0.1704 0.9832 -0.0647
vn 0.0937 0.9848 -0.1463
vn 0.4762 -0.2009 -0.8561
vn 0.8984 -0.3265 -0.2938
vn 0.9140 -0.1489 0.3775
vn 0.6335 0.0315 0.7731
vn 0.1561 0.0026 0.9877
vn -0.3384 -0.0353 0.9403
vn -0.8701 -0.0813 0.4862
vn -0.9143 -0.3235 -0.2439
vn -0.5570 -0.0669 -0.8278
vn -0.0874 -0.1164 -0.9894
vn -0.0000 -1.0000 0.0001
vn -0.8013 0.5944 -0.0675
vn -0.5541 0.8164 0.1627
vn -0.2362 0.8307 0.5042
vn 0.5889 0.7638 -0.2643
vn -0.0808 0.8505 0.5197
vn -0.1013 0.7883 -0.6069
vn 0.4766 0.8404 -0.2580
vn -0.3435 0.9010 0.2650
vn 0.5778 0.7938 0.1897
vn -0.5850 0.7644 -0.2710
vn 0.3069 0.8391 0.4491
vn 0.0821 0.8488 -0.5223
vn -0.3519 0.8252 -0.4419
vn 0.1001 0.7913 0.6032
vn -0.6493 -0.5723 0.5010
vn 0.8433 -0.1860 0.5043
vn -0.8730 -0.4756 -0.1078
vn -0.8364 -0.2938 -0.4628
vn 0.1222 -0.6177 -0.7769
vn 0.3390 -0.3731 0.8636
vn -0.5410 -0.4989 -0.6770
vn -0.1315 -0.5179 0.8453
vn -0.2565 -0.2744 -0.9268
vn 0.7295 -0.5585 -0.3950
vn 0.8562 -0.0988 0.5071
vn 0.9462 0.3225 -0.0251
vn 0.9463 0.3224 -0.0249
vn 0.9463 0.3224 -0.0248
vn -0.7474 0.5198 -0.4138
vn 0.3268 0.5864 0.7412
vn 0.1342 0.6845 -0.7166
vn -0.4257 0.7310 -0.5332
vn 0.0046 0.6415 0.7671
vn 0.5271 0.6789 -0.5112
vn -0.2155 0.4764 -0.8524
vn -0.1973 0.7987 0.5684
vn 0.7947 0.5978 -0.1053
vn -0.4900 0.8293 0.2688
vn -0.7063 0.7044 -0.0701
vn 0.6655 0.5513 0.5031
vn 0.5972 0.3850 -0.7036
vn -0.4145 0.4517 0.7900
vn 0.9187 0.3666 -0.1466
vn -0.8507 0.4291 0.3037
vn -0.9159 0.3803 -0.1280
vn -0.4796 0.2580 0.8387
vn -0.9270 0.2813 0.2480
vn 0.9027 0.2596 0.3432
vn 0.4240 0.2212 0.8783
vn 0.3354 0.3081 -0.8903
vn 0.8036 -0.4047 0.4364
vn 0.8036 -0.4048 0.4364
vn 0.8035 -0.4048 0.4364
vn -0.8811 -0.0421 -0.4711
vn -0.3230 -0.0220 -0.9462
vn -0.8804 -0.4354 -0.1879
vn -0.8805 -0.4353 -0.1879
vn 0.3065 -0.4230 0.8527
vn -0.5204 -0.4388 -0.7325
vn 0.3655 -0.5720 -0.7343
vn -0.2516 -0.5007 0.8282
vn 0.8208 -0.5143 -0.2486
vn -0.7836 -0.4610 0.4166
vn -0.7837 -0.4608 0.4165
vn 0.4605 0.7739 -0.4349
vn 0.0083 0.6406 -0.7679
vn -0.3511 0.8167 0.4579
vn 0.6896 0.6086 0.3924
vn -0.7338 0.6575 -0.1712
vn -0.7338 0.6574 -0.1711
vn -0.7336 0.6577 -0.1713
vn 0.2337 0.6601 0.7139
vn -0.4786 0.4734 -0.7395
vn -0.2824 -0.9553 0.0876
vn 0.3897 -0.9094 0.1457
vn -0.3685 -0.8981 -0.2400
vn 0.2441 -0.8754 0.4172
vn 0.0459 -0.8678 0.4947
vn 0.2985 -0.9121 -0.2811
vn -0.1737 -0.8846 -0.4328
vn -0.2606 -0.9043 0.3381
vn -0.8448 -0.3418 -0.4117
vn 0.0997 -0.4776 -0.8729
vn -0.5840 -0.3624 -0.7264
vn 0.0033 -0.4316 0.9020
vn 0.5032 -0.4365 -0.7458
vn -0.2316 -0.2918 -0.9280
vn -0.5095 -0.5797 0.6359
vn 0.8340 -0.4851 -0.2630
vn 0.8339 -0.4853 -0.2628
vn 0.7723 -0.2675 0.5762
vn 0.7493 0.2868 -0.5968
vn -0.2327 -0.0536 -0.9711
vn -0.3276 -0.1034 0.9391
vn -0.7789 -0.1676 0.6043
vn -0.7791 -0.1676 0.6041
vn -0.9500 -0.2005 0.2395
vn 0.8759 0.0312 0.4816
vn 0.2613 -0.1568 0.9524
vn -0.9790 0.2035 0.0137
vn 0.5465 0.2276 0.8059
vn 0.1417 0.2233 -0.9644
vn 0.2701 0.1176 0.9556
vn -0.6167 0.1783 -0.7667
vn -0.7587 0.5240 0.3870
vn 0.9472 0.3184 0.0363
vn 0.7746 0.4674 0.4260
vn 0.3915 0.6497 -0.6516
vn -0.4226 0.4225 -0.8018
vn -0.3563 0.4908 0.7951
vn -0.3563 0.4907 0.7951
vn -0.3561 0.4909 0.7951
vn 0.7019 0.6825 -0.2038
vn -0.6205 0.7547 -0.2131
vn 0.0765 0.7749 0.6275
vn 0.2769 0.8197 -0.5014
vn -0.0685 0.8139 0.5770
vn -0.0280 0.8131 -0.5815
vn -0.0279 0.8130 -0.5816
vn -0.0279 0.8131 -0.5815
vn 0.5278 0.8401 -0.1253
vn -0.3943 0.8599 0.3243
vn -0.5117 0.8591 -0.0097
vn -0.1228 0.9908 0.0573
vn -0.1229 0.9908 0.0573
vn -0.1230 0.9908 0.0573
vn -0.1867 0.9824 -0.0081
vn 0.1863 0.9631 0.1944
vn -0.0226 0.9775 0.2096
vn -0.0227 0.9775 0.2095
vn 0.1035 0.9882 -0.1125
vn -0.1669 0.9459 -0.2784
vn -0.1671 0.9458 -0.2784
vn -0.1669 0.9459 -0.2783
vn 0.2840 0.1218 -0.9511
vn 0.6370 0.1559 -0.7549
vn 0.8796 0.0940 -0.4664
vn 0.9746 0.2178 -0.0520
vn 0.8808 -0.0709 0.4682
vn 0.5830 0.2567 0.7709
vn 0.1650 0.1112 0.9800
vn -0.3078 0.0491 0.9502
vn -0.6708 0.2814 0.6862
vn -0.8818 -0.0920 -0.4625
vn -0.5868 0.2382 -0.7739
vn -0.2159 0.0344 -0.9758
vn -0.5741 0.5694 0.5884
vn 0.8026 0.5948 -0.0454
vn -0.5722 -0.3997 0.7161
vn 0.3988 0.7857 -0.4729
vn -0.1213 0.8382 -0.5316
vn -0.2566 0.8110 0.5258
vn 0.5004 0.8250 -0.2625
vn -0.5385 0.8276 0.1586
vn -0.4767 0.8403 -0.2581
vn 0.2713 0.8129 0.5154
vn 0.1566 0.8001 -0.5790
vn -0.8270 -0.3266 0.4576
vn 0.7924 -0.5693 0.2191
vn -0.9252 -0.3662 0.0991
vn -0.7081 -0.5928 -0.3835
vn 0.3713 -0.6035 0.7056
vn 0.3186 -0.4701 -0.8231
vn -0.2519 -0.3528 0.9012
vn -0.1987 -0.4505 -0.8704
vn 0.7960 -0.3607 -0.4861
vn -0.7649 0.3309 -0.5527
vn -0.4280 0.4121 -0.8044
vn 0.8562 -0.0988 -0.5072
vn 0.9462 0.3226 0.0248
vn 0.3031 0.3335 -0.8927
vn 0.4262 0.7270 0.5384
vn 0.0047 0.6417 -0.7670
vn 0.3268 0.5865 -0.7411
vn -0.2420 0.8239 -0.5124
vn -0.1696 0.6901 0.7035
vn 0.6655 0.5514 -0.5031
vn -0.5318 0.5231 0.6660
vn -0.6244 0.7005 0.3457
vn 0.7946 0.5979 0.1053
vn -0.8493 0.5257 0.0486
vn -0.5362 0.8419 -0.0616
vn -0.4623 0.4747 -0.7489
vn -0.2363 0.3135 0.9197
vn -0.0447 0.4388 -0.8975
vn 0.8166 0.3288 -0.4744
vn -0.8166 0.3288 0.4743
vn 0.8468 0.4383 0.3013
vn -0.8468 0.4383 -0.3012
vn 0.4640 0.4075 0.7865
vn -0.6517 0.2281 0.7234
vn 0.9587 0.2295 -0.1682
vn -0.9542 0.2490 0.1657
vn -0.8471 0.2895 -0.4456
vn 0.3235 0.2996 0.8975
vn -0.0890 0.2263 0.9700
vn 0.6216 0.2056 -0.7559
vn -0.3123 0.2897 -0.9048
vn 0.8093 -0.4608 0.3642
vn -0.8798 0.0425 0.4734
vn 0.9103 0.0099 0.4139
vn 0.4073 -0.5093 0.7581
vn 0.4071 -0.5092 0.7582
vn 0.4072 -0.5092 0.7582
vn 0.0506 -0.4676 -0.8825
vn -0.3790 -0.6066 -0.6988
vn 0.5086 -0.4162 -0.7537
vn 0.5086 -0.4161 -0.7538
vn 0.5087 -0.4158 -0.7539
vn -0.3199 -0.5384 0.7796
vn 0.8888 -0.4172 -0.1898
vn -0.7880 -0.5176 0.3333
vn -0.1348 0.7542 -0.6426
vn -0.1346 0.7544 -0.6425
vn -0.1344 0.7544 -0.6425
vn -0.6634 0.6997 -0.2652
vn -0.3152 0.5564 0.7688
vn 0.7347 0.6509 -0.1912
vn -0.5684 0.7814 0.2577
vn -0.5683 0.7814 0.2578
vn -0.5680 0.7816 0.2578
vn 0.4487 0.7870 0.4234
vn 0.4486 0.7871 0.4233
vn 0.4485 0.7872 0.4233
vn 0.4727 0.5344 -0.7007
vn -0.3097 0.8605 -0.4045
vn -0.3095 0.8606 -0.4045
vn -0.3098 0.8605 -0.4045
vn 0.4404 -0.8832 -0.1611
vn -0.4044 -0.8897 0.2119
vn 0.2830 -0.9213 0.2666
vn 0.2339 -0.8781 -0.4174
vn 0.2340 -0.8781 -0.4174
vn 0.2338 -0.8781 -0.4174
vn -0.2619 -0.9032 -0.3399
vn -0.1681 -0.8801 0.4439
vn -0.9104 -0.3844 -0.1528
vn -0.9104 -0.3845 -0.1528
vn 0.5782 -0.7920 -0.1960
vn 0.2529 0.1108 -0.9611
vn 0.1904 -0.4821 0.8552
vn 0.3984 -0.3529 -0.8466
vn -0.2326 -0.3465 0.9087
vn -0.1446 -0.4636 -0.8741
vn -0.5968 -0.3057 0.7419
vn -0.5968 -0.3058 0.7418
vn -0.5968 -0.3058 0.7419
vn -0.7977 -0.4551 0.3958
vn 0.7864 -0.4377 0.4359
vn 0.6210 -0.1301 -0.7729
vn -0.3045 -0.1531 -0.9401
vn -0.2327 -0.0783 0.9694
vn -0.2328 -0.0783 0.9694
vn 0.8738 -0.0754 -0.4804
vn -0.9486 -0.2043 -0.2419
vn -0.9485 -0.2044 -0.2420
vn -0.9485 -0.2043 -0.2419
vn -0.7322 -0.1938 -0.6529
vn 0.9387 0.3422 -0.0410
vn -0.6167 0.1783 0.7668
vn -0.9067 0.0191 0.4213
vn -0.9790 0.2035 -0.0138
vn 0.7493 0.2868 0.5968
vn 0.1593 0.1975 0.9673
vn 0.7019 0.6325 0.3274
vn -0.7371 0.5359 -0.4117
vn 0.2800 0.6454 0.7106
vn 0.2509 0.3787 -0.8908
vn 0.5692 0.4170 -0.7086
vn -0.2465 0.5118 -0.8230
vn -0.3501 0.5142 0.7830
vn 0.8085 0.3854 -0.4447
vn 0.2763 0.8169 -0.5063
vn -0.1203 0.8235 -0.5545
vn -0.1203 0.8235 -0.5544
vn -0.1204 0.8236 -0.5543
vn -0.3033 0.7760 0.5530
vn 0.5479 0.8207 -0.1621
vn -0.6160 0.7586 0.2122
vn 0.4600 0.8692 0.1813
vn -0.2001 0.9225 -0.3301
vn 0.0073 0.9142 0.4051
vn 0.3505 0.9102 0.2208
vn -0.1501 0.9817 0.1171
vn 0.0918 0.9811 -0.1702
vn 0.0919 0.9811 -0.1701
vn 0.4383 -0.2629 -0.8595
vn 0.8809 -0.1982 0.4297
vn 0.3127 -0.2576 0.9143
vn -0.4290 -0.3294 0.8411
vn -0.8891 -0.3537 0.2907
vn -0.8809 -0.1982 -0.4298
vn -0.3153 -0.2241 -0.9222
vn -0.5614 0.8109 0.1649
vn -0.5613 0.8110 0.1649
vn -0.2084 0.8555 0.4740
vn 0.5890 0.7637 -0.2643
vn -0.0917 0.8167 -0.5697
vn -0.2510 0.8425 0.4766
vn 0.4804 0.8436 -0.2397
vn -0.5186 0.8429 0.1432
vn -0.4837 0.8338 -0.2660
vn 0.2765 0.8684 0.4116
vn 0.2094 0.8332 -0.5118
vn -0.3920 0.7742 -0.4969
vn 0.1023 0.7808 0.6164
vn 0.9253 -0.3662 0.0991
vn -0.7924 -0.5693 0.2193
vn -0.7924 -0.5692 0.2193
vn 0.8270 -0.3267 0.4576
vn 0.5457 -0.4037 0.7343
vn -0.7482 -0.4949 -0.4419
vn 0.2038 -0.2958 0.9333
vn 0.3270 -0.5046 -0.7991
vn -0.2391 -0.3645 -0.9000
vn -0.3638 -0.6244 0.6912
vn 0.7250 -0.5861 -0.3617
vn -0.9462 0.3227 0.0248
vn -0.8567 -0.0983 -0.5063
vn -0.2142 -0.4868 -0.8468
vn 0.4246 0.7385 0.5237
vn -0.7025 0.5012 -0.5053
vn 0.2317 0.7027 -0.6728
vn 0.1455 0.4872 0.8611
vn -0.1837 0.7289 0.6595
vn 0.4899 0.8293 -0.2688
vn -0.6293 0.6916 0.3546
vn 0.7062 0.7045 0.0702
vn 0.7473 0.5199 0.4137
vn -0.7610 0.4036 -0.5078
vn -0.0946 0.4128 0.9059
vn 0.5747 0.4651 -0.6734
vn -0.2519 0.3697 -0.8944
vn -0.5872 0.4601 0.6660
vn 0.8878 0.4405 -0.1333
vn 0.9295 0.3447 0.1308
vn -0.8878 0.4405 0.1333
vn -0.9296 0.3447 -0.1308
vn 0.5735 0.3193 0.7545
vn -0.0136 0.2331 -0.9723
vn -0.4740 0.2973 0.8288
vn 0.8560 0.3041 -0.4181
vn -0.9262 0.2842 0.2478
vn -0.9057 0.2450 -0.3459
vn 0.4925 0.2318 0.8389
vn 0.3363 0.2996 -0.8928
vn -0.5271 0.2327 -0.8173
vn -0.8808 -0.0421 -0.4716
vn 0.3500 -0.3994 0.8474
vn 0.3499 -0.3995 0.8473
vn -0.5458 -0.4189 -0.7257
vn 0.3686 -0.5611 -0.7411
vn -0.2646 -0.4066 0.8745
vn 0.8286 -0.4349 0.3526
vn -0.1020 0.7544 0.6484
vn -0.5621 -0.3542 -0.7474
vn -0.2244 0.4948 -0.8395
vn 0.6166 0.7527 -0.2309
vn -0.6658 0.7042 0.2467
vn 0.7690 0.5271 0.3617
vn -0.8663 0.2957 -0.4026
vn 0.3246 0.5112 0.7958
vn 0.2075 0.7522 -0.6254
vn -0.3701 -0.9189 0.1363
vn 0.4465 -0.8591 0.2502
vn -0.5150 -0.8470 -0.1318
vn 0.1291 -0.9121 -0.3890
vn -0.3287 -0.8832 -0.3346
vn 0.0964 -0.8699 0.4838
vn -0.0647 -0.9094 0.4108
vn -0.1355 -0.8619 -0.4886
vn 0.4358 -0.8852 -0.1626
vn 0.6013 -0.2816 0.7477
vn 0.2530 -0.4028 0.8796
vn -0.3325 -0.4584 0.8242
vn 0.9114 -0.3875 -0.1386
vn -0.8011 -0.4387 0.4071
vn 0.7678 -0.5119 0.3852
vn -0.6233 -0.0981 -0.7758
vn 0.4572 -0.2389 -0.8567
vn 0.7810 -0.1522 -0.6057
vn 0.9599 -0.1696 -0.2232
vn -0.8704 -0.1151 -0.4787
vn -0.4968 0.2680 0.8255
vn -0.8175 0.1942 0.5423
vn 0.9790 0.2033 -0.0138
vn 0.9067 0.0191 0.4213
vn 0.6257 0.0561 0.7780
vn 0.2463 0.0878 0.9652
vn -0.2253 0.0256 -0.9739
vn -0.6722 0.7063 0.2220
vn -0.9473 0.3184 -0.0362
vn 0.7392 0.3245 0.5902
vn -0.7364 0.5419 -0.4051
vn -0.5733 0.4023 -0.7138
vn 0.1302 0.3666 0.9212
vn 0.4046 0.5579 -0.7246
vn -0.2214 0.4688 -0.8551
vn -0.2215 0.4687 -0.8551
vn 0.8037 0.5487 -0.2304
vn 0.1724 0.8753 0.4518
vn -0.5568 0.7797 -0.2863
vn 0.2741 0.8099 -0.5186
vn 0.5318 0.8351 -0.1404
vn -0.4341 0.8427 0.3185
vn -0.5107 0.8595 -0.0199
vn 0.0313 0.9995 0.0107
vn -0.0905 0.9880 0.1248
vn -0.2407 0.9706 -0.0039
vn -0.2406 0.9706 -0.0041
vn -0.2406 0.9706 -0.0040
vn 0.0398 0.9901 -0.1345
vn -0.1337 0.9646 -0.2273
vn 0.2321 0.1269 -0.9644
vn 0.6426 0.3169 -0.6976
vn 0.9573 0.2657 -0.1139
vn 0.8863 0.0754 0.4568
vn 0.6255 0.0147 0.7801
vn 0.2572 0.1223 0.9586
vn -0.2413 -0.2167 0.9459
vn -0.6049 0.2500 0.7561
vn -0.8987 -0.0367 0.4371
vn -0.9763 0.1568 -0.1493
vn -0.6056 0.2564 -0.7533
vn -0.1607 -0.0244 -0.9867
vn 0.5917 0.7592 0.2712
vn 0.7954 0.5985 -0.0955
vn -0.5802 0.7967 -0.1695
vn 0.5711 0.5534 -0.6062
vn -0.5411 -0.4987 0.6771
vn -0.1185 0.7882 0.6039
vn -0.0818 0.8464 -0.5262
vn -0.3580 0.8286 0.4304
vn 0.5385 0.8276 -0.1587
vn -0.5810 0.7698 0.2642
vn 0.4766 0.8404 0.2580
vn 0.0450 0.7614 -0.6467
vn -0.3435 0.9010 -0.2651
vn 0.0825 0.8470 0.5252
vn 0.2806 0.8390 -0.4661
vn 0.9306 -0.3334 -0.1508
vn -0.8552 -0.2669 0.4442
vn 0.7080 -0.5931 0.3834
vn -0.6176 -0.6257 -0.4766
vn 0.3264 -0.3786 -0.8661
vn 0.1221 -0.6178 0.7768
vn 0.6665 -0.3404 -0.6633
vn -0.2565 -0.2745 0.9267
vn -0.1315 -0.5178 -0.8453
vn 0.8674 0.3234 0.3783
vn 0.9842 -0.0983 -0.1475
vn 0.2997 0.3640 -0.8819
vn 0.5270 0.6790 0.5111
vn -0.6086 0.7161 -0.3418
vn 0.0047 0.6416 -0.7670
vn 0.1342 0.6846 0.7165
vn 0.2552 0.6759 -0.6914
vn 0.2552 0.6760 -0.6914
vn 0.2550 0.6761 -0.6912
vn -0.1972 0.7988 -0.5683
vn -0.2155 0.4765 0.8523
vn 0.6283 0.5278 -0.5716
vn 0.6282 0.5278 -0.5716
vn -0.4256 0.7311 0.5332
vn 0.8486 0.4849 -0.2116
vn 0.8486 0.4848 -0.2116
vn -0.8100 0.4539 0.3713
vn 0.4974 0.8658 0.0553
vn -0.4145 0.4518 -0.7900
vn 0.8137 0.3389 -0.4724
vn -0.5642 0.3663 0.7400
vn 0.9187 0.3666 0.1466
vn -0.9159 0.3803 0.1280
vn -0.8507 0.4291 -0.3037
vn 0.5972 0.3851 0.7036
vn -0.5891 0.2126 0.7796
vn 0.9089 0.2280 -0.3492
vn -0.9543 0.2490 0.1654
vn 0.7689 0.2886 0.5705
vn -0.8469 0.2896 -0.4460
vn 0.2629 0.2992 0.9173
vn 0.4235 0.1965 -0.8843
vn -0.2504 0.2960 -0.9218
vn 0.9931 0.0466 0.1074
vn -0.9427 0.0532 -0.3293
vn 0.5291 0.0559 0.8467
vn 0.2781 -0.0372 0.9598
vn 0.7446 0.0361 -0.6665
vn -0.1605 0.0527 -0.9856
vn -0.7781 -0.5705 -0.2627
vn 0.4282 -0.5965 0.6789
vn 0.4280 -0.5965 0.6790
vn 0.4281 -0.5965 0.6789
vn 0.5200 -0.3434 -0.7821
vn 0.5201 -0.3432 -0.7821
vn -0.1321 -0.5926 -0.7946
vn -0.5199 -0.3463 0.7809
vn 0.9148 -0.3526 -0.1970
vn 0.8109 -0.5795 0.0814
vn -0.9145 -0.3535 0.1970
vn -0.4773 0.4707 0.7420
vn 0.8973 0.3917 -0.2033
vn -0.7337 0.6576 0.1709
vn -0.7337 0.6576 0.1710
vn -0.7336 0.6577 0.1711
vn 0.5471 0.8044 0.2316
vn 0.3830 0.6976 -0.6055
vn -0.3399 0.8101 -0.4777
vn -0.3398 0.8102 -0.4777
vn -0.3400 0.8100 -0.4778
vn 0.5389 -0.8216 -0.1861
vn -0.4043 -0.8898 0.2118
vn 0.3603 -0.9204 0.1520
vn 0.2253 -0.9078 -0.3537
vn -0.2180 -0.9271 -0.3048
vn -0.1526 -0.8765 0.4567
vn -0.1526 -0.8765 0.4566
vn -0.1525 -0.8764 0.4568
vn -0.9114 -0.3873 -0.1391
vn 0.2822 -0.4543 0.8449
vn 0.4212 -0.3296 -0.8449
vn -0.4205 -0.5662 -0.7090
vn -0.4203 -0.5663 -0.7090
vn -0.4204 -0.5662 -0.7090
vn -0.2328 -0.3608 0.9031
vn -0.5965 -0.3058 0.7421
vn -0.5966 -0.3057 0.7420
vn -0.7977 -0.4550 0.3957
vn 0.7920 -0.4382 0.4250
vn 0.6935 -0.1269 -0.7091
vn -0.2737 -0.0720 -0.9591
vn 0.9173 -0.0917 -0.3875
vn -0.9579 -0.1880 -0.2170
vn -0.9579 -0.1882 -0.2170
vn -0.9579 -0.1881 -0.2170
vn -0.7694 -0.1697 -0.6158
vn -0.6194 0.1528 0.7701
vn -0.9054 -0.0319 0.4234
vn 0.9749 0.2088 0.0778
vn 0.9026 0.1950 0.3838
vn 0.6131 0.2050 0.7630
vn 0.2435 0.1701 -0.9549
vn 0.1456 0.2329 0.9615
vn -0.2464 0.1530 0.9570
vn -0.9521 0.2815 0.1192
vn -0.9522 0.2814 0.1187
vn -0.9522 0.2815 0.1189
vn -0.7921 0.5667 -0.2269
vn -0.7920 0.5668 -0.2269
vn -0.7919 0.5669 -0.2270
vn -0.4972 0.5057 -0.7050
vn 0.6433 0.3918 -0.6578
vn -0.0967 0.5771 -0.8109
vn 0.8204 0.4421 -0.3627
vn 0.2476 0.8620 0.4423
vn -0.3576 0.8638 -0.3550
vn 0.2769 0.8196 -0.5016
vn -0.1997 0.7510 0.6294
vn 0.5753 0.8066 -0.1357
vn -0.5469 0.7737 0.3199
vn -0.1968 0.9250 -0.3249
vn -0.1557 0.9675 0.1990
vn 0.1995 0.9788 -0.0471
vn 0.1994 0.9788 -0.0471
vn 0.1262 0.9915 0.0323
vn 0.1261 0.9915 0.0323
vn 0.1259 0.9915 0.0323
vn -0.1481 0.9882 -0.0390
vn -0.1479 0.9882 -0.0390
vn -0.1480 0.9882 -0.0390
vn 0.1331 0.9657 -0.2228
vn 0.1335 0.9657 -0.2225
vn 0.1333 0.9658 -0.2226
vn 0.4760 -0.2032 -0.8557
vn 0.8890 -0.3537 -0.2907
vn 0.9140 -0.1489 0.3774
vn 0.6337 -0.0091 0.7735
vn 0.1551 -0.1104 0.9817
vn -0.3363 0.1178 0.9344
vn -0.8557 -0.1981 0.4781
vn -0.9343 -0.2548 -0.2493
vn -0.5582 0.0025 -0.8297
vn -0.0867 -0.1665 -0.9822
vn -0.3391 0.7839 -0.5202
vn -0.5306 0.5546 -0.6410
vn 0.5615 0.8109 -0.1647
vn -0.7767 0.6182 -0.1205
vn -0.6157 0.7424 0.2642
vn 0.0283 0.9258 -0.3770
vn -0.5437 -0.5625 0.6230
vn -0.3601 0.8367 0.4126
vn 0.5188 0.8429 -0.1429
vn 0.5187 0.8429 -0.1429
vn -0.4249 0.9046 0.0333
vn -0.4250 0.9046 0.0333
vn -0.4251 0.9046 0.0332
vn 0.4838 0.8338 0.2660
vn -0.6502 0.7362 -0.1875
vn 0.3943 0.7762 0.4920
vn 0.1337 0.8198 0.5568
vn 0.2791 0.8476 -0.4513
vn 0.7922 -0.5696 -0.2190
vn -0.7357 -0.6749 0.0572
vn 0.7329 -0.5365 0.4184
vn -0.9642 -0.2185 -0.1503
vn 0.5875 -0.2131 0.7806
vn 0.1975 -0.4943 0.8465
vn -0.6401 -0.4205 -0.6430
vn 0.4276 -0.5824 -0.6913
vn -0.2308 -0.3291 -0.9156
vn -0.8485 0.4849 -0.2118
vn -0.9842 -0.0981 -0.1475
vn -0.2141 -0.4866 -0.8470
vn -0.8675 0.3230 0.3782
vn 0.4925 0.6122 0.6187
vn -0.6283 0.5279 -0.5715
vn 0.2316 0.7026 -0.6728
vn 0.1164 0.6409 0.7587
vn -0.3295 0.6573 -0.6778
vn 0.6087 0.7160 -0.3418
vn -0.4262 0.7269 0.5384
vn -0.4974 0.8657 0.0553
vn 0.8100 0.4538 0.3714
vn 0.4145 0.4518 -0.7900
vn -0.2997 0.3640 -0.8819
vn -0.5744 0.3810 0.7245
vn 0.8506 0.4290 -0.3039
vn 0.9159 0.3803 0.1283
vn 0.9159 0.3802 0.1283
vn -0.9188 0.3664 0.1469
vn -0.8137 0.3389 -0.4723
vn 0.2298 0.3691 0.9005
vn 0.9967 -0.0321 -0.0750
vn -0.4770 0.2772 0.8341
vn 0.9544 0.2910 -0.0660
vn 0.9581 0.2318 0.1684
vn 0.7348 0.2707 0.6219
vn 0.7350 0.2705 0.6218
vn 0.7348 0.2708 0.6219
vn 0.0848 0.2474 0.9652
vn -0.4238 0.2089 -0.8813
vn 0.6100 0.2991 -0.7338
vn 0.6100 0.2992 -0.7338
vn 0.8347 -0.3091 0.4557
vn 0.7954 -0.0474 0.6043
vn -0.8814 -0.0265 -0.4715
vn -0.8814 -0.0266 -0.4715
vn 0.6297 -0.0447 -0.7755
vn 0.6298 -0.0448 -0.7755
vn -0.2525 -0.0081 -0.9676
vn -0.8113 -0.3834 -0.4413
vn 0.2534 -0.3474 0.9028
vn -0.2431 -0.4496 -0.8595
vn -0.2335 -0.6009 0.7645
vn 0.6094 -0.5914 -0.5281
vn -0.7211 -0.5782 0.3816
vn -0.7211 -0.5783 0.3816
vn -0.0525 0.7813 0.6220
vn -0.2209 0.5118 -0.8302
vn -0.5821 0.7838 0.2162
vn -0.5822 0.7838 0.2162
vn 0.6249 0.6935 0.3586
vn 0.6250 0.6934 0.3586
vn -0.7844 0.4355 -0.4416
vn 0.2280 0.4679 0.8538
vn 0.3803 0.7549 -0.5344
vn 0.3805 0.7547 -0.5345
vn 0.3806 0.7547 -0.5344
vn -0.3701 -0.9189 0.1364
vn 0.3831 -0.9021 0.1987
vn -0.5326 -0.8289 -0.1712
vn 0.1282 -0.8694 0.4772
vn 0.2336 -0.9162 -0.3257
vn 0.2335 -0.9162 -0.3256
vn -0.1997 -0.8972 -0.3939
vn -0.1997 -0.8972 -0.3938
vn -0.0339 -0.9140 0.4044
vn 0.0008 -0.8772 -0.4801
vn -0.5983 -0.7773 -0.1944
vn 0.5951 -0.3133 0.7400
vn 0.0436 -0.5016 -0.8640
vn -0.6869 -0.3774 -0.6211
vn 0.2311 -0.3770 0.8969
vn -0.2567 -0.2244 -0.9401
vn -0.3084 -0.4694 0.8274
vn 0.9113 -0.3876 -0.1388
vn 0.7813 -0.4872 0.3901
vn -0.6988 -0.0360 -0.7144
vn -0.6988 -0.0359 -0.7144
vn 0.4642 -0.2426 -0.8519
vn -0.3205 -0.1998 -0.9260
vn 0.7816 -0.1648 -0.6016
vn 0.9579 -0.1882 -0.2167
vn -0.9173 -0.0917 -0.3876
vn -0.6932 0.1987 0.6929
vn -0.9563 0.2656 0.1218
vn -0.9564 0.2655 0.1217
vn -0.9564 0.2655 0.1216
vn 0.8969 0.1691 0.4087
vn 0.6133 0.2054 0.7626
vn 0.1133 0.2078 -0.9716
vn 0.2461 0.1525 0.9572
vn -0.3572 0.2460 0.9011
vn 0.5759 0.7634 0.2924
vn -0.6384 0.6831 0.3548
vn -0.8204 0.4421 -0.3626
vn -0.6433 0.3919 -0.6577
vn 0.4847 0.5140 -0.7077
vn -0.3528 0.4628 -0.8132
vn 0.7892 0.5739 -0.2188
vn 0.7892 0.5738 -0.2188
vn 0.7893 0.5738 -0.2188
vn -0.6037 0.7773 -0.1772
vn 0.3621 0.8165 0.4497
vn 0.0777 0.7696 0.6338
vn 0.0007 0.7854 -0.6189
vn 0.5431 0.8346 -0.0917
vn -0.3500 0.8555 0.3816
vn -0.5034 0.8641 0.0037
vn -0.1289 0.9916 -0.0138
vn -0.1289 0.9916 -0.0139
vn 0.1218 0.9647 0.2337
vn -0.1294 0.9672 -0.2187
vn 0.9573 0.2658 -0.1139
vn -0.2414 -0.2167 0.9459
vn -0.2510 0.8424 -0.4769
vn -0.2509 0.8424 -0.4769
vn 0.5711 0.5534 -0.6063
vn -0.5961 -0.2963 0.7462
vn -0.1139 0.8014 0.5872
vn -0.3954 0.7839 0.4787
vn -0.5004 0.8250 0.2625
vn 0.4766 0.8404 0.2581
vn -0.5187 0.8429 -0.1434
vn 0.0470 0.7314 -0.6803
vn 0.1260 0.8241 0.5522
vn 0.2471 0.8600 -0.4465
vn -0.7674 -0.4777 0.4277
vn 0.7079 -0.5929 0.3838
vn 0.7078 -0.5930 0.3838
vn 0.7080 -0.5929 0.3838
vn -0.7922 -0.5697 -0.2188
vn -0.7923 -0.5696 -0.2187
vn -0.7924 -0.5694 -0.2187
vn 0.3141 -0.4573 -0.8320
vn 0.1923 -0.5035 0.8423
vn -0.3610 -0.6318 -0.6859
vn 0.6665 -0.3403 -0.6633
vn -0.2480 -0.4011 0.8818
vn 0.8674 0.3234 0.3782
vn -0.6086 0.7161 -0.3417
vn 0.1342 0.6846 0.7164
vn 0.2549 0.6761 -0.6913
vn -0.2154 0.4765 0.8524
vn 0.6283 0.5280 -0.5713
vn -0.4257 0.7311 0.5333
vn 0.8485 0.4850 -0.2119
vn -0.8100 0.4538 0.3714
vn -0.5642 0.3663 0.7399
vn -0.9159 0.3804 0.1281
vn 0.5972 0.3850 0.7036
vn 0.9047 0.2496 -0.3452
vn 0.9081 0.2968 0.2954
vn -0.8469 0.2896 -0.4459
vn 0.3215 0.3143 0.8932
vn 0.4238 0.2136 -0.8802
vn -0.3142 0.2659 -0.9114
vn 0.7984 -0.4832 0.3591
vn 0.9103 0.0099 0.4138
vn -0.8381 -0.4973 -0.2242
vn 0.3940 -0.5557 0.7321
vn 0.0883 -0.4266 -0.9001
vn -0.3877 -0.5814 -0.7153
vn -0.3876 -0.5812 -0.7155
vn 0.5294 -0.4248 -0.7344
vn -0.2884 -0.5359 0.7935
vn 0.8883 -0.4181 -0.1899
vn 0.8883 -0.4182 -0.1900
vn -0.7849 -0.4506 0.4254
vn -0.2524 0.5964 0.7620
vn -0.2523 0.5963 0.7621
vn 0.8976 0.3914 -0.2029
vn 0.8976 0.3913 -0.2030
vn 0.8975 0.3915 -0.2029
vn -0.6660 0.6420 0.3799
vn 0.3803 0.7591 -0.5284
vn -0.3806 0.7550 -0.5339
vn 0.4785 -0.8590 -0.1820
vn -0.3685 -0.8981 0.2400
vn 0.3869 -0.9076 0.1632
vn 0.2228 -0.9162 -0.3331
vn -0.2250 -0.9222 -0.3145
vn -0.1736 -0.8846 0.4328
vn -0.3327 -0.9399 -0.0769
vn -0.8205 -0.4351 -0.3707
vn 0.5030 -0.4364 0.7460
vn 0.5029 -0.4365 0.7460
vn -0.4931 -0.5600 -0.6658
vn 0.1020 -0.4597 0.8822
vn 0.3428 -0.3321 -0.8787
vn -0.2384 -0.2979 0.9243
vn 0.6463 -0.3895 -0.6562
vn -0.5841 -0.3624 0.7263
vn 0.9332 -0.2693 -0.2379
vn 0.9333 -0.2692 -0.2378
vn 0.9333 -0.2692 -0.2377
vn -0.8448 -0.3418 0.4117
vn 0.8176 -0.5139 0.2596
vn 0.8177 -0.5138 0.2597
vn -0.2736 -0.0720 -0.9591
vn -0.9573 -0.1627 -0.2389
vn -0.6096 0.2323 0.7579
vn 0.9829 0.1657 -0.0800
vn -0.8969 0.1691 0.4087
vn 0.9178 0.1967 0.3450
vn 0.9177 0.1967 0.3450
vn 0.9178 0.1968 0.3450
vn -0.7542 0.2198 -0.6188
vn 0.3254 0.0438 -0.9446
vn 0.3254 0.0437 -0.9446
vn 0.0513 0.2820 0.9580
vn 0.6944 0.1438 -0.7051
vn -0.2484 0.0911 0.9644
vn 0.3401 0.5997 0.7244
vn 0.3400 0.5998 0.7243
vn 0.3399 0.5999 0.7243
vn 0.7264 0.2769 -0.6290
vn 0.8041 0.5376 -0.2536
vn -0.3747 0.7632 0.5264
vn 0.6437 0.7455 -0.1725
vn -0.5349 0.8092 0.2432
vn 0.4904 0.8587 0.1490
vn 0.4902 0.8587 0.1491
vn 0.0139 0.9096 0.4153
vn 0.3890 0.9060 0.1666
vn 0.1439 0.9896 0.0025
vn 0.1437 0.9896 0.0026
vn -0.1194 0.9883 -0.0946
vn 0.1535 0.9612 -0.2290
vn 0.8891 -0.3537 -0.2907
vn 0.6337 -0.0092 0.7735
vn -0.3363 0.1178 0.9343
vn -0.8557 -0.1980 0.4781
vn -0.2480 0.8561 -0.4533
vn -0.6156 0.7424 0.2642
vn -0.2026 0.8448 0.4952
vn 0.5186 0.8429 -0.1433
vn -0.4804 0.8436 0.2397
vn -0.5385 0.8276 -0.1586
vn 0.2509 0.8425 -0.4766
vn -0.7251 -0.5860 0.3617
vn -0.9307 -0.3332 -0.1508
vn 0.1975 -0.4944 0.8465
vn -0.6664 -0.3404 -0.6634
vn 0.3610 -0.6318 -0.6859
vn -0.2379 -0.2225 -0.9455
vn -0.3222 -0.5259 0.7871
vn -0.8486 0.4848 -0.2118
vn -0.2142 -0.4867 -0.8469
vn 0.4925 0.6121 0.6187
vn -0.6282 0.5279 -0.5715
vn -0.3295 0.6572 -0.6778
vn -0.4975 0.8657 0.0554
vn 0.4144 0.4518 -0.7900
vn -0.9187 0.3665 0.1469
vn 0.2299 0.3691 0.9005
vn 0.8611 0.2850 -0.4210
vn 0.9553 0.2444 0.1661
vn 0.7584 0.2472 0.6030
vn 0.7585 0.2470 0.6030
vn 0.7584 0.2473 0.6030
vn 0.0849 0.2474 0.9652
vn 0.3400 0.2590 -0.9040
vn 0.8027 -0.3694 0.4681
vn -0.8803 -0.4354 -0.1883
vn 0.2593 -0.3988 0.8796
vn -0.5205 -0.4388 -0.7325
vn 0.3655 -0.5719 -0.7344
vn -0.2558 -0.4736 0.8428
vn -0.7837 -0.4611 0.4162
vn -0.0547 0.7594 0.6484
vn 0.0177 0.5585 -0.8293
vn -0.5716 0.7926 0.2123
vn -0.5717 0.7925 0.2123
vn -0.5718 0.7925 0.2122
vn 0.6276 0.6887 0.3631
vn -0.8975 0.3913 -0.2036
vn -0.8976 0.3912 -0.2034
vn -0.8974 0.3914 -0.2037
vn 0.1990 0.5446 0.8148
vn 0.1990 0.5446 0.8147
vn 0.1989 0.5446 0.8148
vn 0.3806 0.7551 -0.5339
vn -0.3830 0.6891 -0.6152
vn -0.3368 -0.9333 0.1241
vn 0.3793 -0.9128 0.1518
vn -0.5612 -0.8175 -0.1295
vn 0.3025 -0.8698 0.3899
vn 0.0189 -0.8942 0.4472
vn 0.2251 -0.9222 -0.3145
vn -0.2177 -0.9028 -0.3710
vn -0.0340 -0.9131 0.4062
vn -0.0013 -0.8648 -0.5020
vn -0.9541 -0.1808 -0.2389
vn 0.6316 -0.2985 0.7155
vn 0.0350 -0.5285 -0.8482
vn -0.6823 -0.4006 -0.6116
vn -0.6822 -0.4006 -0.6116
vn -0.6823 -0.4006 -0.6115
vn 0.2334 -0.3526 0.9062
vn 0.2334 -0.3527 0.9061
vn 0.2335 -0.3526 0.9062
vn 0.5360 -0.4715 -0.7003
vn 0.5360 -0.4716 -0.7002
vn -0.2639 -0.1634 -0.9506
vn -0.4131 -0.4570 0.7877
vn 0.8363 -0.4372 -0.3309
vn -0.7429 -0.4631 0.4833
vn -0.8908 -0.4456 0.0889
vn 0.8558 -0.2651 0.4442
vn 0.7300 0.2442 -0.6384
vn 0.7300 0.2441 -0.6383
vn 0.7301 0.2441 -0.6382
vn -0.6693 -0.0391 -0.7420
vn -0.3205 -0.1998 -0.9259
vn 0.9574 -0.1627 -0.2388
vn -0.5951 0.2057 0.7769
vn -0.9031 0.1979 0.3810
vn -0.9829 0.1658 -0.0799
vn 0.5485 0.1306 0.8259
vn 0.1406 0.2322 -0.9624
vn 0.2490 0.0563 0.9669
vn 0.7936 0.4160 0.4440
vn -0.8041 0.5377 -0.2535
vn 0.6029 0.3754 0.7040
vn -0.7372 0.2974 -0.6067
vn 0.0729 0.4032 0.9122
vn 0.3915 0.6498 -0.6515
vn -0.3529 0.4628 -0.8132
vn 0.1955 0.8848 0.4230
vn -0.6211 0.7668 -0.1618
vn 0.2921 0.8660 -0.4059
vn -0.1483 0.8144 0.5610
vn -0.0282 0.8130 -0.5816
vn -0.4707 0.8281 0.3046
vn -0.5325 0.8458 0.0337
vn -0.0228 0.9993 0.0288
vn -0.0230 0.9993 0.0289
vn -0.0229 0.9993 0.0289
vn -0.0705 0.9802 0.1852
vn -0.1206 0.9713 -0.2048
vn 0.9746 0.2178 -0.0522
vn -0.3719 0.0698 0.9256
vn -0.9876 0.1359 -0.0790
vn -0.8616 0.1705 -0.4780
vn -0.7392 0.5355 0.4085
vn -0.5894 -0.3294 0.7376
vn 0.3987 0.7857 -0.4729
vn -0.3311 0.7267 0.6019
vn -0.6503 0.7361 0.1876
vn -0.4249 0.9046 -0.0330
vn 0.1432 0.8315 -0.5368
vn -0.3397 0.8426 -0.4178
vn 0.9719 -0.1816 -0.1497
vn -0.8194 -0.3677 0.4398
vn -0.8195 -0.3676 0.4397
vn -0.8196 -0.3675 0.4396
vn -0.8090 -0.5844 -0.0629
vn 0.4477 -0.5250 0.7238
vn 0.2643 -0.6677 -0.6959
vn -0.5428 -0.5094 -0.6677
vn 0.6741 -0.3131 -0.6690
vn -0.2479 -0.4027 0.8811
vn 0.8674 0.3233 0.3782
vn 0.5269 0.6788 0.5115
vn 0.5268 0.6788 0.5115
vn 0.5269 0.6787 0.5115
vn 0.2553 0.6761 -0.6911
vn -0.1972 0.7988 -0.5684
vn -0.2155 0.4765 0.8524
vn 0.6282 0.5279 -0.5716
vn 0.9188 0.3664 0.1469
vn 0.9187 0.3666 0.1469
vn 0.9188 0.3665 0.1469
vn 0.4239 0.2136 -0.8802
vn 0.7984 -0.4834 0.3591
vn -0.8044 -0.5541 -0.2145
vn 0.3956 -0.5503 0.7353
vn -0.3872 -0.5821 -0.7150
vn 0.5050 -0.4146 -0.7570
vn 0.5051 -0.4143 -0.7571
vn -0.5195 -0.3464 0.7811
vn -0.5195 -0.3462 0.7812
vn -0.1112 0.6982 -0.7072
vn -0.1113 0.6982 -0.7072
vn -0.1114 0.6984 -0.7070
vn -0.4044 0.6565 0.6367
vn 0.8771 0.4372 -0.1991
vn 0.8771 0.4371 -0.1991
vn -0.8974 0.3914 0.2036
vn -0.8973 0.3916 0.2036
vn 0.6084 0.7602 0.2278
vn -0.5718 0.7924 -0.2124
vn -0.5717 0.7925 -0.2124
vn 0.2353 0.6644 0.7094
vn 0.4492 0.5529 -0.7018
vn 0.4595 -0.8709 -0.1742
vn -0.4003 -0.8785 0.2607
vn 0.4114 -0.8984 0.1535
vn -0.3774 -0.9156 -0.1391
vn 0.0343 -0.8744 -0.4839
vn 0.1271 -0.9149 0.3832
vn 0.2536 -0.8924 -0.3733
vn -0.1694 -0.8888 0.4258
vn -0.0633 -0.9138 -0.4012
vn 0.4516 -0.8611 0.2337
vn -0.3290 -0.9411 -0.0777
vn -0.8401 -0.4080 -0.3573
vn -0.8401 -0.4080 -0.3574
vn -0.8401 -0.4079 -0.3575
vn 0.2506 -0.3366 -0.9077
vn -0.5046 -0.5703 -0.6482
vn -0.5043 -0.5702 -0.6485
vn -0.5044 -0.5702 -0.6484
vn 0.1600 -0.4600 0.8734
vn 0.5723 -0.4075 -0.7117
vn -0.2378 -0.2975 0.9246
vn 0.8312 -0.3781 -0.4075
vn -0.5840 -0.3621 0.7265
vn -0.5841 -0.3620 0.7265
vn -0.5842 -0.3620 0.7264
vn 0.9235 -0.3515 0.1534
vn -0.3081 -0.0699 -0.9488
vn 0.9599 -0.1696 0.2232
vn 0.7422 -0.1785 0.6460
vn -0.6267 0.0125 0.7792
vn -0.8843 0.2425 0.3989
vn -0.7542 0.2197 -0.6188
vn 0.2476 0.0877 -0.9649
vn 0.1033 0.2265 0.9685
vn -0.2674 0.1705 0.9484
vn -0.7243 0.5414 0.4270
vn 0.7386 0.5351 0.4101
vn 0.1331 0.2894 -0.9479
vn 0.1878 0.5718 0.7986
vn -0.4971 0.5058 -0.7050
vn 0.7675 0.2024 -0.6082
vn -0.1152 0.5706 -0.8131
vn 0.2599 0.8911 0.3721
vn -0.5704 0.7751 0.2717
vn -0.1968 0.9250 -0.3250
vn -0.1563 0.9510 0.2669
vn 0.1997 0.9788 -0.0467
vn 0.1261 0.9915 0.0324
vn 0.1260 0.9915 0.0324
vn 0.1259 0.9915 0.0324
vn -0.1478 0.9883 -0.0388
vn -0.1478 0.9882 -0.0389
vn 0.1335 0.9656 -0.2230
vn 0.6335 0.0314 0.7731
vn -0.8701 -0.0814 0.4861
vn -0.9143 -0.3234 -0.2440
vn -0.0874 -0.1163 -0.9894
vn -0.2362 0.8306 0.5042
vn -0.1063 0.7706 -0.6284
vn -0.1064 0.7705 -0.6284
vn -0.1063 0.7707 -0.6283
vn -0.3436 0.9009 0.2651
vn -0.5851 0.7644 -0.2710
vn 0.1522 0.8409 -0.5194
vn -0.3391 0.8397 -0.4242
vn -0.6494 -0.5720 0.5012
vn 0.8372 -0.3215 0.4423
vn -0.9213 -0.3585 -0.1506
vn 0.5457 -0.4038 0.7343
vn 0.2037 -0.3119 0.9280
vn 0.2364 -0.5403 -0.8076
vn -0.5080 -0.6772 -0.5322
vn -0.1255 -0.5777 0.8065
vn -0.2423 -0.1038 -0.9646
vn 0.6822 -0.6469 -0.3408
vn 0.6824 -0.6468 -0.3407
vn 0.6823 -0.6468 -0.3407
vn -0.2142 -0.4865 -0.8470
vn -0.8675 0.3231 0.3782
vn 0.4925 0.6122 0.6186
vn 0.2317 0.7026 -0.6728
vn 0.6087 0.7160 -0.3419
vn -0.4262 0.7269 0.5385
vn 0.8612 0.2850 -0.4209
vn 0.9552 0.2445 0.1665
vn 0.9553 0.2445 0.1665
vn -0.9262 0.2842 0.2477
vn 0.7584 0.2472 0.6031
vn 0.7584 0.2473 0.6031
vn 0.8036 -0.4048 0.4363
vn 0.8035 -0.4049 0.4364
vn -0.8219 -0.3522 -0.4477
vn 0.2534 -0.3475 0.9028
vn 0.3679 -0.5638 -0.7395
vn -0.2526 -0.3570 -0.8993
vn -0.7212 -0.5782 0.3814
vn 0.4605 0.7738 -0.4349
vn -0.2078 0.5821 -0.7861
vn -0.4038 0.7482 0.5265
vn 0.6896 0.6086 0.3925
vn -0.6662 0.6417 -0.3800
vn 0.2065 0.5882 0.7819
vn 0.4631 -0.8532 0.2397
vn -0.4661 -0.8786 -0.1039
vn -0.2945 -0.8683 -0.3992
vn 0.0611 -0.8728 0.4843
vn 0.2766 -0.9250 -0.2605
vn -0.2256 -0.9291 0.2929
vn -0.2257 -0.9291 0.2930
vn 0.0577 -0.5103 -0.8581
vn 0.0577 -0.5103 -0.8580
vn -0.6819 -0.4027 -0.6105
vn 0.1506 -0.4375 0.8865
vn 0.5750 -0.4145 -0.7054
vn -0.2819 -0.2267 -0.9323
vn -0.2819 -0.2268 -0.9323
vn -0.4132 -0.4572 0.7876
vn 0.8185 -0.4750 -0.3232
vn 0.8185 -0.4750 -0.3231
vn -0.7430 -0.4631 0.4833
vn 0.6610 -0.3708 0.6524
vn -0.6693 -0.0390 -0.7420
vn -0.3313 -0.1312 -0.9344
vn 0.8738 -0.0753 0.4804
vn -0.8839 0.1988 0.4233
vn -0.9829 0.1659 -0.0799
vn 0.5720 0.1356 0.8089
vn 0.2381 0.0463 0.9702
vn -0.3322 0.2248 0.9160
vn 0.5872 0.7404 0.3272
vn 0.7377 0.5396 0.4057
vn -0.8042 0.5376 -0.2536
vn 0.5769 0.3206 0.7512
vn -0.7371 0.2976 -0.6067
vn 0.3916 0.6497 -0.6516
vn -0.3528 0.4629 -0.8132
vn -0.3541 0.4825 0.8011
vn 0.7018 0.6827 -0.2035
vn -0.6211 0.7668 -0.1619
vn 0.0979 0.7694 0.6312
vn 0.2769 0.8197 -0.5015
vn -0.1057 0.8049 0.5839
vn -0.0279 0.8130 -0.5817
vn -0.0279 0.8129 -0.5817
vn 0.4973 0.8633 -0.0858
vn 0.4972 0.8634 -0.0858
vn -0.5468 0.8372 0.0060
vn -0.1999 0.9223 0.3309
vn -0.1294 0.9915 -0.0139
vn 0.1234 0.9752 0.1836
vn -0.1294 0.9672 -0.2186
vn 0.4411 0.2069 -0.8733
vn 0.7815 -0.0361 -0.6228
vn 0.9623 0.1370 -0.2348
vn 0.8864 0.3582 0.2931
vn 0.5860 0.3034 0.7513
vn 0.1102 0.0528 0.9925
vn -0.3413 0.0866 0.9360
vn -0.7848 0.0970 0.6121
vn -0.9925 0.0528 0.1102
vn -0.9377 0.0773 -0.3388
vn -0.6165 0.1500 -0.7729
vn -0.0837 0.2856 -0.9547
vn 0.5860 0.7556 0.2926
vn 0.5859 0.7557 0.2925
vn 0.5858 0.7558 0.2926
vn -0.4822 0.6379 -0.6004
vn 0.3167 0.7104 -0.6285
vn 0.7024 0.6926 -0.1640
vn -0.0676 0.7976 0.5994
vn -0.5455 0.7788 0.3095
vn -0.6751 0.6923 -0.2550
vn 0.5148 0.7403 -0.4324
vn 0.3095 0.7665 0.5628
vn 0.1057 0.7687 -0.6308
vn -0.0673 0.6381 -0.7670
vn -0.3578 0.7770 0.5180
vn 0.5131 0.8433 -0.1600
vn -0.4567 0.8819 -0.1173
vn 0.2131 0.3711 0.9038
vn -0.8517 -0.4709 -0.2302
vn -0.8516 -0.4709 -0.2302
vn 0.3916 -0.5580 0.7316
vn 0.1374 -0.3462 -0.9280
vn -0.6687 -0.4983 -0.5518
vn -0.6087 -0.3659 -0.7040
vn 0.0928 -0.4172 0.9041
vn 0.0926 -0.4172 0.9041
vn 0.0929 -0.4172 0.9040
vn 0.5365 -0.4294 -0.7264
vn -0.2752 -0.3673 -0.8884
vn 0.6735 -0.4891 -0.5542
vn 0.8266 -0.3058 -0.4724
vn -0.4631 -0.5739 0.6754
vn -0.7609 -0.2351 0.6047
vn 0.9383 -0.3322 0.0963
vn 0.9383 -0.3322 0.0964
vn 0.9383 -0.3321 0.0965
vn 0.7772 -0.4945 0.3892
vn -0.6172 -0.2406 -0.7491
vn 0.0772 -0.3190 0.9446
vn 0.4771 0.0654 -0.8764
vn -0.4744 -0.0636 -0.8780
vn -0.3125 -0.2395 -0.9192
vn -0.4690 -0.0627 0.8810
vn 0.8347 -0.2812 -0.4735
vn -0.7140 -0.3688 0.5951
vn 0.9259 -0.3657 0.0946
vn -0.9022 -0.3119 0.2978
vn -0.9022 -0.3119 0.2979
vn -0.9644 -0.1709 -0.2016
vn 0.3341 -0.0100 0.9425
vn 0.9454 0.0953 -0.3118
vn -0.9889 0.0675 0.1325
vn 0.7244 0.6002 0.3390
vn 0.8220 0.3398 0.4570
vn 0.8105 0.2411 0.5338
vn 0.6372 0.3249 0.6988
vn -0.7533 0.3343 -0.5663
vn -0.2167 0.5400 0.8133
vn 0.6453 0.3905 -0.6566
vn -0.0525 0.4367 -0.8980
vn -0.5724 0.4617 0.6776
vn -0.7838 0.5895 -0.1951
vn 0.5000 0.6042 0.6205
vn -0.6777 0.6398 -0.3625
vn 0.0922 0.6203 -0.7789
vn 0.2690 0.5962 0.7564
vn 0.2698 0.5958 -0.7565
vn 0.0909 0.5915 0.8012
vn 0.0908 0.5915 0.8012
vn -0.0777 0.6160 0.7839
vn -0.0776 0.6160 0.7839
vn 0.4844 0.6460 -0.5900
vn -0.1988 0.5838 0.7872
vn 0.5950 0.5901 -0.5456
vn 0.7296 0.6422 -0.2349
vn 0.8070 0.5895 0.0347
vn -0.8083 0.5817 0.0908
vn -0.8253 0.2564 -0.5030
vn -0.8253 0.2565 -0.5031
vn 0.3281 0.2851 0.9006
vn 0.1306 0.2376 -0.9625
vn 0.2089 0.3152 -0.9258
vn 0.6960 0.3082 -0.6486
vn 0.9019 0.2428 -0.3571
vn -0.7528 0.2218 0.6197
vn 0.9641 0.2221 0.1457
vn -0.9061 0.2858 0.3119
vn 0.8684 0.2615 0.4214
vn -0.9611 0.2592 -0.0958
vn 0.2258 -0.0659 0.9719
vn -0.1669 -0.1496 -0.9746
vn 0.3574 -0.3513 0.8654
vn -0.5850 -0.4594 0.6684
vn 0.9118 -0.2587 -0.3188
vn -0.8705 -0.1756 0.4597
vn -0.8396 -0.4629 0.2843
vn -0.9527 -0.2880 -0.0965
vn -0.9528 -0.2880 -0.0965
vn -0.7452 -0.1051 -0.6585
vn 0.6213 -0.2081 -0.7555
vn -0.3188 -0.5612 -0.7639
vn 0.6701 -0.4255 -0.6081
vn 0.6701 -0.4255 -0.6082
vn 0.6700 -0.4253 -0.6085
vn 0.9769 -0.1950 0.0875
vn 0.7559 -0.0443 0.6531
vn -0.9462 0.2191 -0.2381
vn 0.3030 0.1429 0.9422
vn -0.6272 0.1800 -0.7577
vn -0.1912 -0.0545 -0.9800
vn -0.6126 0.1306 0.7795
vn 0.9844 -0.0635 -0.1644
vn -0.9059 -0.0412 0.4215
vn 0.9388 0.1593 0.3053
vn 0.7538 0.3665 -0.5454
vn -0.2099 0.5302 0.8215
vn -0.5240 0.4106 0.7462
vn -0.6286 0.6003 0.4945
vn -0.8965 0.3821 -0.2244
vn 0.6198 0.5586 0.5512
vn -0.6770 0.6020 -0.4235
vn -0.6769 0.6021 -0.4235
vn -0.6768 0.6021 -0.4235
vn 0.2636 0.5078 0.8202
vn -0.5721 0.4409 -0.6915
vn 0.4043 0.5636 -0.7203
vn 0.3983 -0.1897 -0.8974
vn -0.3965 0.5964 -0.6980
vn 0.9193 0.2508 0.3033
vn -0.9710 0.0823 -0.2245
vn 0.7561 -0.1147 0.6444
vn 0.1960 0.0215 -0.9804
vn 0.0905 0.0376 0.9952
vn 0.6020 0.0209 -0.7982
vn -0.2650 0.0506 -0.9629
vn -0.3218 0.0084 0.9468
vn 0.9173 0.0267 -0.3973
vn -0.7751 -0.1013 0.6237
vn -0.9551 0.0701 0.2878
vn 0.9975 -0.0591 0.0392
vn 0.7134 -0.5018 0.4892
vn -0.5760 -0.5947 0.5608
vn 0.7779 -0.6215 0.0926
vn -0.7690 -0.5954 0.2328
vn 0.7835 -0.5613 0.2666
vn -0.8158 -0.5727 -0.0803
vn -0.7213 -0.5524 -0.4178
vn 0.3884 -0.6118 0.6891
vn 0.2560 -0.6021 -0.7563
vn 0.0769 -0.5690 0.8187
vn -0.4137 -0.5656 -0.7133
vn -0.2600 -0.5844 0.7687
vn -0.0859 -0.5699 -0.8172
vn -0.7828 0.0151 -0.6221
vn -0.0077 1.0000 0.0041
vn 0.4236 0.1086 0.8993
vn 0.1342 -0.0647 0.9888
vn 0.3415 0.0164 -0.9398
vn 0.6257 0.0220 -0.7797
vn -0.4142 0.0626 -0.9080
vn -0.1125 -0.0371 -0.9930
vn -0.3510 0.0137 0.9363
vn -0.5998 0.0223 0.7998
vn 0.9049 0.1021 -0.4132
vn 0.9886 -0.0632 -0.1369
vn -0.8999 0.1017 0.4241
vn 0.9362 0.0166 0.3510
vn 0.8001 0.0215 0.5995
vn -0.9382 0.0593 -0.3411
vn 0.0133 0.9999 -0.0005
vn -0.6187 0.7441 0.2521
vn -0.5349 0.7444 -0.3998
vn -0.0294 0.9996 -0.0000
vn -0.0379 0.6625 -0.7481
vn -0.0085 0.9999 -0.0091
vn 0.0493 0.7387 0.6722
vn 0.0105 0.9999 0.0077
vn -0.3940 0.7537 0.5260
vn -0.0003 0.9998 0.0177
vn 0.0001 1.0000 -0.0081
vn 0.4423 0.7073 -0.5514
vn 0.7480 0.6626 -0.0383
vn 0.0089 0.9999 -0.0086
vn 0.6250 0.5977 0.5022
vn 0.0057 1.0000 0.0033
vn -0.9670 0.1984 -0.1600
vn 0.8233 0.1027 0.5582
vn -0.3426 0.2473 0.9063
vn 0.1593 0.1980 -0.9672
vn 0.2552 -0.2862 -0.9236
vn 0.7470 -0.1616 -0.6449
vn 0.9440 -0.3187 -0.0860
vn 0.7146 -0.4278 0.5535
vn 0.1844 -0.1970 0.9629
vn -0.3014 -0.0523 0.9521
vn -0.7535 -0.0952 0.6505
vn -0.9847 -0.0847 0.1522
vn -0.9521 -0.0523 -0.3014
vn -0.6740 -0.0776 -0.7346
vn -0.2731 -0.1997 -0.9410
vn 0.7106 0.6819 -0.1737
vn 0.0800 0.6851 0.7240
vn -0.6366 0.7602 -0.1295
vn 0.3194 0.7290 -0.6054
vn 0.4820 0.7686 0.4206
vn -0.6071 0.6382 0.4735
vn -0.3093 0.7700 -0.5581
vn -0.6877 0.6812 -0.2511
vn 0.4745 0.6361 0.6084
vn -0.1148 0.7253 -0.6788
vn 0.6242 0.7783 0.0678
vn -0.2597 0.6512 0.7131
vn 0.5475 0.7162 -0.4329
vn -0.6819 0.7235 0.1076
vn 0.7331 0.6354 0.2424
vn -0.4877 0.7715 -0.4086
vn 0.6274 0.7440 -0.2300
vn 0.1096 0.7279 0.6769
vn -0.7303 0.6783 0.0807
vn -0.6473 -0.6649 0.3726
vn -0.1776 -0.5331 0.8272
vn -0.8499 -0.4753 -0.2277
vn 0.2578 -0.3123 -0.9143
vn 0.5523 -0.3674 0.7483
vn -0.8009 -0.4022 -0.4437
vn 0.3977 -0.5456 -0.7377
vn -0.3996 -0.5522 -0.7317
vn -0.2732 -0.2651 0.9247
vn -0.1506 -0.4673 -0.8712
vn 0.7660 -0.5963 -0.2401
vn 0.9352 -0.3419 0.0928
vn -0.9073 -0.2891 0.3054
vn -0.9073 -0.2892 0.3051
vn -0.9074 -0.2892 0.3049
vn -0.8501 -0.5070 0.1422
vn 0.7575 -0.4263 0.4943
vn 0.6594 -0.4892 0.5708
vn 0.0767 -0.3203 0.9442
vn -0.1193 -0.2737 0.9544
vn -0.2830 -0.4209 0.8618
vn -0.7500 -0.3107 0.5839
vn -0.8664 -0.2171 0.4497
vn 0.9705 -0.2071 0.1234
vn 0.5626 -0.1965 0.8030
vn 0.5627 -0.1965 0.8030
vn 0.5628 -0.1966 0.8029
vn 0.1488 -0.3298 -0.9323
vn -0.8854 0.3537 -0.3017
vn -0.8260 0.2572 -0.5015
vn 0.4818 0.1110 -0.8692
vn -0.4658 0.2177 0.8577
vn 0.9277 0.2282 -0.2956
vn -0.7850 0.6147 -0.0769
vn 0.4910 0.5952 0.6361
vn -0.6037 0.5936 -0.5322
vn 0.2311 0.6066 0.7606
vn -0.3789 0.5925 -0.7109
vn -0.2217 0.6186 -0.7538
vn -0.0476 0.5674 -0.8221
vn 0.7128 0.6026 -0.3589
vn -0.5399 0.5894 0.6009
vn 0.8059 0.5906 -0.0412
vn -0.7209 0.5954 0.3546
vn 0.7907 0.6073 0.0774
vn -0.7547 0.6174 0.2221
vn -0.3568 0.6344 0.6857
vn -0.6046 0.6225 0.4969
vn 0.6985 0.6160 0.3642
vn -0.5032 0.6219 -0.6001
vn 0.6209 0.2241 0.7512
vn -0.8381 0.3111 -0.4480
vn 0.2820 0.2418 0.9284
vn -0.6191 0.2064 -0.7577
vn -0.6192 0.2064 -0.7576
vn -0.3835 0.3221 -0.8655
vn -0.0952 0.2262 0.9694
vn -0.0952 0.2261 0.9694
vn -0.0952 0.2260 0.9695
vn 0.6242 0.1919 -0.7574
vn -0.2850 0.2392 -0.9282
vn -0.2157 0.3180 0.9232
vn -0.4615 0.2264 0.8578
vn -0.6286 0.3085 0.7139
vn 0.9248 0.2051 -0.3204
vn 0.9609 0.2603 0.0946
vn -0.9229 0.2612 0.2829
vn 0.8583 0.2244 0.4614
vn -0.9609 0.2602 -0.0944
vn -0.5011 -0.2429 0.8306
vn 0.9575 -0.2666 0.1103
vn 0.7294 -0.4690 0.4980
vn -0.9585 -0.2645 -0.1067
vn -0.7657 -0.4510 -0.4585
vn -0.7658 -0.4511 -0.4584
vn -0.7657 -0.4509 -0.4587
vn 0.4022 -0.2717 0.8743
vn 0.1869 -0.3624 -0.9131
vn 0.2954 -0.2470 -0.9229
vn 0.2953 -0.2470 -0.9229
vn 0.2953 -0.2469 -0.9229
vn -0.0916 -0.1305 0.9872
vn -0.2404 -0.3231 0.9153
vn -0.2405 -0.3231 0.9153
vn -0.9880 -0.1128 -0.1059
vn 0.7661 -0.0065 0.6427
vn 0.4368 -0.1176 0.8919
vn -0.7414 -0.1528 -0.6535
vn -0.0949 -0.1433 0.9851
vn 0.9579 -0.1103 -0.2652
vn -0.8835 0.0953 0.4587
vn 0.6764 0.3308 -0.6581
vn 0.7097 0.6152 -0.3434
vn -0.2137 0.5335 0.8183
vn -0.0813 0.4577 -0.8854
vn -0.8191 0.4348 0.3742
vn 0.7375 0.6742 -0.0383
vn 0.8386 0.4821 0.2538
vn -0.7653 0.6419 0.0478
vn -0.0255 0.4958 -0.8681
vn 0.2467 0.5279 0.8127
vn 0.2632 0.4572 -0.8495
vn 0.9672 0.0933 0.2363
vn 0.6200 0.5570 0.5526
vn 0.6199 0.5570 0.5527
vn -0.9886 -0.1352 0.0667
vn 0.4944 0.0604 0.8671
vn -0.8453 -0.1138 -0.5221
vn 0.2802 -0.0962 0.9551
vn 0.3921 -0.1056 -0.9138
vn -0.6739 0.0693 -0.7355
vn -0.4765 -0.1008 -0.8734
vn -0.2583 -0.0710 0.9635
vn 0.5308 0.0991 -0.8417
vn -0.0197 -0.0857 -0.9961
vn -0.7148 0.0066 0.6993
vn 0.9521 -0.2690 -0.1456
vn 0.7215 -0.6199 -0.3086
vn -0.6249 -0.5692 0.5343
vn 0.8197 -0.5633 -0.1040
vn -0.7689 -0.5957 0.2321
vn 0.6625 -0.6187 0.4224
vn -0.7691 -0.6114 -0.1863
vn 0.5229 -0.5511 0.6502
vn 0.1740 -0.5283 -0.8310
vn -0.5320 -0.6251 -0.5712
vn 0.1011 -0.5841 0.8053
vn 0.4690 -0.6199 -0.6291
vn -0.2111 -0.6116 -0.7625
vn -0.2705 -0.5791 0.7691
vn 0.6537 -0.5443 -0.5258
vn -0.0174 0.9998 -0.0006
vn 0.3282 0.0015 -0.9446
vn 0.1044 -0.0369 0.9938
vn -0.4991 -0.0601 -0.8645
vn -0.3364 -0.0022 0.9417
vn 0.7717 -0.1485 -0.6184
vn -0.1287 -0.0517 -0.9903
vn -0.7520 -0.1256 0.6471
vn 0.9937 -0.0348 -0.1061
vn -0.9573 -0.0315 0.2873
vn 0.9437 -0.0049 0.3309
vn -0.9842 0.0032 0.1772
vn -0.9931 -0.0653 -0.0978
vn 0.6181 -0.1516 0.7714
vn -0.8639 -0.0396 -0.5020
vn -0.9519 0.2955 -0.0811
vn -0.0085 1.0000 0.0022
vn -0.3944 0.1513 -0.9064
vn -0.0058 1.0000 -0.0057
vn 0.0995 0.7745 -0.6247
vn 0.0025 1.0000 0.0070
vn -0.0602 0.6328 0.7719
vn 0.0023 1.0000 0.0086
vn -0.9068 0.1549 0.3920
vn -0.0081 0.9999 0.0094
vn 0.4610 0.7867 -0.4106
vn 0.0052 1.0000 -0.0066
vn 0.6242 0.7749 0.0995
vn 0.0077 1.0000 -0.0010
vn 0.3552 0.7752 0.5223
vn 0.0026 0.9998 0.0218
vn 0.0044 1.0000 0.0052
vn -0.0275 0.9993 -0.0235
vn 0.0006 0.9999 0.0118
vn -0.0025 1.0000 -0.0083
vn -0.0229 0.9997 -0.0044
vn -0.9699 0.0481 -0.2388
vn 0.9974 0.0683 0.0248
vn 0.9623 -0.1459 0.2297
vn -0.2328 -0.0027 0.9725
vn 0.2387 0.0469 -0.9700
vn 0.4505 -0.0620 -0.8906
vn 0.7760 0.1287 -0.6175
vn 0.9340 0.2752 -0.2280
vn 0.9450 0.0970 0.3125
vn 0.6121 0.0970 0.7848
vn 0.1103 -0.0472 0.9928
vn -0.3393 0.1372 0.9306
vn -0.7362 0.3583 0.5742
vn -0.9744 0.1970 0.1080
vn -0.9505 0.0605 -0.3047
vn -0.7552 0.1737 -0.6321
vn -0.4646 0.0319 -0.8850
vn -0.0552 0.0620 -0.9966
vn 0.6791 0.6892 0.2527
vn 0.3291 0.6824 -0.6526
vn -0.3367 0.6894 -0.6414
vn 0.6374 0.7674 -0.0697
vn -0.0628 0.7945 0.6039
vn -0.5873 0.6959 0.4133
vn -0.5875 0.6957 0.4134
vn -0.5874 0.6958 0.4133
vn -0.5627 0.7699 -0.3012
vn 0.0567 0.7823 -0.6203
vn -0.0414 0.6748 -0.7368
vn -0.2895 0.8020 0.5224
vn -0.5576 0.6889 -0.4632
vn -0.5575 0.6890 -0.4631
vn 0.5165 0.8435 0.1472
vn 0.2130 0.3714 0.9037
vn -0.3029 0.0560 0.9514
vn -0.7810 -0.4621 -0.4200
vn 0.3917 -0.5580 0.7316
vn 0.1142 -0.3574 -0.9269
vn 0.1472 -0.4575 -0.8770
vn -0.6017 -0.4179 -0.6807
vn 0.0928 -0.4173 0.9040
vn 0.0930 -0.4173 0.9040
vn 0.5152 -0.3905 -0.7629
vn -0.2469 -0.4504 -0.8580
vn 0.6040 -0.4892 -0.6292
vn 0.8130 -0.3437 -0.4700
vn -0.8200 -0.3649 0.4410
vn -0.8030 -0.5449 0.2415
vn 0.8271 -0.5054 0.2462
vn 0.8271 -0.5052 0.2462
vn 0.8270 -0.5055 0.2461
vn -0.9181 -0.3894 0.0736
vn -0.6173 -0.2405 -0.7491
vn 0.0773 -0.3190 0.9446
vn 0.4802 0.0950 -0.8720
vn -0.4743 -0.0639 -0.8780
vn -0.4743 -0.0638 -0.8780
vn -0.4744 -0.0639 -0.8780
vn -0.4540 -0.2623 0.8515
vn 0.8347 -0.2813 -0.4735
vn -0.5534 -0.2735 0.7867
vn -0.9663 -0.1549 -0.2057
vn 0.9454 0.0952 -0.3118
vn -0.9908 -0.0010 0.1350
vn 0.7244 0.6002 0.3391
vn -0.8206 0.2644 0.5066
vn 0.8220 0.3397 0.4570
vn 0.8105 0.2410 0.5338
vn 0.6372 0.3249 0.6989
vn -0.2179 0.5822 0.7833
vn -0.0526 0.4368 -0.8980
vn 0.5000 0.6042 0.6204
vn -0.6777 0.6398 -0.3624
vn 0.2691 0.5962 0.7564
vn 0.0909 0.5914 0.8013
vn 0.0908 0.5914 0.8013
vn -0.0774 0.6163 0.7837
vn -0.2190 0.5774 0.7865
vn 0.5951 0.5901 -0.5456
vn 0.7297 0.6422 -0.2348
vn -0.8256 0.2566 -0.5026
vn 0.1306 0.2376 -0.9626
vn 0.3381 0.3092 0.8889
vn 0.2088 0.3151 -0.9258
vn -0.1254 0.2575 0.9581
vn -0.1254 0.2576 0.9581
vn 0.9020 0.2427 -0.3570
vn 0.9640 0.2220 0.1460
vn -0.9062 0.2857 0.3117
vn 0.8213 0.2561 0.5098
vn -0.9610 0.2591 -0.0962
vn -0.1347 -0.1709 -0.9760
vn -0.5530 -0.4809 0.6804
vn -0.5529 -0.4809 0.6805
vn -0.5528 -0.4807 0.6807
vn 0.9119 -0.2588 -0.3187
vn -0.8508 -0.2045 0.4841
vn -0.8934 -0.3312 0.3035
vn 0.8519 -0.3033 0.4270
vn -0.9429 -0.3191 -0.0956
vn -0.8264 -0.3056 -0.4729
vn 0.3085 -0.5097 0.8031
vn 0.3086 -0.5098 0.8031
vn 0.3087 -0.5098 0.8030
vn -0.6202 -0.1743 -0.7648
vn -0.6201 -0.1743 -0.7649
vn -0.6203 -0.1743 -0.7648
vn 0.1016 -0.1848 0.9775
vn -0.1157 -0.4851 0.8668
vn 0.6213 -0.2082 -0.7554
vn -0.3406 -0.4775 -0.8099
vn -0.3407 -0.4775 -0.8099
vn -0.3409 -0.4775 -0.8098
vn 0.6702 -0.4253 -0.6082
vn 0.9934 -0.1150 -0.0045
vn 0.6699 0.1086 0.7345
vn 0.2683 0.1424 0.9528
vn 0.1019 -0.1466 0.9839
vn -0.2377 0.1787 0.9548
vn -0.1755 0.0575 -0.9828
vn -0.6189 0.1279 0.7750
vn 0.9787 -0.0852 -0.1866
vn -0.8332 0.0150 0.5527
vn 0.7162 0.3492 -0.6042
vn 0.8611 0.4414 0.2524
vn -0.9397 0.3360 0.0638
vn -0.8801 0.2777 -0.3852
vn -0.2055 0.5313 0.8219
vn -0.2055 0.5312 0.8219
vn -0.5521 0.4565 0.6977
vn -0.6286 0.6002 0.4945
vn -0.8618 0.4952 0.1098
vn 0.2324 0.5446 0.8059
vn -0.5580 0.4538 -0.6948
vn 0.4041 0.5637 -0.7204
vn 0.4041 0.5638 -0.7203
vn 0.3984 -0.1899 -0.8973
vn -0.4180 0.6074 -0.6755
vn -0.9844 0.0654 -0.1636
vn -0.7280 0.0885 -0.6798
vn 0.0904 0.0377 0.9952
vn -0.2851 0.0621 -0.9565
vn -0.3219 0.0084 0.9468
vn 0.9173 0.0268 -0.3974
vn -0.7750 -0.1013 0.6237
vn -0.9481 0.0587 0.3126
vn -0.5760 -0.5948 0.5608
vn -0.8059 -0.5868 -0.0794
vn -0.7224 -0.5505 -0.4185
vn 0.2560 -0.6021 -0.7562
vn -0.4150 -0.5620 -0.7155
vn -0.2601 -0.5843 0.7687
vn 0.1339 -0.0646 0.9889
vn 0.1339 -0.0647 0.9889
vn -0.3510 0.0136 0.9363
vn 0.0134 0.9999 -0.0003
vn -0.6187 0.7441 0.2522
vn -0.5348 0.7444 -0.3998
vn -0.0380 0.6624 -0.7482
vn -0.0086 0.9999 -0.0091
vn -0.3939 0.7537 0.5261
vn -0.0003 0.9998 0.0176
vn 0.7481 0.6624 -0.0385
vn 0.6248 0.5978 0.5022
vn 0.0058 1.0000 0.0033
vn -0.9670 0.1985 -0.1597
vn -0.9670 0.1984 -0.1597
vn 0.8233 0.1027 0.5583
vn 0.1594 0.1978 -0.9672
vn 0.4482 -0.0708 -0.8911
vn 0.8409 -0.3129 -0.4415
vn 0.9471 -0.2280 0.2257
vn 0.6505 -0.0952 0.7535
vn 0.1222 -0.0952 0.9879
vn -0.4530 -0.3186 0.8326
vn -0.8573 -0.4277 0.2867
vn -0.8653 -0.3058 -0.3971
vn -0.5147 -0.1322 -0.8471
vn 0.2918 0.7177 -0.6323
vn -0.0859 -0.0394 -0.9955
vn -0.4032 0.7735 -0.4891
vn 0.7238 0.6669 -0.1769
vn -0.6322 0.7723 -0.0624
vn 0.4815 0.7774 0.4047
vn -0.6912 0.6872 -0.2237
vn 0.4517 0.7592 -0.4686
vn 0.4746 0.6361 0.6084
vn -0.1849 0.7745 -0.6049
vn 0.6643 0.7315 0.1537
vn -0.2504 0.6814 0.6877
vn 0.5654 0.6931 -0.4471
vn -0.6026 0.7781 0.1772
vn 0.7231 0.6481 0.2391
vn 0.5634 0.7700 -0.2993
vn -0.7390 0.6688 0.0816
vn 0.0872 -0.6023 -0.7935
vn -0.0975 -0.3599 0.9279
vn -0.4788 -0.5345 0.6965
vn -0.8828 -0.3913 -0.2598
vn 0.5523 -0.3674 0.7484
vn -0.7808 -0.4547 -0.4285
vn -0.5585 -0.4804 -0.6762
vn 0.3408 -0.5570 -0.7574
vn -0.2757 -0.4141 -0.8675
vn 0.0353 -0.4331 -0.9006
vn 0.0354 -0.4331 -0.9006
vn 0.0355 -0.4330 -0.9007
vn 0.7960 -0.4383 -0.4174
vn -0.5678 -0.3622 0.7392
vn -0.7259 -0.4550 0.5158
vn 0.8243 -0.5592 -0.0883
vn 0.9622 -0.2584 0.0861
vn 0.7590 -0.4224 0.4954
vn -0.8225 -0.5634 -0.0781
vn 0.6702 -0.5025 0.5462
vn -0.1194 -0.2737 0.9544
vn -0.2761 -0.4148 0.8670
vn -0.8915 -0.1140 0.4385
vn 0.9705 -0.2070 0.1234
vn -0.9793 -0.1924 0.0635
vn -0.9793 -0.1924 0.0634
vn 0.5629 -0.1963 0.8029
vn 0.1333 -0.2643 -0.9552
vn -0.6701 0.2876 0.6843
vn 0.9276 0.2283 -0.2956
vn 0.4910 0.5951 0.6362
vn 0.2312 0.6066 0.7606
vn -0.2218 0.6186 -0.7537
vn -0.0476 0.5674 -0.8220
vn -0.5192 0.5969 0.6117
vn -0.7196 0.5945 0.3588
vn 0.7907 0.6073 0.0775
vn -0.3607 0.6248 0.6925
vn -0.5981 0.6329 0.4917
vn 0.6985 0.6160 0.3643
vn -0.5032 0.6219 -0.6000
vn 0.6260 0.1918 0.7559
vn -0.8381 0.3112 -0.4480
vn 0.2803 0.2612 0.9237
vn -0.6190 0.2062 -0.7578
vn -0.3835 0.3221 -0.8656
vn -0.0940 0.2851 0.9539
vn 0.6241 0.1919 -0.7574
vn -0.4623 0.2198 0.8591
vn -0.6021 0.3243 0.7296
vn 0.9609 0.2604 0.0941
vn -0.9228 0.2613 0.2831
vn 0.8349 0.3224 0.4461
vn -0.9609 0.2603 -0.0943
vn -0.4710 -0.1705 0.8655
vn -0.4711 -0.1706 0.8654
vn -0.4712 -0.1706 0.8654
vn 0.9470 -0.3031 0.1065
vn -0.9155 -0.3041 0.2635
vn 0.7550 -0.4565 0.4707
vn -0.9455 -0.3088 -0.1037
vn 0.5958 -0.1524 0.7886
vn -0.8103 -0.3264 -0.4867
vn 0.2957 -0.2465 -0.9229
vn 0.6031 -0.0457 0.7963
vn -0.4735 -0.1325 0.8708
vn 0.9482 -0.1499 -0.2800
vn 0.8631 0.0063 0.5051
vn -0.5635 0.1925 -0.8034
vn 0.6764 0.3309 -0.6580
vn -0.9840 0.1421 -0.1079
vn 0.7986 0.5022 -0.3317
vn -0.2124 0.5417 0.8133
vn -0.0529 0.4773 -0.8771
vn 0.6677 0.7249 -0.1694
vn 0.6678 0.7248 -0.1694
vn 0.6676 0.7250 -0.1694
vn -0.7863 0.4705 0.4005
vn 0.8750 0.4108 0.2561
vn -0.8645 0.4898 0.1129
vn 0.5752 0.4906 0.6545
vn -0.7777 0.4720 -0.4152
vn 0.2467 0.5280 0.8126
vn 0.8920 0.3117 0.3274
vn 0.5988 0.5949 0.5361
vn 0.5987 0.5950 0.5362
vn -0.7260 0.6204 -0.2967
vn -0.9886 -0.0757 0.1304
vn -0.9235 -0.1331 -0.3598
vn 0.3922 -0.1056 -0.9138
vn -0.5026 -0.1333 -0.8542
vn -0.2584 -0.0711 0.9634
vn 0.5309 0.0990 -0.8416
vn -0.0197 -0.0858 -0.9961
vn 0.9521 -0.2689 -0.1455
vn -0.6250 -0.5692 0.5342
vn 0.8197 -0.5633 -0.1039
vn -0.7702 -0.5846 0.2550
vn -0.7872 -0.6050 -0.1196
vn 0.1740 -0.5283 -0.8311
vn -0.5634 -0.6211 -0.5448
vn -0.2255 -0.6157 -0.7550
vn 0.6537 -0.5443 -0.5257
vn 0.3283 0.0015 -0.9446
vn -0.4990 -0.0601 -0.8645
vn 0.7718 -0.1485 -0.6183
vn -0.7521 -0.1256 0.6470
vn -0.9573 -0.0315 0.2872
vn -0.3943 0.1512 -0.9064
vn -0.0060 1.0000 -0.0056
vn 0.0995 0.7744 -0.6248
vn 0.0023 1.0000 0.0085
vn -0.9068 0.1550 0.3921
vn 0.4609 0.7867 -0.4106
vn 0.0043 1.0000 0.0055
vn -0.0025 1.0000 -0.0084
vn -0.9700 0.0481 -0.2385
vn -0.9699 0.0482 -0.2385
vn -0.2329 -0.0028 0.9725
vn 0.2390 0.0468 -0.9699
vn 0.3002 -0.0543 -0.9523
vn 0.6353 0.1743 -0.7523
vn 0.8556 0.2543 -0.4508
vn 0.9679 -0.2373 -0.0823
vn 0.8549 0.4114 0.3160
vn 0.5622 0.4018 0.7228
vn 0.1063 0.2576 0.9604
vn -0.3248 0.3535 0.8772
vn -0.7339 0.2893 0.6145
vn -0.9593 0.0637 0.2753
vn -0.9845 0.0991 -0.1450
vn -0.7770 0.0971 -0.6219
vn -0.7770 0.0970 -0.6219
vn -0.4395 -0.2119 -0.8729
vn 0.3186 0.7540 -0.5744
vn -0.0815 0.3513 -0.9327
vn -0.5855 0.7897 -0.1830
vn 0.4801 0.6724 -0.5634
vn 0.6556 0.7540 0.0401
vn -0.2972 0.7602 0.5778
vn 0.5941 0.7424 0.3098
vn 0.0727 0.7257 0.6842
vn 0.4393 0.6933 0.5713
vn 0.0402 0.7538 -0.6558
vn -0.3393 0.7645 -0.5481
vn 0.6005 0.7342 -0.3169
vn 0.9205 -0.3212 0.2227
vn -0.9570 -0.2627 0.1230
vn 0.8002 -0.4303 0.4178
vn -0.9475 -0.3056 -0.0944
vn 0.5639 -0.4679 0.6805
vn -0.8395 -0.3183 -0.4404
vn 0.0408 -0.5721 -0.8192
vn 0.3007 -0.2934 0.9075
vn 0.0852 -0.6466 0.7581
vn 0.4414 -0.4340 -0.7853
vn -0.4326 -0.5608 -0.7060
vn -0.0875 -0.3338 0.9386
vn -0.0878 -0.3335 0.9386
vn -0.0879 -0.3335 0.9387
vn 0.7426 -0.3092 -0.5941
vn -0.3940 -0.5245 0.7548
vn 0.7703 -0.4786 -0.4215
vn -0.7428 -0.3035 0.5968
vn -0.7732 -0.4689 0.4270
vn 0.8672 -0.4956 0.0480
vn -0.0621 0.0629 0.9961
vn 0.7003 0.1617 -0.6953
vn -0.7001 0.1573 0.6965
vn 0.6473 0.5015 0.5740
vn 0.0617 0.0739 -0.9954
vn 0.6482 0.7440 -0.1624
vn 0.6480 0.7442 -0.1621
vn 0.6482 0.7439 -0.1626
vn 0.1655 0.7418 -0.6498
vn 0.1658 0.7420 -0.6496
vn 0.1659 0.7420 -0.6496
vn -0.1833 0.6912 0.6990
vn 0.5070 0.8362 0.2093
vn -0.5620 0.8208 -0.1024
vn -0.5471 0.7870 -0.2852
vn -0.4823 0.8188 -0.3114
vn -0.4824 0.8187 -0.3115
vn -0.4823 0.8188 -0.3115
vn 0.1686 0.8922 0.4191
vn -0.3935 0.7856 -0.4774
vn 0.0826 0.8265 -0.5569
vn 0.1619 0.7475 0.6443
vn -0.2997 0.8258 -0.4778
vn 0.4827 0.7548 -0.4441
vn -0.0664 0.1610 0.9847
vn 0.0266 0.5837 -0.8115
vn -0.4783 0.6300 -0.6118
vn 0.5093 0.5774 -0.6382
vn -0.5089 0.6349 0.5813
vn 0.7922 0.5811 -0.1865
vn -0.7741 0.6234 0.1101
vn 0.7486 0.5974 0.2877
vn 0.5546 0.5912 0.5856
vn -0.6816 0.5759 -0.4514
vn 0.5943 0.1298 0.7937
vn -0.9263 0.1120 0.3599
vn 0.9595 0.1474 -0.2402
vn 0.9730 0.1838 -0.1393
vn 0.9198 0.1573 0.3595
vn -0.9780 0.1355 0.1587
vn -0.9780 0.1356 0.1587
vn 0.7831 0.2212 0.5812
vn -0.9348 0.1536 -0.3201
vn 0.0972 0.1283 -0.9870
vn 0.3581 0.2630 0.8959
vn 0.5643 0.1721 -0.8074
vn -0.4384 0.1476 -0.8866
vn 0.8354 0.1146 0.5376
vn 0.8353 0.1147 0.5377
vn -0.8867 0.1046 -0.4504
vn -0.8867 0.1045 -0.4504
vn 0.3725 0.0938 0.9233
vn 0.7000 0.1012 -0.7069
vn 0.9832 0.0893 -0.1589
vn 0.6007 -0.2716 -0.7519
vn -0.4076 -0.3648 -0.8371
vn -0.1882 -0.2701 0.9442
vn 0.8496 -0.4364 -0.2963
vn -0.7220 -0.3551 0.5938
vn 0.7404 -0.4759 0.4747
vn 0.5659 -0.3020 0.7672
vn -0.8304 -0.3415 -0.4402
vn 0.8353 -0.4897 -0.2500
vn 0.6306 -0.7707 0.0913
vn -0.8322 -0.5463 0.0944
vn -0.7400 -0.6012 -0.3015
vn 0.0347 -0.5054 -0.8622
vn -0.5085 -0.5032 -0.6987
vn 0.4661 -0.6080 -0.6428
vn -0.1935 -0.7495 -0.6331
vn 0.0241 -0.4719 -0.8813
vn 0.0854 -0.4972 0.8634
vn 0.5291 -0.5151 -0.6744
vn -0.3017 -0.2690 -0.9147
vn -0.4109 -0.5122 0.7542
vn -0.6574 -0.5444 0.5210
vn 0.8162 -0.5113 0.2690
vn 0.8162 -0.5114 0.2690
vn 0.9728 0.2082 0.1017
vn 0.8352 0.4095 0.3671
vn -0.9278 0.3299 0.1741
vn -0.9430 0.2668 -0.1988
vn 0.7313 0.1290 0.6698
vn 0.1495 0.1563 -0.9763
vn 0.3768 0.2525 -0.8912
vn -0.4017 0.3513 0.8457
vn 0.0329 0.6629 0.7480
vn -0.3566 0.6922 -0.6274
vn 0.5966 0.6592 -0.4578
vn 0.6471 0.6913 -0.3216
vn 0.7489 0.6567 -0.0888
vn 0.6709 0.6842 0.2858
vn -0.7091 0.6969 -0.1075
vn 0.2600 0.6240 0.7369
vn -0.5652 0.6508 -0.5070
vn -0.6293 -0.2523 0.7350
vn 0.8576 -0.3171 -0.4049
vn 0.8576 -0.3170 -0.4049
vn 0.8160 -0.2729 -0.5095
vn 0.6501 -0.2312 0.7239
vn 0.1846 -0.2804 0.9420
vn -0.4953 -0.3123 -0.8107
vn -0.4953 -0.3122 -0.8107
vn 0.1788 -0.2843 -0.9419
vn -0.2922 -0.2335 -0.9274
vn -0.2922 -0.2336 -0.9274
vn -0.6507 -0.3464 0.6757
vn -0.1023 0.0768 0.9918
vn 0.7629 -0.0754 -0.6421
vn 0.7628 -0.0753 -0.6422
vn 0.9821 -0.0906 0.1652
vn 0.7642 -0.0325 0.6442
vn -0.4300 0.1760 -0.8855
vn -0.3915 0.1462 -0.9085
vn 0.8478 0.3340 -0.4120
vn -0.4938 0.4661 0.7341
vn -0.7167 0.3496 0.6034
vn 0.9562 0.2838 -0.0711
vn 0.2949 0.4860 -0.8227
vn 0.2949 0.4859 -0.8228
vn 0.5377 0.5053 0.6750
vn -0.4190 0.5593 -0.7153
vn -0.4189 0.5593 -0.7153
vn -0.4191 0.5593 -0.7152
vn 0.4519 0.6332 -0.6284
vn 0.4518 0.6333 -0.6284
vn -0.4461 0.5792 0.6823
vn -0.4462 0.5791 0.6823
vn 0.2151 -0.3728 -0.9026
vn 0.7091 -0.3504 -0.6119
vn 0.9594 -0.2680 -0.0874
vn 0.7025 -0.4979 0.5085
vn 0.3222 -0.3403 0.8834
vn -0.1063 -0.2568 0.9606
vn -0.5616 -0.4073 0.7202
vn -0.9211 -0.1968 0.3359
vn -0.9914 -0.0705 -0.1099
vn -0.8029 -0.0984 -0.5880
vn -0.4297 -0.1029 -0.8971
vn -0.5751 0.6611 0.4818
vn -0.3156 0.7126 -0.6266
vn 0.7226 0.6888 -0.0579
vn 0.4394 0.6998 0.5632
vn -0.2548 0.6812 0.6863
vn -0.6966 0.6894 0.1987
vn 0.6927 0.6739 0.2570
vn -0.5932 0.6441 -0.4830
vn 0.5933 0.7392 -0.3188
vn 0.2171 0.6859 -0.6946
vn 0.0750 0.7289 0.6805
vn -0.7263 0.6798 -0.1015
vn -0.5711 0.7766 0.2661
vn -0.0653 0.6835 -0.7271
vn 0.7998 -0.4375 0.4109
vn -0.7770 -0.5808 -0.2427
vn 0.5146 -0.5244 0.6783
vn 0.1037 -0.4378 -0.8931
vn -0.5905 -0.3543 -0.7251
vn -0.5905 -0.3544 -0.7250
vn -0.5906 -0.3541 -0.7251
vn 0.3852 -0.5252 -0.7588
vn 0.3851 -0.5253 -0.7588
vn 0.3853 -0.5252 -0.7587
vn -0.2821 -0.2908 -0.9143
vn -0.2820 -0.2909 -0.9143
vn -0.2819 -0.2909 -0.9143
vn -0.3856 -0.5375 0.7499
vn 0.7600 -0.5115 -0.4009
vn 0.9334 -0.3462 -0.0942
vn -0.7299 -0.5917 0.3422
vn 0.4749 -0.1839 -0.8606
vn -0.2376 0.0511 -0.9700
vn -0.4734 -0.1854 0.8611
vn 0.2759 0.0630 0.9591
vn -0.7396 0.6369 0.2179
vn 0.7584 0.0833 0.6465
vn 0.2817 0.7083 0.6473
vn 0.2816 0.7082 0.6474
vn 0.2815 0.7081 0.6475
vn 0.5956 0.7918 0.1354
vn -0.6015 0.7788 0.1783
vn 0.5060 0.8040 0.3122
vn 0.3312 0.8830 0.3325
vn 0.1607 0.7632 -0.6259
vn -0.1696 0.7555 0.6328
vn 0.5560 0.8197 -0.1376
vn -0.5397 0.8386 -0.0742
vn 0.2474 0.8561 -0.4538
vn -0.2167 0.7833 -0.5826
vn -0.2141 0.8474 0.4859
vn 0.6456 0.7560 -0.1079
vn -0.4661 0.7728 0.4307
vn -0.5088 0.8304 0.2271
vn 0.0271 0.5841 -0.8112
vn 0.2080 0.5265 0.8244
vn 0.4914 0.5453 -0.6791
vn -0.3766 0.5345 -0.7566
vn -0.0524 0.6481 0.7598
vn -0.4018 0.5268 0.7491
vn 0.8031 0.5690 -0.1769
vn -0.7559 0.5227 0.3943
vn 0.7487 0.5940 0.2941
vn 0.7488 0.5940 0.2941
vn -0.8274 0.5553 -0.0834
vn -0.7392 0.6221 -0.2581
vn 0.4650 0.6325 0.6195
vn -0.6682 0.1242 0.7336
vn -0.8321 0.2285 0.5054
vn -0.9337 0.1546 -0.3229
vn -0.5991 0.1245 -0.7910
vn -0.0087 0.1267 0.9919
vn -0.0088 0.1266 0.9919
vn -0.0085 0.1267 0.9919
vn -0.6416 0.1415 0.7539
vn 0.8557 0.1294 0.5010
vn 0.0613 0.1231 -0.9905
vn 0.0550 0.1329 0.9896
vn 0.5546 0.1275 -0.8223
vn 0.9361 0.1340 -0.3252
vn -0.4549 0.1046 0.8844
vn -0.9222 0.1073 0.3716
vn 0.0751 -0.4279 0.9007
vn 0.5530 -0.1924 -0.8107
vn -0.2314 -0.2408 -0.9426
vn -0.4588 -0.3994 0.7937
vn -0.8222 -0.4628 0.3313
vn -0.8222 -0.4630 0.3312
vn 0.9721 -0.2303 0.0446
vn -0.9447 -0.3272 0.0215
vn -0.8510 -0.3151 -0.4202
vn 0.0722 -0.3941 -0.9162
vn -0.6474 -0.6721 -0.3594
vn 0.4690 -0.6919 -0.5490
vn -0.1422 -0.7956 0.5890
vn 0.6823 -0.4355 0.5872
vn 0.6823 -0.4354 0.5872
vn 0.4970 -0.5781 0.6472
vn 0.2428 -0.4092 0.8795
vn -0.5111 -0.4894 -0.7066
vn -0.5110 -0.4892 -0.7068
vn -0.5110 -0.4893 -0.7067
vn -0.2636 -0.3032 0.9158
vn 0.8648 -0.2484 -0.4363
vn -0.6014 -0.4472 0.6620
vn 0.8208 -0.5152 -0.2468
vn 0.9524 -0.2776 0.1256
vn 0.9524 -0.2778 0.1257
vn 0.9525 -0.2776 0.1255
vn -0.8735 -0.4183 0.2491
vn -0.8735 -0.4184 0.2489
vn -0.8735 -0.4183 0.2492
vn -0.8549 -0.5040 0.1229
vn 0.8927 0.0674 -0.4455
vn -0.6746 0.1045 0.7307
vn -0.9537 0.1243 -0.2737
vn -0.9119 0.0084 -0.4104
vn -0.9119 0.0083 -0.4104
vn -0.9118 0.0083 -0.4105
vn -0.7623 0.0862 -0.6414
vn -0.7623 0.0861 -0.6415
vn -0.7623 0.0860 -0.6415
vn 0.2660 0.0759 0.9610
vn 0.5077 0.1329 -0.8512
vn 0.9408 0.3359 -0.0457
vn -0.8009 0.3173 0.5078
vn -0.9330 0.2089 0.2930
vn 0.4734 0.3593 0.8043
vn -0.6855 0.2552 -0.6819
vn -0.6854 0.2553 -0.6819
vn -0.6854 0.2552 -0.6819
vn -0.0449 0.3325 0.9420
vn -0.2840 0.2409 -0.9281
vn -0.2611 0.2351 0.9362
vn 0.7682 0.2912 -0.5702
vn -0.1608 0.3803 -0.9108
vn 0.3556 0.6584 -0.6634
vn -0.1483 0.6515 -0.7440
vn -0.3673 0.6648 0.6504
vn -0.4610 0.6937 0.5534
vn -0.6015 0.6674 0.4391
vn -0.7324 0.6645 0.1480
vn 0.6643 0.6731 0.3250
vn -0.7102 0.6660 -0.2283
vn 0.3546 0.6848 0.6367
vn 0.1281 0.7048 -0.6977
vn 0.9664 -0.2466 0.0725
vn 0.9664 -0.2467 0.0725
vn 0.8732 -0.3565 0.3323
vn -0.9396 -0.2950 -0.1735
vn -0.8565 -0.2328 -0.4606
vn -0.8565 -0.2330 -0.4606
vn 0.2872 -0.3129 0.9053
vn -0.5869 -0.2920 0.7552
vn -0.5869 -0.2921 0.7551
vn -0.5869 -0.2922 0.7551
vn 0.1515 -0.2936 -0.9439
vn -0.9719 -0.2312 0.0450
vn -0.9719 -0.2312 0.0449
vn -0.8055 0.0476 -0.5907
vn -0.8054 0.0476 -0.5909
vn -0.8054 0.0476 -0.5908
vn 0.3670 -0.0697 -0.9276
vn 0.3671 -0.0698 -0.9276
vn -0.0946 0.1463 0.9847
vn -0.0946 0.1462 0.9847
vn 0.8300 0.3621 -0.4243
vn -0.9138 0.3832 0.1348
vn 0.5343 0.4651 0.7058
vn 0.5342 0.4651 0.7060
vn 0.5340 0.4651 0.7061
vn 0.2080 0.2655 -0.9414
vn -0.8429 0.5322 -0.0788
vn -0.8430 0.5322 -0.0788
vn -0.8430 0.5320 -0.0788
vn 0.7428 0.5629 0.3625
vn 0.7431 0.5625 0.3623
vn 0.7433 0.5623 0.3624
vn -0.8305 0.5345 -0.1568
vn 0.2262 0.5728 -0.7879
vn 0.7547 0.5893 -0.2883
vn -0.5525 0.6163 0.5612
vn -0.5525 0.6162 0.5612
vn -0.6660 -0.7049 -0.2441
vn -0.1602 -0.6545 -0.7389
vn 0.4106 -0.6083 -0.6793
vn 0.7800 -0.5856 -0.2206
vn 0.6961 -0.6941 0.1837
vn 0.5402 -0.6976 0.4706
vn 0.2360 -0.6752 0.6989
vn -0.5173 -0.6481 0.5589
vn -0.0637 -0.3834 -0.9214
vn -0.7040 -0.7030 0.1003
vn 0.0002 1.0000 0.0003
vn 0.7019 0.6528 0.2850
vn 0.3274 0.7236 0.6077
vn -0.1785 0.7338 0.6555
vn -0.5698 0.6335 0.5235
vn -0.6672 0.7249 0.1712
vn -0.6116 0.7398 -0.2804
vn -0.3746 0.6923 -0.6168
vn -0.0472 0.6323 -0.7733
vn 0.3282 0.6895 -0.6456
vn 0.5728 0.7049 -0.4184
vn 0.5413 0.3179 0.7784
vn 0.7186 0.6892 -0.0926
vn -0.0002 -1.0000 -0.0000
vn 0.7588 0.2001 -0.6198
vn -0.5721 0.4731 -0.6700
vn 0.2931 -0.3673 -0.8827
vn -0.8966 0.4238 0.1286
vn -0.8965 0.4239 0.1285
vn 0.8629 0.4343 -0.2585
vn 0.8629 0.4342 -0.2585
vn 0.1102 0.3281 0.9382
vn -0.1802 0.5456 -0.8184
vn -0.2092 -0.5005 0.8401
vn -0.7546 -0.5578 -0.3457
vn -0.1212 0.5319 0.8381
vn -0.1212 0.5318 0.8381
vn 0.5909 -0.3630 -0.7205
vn 0.8366 -0.4590 0.2991
vn 0.9429 0.3180 0.0987
vn 0.0814 0.1731 -0.9815
vn 0.8466 -0.3038 -0.4370
vn 0.7574 -0.2076 0.6191
vn -0.6632 -0.4440 0.6025
vn 0.8208 0.3090 0.4805
vn -0.4396 -0.5236 -0.7298
vn -0.5545 0.5717 0.6047
vn -0.8391 0.4529 -0.3015
vn 0.4205 0.4707 -0.7757
vn 0.8591 -0.5102 -0.0399
vn 0.8590 -0.5104 -0.0399
vn 0.3931 -0.4914 0.7772
vn -0.9118 -0.3378 0.2336
vn 0.2593 0.4499 -0.8546
vn -0.0000 -0.0000 1.0000
vn -0.8960 -0.4352 0.0884
vn -0.4208 -0.4505 -0.7873
vn 0.2981 0.4392 -0.8475
vn 0.9008 0.4332 -0.0298
vn -0.2587 -0.4555 -0.8518
vn 0.5711 0.4352 -0.6960
vn 0.8540 0.4513 0.2589
vn -0.0869 -0.4602 -0.8836
vn -0.0869 -0.4603 -0.8835
vn -0.0869 -0.4602 -0.8835
vn 0.6878 0.4565 -0.5645
vn 0.8461 0.4411 0.2992
vn 0.0653 -0.4315 -0.8998
vn 0.7951 0.4327 -0.4250
vn 0.6956 0.4364 0.5707
vn 0.2578 -0.4586 -0.8504
vn 0.8496 0.4602 -0.2575
vn 0.5639 0.4578 0.6873
vn 0.4245 -0.4343 -0.7945
vn 0.8888 0.4498 -0.0877
vn 0.4247 0.4339 0.7946
vn 0.5643 -0.4571 -0.6875
vn 0.2574 0.4612 0.8491
vn 0.6965 -0.4359 -0.5700
vn 0.0868 0.4615 0.8829
vn 0.7842 -0.4575 -0.4192
vn -0.0892 0.4177 0.9042
vn 0.8620 -0.4351 -0.2600
vn 0.8848 -0.4577 -0.0871
vn 0.8968 -0.4335 0.0883
vn -0.5793 0.4079 0.7057
vn 0.8516 -0.4562 0.2584
vn -0.6898 0.4515 0.5660
vn 0.7860 -0.4273 0.4467
vn -0.7842 0.4574 0.4192
vn -0.8545 0.4501 0.2593
vn 0.5650 -0.4548 0.6884
vn 0.4194 -0.4563 0.7848
vn -0.8995 0.4298 -0.0781
vn -0.8995 0.4298 -0.0780
vn -0.8996 0.4298 -0.0781
vn 0.2578 -0.4601 0.8496
vn 0.0883 -0.4332 0.8970
vn -0.7940 0.4352 -0.4244
vn -0.0872 -0.4561 0.8857
vn -0.6862 0.4604 -0.5632
vn -0.2615 -0.4345 0.8619
vn -0.4195 -0.4562 0.7848
vn -0.8851 -0.4571 -0.0870
vn -0.8852 -0.4571 -0.0870
vn -0.4305 0.4068 -0.8057
vn -0.5712 -0.4349 0.6961
vn -0.8615 -0.4356 -0.2611
vn -0.0946 0.4218 -0.9017
vn -0.7907 -0.4354 0.4303
vn -0.6988 -0.4277 -0.5734
vn 0.0870 0.4591 -0.8841
vn -0.8511 -0.4573 0.2580
vn 0.4937 -0.1904 -0.8486
vn 0.4636 0.1806 0.8674
vn 0.0967 0.1780 0.9793
vn 0.8673 -0.1810 -0.4636
vn 0.9373 -0.1921 -0.2907
vn -0.5019 0.1895 0.8439
vn 0.9795 -0.1769 0.0964
vn -0.6238 0.1829 0.7599
vn 0.8667 -0.1849 0.4633
vn -0.9256 0.1793 0.3333
vn 0.5508 -0.1914 0.8124
vn -0.9404 0.1848 -0.2854
vn -0.0960 -0.1992 0.9752
vn -0.6238 0.1826 -0.7600
vn -0.9838 -0.1779 0.0245
vn -0.4624 0.1938 -0.8653
vn -0.2857 0.1797 -0.9413
vn -0.8663 -0.1871 -0.4631
vn -0.0587 0.1878 -0.9804
vn -0.8671 -0.1824 0.4635
vn -0.5279 -0.1817 -0.8297
vn 0.4636 0.1807 -0.8674
vn 0.9757 0.1970 0.0963
vn 0.6225 0.1924 -0.7586
vn -0.0303 -0.1771 -0.9837
vn 0.7049 0.1818 0.6856
vn -0.5021 -0.0394 0.8639
vn 0.8690 -0.0344 0.4936
vn -0.9407 -0.0094 0.3392
vn 0.1161 -0.0437 0.9923
vn -0.9319 0.0393 -0.3605
vn -0.2184 0.0325 0.9753
vn -0.6040 -0.0372 -0.7962
vn -0.7984 0.0257 0.6016
vn -0.8769 0.0263 -0.4800
vn -0.0651 0.0158 -0.9978
vn 0.0108 0.0453 -0.9989
vn -0.5333 -0.0195 -0.8457
vn -0.9995 -0.0102 0.0283
vn 0.9625 0.0263 0.2699
vn -0.0342 0.0081 -0.9994
vn 0.1816 -0.0311 -0.9829
vn 0.8522 0.0402 -0.5217
vn 0.5131 0.0246 0.8580
vn 0.8927 -0.0374 -0.4492
vn -0.5179 -0.8552 -0.0221
vn 0.0520 0.8781 0.4756
vn -0.4273 0.9034 -0.0361
vn -0.2623 0.8852 -0.3842
vn 0.1152 -0.8861 -0.4491
vn 0.3644 -0.9029 -0.2280
vn 0.3826 -0.8810 0.2783
vn 0.1176 0.8833 -0.4538
vn 0.1327 -0.8836 0.4492
vn 0.3756 0.8856 -0.2732
vn 0.3793 0.9065 -0.1854
vn -0.0695 -0.9076 0.4141
vn -0.2564 -0.8625 0.4362
vn -0.3154 -0.0023 0.9490
vn -0.3412 -0.8960 0.2842
vn -0.2406 -0.9043 -0.3525
vn 0.1037 0.9086 -0.4045
vn -0.3682 -0.9282 0.0539
vn -0.0291 -0.9288 -0.3695
vn 0.3011 0.9184 -0.2567
vn 0.3396 0.9068 0.2498
vn 0.1064 -0.9054 -0.4109
vn 0.4127 0.9104 -0.0282
vn 0.1130 0.9170 0.3826
vn 0.3211 -0.9171 -0.2363
vn -0.2167 0.9040 0.3686
vn 0.4288 -0.9024 0.0436
vn 0.2922 -0.9277 0.2323
vn -0.4391 0.8983 -0.0187
vn -0.4905 0.7790 0.3907
vn -0.9224 -0.0860 -0.3766
vn -0.0015 0.0877 -0.9961
vn -0.9400 -0.0618 0.3355
vn -0.2288 -0.1005 -0.9683
vn 0.9200 0.0641 0.3866
vn 0.8670 0.0930 -0.4896
vn 0.3675 0.0217 0.9298
vn 0.7352 0.1218 -0.6668
vn 0.9828 -0.1401 0.1201
vn -0.6954 0.1431 0.7042
vn 0.5823 -0.0696 0.8100
vn -0.9397 0.0903 -0.3297
vn -0.0007 -0.8263 -0.5632
vn -0.3582 0.7880 -0.5007
vn -0.1276 0.8254 -0.5499
vn 0.5611 -0.8025 0.2029
vn -0.0616 0.8042 -0.5911
vn 0.5396 -0.8115 0.2243
vn 0.2452 0.7776 -0.5790
vn 0.6091 -0.7901 -0.0693
vn 0.2123 -0.8253 0.5233
vn 0.5516 0.7841 -0.2845
vn 0.5923 0.8021 0.0761
vn -0.4045 -0.8201 0.4047
vn 0.3343 0.8206 0.4635
vn 0.2508 0.7932 0.5549
vn -0.5503 -0.8132 -0.1896
vn -0.1087 0.7879 0.6061
vn -0.1834 0.8208 0.5410
vn -0.5347 0.8161 -0.2194
vn 0.9178 -0.2014 0.3422
vn 0.3423 0.3862 -0.8566
vn 0.7069 -0.4191 -0.5698
vn 0.6903 0.3533 -0.6314
vn 0.5521 -0.2496 0.7956
vn 0.9768 -0.1847 -0.1084
vn 0.8327 0.4800 -0.2759
vn -0.0995 -0.3671 0.9248
vn 0.8981 0.4068 0.1673
vn 0.7288 0.3818 0.5683
vn -0.6025 -0.4184 0.6796
vn 0.3389 0.3833 0.8592
vn -0.9374 -0.2469 0.2458
vn -0.1673 0.4053 0.8988
vn -0.8506 -0.4035 -0.3372
vn -0.5542 0.3522 0.7542
vn -0.7535 0.4737 0.4559
vn -0.4314 -0.3657 -0.8247
vn -0.6014 0.5015 -0.6220
vn -0.9133 0.3825 0.1396
vn 0.1724 -0.2991 -0.9385
vn -0.8083 0.5451 -0.2226
vn -0.1674 0.3456 -0.9233
vn 0.0603 0.9870 0.1490
vn 0.1514 -0.9874 -0.0472
vn -0.0545 0.9875 -0.1478
vn 0.0070 0.9875 -0.1572
vn 0.1242 -0.9874 0.0976
vn 0.0666 0.9875 -0.1426
vn 0.1204 0.9874 -0.1030
vn 0.0575 -0.9869 0.1504
vn 0.1556 0.9872 -0.0344
vn -0.1356 -0.9875 0.0797
vn -0.1521 -0.9874 -0.0447
vn -0.0264 -0.9870 -0.1587
vn 0.1252 0.9873 0.0974
vn -0.0000 -0.0000 -1.0000
vn 1.0000 -0.0000 -0.0000
vn -1.0000 -0.0000 -0.0000
vn -0.0000 1.0000 -0.0000
vn -0.8224 -0.5681 -0.0308
vn -0.6355 -0.5620 -0.5295
vn -0.4762 -0.6892 -0.5461
vn -0.1220 -0.5853 -0.8016
vn 0.3312 -0.6846 -0.6493
vn 0.6939 -0.6728 -0.2568
vn 0.7534 -0.5080 0.4175
vn 0.1138 -0.4528 0.8843
vn -0.0913 -0.7000 0.7083
vn -0.6139 -0.5429 0.5730
vn -0.0851 -0.4463 -0.8908
vn -0.0000 1.0000 0.0006
vn -0.0007 1.0000 -0.0014
vn 0.0001 1.0000 0.0006
vn 0.0002 1.0000 -0.0002
vn -0.0001 1.0000 0.0008
vn 0.7122 0.6322 0.3053
vn 0.4665 0.6202 0.6306
vn 0.0319 0.5249 0.8506
vn -0.5746 0.5244 0.6284
vn -0.8835 0.4668 -0.0395
vn -0.5673 0.5516 -0.6115
vn -0.0724 0.6013 -0.7957
vn 0.4826 0.5680 -0.6667
vn 0.7933 0.5620 -0.2342
vn -0.0006 -1.0000 0.0003
vn -0.0005 -1.0000 0.0002
vn -0.0008 -1.0000 -0.0008
vn 0.0006 -1.0000 0.0007
vn -0.0002 -1.0000 -0.0004
vn -0.8495 0.2574 0.4606
vn -0.8496 0.2572 0.4605
vn -0.8494 0.2574 0.4607
vn -0.7359 0.2535 -0.6279
vn -0.9744 -0.2098 -0.0805
vn 0.2719 0.5603 0.7824
vn -0.8572 0.5074 0.0881
vn -0.8573 0.5072 0.0881
vn -0.8573 0.5073 0.0881
vn -0.3947 0.2731 -0.8773
vn -0.1020 -0.2093 0.9725
vn 0.7933 0.5358 -0.2891
vn 0.3867 -0.5388 -0.7484
vn -0.7956 -0.3831 -0.4694
vn 0.8032 -0.5045 0.3168
vn -0.4781 -0.2879 0.8298
vn -0.2685 0.3544 0.8957
vn 0.6866 -0.5198 -0.5083
vn 0.8301 0.5153 0.2129
vn -0.5221 -0.4111 -0.7473
vn -0.6688 -0.4369 0.6015
vn -0.5545 0.4808 0.6792
vn -0.8876 0.3745 -0.2682
vn 0.3882 0.5199 -0.7609
vn 0.6441 0.5196 0.5614
vn 0.9294 -0.3518 -0.1113
vn 0.4015 -0.4766 0.7821
vn -0.7758 -0.5659 0.2791
vn -0.7757 -0.5660 0.2790
vn -0.5629 -0.4610 -0.6860
vn 0.0540 0.9945 -0.0900
vn -0.8961 -0.4348 0.0896
vn 0.4196 0.4558 -0.7850
vn 0.8852 0.4570 0.0874
vn -0.3583 -0.4290 -0.8292
vn 0.5687 0.4361 -0.6974
vn 0.7843 0.4572 0.4193
vn 0.0891 -0.4214 -0.9025
vn 0.8013 0.4292 -0.4167
vn 0.6975 0.4376 0.5675
vn 0.4306 -0.4369 -0.7898
vn 0.4033 0.4245 0.8107
vn 0.6954 -0.4364 -0.5710
vn 0.6954 -0.4363 -0.5710
vn -0.0832 0.4205 0.9035
vn 0.8613 -0.4356 -0.2613
vn -0.2574 0.4619 0.8488
vn -0.4191 0.4574 0.7843
vn 0.8950 -0.4358 0.0954
vn 0.8949 -0.4359 0.0954
vn -0.5871 0.4035 0.7017
vn 0.7940 -0.4352 0.4244
vn -0.8437 0.4337 0.3164
vn 0.6863 -0.4601 0.5633
vn -0.8834 0.4606 0.0870
vn 0.5045 -0.4329 0.7471
vn -0.8968 0.4335 -0.0883
vn -0.8516 0.4562 -0.2583
vn 0.1100 -0.4257 0.8981
vn -0.7855 0.4268 -0.4481
vn -0.2629 -0.4350 0.8612
vn -0.5646 0.4562 -0.6879
vn -0.5006 0.4513 -0.7387
vn -0.5704 -0.4345 0.6970
vn -0.8616 -0.4355 -0.2609
vn -0.2576 0.4614 -0.8489
vn -0.6880 -0.4558 0.5647
vn -0.7843 -0.4574 -0.4192
vn -0.0887 0.4242 -0.9012
vn -0.7949 -0.4331 0.4249
vn -0.6874 -0.4334 -0.5828
vn -0.6874 -0.4335 -0.5828
vn 0.9786 0.1822 -0.0962
vn 0.9786 0.1821 -0.0962
vn 0.9785 0.1822 -0.0962
vn 0.4629 -0.1871 -0.8664
vn 0.2628 0.1873 0.9465
vn 0.6240 -0.1806 -0.7603
vn 0.2853 0.1901 0.9394
vn 0.2853 0.1900 0.9394
vn 0.7609 -0.1769 -0.6243
vn -0.0967 0.1736 0.9801
vn 0.9390 -0.1928 -0.2849
vn -0.2859 0.1769 0.9418
vn -0.2859 0.1768 0.9418
vn 0.9788 -0.1806 -0.0964
vn -0.4622 0.1950 0.8651
vn 0.9411 -0.1811 0.2855
vn -0.7607 0.1783 0.6242
vn 0.8955 -0.1897 0.4026
vn -0.8640 0.2005 0.4618
vn 0.7602 -0.1811 0.6240
vn -0.9404 0.1852 0.2853
vn 0.6235 -0.1851 0.7596
vn -0.9794 0.1773 0.0964
vn 0.4633 -0.1826 0.8672
vn -0.9794 0.1772 -0.0964
vn 0.2859 -0.1757 0.9420
vn -0.9168 0.1910 -0.3506
vn 0.0964 -0.1768 0.9795
vn -0.8670 0.1829 -0.4634
vn -0.1785 -0.1877 0.9659
vn -0.7605 0.1790 -0.6242
vn -0.2850 -0.1846 0.9406
vn -0.2850 -0.1847 0.9406
vn -0.4639 -0.1772 0.8680
vn -0.9764 -0.1931 -0.0964
vn -0.5840 0.1758 -0.7925
vn -0.6242 -0.1774 0.7608
vn -0.9413 -0.1796 -0.2858
vn -0.7596 -0.1852 0.6235
vn -0.8631 -0.1865 -0.4694
vn -0.0961 0.1924 -0.9766
vn -0.7980 -0.1910 0.5716
vn -0.7604 -0.1804 -0.6239
vn 0.0964 0.1808 -0.9788
vn -0.9417 -0.1783 0.2854
vn -0.6238 -0.1812 -0.7603
vn 0.2858 0.1768 -0.9418
vn -0.9786 -0.1819 0.0966
vn -0.4628 -0.1897 -0.8659
vn 0.9789 0.1930 0.0670
vn -0.2859 -0.1780 -0.9416
vn -0.2859 -0.1781 -0.9416
vn 0.6511 0.1965 -0.7331
vn 0.9412 0.1809 0.2853
vn -0.0961 -0.1818 -0.9786
vn 0.7598 0.1835 -0.6237
vn 0.8679 0.1775 0.4639
vn 0.0960 -0.1932 -0.9765
vn 0.0960 -0.1932 -0.9764
vn 0.8683 0.1752 -0.4641
vn 0.7589 0.1910 0.6226
vn 0.2854 -0.1799 -0.9414
vn 0.9421 0.1747 -0.2861
vn 0.9422 0.1747 -0.2861
vn 0.9422 0.1746 -0.2861
vn 0.6241 0.1819 0.7599
vn 0.6241 0.1818 0.7599
vn 0.9154 -0.0051 0.4025
vn -0.8773 0.0315 0.4790
vn 0.5678 0.0297 0.8226
vn -0.9115 0.0154 -0.4110
vn -0.9966 -0.0387 -0.0726
vn -0.6481 -0.0321 0.7609
vn -0.5468 -0.0144 -0.8372
vn -0.5468 -0.0143 -0.8372
vn 0.9979 -0.0307 0.0576
vn 0.6709 -0.0403 -0.7404
vn 0.7169 -0.0154 0.6970
vn 0.5005 0.0311 -0.8652
vn 0.2453 -0.0212 0.9692
vn -0.1831 0.0396 0.9823
vn 0.9549 0.0152 -0.2965
vn 0.3197 0.8810 0.3488
vn -0.3754 -0.9124 -0.1629
vn 0.0223 0.8908 0.4539
vn -0.2490 -0.8633 -0.4390
vn -0.2807 0.8993 0.3353
vn -0.4585 0.8832 -0.0991
vn -0.3780 0.8684 0.3210
vn 0.0113 -0.9108 -0.4126
vn -0.2508 0.8889 -0.3833
vn 0.4043 -0.9073 0.1153
vn 0.3559 -0.8901 -0.2848
vn 0.0747 0.8972 -0.4353
vn 0.4707 -0.8819 -0.0277
vn 0.2149 -0.9040 0.3695
vn 0.2148 -0.9041 0.3695
vn 0.2149 -0.9040 0.3696
vn 0.4787 0.8769 0.0441
vn 0.3611 0.9110 0.1992
vn -0.3531 -0.9164 0.1887
vn 0.0238 -0.9031 0.4288
vn -0.1349 -0.9329 0.3340
vn -0.2154 0.8997 -0.3796
vn -0.4167 -0.9048 -0.0874
vn -0.0489 0.9289 -0.3670
vn -0.3027 -0.9247 -0.2310
vn 0.3671 0.9273 0.0735
vn 0.3156 0.9153 -0.2502
vn 0.1342 0.9118 0.3880
vn 0.1344 0.9118 0.3881
vn 0.1343 0.9118 0.3880
vn 0.3116 -0.9193 -0.2402
vn -0.2270 0.9124 0.3406
vn 0.2750 -0.9145 0.2966
vn -0.3932 0.9172 -0.0649
vn -0.5313 0.8009 -0.2762
vn -0.3808 0.0854 0.9207
vn -0.1407 -0.0873 -0.9862
vn -0.1406 -0.0875 -0.9862
vn -0.7845 0.0947 -0.6128
vn -0.9844 0.0781 0.1575
vn 0.9742 -0.1163 0.1935
vn -0.0886 0.0422 -0.9952
vn 0.7654 -0.0677 -0.6400
vn 0.3289 -0.0293 0.9439
vn 0.8012 -0.0167 -0.5982
vn -0.5558 -0.0734 0.8281
vn 0.7726 0.2137 0.5979
vn -0.9787 -0.1233 -0.1643
vn -0.9809 0.1837 0.0636
vn -0.9809 0.1836 0.0635
vn 0.1081 -0.7904 -0.6029
vn -0.5379 0.8196 0.1972
vn -0.6136 0.7883 0.0447
vn 0.4815 -0.7882 -0.3833
vn 0.5016 -0.8202 -0.2750
vn 0.3524 -0.7855 0.5088
vn 0.4118 0.8287 -0.3790
vn -0.0708 -0.7683 0.6361
vn 0.5939 0.8012 0.0736
vn -0.3920 -0.8067 0.4422
vn 0.4734 0.7947 0.3800
vn 0.4733 0.7947 0.3800
vn -0.6031 -0.7818 0.1581
vn -0.5556 -0.8024 -0.2178
vn -0.2933 -0.7705 -0.5659
vn 0.6783 -0.5110 0.5281
vn -0.0984 0.3912 -0.9150
vn 0.9159 -0.3513 -0.1941
vn 0.3180 -0.5001 0.8054
vn 0.3619 0.4035 -0.8404
vn 0.8188 -0.5377 0.2013
vn -0.1655 -0.4321 0.8865
vn 0.8354 0.3320 -0.4381
vn -0.5685 -0.3813 0.7290
vn 0.9230 0.3653 0.1207
vn -0.8606 -0.3520 0.3681
vn -0.8432 -0.5363 -0.0382
vn 0.7209 0.3881 0.5741
vn 0.7209 0.3881 0.5742
vn -0.8105 -0.4461 -0.3796
vn 0.3872 0.3441 0.8554
vn -0.6311 -0.3524 -0.6910
vn -0.1648 0.4031 0.9002
vn -0.3002 -0.4733 -0.8282
vn 0.0413 -0.3814 -0.9235
vn -0.7244 0.3653 0.5846
vn -0.8831 0.1178 -0.4541
vn 0.3577 -0.5354 -0.7651
vn -0.5293 0.4164 -0.7393
vn 0.6947 -0.3959 -0.6005
vn -0.1423 0.9876 -0.0665
vn 0.1152 -0.9876 -0.1070
vn -0.1050 0.9875 -0.1173
vn 0.1574 -0.9872 0.0267
vn -0.0277 -0.9871 0.1574
vn 0.1523 0.9875 0.0396
vn -0.0921 -0.9876 0.1274
vn -0.0297 0.9873 0.1563
vn -0.1134 -0.9870 -0.1141
vn -0.1552 -0.9875 0.0259
vn -0.0974 0.9874 0.1246
vn -0.1463 0.9872 0.0628
vn -0.1570 0.9876 -0.0069
vn 0.0579 -0.9871 -0.1490
vt 0.254801 0.815279
vt 0.254466 0.784808
vt 0.258706 0.792331
vt 0.254930 0.767938
vt 0.254841 0.747068
vt 0.258971 0.744612
vt 0.254896 0.714113
vt 0.517748 0.928131
vt 0.518021 0.903262
vt 0.522111 0.910691
vt 0.517923 0.872796
vt 0.522104 0.880271
vt 0.517644 0.856651
vt 0.521770 0.856657
vt 0.138963 0.378844
vt 0.138743 0.408955
vt 0.134626 0.411513
vt 0.138875 0.438292
vt 0.139114 0.451918
vt 0.134874 0.446074
vt 0.254578 0.847790
vt 0.258886 0.832851
vt 0.453310 0.200506
vt 0.488588 0.194826
vt 0.531964 0.255870
vt 0.289320 0.524205
vt 0.280092 0.509663
vt 0.291090 0.518099
vt 0.351912 0.512691
vt 0.348332 0.507393
vt 0.359499 0.486174
vt 0.307091 0.423135
vt 0.337543 0.428567
vt 0.321956 0.429995
vt 0.360052 0.450120
vt 0.358557 0.464323
vt 0.342909 0.440173
vt 0.266764 0.502555
vt 0.261213 0.467322
vt 0.266288 0.476525
vt 0.323038 0.522135
vt 0.278400 0.435767
vt 0.280614 0.442496
vt 0.269876 0.458306
vt 0.366778 0.480360
vt 0.304209 0.430125
vt 0.291089 0.434581
vt 0.672255 0.919666
vt 0.672857 0.946485
vt 0.668201 0.937498
vt 0.252507 0.823265
vt 0.252560 0.842575
vt 0.249226 0.833399
vt 0.252126 0.780185
vt 0.253304 0.803891
vt 0.249217 0.787930
vt 0.238517 0.841558
vt 0.238999 0.824541
vt 0.242862 0.567051
vt 0.257607 0.567768
vt 0.258094 0.577127
vt 0.238796 0.805882
vt 0.259025 0.617851
vt 0.243937 0.622743
vt 0.243566 0.595159
vt 0.238740 0.788446
vt 0.258905 0.634877
vt 0.243589 0.645787
vt 0.258798 0.586456
vt 0.243294 0.578376
vt 0.238340 0.777455
vt 0.243698 0.506597
vt 0.257903 0.507076
vt 0.256504 0.527596
vt 0.657812 0.960713
vt 0.657542 0.933231
vt 0.242494 0.542645
vt 0.257815 0.548186
vt 0.657651 0.915559
vt 0.242385 0.555994
vt 0.288956 0.632726
vt 0.307054 0.629196
vt 0.296843 0.644017
vt 0.293174 0.721787
vt 0.290707 0.706777
vt 0.310387 0.710696
vt 0.273571 0.642878
vt 0.353803 0.681423
vt 0.343313 0.706625
vt 0.339776 0.686254
vt 0.261918 0.662991
vt 0.282540 0.652335
vt 0.339597 0.666551
vt 0.260278 0.685640
vt 0.273859 0.669708
vt 0.350814 0.658527
vt 0.328768 0.650375
vt 0.277097 0.692101
vt 0.270595 0.706655
vt 0.320493 0.721813
vt 0.325112 0.632815
vt 0.313644 0.642877
vt 0.328895 0.702934
vt 0.252471 0.949075
vt 0.252613 0.965512
vt 0.241780 0.964641
vt 0.236393 0.953447
vt 0.225695 0.959852
vt 0.225501 0.942658
vt 0.236439 0.972728
vt 0.236274 0.983119
vt 0.225615 0.973876
vt 0.966969 0.150983
vt 0.977778 0.152929
vt 0.977655 0.162044
vt 0.966903 0.162786
vt 0.958304 0.070655
vt 0.947818 0.081705
vt 0.947813 0.062305
vt 0.966885 0.181732
vt 0.252365 0.981428
vt 0.241636 0.976789
vt 0.969853 0.196937
vt 0.977611 0.180605
vt 0.222508 0.977186
vt 0.222737 0.967922
vt 0.222645 0.957079
vt 0.805135 0.824457
vt 0.805348 0.816095
vt 0.807239 0.816542
vt 0.944822 0.071379
vt 0.980353 0.173192
vt 0.980502 0.185445
vt 0.239012 0.970355
vt 0.238523 0.956025
vt 0.936584 0.684430
vt 0.938207 0.673344
vt 0.938018 0.688668
vt 0.241710 0.947316
vt 0.222706 0.945989
vt 0.897584 0.391027
vt 0.894648 0.396067
vt 0.895642 0.388403
vt 0.842121 0.388688
vt 0.846150 0.373201
vt 0.847435 0.375978
vt 0.892045 0.375834
vt 0.845913 0.392716
vt 0.846242 0.403869
vt 0.880131 0.414163
vt 0.876021 0.413389
vt 0.886265 0.408614
vt 0.893189 0.404049
vt 0.892513 0.095535
vt 0.911749 0.095266
vt 0.897996 0.104092
vt 0.900997 0.093618
vt 0.890054 0.104211
vt 0.892127 0.118915
vt 0.895303 0.604143
vt 0.883731 0.595457
vt 0.894657 0.595325
vt 0.882570 0.604058
vt 0.872453 0.604447
vt 0.869307 0.595369
vt 0.921656 0.095110
vt 0.918390 0.104211
vt 0.911973 0.107649
vt 0.888701 0.788041
vt 0.888434 0.805569
vt 0.878345 0.805479
vt 0.236729 0.371027
vt 0.249683 0.374013
vt 0.237131 0.385715
vt 0.867489 0.794191
vt 0.878575 0.790751
vt 0.878441 0.580734
vt 0.890587 0.580649
vt 0.902081 0.118808
vt 0.879110 0.510087
vt 0.890154 0.510325
vt 0.869050 0.580613
vt 0.866952 0.517735
vt 0.868561 0.510686
vt 0.908444 0.189458
vt 0.893818 0.189511
vt 0.895461 0.510219
vt 0.251043 0.385686
vt 0.248168 0.456091
vt 0.888845 0.876271
vt 0.879706 0.876140
vt 0.234833 0.456400
vt 0.867329 0.875279
vt 0.546310 0.833689
vt 0.555674 0.836130
vt 0.548127 0.848409
vt 0.531576 0.839781
vt 0.537623 0.823586
vt 0.564803 0.800137
vt 0.556228 0.784395
vt 0.578863 0.794513
vt 0.538168 0.808726
vt 0.523707 0.825546
vt 0.573792 0.821950
vt 0.588047 0.814369
vt 0.583892 0.832938
vt 0.566302 0.832270
vt 0.570076 0.846108
vt 0.138060 0.772117
vt 0.136930 0.783235
vt 0.135756 0.770140
vt 0.632973 0.785130
vt 0.643450 0.794932
vt 0.626274 0.789129
vt 0.619069 0.849098
vt 0.604747 0.841666
vt 0.613471 0.841718
vt 0.649197 0.840420
vt 0.641739 0.840218
vt 0.651638 0.827375
vt 0.628813 0.844598
vt 0.611228 0.787554
vt 0.610438 0.793378
vt 0.634965 0.848328
vt 0.596503 0.803542
vt 0.658579 0.810786
vt 0.657269 0.826978
vt 0.594556 0.825681
vt 0.600451 0.806383
vt 0.651738 0.796435
vt 0.652795 0.808674
vt 0.615370 0.964815
vt 0.615875 0.981868
vt 0.614013 0.973364
vt 0.254951 0.485713
vt 0.252189 0.475562
vt 0.258305 0.486629
vt 0.730007 0.180107
vt 0.730265 0.188509
vt 0.727607 0.182960
vt 0.975704 0.771169
vt 0.975630 0.755911
vt 0.977478 0.759401
vt 0.124458 0.351623
vt 0.123111 0.343187
vt 0.128259 0.336392
vt 0.359833 0.751707
vt 0.359621 0.760580
vt 0.357136 0.760085
vt 0.980640 0.219801
vt 0.979476 0.233773
vt 0.974425 0.232114
vt 0.252884 0.463831
vt 0.254539 0.468990
vt 0.979929 0.204092
vt 0.974077 0.218670
vt 0.135960 0.339932
vt 0.133434 0.348305
vt 0.609108 0.954145
vt 0.609997 0.965606
vt 0.602674 0.962463
vt 0.974287 0.203579
vt 0.966803 0.213237
vt 0.609199 0.978696
vt 0.602067 0.980759
vt 0.601861 0.972601
vt 0.128967 0.325734
vt 0.135698 0.330755
vt 0.962065 0.032931
vt 0.960584 0.016616
vt 0.964884 0.019047
vt 0.952583 0.045028
vt 0.955993 0.046118
vt 0.939641 0.051305
vt 0.935147 0.003630
vt 0.922265 0.011275
vt 0.928470 0.003005
vt 0.964516 0.033972
vt 0.940448 0.000000
vt 0.929224 0.046210
vt 0.921817 0.043537
vt 0.949001 0.004416
vt 0.920764 0.038816
vt 0.914658 0.026066
vt 0.917332 0.025491
vt 0.918562 0.011517
vt 0.712143 0.898151
vt 0.709241 0.903926
vt 0.709264 0.891514
vt 0.233708 0.792592
vt 0.236520 0.785529
vt 0.236661 0.795471
vt 0.453971 0.912776
vt 0.451364 0.914667
vt 0.438336 0.919337
vt 0.430960 0.923635
vt 0.442086 0.914297
vt 0.429688 0.929530
vt 0.426060 0.940214
vt 0.466068 0.916825
vt 0.474561 0.926672
vt 0.471146 0.924848
vt 0.433385 0.955972
vt 0.428317 0.940907
vt 0.961521 0.134567
vt 0.926307 0.140494
vt 0.922538 0.125733
vt 0.369921 0.175415
vt 0.350835 0.179404
vt 0.369191 0.163667
vt 0.765376 0.928673
vt 0.766810 0.914469
vt 0.785834 0.924623
vt 0.961662 0.120709
vt 0.815397 0.377925
vt 0.834628 0.392675
vt 0.801916 0.391485
vt 0.928532 0.111969
vt 0.834875 0.401895
vt 0.804441 0.414484
vt 0.795757 0.406011
vt 0.949816 0.103882
vt 0.961634 0.110202
vt 0.922562 0.097023
vt 0.369760 0.183634
vt 0.336251 0.191501
vt 0.336036 0.167321
vt 0.329949 0.152652
vt 0.369701 0.157096
vt 0.765608 0.940921
vt 0.798915 0.936975
vt 0.737572 0.620336
vt 0.751646 0.614664
vt 0.751833 0.623576
vt 0.795612 0.375727
vt 0.801812 0.363253
vt 0.329726 0.182390
vt 0.804908 0.923483
vt 0.787875 0.671893
vt 0.784704 0.682609
vt 0.777930 0.676827
vt 0.739568 0.626823
vt 0.729392 0.634716
vt 0.422247 0.183573
vt 0.426227 0.187245
vt 0.422247 0.192255
vt 0.718296 0.643139
vt 0.722396 0.629184
vt 0.937895 0.589146
vt 0.941137 0.602601
vt 0.932232 0.601750
vt 0.723403 0.645629
vt 0.721708 0.657747
vt 0.740924 0.558254
vt 0.742816 0.566093
vt 0.736551 0.572289
vt 0.719306 0.672228
vt 0.712794 0.657911
vt 0.741347 0.690842
vt 0.742578 0.685780
vt 0.755877 0.687708
vt 0.766142 0.620536
vt 0.780691 0.624678
vt 0.774399 0.631005
vt 0.724787 0.669476
vt 0.732764 0.679961
vt 0.770067 0.689633
vt 0.756496 0.696592
vt 0.764057 0.625212
vt 0.727238 0.686962
vt 0.767142 0.684872
vt 0.771246 0.975912
vt 0.765238 0.966925
vt 0.771394 0.959843
vt 0.367411 0.516332
vt 0.373595 0.523114
vt 0.367397 0.527834
vt 0.413586 0.183573
vt 0.417872 0.188020
vt 0.413609 0.191912
vt 0.742669 0.580134
vt 0.742831 0.604702
vt 0.736558 0.595672
vt 0.742686 0.588664
vt 0.435057 0.847113
vt 0.426183 0.826896
vt 0.443724 0.836169
vt 0.454842 0.792992
vt 0.478239 0.800209
vt 0.466374 0.808705
vt 0.455607 0.856284
vt 0.489458 0.829904
vt 0.478708 0.848628
vt 0.471707 0.835819
vt 0.475619 0.820453
vt 0.433720 0.803993
vt 0.449514 0.808779
vt 0.440048 0.822744
vt 0.489237 0.818474
vt 0.395487 0.171820
vt 0.398881 0.181327
vt 0.386971 0.182574
vt 0.708924 0.405989
vt 0.696488 0.406940
vt 0.696479 0.397878
vt 0.247884 0.855062
vt 0.247965 0.870027
vt 0.235512 0.860344
vt 0.708870 0.392801
vt 0.932741 0.775994
vt 0.932656 0.766516
vt 0.945032 0.763016
vt 0.235517 0.870799
vt 0.380002 0.162645
vt 0.373383 0.172637
vt 0.371266 0.157537
vt 0.384020 0.154722
vt 0.379447 0.146226
vt 0.384040 0.170977
vt 0.407801 0.173372
vt 0.391742 0.142610
vt 0.974747 0.505607
vt 0.964445 0.507631
vt 0.965862 0.502786
vt 0.102633 0.959991
vt 0.102702 0.972858
vt 0.095571 0.967052
vt 0.974854 0.500031
vt 0.092074 0.958870
vt 0.963650 0.493207
vt 0.102541 0.952386
vt 0.864619 0.073341
vt 0.875366 0.073337
vt 0.871658 0.082680
vt 0.102889 0.491079
vt 0.102879 0.506257
vt 0.092954 0.501425
vt 0.864520 0.082003
vt 0.870773 0.095735
vt 0.102535 0.981932
vt 0.095113 0.982925
vt 0.095624 0.977452
vt 0.864681 0.101386
vt 0.864520 0.092656
vt 0.874968 0.102631
vt 0.089127 0.488616
vt 0.086613 0.500483
vt 0.877330 0.090890
vt 0.088818 0.980150
vt 0.089125 0.970928
vt 0.095732 0.511047
vt 0.089447 0.510053
vt 0.422864 0.182883
vt 0.414403 0.177314
vt 0.422674 0.178707
vt 0.880895 0.079275
vt 0.414711 0.153814
vt 0.431846 0.153836
vt 0.419579 0.158612
vt 0.447870 0.161391
vt 0.443446 0.174347
vt 0.437614 0.165871
vt 0.434684 0.180168
vt 0.425130 0.169064
vt 0.443025 0.149721
vt 0.412920 0.169227
vt 0.259056 0.767938
vt 0.259034 0.711259
vt 0.521842 0.929687
vt 0.134869 0.376596
vt 0.258509 0.856770
vt 0.439175 0.282051
vt 0.426998 0.258510
vt 0.430267 0.228188
vt 0.522917 0.216363
vt 0.510426 0.290202
vt 0.470919 0.299249
vt 0.319975 0.529529
vt 0.305035 0.522719
vt 0.269916 0.494471
vt 0.242699 0.576486
vt 0.258816 0.599541
vt 0.258678 0.648150
vt 0.258517 0.578761
vt 0.672867 0.963878
vt 0.242425 0.524864
vt 0.340280 0.642875
vt 0.236208 0.938012
vt 0.252346 0.937044
vt 0.958359 0.087717
vt 0.958360 0.054941
vt 0.977748 0.192916
vt 0.238422 0.941918
vt 0.806947 0.824815
vt 0.944901 0.084115
vt 0.980972 0.161480
vt 0.944411 0.058650
vt 0.255298 0.450761
vt 0.257139 0.453883
vt 0.255298 0.456411
vt 0.935526 0.669910
vt 0.895869 0.377948
vt 0.887036 0.366886
vt 0.864285 0.416016
vt 0.873288 0.363128
vt 0.870541 0.360926
vt 0.857199 0.363722
vt 0.851593 0.403448
vt 0.891008 0.780443
vt 0.894337 0.781925
vt 0.883940 0.780369
vt 0.872766 0.781995
vt 0.864332 0.602545
vt 0.244201 0.362531
vt 0.254732 0.362025
vt 0.230225 0.362700
vt 0.859771 0.782611
vt 0.861173 0.790858
vt 0.230497 0.385684
vt 0.862687 0.805571
vt 0.917803 0.189583
vt 0.550278 0.798819
vt 0.535144 0.790937
vt 0.572892 0.809564
vt 0.524178 0.806505
vt 0.234400 0.733294
vt 0.233747 0.709356
vt 0.235970 0.712389
vt 0.256914 0.380687
vt 0.256924 0.403365
vt 0.255604 0.391923
vt 0.602945 0.832868
vt 0.598473 0.822368
vt 0.123435 0.359837
vt 0.489079 0.939155
vt 0.496077 0.939380
vt 0.494805 0.953045
vt 0.495786 0.968129
vt 0.490130 0.959919
vt 0.978215 0.770740
vt 0.122355 0.330558
vt 0.357458 0.753322
vt 0.256391 0.456778
vt 0.483770 0.944020
vt 0.482732 0.968198
vt 0.491556 0.971994
vt 0.488641 0.975289
vt 0.601926 0.954836
vt 0.136304 0.356356
vt 0.966508 0.227736
vt 0.130261 0.361752
vt 0.482425 0.954905
vt 0.967731 0.202821
vt 0.481581 0.974844
vt 0.940362 0.049156
vt 0.954828 0.005189
vt 0.710941 0.913260
vt 0.711550 0.880139
vt 0.234201 0.776254
vt 0.474185 0.950711
vt 0.464119 0.959672
vt 0.471378 0.951529
vt 0.474918 0.938326
vt 0.477578 0.938542
vt 0.451127 0.963779
vt 0.445910 0.960560
vt 0.462250 0.917354
vt 0.432035 0.951615
vt 0.835033 0.376221
vt 0.765653 0.945279
vt 0.799042 0.957918
vt 0.933845 0.098370
vt 0.799791 0.907160
vt 0.933443 0.147820
vt 0.804949 0.951959
vt 0.422247 0.188348
vt 0.417872 0.191678
vt 0.417872 0.183573
vt 0.408187 0.184105
vt 0.413586 0.187666
vt 0.408187 0.190434
vt 0.936181 0.611997
vt 0.369775 0.509879
vt 0.787875 0.635757
vt 0.257618 0.496157
vt 0.251442 0.495643
vt 0.257627 0.488037
vt 0.841499 0.382004
vt 0.835232 0.375133
vt 0.841417 0.364488
vt 0.396788 0.958886
vt 0.403003 0.966007
vt 0.396774 0.975319
vt 0.456172 0.842377
vt 0.247848 0.879283
vt 0.932715 0.751637
vt 0.945078 0.754898
vt 0.880947 0.079787
vt 0.893104 0.087750
vt 0.880958 0.086123
vt 0.893103 0.075365
vt 0.880964 0.074965
vt 0.708808 0.415892
vt 0.945078 0.770335
vt 0.400429 0.160217
vt 0.392841 0.152440
vt 0.401669 0.145878
vt 0.408251 0.152804
vt 0.410925 0.162520
vt 0.967749 0.479737
vt 0.974976 0.488483
vt 0.974898 0.476532
vt 0.091769 0.952911
vt 0.095649 0.489880
vt 0.961454 0.480429
vt 0.433873 0.144572
vt 0.958533 0.498878
vt 0.086241 0.956868
vt 0.425242 0.144573
vt 0.992970 0.190468
vt 0.992646 0.161500
vt 0.997843 0.183914
vt 0.135662 0.818324
vt 0.130853 0.827630
vt 0.130700 0.809953
vt 0.135569 0.794581
vt 0.130708 0.784359
vt 0.135711 0.773827
vt 0.130853 0.770142
vt 0.992948 0.765332
vt 0.993070 0.735454
vt 0.997961 0.746976
vt 0.993007 0.707521
vt 0.997951 0.717543
vt 0.992909 0.696858
vt 0.997814 0.696864
vt 0.997659 0.009547
vt 0.997372 0.033152
vt 0.992507 0.031141
vt 0.997427 0.057647
vt 0.997766 0.076107
vt 0.992606 0.064210
vt 0.992310 0.226886
vt 0.992734 0.213392
vt 0.997533 0.216412
vt 0.179726 0.504094
vt 0.208647 0.507214
vt 0.222067 0.594682
vt 0.055498 0.511745
vt 0.072732 0.521999
vt 0.051418 0.516341
vt 0.002498 0.577052
vt 0.000919 0.552960
vt 0.009231 0.545708
vt 0.074435 0.608263
vt 0.056327 0.608284
vt 0.077541 0.600888
vt 0.102035 0.572492
vt 0.092291 0.583566
vt 0.097105 0.557780
vt 0.097594 0.541962
vt 0.089768 0.536694
vt 0.041121 0.612154
vt 0.030552 0.603550
vt 0.031271 0.515288
vt 0.093992 0.591732
vt 0.011414 0.530974
vt 0.014927 0.598911
vt 0.009648 0.580352
vt 0.336269 0.879575
vt 0.342594 0.899973
vt 0.326375 0.893347
vt 0.994438 0.667782
vt 0.993995 0.684562
vt 0.987194 0.672402
vt 0.994495 0.637221
vt 0.987399 0.642718
vt 0.987025 0.619611
vt 0.997542 0.085691
vt 0.991574 0.100137
vt 0.990467 0.085017
vt 0.421173 0.193113
vt 0.421888 0.200051
vt 0.404237 0.195638
vt 0.295842 0.003839
vt 0.318124 0.001218
vt 0.305186 0.009865
vt 0.997595 0.128109
vt 0.990464 0.138776
vt 0.990561 0.119889
vt 0.112259 0.638377
vt 0.121068 0.646257
vt 0.120000 0.667713
vt 0.134140 0.703011
vt 0.118966 0.693599
vt 0.129721 0.688984
vt 0.317486 0.862516
vt 0.315242 0.872781
vt 0.382346 0.200092
vt 0.395710 0.208156
vt 0.277504 0.013425
vt 0.287932 0.020433
vt 0.318867 0.939483
vt 0.310067 0.935954
vt 0.319228 0.928766
vt 0.131544 0.621653
vt 0.139142 0.626301
vt 0.129517 0.632855
vt 0.337869 0.920272
vt 0.326754 0.914827
vt 0.105828 0.669200
vt 0.307454 0.018080
vt 0.302659 0.030362
vt 0.119869 0.000006
vt 0.130043 0.011608
vt 0.116681 0.011649
vt 0.288067 0.032077
vt 0.280241 0.033197
vt 0.104212 0.000074
vt 0.087545 0.011930
vt 0.056951 0.248227
vt 0.037293 0.248555
vt 0.059869 0.236367
vt 0.016172 0.248593
vt 0.003874 0.236609
vt 0.029699 0.236760
vt 0.369289 0.607144
vt 0.373944 0.604743
vt 0.373944 0.618029
vt 0.409795 0.208102
vt 0.405554 0.219685
vt 0.124652 0.020088
vt 0.376509 0.965593
vt 0.377626 0.956603
vt 0.384002 0.960226
vt 0.331305 0.962154
vt 0.333684 0.943987
vt 0.342358 0.945203
vt 0.018340 0.226375
vt 0.045952 0.226567
vt 0.061733 0.227645
vt 0.339640 0.965168
vt 0.342532 0.982769
vt 0.393848 0.219759
vt 0.397994 0.227992
vt 0.393197 0.227998
vt 0.298698 0.039451
vt 0.289754 0.040507
vt 0.013815 0.154834
vt 0.026240 0.169652
vt 0.399505 0.239197
vt 0.394812 0.239215
vt 0.301574 0.050592
vt 0.293329 0.051547
vt 0.083622 0.031826
vt 0.090048 0.021719
vt 0.091136 0.090666
vt 0.396620 0.288009
vt 0.303088 0.113788
vt 0.110159 0.021885
vt 0.128024 0.080013
vt 0.113755 0.083094
vt 0.009383 0.216593
vt 0.000298 0.155284
vt 0.003935 0.152030
vt 0.055075 0.216417
vt 0.051717 0.164093
vt 0.392805 0.288117
vt 0.392944 0.310824
vt 0.389749 0.313090
vt 0.137180 0.104247
vt 0.055766 0.121660
vt 0.073080 0.145119
vt 0.069989 0.131606
vt 0.030578 0.119776
vt 0.122340 0.120046
vt 0.107148 0.133234
vt 0.039673 0.116142
vt 0.320150 0.144831
vt 0.315258 0.146616
vt 0.393334 0.322762
vt 0.133667 0.122442
vt 0.395968 0.335985
vt 0.391909 0.333184
vt 0.136888 0.125580
vt 0.094952 0.122227
vt 0.121043 0.145395
vt 0.022156 0.125259
vt 0.025945 0.116792
vt 0.322133 0.145461
vt 0.325213 0.147210
vt 0.324513 0.160683
vt 0.129336 0.136831
vt 0.068879 0.117599
vt 0.055846 0.094510
vt 0.060912 0.093075
vt 0.316441 0.162425
vt 0.312600 0.150074
vt 0.125107 0.154812
vt 0.312199 0.162922
vt 0.038983 0.085943
vt 0.327043 0.179190
vt 0.319831 0.175452
vt 0.132238 0.486622
vt 0.133964 0.486117
vt 0.133964 0.502734
vt 0.313138 0.164669
vt 0.049493 0.062228
vt 0.060800 0.076287
vt 0.120374 0.279626
vt 0.120374 0.264667
vt 0.121774 0.268217
vt 0.393546 0.380935
vt 0.396604 0.380538
vt 0.395983 0.401491
vt 0.032439 0.090758
vt 0.028713 0.079824
vt 0.327804 0.191333
vt 0.319571 0.186000
vt 0.058593 0.055184
vt 0.042880 0.028730
vt 0.120347 0.280929
vt 0.121774 0.279626
vt 0.121774 0.290177
vt 0.637197 0.416657
vt 0.614615 0.415442
vt 0.633624 0.402552
vt 0.098965 0.174969
vt 0.086869 0.221887
vt 0.079021 0.186924
vt 0.034765 0.072886
vt 0.019509 0.027366
vt 0.047654 0.016964
vt 0.027255 0.011593
vt 0.087562 0.162259
vt 0.076720 0.175820
vt 0.113596 0.229848
vt 0.097426 0.247496
vt 0.094528 0.236841
vt 0.656890 0.398396
vt 0.640852 0.404206
vt 0.641538 0.395336
vt 0.112555 0.185581
vt 0.014383 0.098706
vt 0.006354 0.085894
vt 0.879135 0.942836
vt 0.902128 0.946647
vt 0.897294 0.952740
vt 0.248068 0.926664
vt 0.249221 0.914419
vt 0.251600 0.930004
vt 0.012834 0.032874
vt 0.080687 0.216051
vt 0.076939 0.196891
vt 0.960008 0.232039
vt 0.960276 0.221695
vt 0.965113 0.230706
vt 0.962451 0.239331
vt 0.704189 0.739611
vt 0.712217 0.771343
vt 0.703074 0.755732
vt 0.627573 0.399434
vt 0.617918 0.401817
vt 0.899449 0.963353
vt 0.894615 0.962012
vt 0.699521 0.739993
vt 0.997547 0.159791
vt 0.997211 0.147820
vt 0.997851 0.765518
vt 0.992874 0.003408
vt 0.992954 0.078784
vt 0.199817 0.605110
vt 0.175812 0.603301
vt 0.154897 0.591480
vt 0.142192 0.570450
vt 0.140163 0.544379
vt 0.154895 0.518637
vt 0.235080 0.529247
vt 0.240112 0.564275
vt 0.029543 0.522324
vt 0.079338 0.519323
vt 0.994071 0.615939
vt 0.329713 -0.000000
vt 0.326091 0.007535
vt 0.381538 0.193135
vt 0.268082 0.007574
vt 0.997483 0.144613
vt 0.262989 0.015574
vt 0.139142 0.696222
vt 0.770818 0.189815
vt 0.766054 0.190629
vt 0.766054 0.178887
vt 0.276572 0.022023
vt 0.084107 0.000285
vt 0.004024 0.248339
vt 0.511454 0.849893
vt 0.515519 0.838665
vt 0.515519 0.852414
vt 0.006079 0.227943
vt 0.384782 0.970599
vt 0.360720 0.621933
vt 0.355940 0.629173
vt 0.355940 0.618405
vt 0.334274 0.983033
vt 0.080956 0.020534
vt 0.121634 0.031437
vt 0.063827 0.167936
vt 0.079619 0.094830
vt 0.308850 0.113153
vt 0.297227 0.112921
vt 0.298711 0.122492
vt 0.300718 0.122372
vt 0.075736 0.131684
vt 0.353048 0.764019
vt 0.353680 0.778777
vt 0.351813 0.779302
vt 0.309706 0.141870
vt 0.393941 0.344834
vt 0.031510 0.128307
vt 0.065799 0.110838
vt 0.026300 0.103490
vt 0.101273 0.143616
vt 0.394892 0.362766
vt 0.123720 0.182898
vt 0.121096 0.325490
vt 0.121096 0.339055
vt 0.120347 0.327830
vt 0.102572 0.165074
vt 0.120477 0.248321
vt 0.121774 0.250536
vt 0.120477 0.264667
vt 0.396948 0.439070
vt 0.399380 0.438310
vt 0.932636 0.749693
vt 0.932636 0.774501
vt 0.929668 0.761507
vt 0.124894 0.194088
vt 0.659203 0.389616
vt 0.659203 0.414424
vt 0.836752 0.384836
vt 0.840037 0.384573
vt 0.838549 0.399114
vt 0.918986 0.762980
vt 0.902585 0.932204
vt 0.003194 0.090113
vt 0.004117 0.061660
vt 0.029456 0.000613
vt 0.700599 0.717216
vt 0.705569 0.725668
vt 0.710591 0.741004
vt 0.703727 0.783883
vt 0.699937 0.771135
vt 0.707594 0.778184
vt 0.902283 0.966986
vt 0.016253 0.020488
vt 0.698725 0.746606
vt 0.626405 0.389616
vt 0.957060 0.181930
vt 0.956914 0.160602
vt 0.965834 0.154775
vt 0.957469 0.147820
vt 0.703894 0.979961
vt 0.703833 0.956315
vt 0.712102 0.953665
vt 0.703900 0.932843
vt 0.968550 0.301163
vt 0.966869 0.274328
vt 0.976857 0.296649
vt 0.968558 0.253818
vt 0.976971 0.268782
vt 0.968265 0.239341
vt 0.976712 0.247579
vt 0.948395 0.617555
vt 0.948258 0.644539
vt 0.940021 0.633380
vt 0.948469 0.676356
vt 0.940138 0.670262
vt 0.948733 0.689279
vt 0.940473 0.689286
vt 0.957202 0.218282
vt 0.957553 0.204639
vt 0.965839 0.202158
vt 0.614193 0.322168
vt 0.620355 0.309543
vt 0.619733 0.328701
vt 0.624177 0.368232
vt 0.626019 0.360300
vt 0.643226 0.382146
vt 0.686039 0.297051
vt 0.699498 0.321964
vt 0.677174 0.298730
vt 0.614193 0.350852
vt 0.343536 0.942927
vt 0.351245 0.930675
vt 0.350571 0.947042
vt 0.707738 0.347589
vt 0.700706 0.364946
vt 0.689246 0.352440
vt 0.662474 0.384969
vt 0.653709 0.369157
vt 0.673416 0.368463
vt 0.636374 0.297142
vt 0.645996 0.308784
vt 0.629075 0.331295
vt 0.690668 0.325539
vt 0.673970 0.307871
vt 0.634012 0.355096
vt 0.684526 0.373884
vt 0.794428 0.370967
vt 0.794375 0.388659
vt 0.785565 0.372290
vt 0.343542 0.966925
vt 0.349379 0.971798
vt 0.343714 0.978960
vt 0.999901 0.889910
vt 0.999900 0.916273
vt 0.992409 0.907588
vt 0.330523 0.950634
vt 0.323464 0.969875
vt 0.322034 0.953793
vt 0.322748 0.942428
vt 0.330728 0.971522
vt 0.330589 0.987373
vt 0.323034 0.984830
vt 0.992580 0.884844
vt 0.993934 0.876487
vt 0.794428 0.407066
vt 0.786692 0.409367
vt 0.788461 0.391982
vt 0.353550 0.968282
vt 0.351385 0.981655
vt 0.876762 0.689435
vt 0.856735 0.693529
vt 0.859206 0.672842
vt 0.305275 0.794684
vt 0.287905 0.796004
vt 0.286033 0.790419
vt 0.305001 0.726019
vt 0.316465 0.737680
vt 0.297864 0.728513
vt 0.265283 0.780541
vt 0.266334 0.773005
vt 0.287704 0.724980
vt 0.319955 0.785802
vt 0.306726 0.790313
vt 0.274988 0.730521
vt 0.277889 0.733971
vt 0.328854 0.767226
vt 0.320372 0.778199
vt 0.265282 0.740618
vt 0.260090 0.760617
vt 0.264876 0.751234
vt 0.327568 0.746609
vt 0.325952 0.757105
vt 0.839290 0.693311
vt 0.846486 0.672684
vt 0.760194 0.813874
vt 0.770179 0.813674
vt 0.774253 0.834351
vt 0.487361 0.856680
vt 0.509177 0.856687
vt 0.506229 0.877050
vt 0.815810 0.193078
vt 0.837291 0.193147
vt 0.828996 0.213718
vt 0.492783 0.877055
vt 0.486529 0.877023
vt 0.815583 0.213710
vt 0.805494 0.213838
vt 0.790827 0.813598
vt 0.793274 0.834315
vt 0.838895 0.213817
vt 0.833639 0.241672
vt 0.497653 0.904730
vt 0.826539 0.241603
vt 0.490681 0.904706
vt 0.815175 0.241629
vt 0.809795 0.241717
vt 0.789138 0.862237
vt 0.776381 0.862282
vt 0.863858 0.644907
vt 0.879772 0.672640
vt 0.873109 0.644799
vt 0.854656 0.644838
vt 0.488278 0.927277
vt 0.495219 0.927319
vt 0.488235 0.934659
vt 0.829793 0.264218
vt 0.818359 0.264194
vt 0.794395 0.884884
vt 0.789487 0.884817
vt 0.810858 0.264281
vt 0.779217 0.884830
vt 0.863411 0.622311
vt 0.873434 0.622206
vt 0.852772 0.622212
vt 0.772778 0.884941
vt 0.506025 0.927310
vt 0.808124 0.270351
vt 0.781316 0.892529
vt 0.862661 0.615488
vt 0.873796 0.614934
vt 0.852995 0.614419
vt 0.774385 0.891841
vt 0.769920 0.890995
vt 0.508623 0.934400
vt 0.498607 0.934742
vt 0.830051 0.271381
vt 0.816031 0.271668
vt 0.941137 0.600914
vt 0.943496 0.592243
vt 0.945889 0.596751
vt 0.807000 0.273017
vt 0.949301 0.175287
vt 0.940589 0.178641
vt 0.947023 0.165159
vt 0.943981 0.610301
vt 0.941448 0.150537
vt 0.950388 0.162512
vt 0.821697 0.276426
vt 0.927450 0.183527
vt 0.928464 0.180251
vt 0.793113 0.892091
vt 0.786241 0.897040
vt 0.783305 0.897040
vt 0.185889 0.891362
vt 0.191543 0.896509
vt 0.191666 0.912178
vt 0.179639 0.904313
vt 0.173478 0.919882
vt 0.167818 0.892558
vt 0.153888 0.901840
vt 0.150461 0.886890
vt 0.158559 0.919106
vt 0.161252 0.933521
vt 0.147994 0.925689
vt 0.178454 0.929867
vt 0.173911 0.881675
vt 0.140568 0.907267
vt 0.448545 0.188774
vt 0.448402 0.178737
vt 0.456697 0.181067
vt 0.951143 0.212314
vt 0.943362 0.214076
vt 0.942491 0.201093
vt 0.284255 0.925668
vt 0.284379 0.937847
vt 0.275978 0.939590
vt 0.950958 0.198348
vt 0.942326 0.193265
vt 0.275132 0.927718
vt 0.278506 0.919638
vt 0.951046 0.229161
vt 0.961289 0.959599
vt 0.952650 0.961345
vt 0.952890 0.944807
vt 0.448440 0.152998
vt 0.454153 0.149330
vt 0.450409 0.163373
vt 0.959229 0.930568
vt 0.961260 0.944002
vt 0.463975 0.146534
vt 0.463849 0.157111
vt 0.463808 0.168923
vt 0.945759 0.932129
vt 0.282298 0.948640
vt 0.282169 0.958678
vt 0.268863 0.954234
vt 0.942969 0.949601
vt 0.942390 0.237215
vt 0.932661 0.238420
vt 0.928026 0.233158
vt 0.932803 0.201357
vt 0.266170 0.940276
vt 0.262393 0.925013
vt 0.942567 0.228824
vt 0.934597 0.220718
vt 0.268724 0.919584
vt 0.473137 0.158554
vt 0.466683 0.184490
vt 0.473119 0.173488
vt 0.268718 0.961924
vt 0.259429 0.959300
vt 0.259585 0.948126
vt 0.473246 0.185939
vt 0.926375 0.214822
vt 0.259599 0.932984
vt 0.943017 0.963352
vt 0.936576 0.957658
vt 0.473246 0.149316
vt 0.906959 0.737545
vt 0.911507 0.721953
vt 0.915299 0.734164
vt 0.946190 0.705061
vt 0.939171 0.711939
vt 0.933346 0.699212
vt 0.946190 0.741319
vt 0.925754 0.748666
vt 0.936539 0.738926
vt 0.926181 0.738820
vt 0.953435 0.723152
vt 0.943981 0.725564
vt 0.922190 0.708747
vt 0.930288 0.718866
vt 0.926625 0.726297
vt 0.966017 0.179377
vt 0.712161 0.980982
vt 0.712182 0.929307
vt 0.940189 0.613495
vt 0.965423 0.219241
vt 0.633151 0.098862
vt 0.607223 0.090450
vt 0.655889 0.092171
vt 0.586147 0.060064
vt 0.672871 0.076376
vt 0.592245 0.023392
vt 0.679602 0.048289
vt 0.613050 0.004019
vt 0.664701 0.014263
vt 0.635781 0.000519
vt 0.962597 0.285809
vt 0.703810 0.315027
vt 0.954342 0.657181
vt 0.954326 0.638449
vt 0.709330 0.333585
vt 0.652737 0.294825
vt 0.992274 0.920909
vt 0.322823 0.994833
vt 0.343714 0.927624
vt 0.989988 0.894668
vt 0.784288 0.388449
vt 0.319964 0.734846
vt 0.274987 0.790543
vt 0.885598 0.693248
vt 0.805135 0.813756
vt 0.798547 0.193268
vt 0.506460 0.904715
vt 0.849447 0.616166
vt 0.941317 0.182464
vt 0.947100 0.608679
vt 0.934075 0.152818
vt 0.927585 0.148911
vt 0.161090 0.880907
vt 0.143673 0.891906
vt 0.457120 0.191230
vt 0.448545 0.146068
vt 0.936564 0.939107
vt 0.926193 0.198004
vt 0.903310 0.718332
vt 0.920462 0.698329
vt 0.911232 0.706303
vt 0.954958 0.373692
vt 0.954811 0.352366
vt 0.963902 0.366781
vt 0.955366 0.339583
vt 0.963709 0.344253
vt 0.212885 0.985660
vt 0.212822 0.967283
vt 0.221143 0.984398
vt 0.212871 0.943169
vt 0.221111 0.949924
vt 0.969221 0.945207
vt 0.968008 0.930076
vt 0.977662 0.933796
vt 0.967647 0.911485
vt 0.977754 0.911068
vt 0.969337 0.891008
vt 0.969041 0.876497
vt 0.977300 0.876487
vt 0.515246 0.724061
vt 0.515212 0.756859
vt 0.506978 0.759275
vt 0.515447 0.778196
vt 0.515654 0.787056
vt 0.507303 0.783607
vt 0.955099 0.410040
vt 0.955450 0.396398
vt 0.963369 0.409330
vt 0.963807 0.389536
vt 0.233566 0.644736
vt 0.140112 0.656512
vt 0.146849 0.628415
vt 0.206934 0.960423
vt 0.521246 0.736227
vt 0.627155 0.275339
vt 0.626019 0.263473
vt 0.643233 0.285321
vt 0.697481 0.209837
vt 0.699498 0.225136
vt 0.678244 0.196773
vt 0.707737 0.250767
vt 0.700706 0.268117
vt 0.689247 0.255609
vt 0.619734 0.231873
vt 0.636396 0.200260
vt 0.633569 0.222656
vt 0.629174 0.246324
vt 0.690668 0.228709
vt 0.673968 0.211043
vt 0.642217 0.266898
vt 0.651405 0.208853
vt 0.684528 0.277055
vt 0.667166 0.272715
vt 0.583099 0.167024
vt 0.575351 0.174167
vt 0.577202 0.156228
vt 0.982067 0.177307
vt 0.989256 0.156087
vt 0.987873 0.181313
vt 0.583152 0.149337
vt 0.982220 0.197872
vt 0.973585 0.964119
vt 0.973514 0.984990
vt 0.966527 0.979433
vt 0.992704 0.705260
vt 0.985645 0.724503
vt 0.984215 0.708421
vt 0.992874 0.731994
vt 0.992710 0.745239
vt 0.985003 0.749464
vt 0.984929 0.697056
vt 0.973401 0.949708
vt 0.966271 0.960294
vt 0.967548 0.945207
vt 0.583152 0.185434
vt 0.575416 0.187728
vt 0.992072 0.177684
vt 0.989832 0.197335
vt 0.963461 0.951073
vt 0.855369 0.075943
vt 0.835338 0.080040
vt 0.837895 0.059353
vt 0.406618 0.828897
vt 0.389818 0.833502
vt 0.386916 0.828376
vt 0.396916 0.761814
vt 0.406743 0.770806
vt 0.386768 0.765348
vt 0.364665 0.822633
vt 0.364259 0.815032
vt 0.419338 0.817379
vt 0.407215 0.824326
vt 0.364660 0.771680
vt 0.379622 0.762854
vt 0.368164 0.774517
vt 0.424554 0.804301
vt 0.418298 0.809834
vt 0.355773 0.790138
vt 0.421879 0.783788
vt 0.419756 0.788065
vt 0.358680 0.793936
vt 0.817893 0.079823
vt 0.825090 0.059196
vt 0.845143 0.276836
vt 0.855157 0.276636
vt 0.859575 0.297308
vt 0.906064 0.509714
vt 0.927878 0.509722
vt 0.924931 0.530085
vt 0.828075 0.780248
vt 0.849547 0.780317
vt 0.841258 0.800888
vt 0.911489 0.530090
vt 0.905233 0.530058
vt 0.827842 0.800879
vt 0.817755 0.801008
vt 0.875778 0.276561
vt 0.878225 0.297278
vt 0.851154 0.800987
vt 0.845899 0.828842
vt 0.916356 0.557765
vt 0.838799 0.828773
vt 0.909385 0.557741
vt 0.827435 0.828799
vt 0.822054 0.828887
vt 0.874088 0.325200
vt 0.861330 0.325244
vt 0.842461 0.031419
vt 0.858375 0.059152
vt 0.851712 0.031311
vt 0.833259 0.031349
vt 0.906982 0.580312
vt 0.913922 0.580353
vt 0.911736 0.587765
vt 0.842053 0.851388
vt 0.830619 0.851363
vt 0.879344 0.347846
vt 0.874436 0.347780
vt 0.823118 0.851451
vt 0.864166 0.347792
vt 0.842014 0.008822
vt 0.852037 0.008717
vt 0.831375 0.008724
vt 0.857727 0.347903
vt 0.924729 0.580344
vt 0.820411 0.858738
vt 0.873088 0.354762
vt 0.838160 0.002080
vt 0.847263 0.001076
vt 0.854865 0.001434
vt 0.861437 0.354649
vt 0.855609 0.355459
vt 0.925046 0.587717
vt 0.843858 0.858697
vt 0.830143 0.858671
vt 0.949732 0.606614
vt 0.949541 0.593794
vt 0.952304 0.598015
vt 0.040467 0.884822
vt 0.036957 0.863271
vt 0.049154 0.874018
vt 0.626291 0.945643
vt 0.619687 0.945950
vt 0.626640 0.935329
vt 0.617214 0.916430
vt 0.628013 0.925271
vt 0.619815 0.922240
vt 0.833959 0.863596
vt 0.605686 0.920090
vt 0.617074 0.951045
vt 0.607563 0.947559
vt 0.952301 0.589146
vt 0.955088 0.591421
vt 0.630096 0.937499
vt 0.050076 0.896584
vt 0.018785 0.875521
vt 0.013405 0.889193
vt 0.009106 0.869523
vt 0.034306 0.900388
vt 0.021654 0.901434
vt 0.029338 0.914552
vt 0.016264 0.911461
vt 0.030027 0.873038
vt 0.019726 0.861816
vt 0.005377 0.902431
vt 0.001857 0.884080
vt 0.523297 0.187017
vt 0.523164 0.173871
vt 0.531488 0.181069
vt 0.023518 0.935342
vt 0.024866 0.949928
vt 0.016045 0.941987
vt 0.514914 0.831032
vt 0.514773 0.835831
vt 0.506274 0.836549
vt 0.514983 0.806175
vt 0.507247 0.813411
vt 0.506371 0.800430
vt 0.515034 0.818509
vt 0.506446 0.828157
vt 0.514821 0.796436
vt 0.506210 0.792599
vt 0.024807 0.921098
vt 0.015701 0.924091
vt 0.019077 0.916009
vt 0.697920 0.959092
vt 0.689281 0.961330
vt 0.689245 0.949961
vt 0.697903 0.938709
vt 0.690860 0.934887
vt 0.525070 0.159810
vt 0.024743 0.956635
vt 0.019126 0.955907
vt 0.528944 0.149334
vt 0.538764 0.146533
vt 0.538640 0.157110
vt 0.538598 0.168925
vt 0.009435 0.950608
vt 0.679600 0.949588
vt 0.682391 0.932115
vt 0.496546 0.837754
vt 0.491911 0.832492
vt 0.496688 0.800693
vt 0.002790 0.936891
vt 0.002875 0.924038
vt 0.498480 0.820055
vt 0.009297 0.915955
vt 0.547982 0.154019
vt 0.541474 0.184493
vt 0.547910 0.173493
vt 0.009291 0.958295
vt 0.000000 0.955671
vt 0.000116 0.949329
vt 0.548037 0.185945
vt 0.490251 0.809261
vt 0.679648 0.963336
vt 0.673207 0.957642
vt 0.490273 0.821822
vt 0.746012 0.899155
vt 0.755242 0.907129
vt 0.741483 0.907165
vt 0.720280 0.942144
vt 0.723943 0.932713
vt 0.732155 0.946829
vt 0.759511 0.938373
vt 0.745773 0.949185
vt 0.741178 0.939911
vt 0.720282 0.905888
vt 0.733316 0.898179
vt 0.730183 0.909202
vt 0.763162 0.919159
vt 0.752052 0.933259
vt 0.713036 0.923981
vt 0.723610 0.920559
vt 0.753033 0.919830
vt 0.739994 0.921585
vt 0.735702 0.928443
vt 0.977480 0.945197
vt 0.977563 0.888193
vt 0.506999 0.722394
vt 0.186561 0.605940
vt 0.212487 0.614349
vt 0.163828 0.612630
vt 0.227471 0.681407
vt 0.206666 0.700782
vt 0.155013 0.690539
vt 0.183933 0.704283
vt 0.615545 0.257360
vt 0.521262 0.754957
vt 0.617242 0.219092
vt 0.709330 0.236757
vt 0.662477 0.288141
vt 0.652737 0.197997
vt 0.982220 0.154705
vt 0.577273 0.143907
vt 0.989961 0.204184
vt 0.985215 0.739459
vt 0.967548 0.996531
vt 0.963410 0.993389
vt 0.573032 0.154779
vt 0.357057 0.810797
vt 0.409636 0.767356
vt 0.376095 0.830603
vt 0.864201 0.079760
vt 0.890084 0.276719
vt 0.810809 0.780438
vt 0.925165 0.557750
vt 0.904300 0.586463
vt 0.828451 0.001464
vt 0.954076 0.608682
vt 0.604008 0.916967
vt 0.603895 0.949982
vt 0.053874 0.887516
vt 0.041467 0.909057
vt 0.531911 0.191230
vt 0.523297 0.148368
vt 0.673195 0.939091
vt 0.490078 0.797339
vt 0.000000 0.918957
vt 0.959371 0.730969
vt 0.959225 0.709641
vt 0.968304 0.728935
vt 0.959780 0.696858
vt 0.968123 0.701533
vt 0.978613 0.664143
vt 0.978550 0.645760
vt 0.986871 0.662887
vt 0.978599 0.621657
vt 0.986839 0.628415
vt 0.965739 0.849050
vt 0.964527 0.833920
vt 0.974230 0.828886
vt 0.964164 0.815328
vt 0.965853 0.794819
vt 0.974068 0.792974
vt 0.965559 0.780341
vt 0.952568 0.420741
vt 0.952430 0.447728
vt 0.944194 0.436573
vt 0.952641 0.479545
vt 0.944311 0.473450
vt 0.952906 0.492468
vt 0.944645 0.492475
vt 0.959513 0.767319
vt 0.959864 0.753673
vt 0.967908 0.761993
vt 0.340104 0.544582
vt 0.260368 0.580909
vt 0.273338 0.546233
vt 0.000000 0.646431
vt 0.006164 0.633803
vt 0.005541 0.652963
vt 0.972662 0.638914
vt 0.009984 0.692495
vt 0.011826 0.684565
vt 0.029035 0.706409
vt 0.083289 0.630928
vt 0.085305 0.646228
vt 0.064051 0.617862
vt 0.000000 0.675114
vt 0.979594 0.527321
vt 0.987397 0.512521
vt 0.987247 0.525243
vt 0.093545 0.671851
vt 0.086512 0.689209
vt 0.076740 0.674002
vt 0.048284 0.709232
vt 0.042698 0.693583
vt 0.064896 0.689766
vt 0.022181 0.621406
vt 0.031803 0.633046
vt 0.014882 0.655557
vt 0.076475 0.649801
vt 0.059777 0.632134
vt 0.019821 0.679362
vt 0.070333 0.698147
vt 0.987193 0.539444
vt 0.133517 0.956678
vt 0.133464 0.974371
vt 0.125740 0.960077
vt 0.979599 0.551322
vt 0.985436 0.556192
vt 0.979772 0.563354
vt 0.998693 0.793753
vt 0.998693 0.820116
vt 0.990223 0.806464
vt 0.995970 0.439596
vt 0.988668 0.439332
vt 0.988697 0.421569
vt 0.991438 0.790729
vt 0.990886 0.780551
vt 0.995875 0.459476
vt 0.133517 0.992778
vt 0.124694 0.997098
vt 0.127551 0.977694
vt 0.990042 0.463886
vt 0.985657 0.471099
vt 0.985841 0.464850
vt 0.985994 0.449830
vt 0.123385 0.981146
vt 0.885580 0.496524
vt 0.866644 0.496739
vt 0.873758 0.475996
vt 0.804575 0.544315
vt 0.804992 0.551918
vt 0.782355 0.538571
vt 0.793153 0.603134
vt 0.775976 0.605408
vt 0.782516 0.601598
vt 0.804583 0.595270
vt 0.801084 0.592434
vt 0.760328 0.599592
vt 0.759605 0.539573
vt 0.772523 0.534112
vt 0.813470 0.576806
vt 0.749901 0.549577
vt 0.757774 0.546920
vt 0.744687 0.562652
vt 0.810571 0.573010
vt 0.747365 0.583166
vt 0.748289 0.566340
vt 0.753869 0.587439
vt 0.852280 0.496686
vt 0.851479 0.475890
vt 0.860898 0.476042
vt 0.842537 0.106645
vt 0.858437 0.106402
vt 0.850459 0.127222
vt 0.691344 0.849903
vt 0.706617 0.849862
vt 0.697823 0.870245
vt 0.815815 0.276448
vt 0.837288 0.276517
vt 0.824609 0.297071
vt 0.675858 0.849862
vt 0.684387 0.870250
vt 0.678124 0.870219
vt 0.798548 0.276638
vt 0.811462 0.297112
vt 0.804663 0.297221
vt 0.875620 0.127086
vt 0.860592 0.127062
vt 0.837124 0.297160
vt 0.826539 0.324973
vt 0.689247 0.897925
vt 0.682276 0.897901
vt 0.815175 0.324999
vt 0.809795 0.325087
vt 0.871482 0.155008
vt 0.858725 0.155053
vt 0.883944 0.475829
vt 0.877282 0.447988
vt 0.858828 0.448027
vt 0.868030 0.448096
vt 0.679872 0.920473
vt 0.686813 0.920513
vt 0.678415 0.926635
vt 0.829793 0.347588
vt 0.818359 0.347563
vt 0.876738 0.177655
vt 0.871830 0.177588
vt 0.810859 0.347651
vt 0.861560 0.177601
vt 0.867583 0.425500
vt 0.877606 0.425395
vt 0.856944 0.425401
vt 0.855121 0.177712
vt 0.697620 0.920505
vt 0.808124 0.353721
vt 0.872426 0.184831
vt 0.863932 0.419481
vt 0.870936 0.417485
vt 0.880435 0.418111
vt 0.858525 0.184994
vt 0.852264 0.183766
vt 0.697936 0.927878
vt 0.685555 0.928082
vt 0.830050 0.354750
vt 0.816031 0.355038
vt 0.856347 0.416764
vt 0.807000 0.356387
vt 0.957932 0.610301
vt 0.955814 0.597293
vt 0.959948 0.605458
vt 0.587935 0.916429
vt 0.598735 0.925271
vt 0.585278 0.920009
vt 0.820715 0.359796
vt 0.574729 0.916967
vt 0.574145 0.921040
vt 0.600168 0.939185
vt 0.596700 0.929251
vt 0.591138 0.949772
vt 0.581546 0.947326
vt 0.595687 0.940720
vt 0.903723 0.440393
vt 0.897491 0.461388
vt 0.891660 0.439501
vt 0.926403 0.433420
vt 0.935335 0.425989
vt 0.942760 0.444411
vt 0.914155 0.429948
vt 0.904872 0.421810
vt 0.906399 0.454841
vt 0.910605 0.470071
vt 0.916962 0.459421
vt 0.929455 0.449842
vt 0.927146 0.469104
vt 0.922075 0.418155
vt 0.499699 0.187513
vt 0.498233 0.173871
vt 0.506514 0.173834
vt 0.891782 0.455167
vt 0.752065 0.385706
vt 0.742354 0.386429
vt 0.743712 0.373684
vt 0.049826 0.924107
vt 0.049873 0.942122
vt 0.042867 0.926492
vt 0.759238 0.382955
vt 0.756993 0.369126
vt 0.041142 0.915778
vt 0.757781 0.400081
vt 0.498309 0.153305
vt 0.506946 0.146338
vt 0.506815 0.157009
vt 0.049700 0.956635
vt 0.041147 0.958467
vt 0.743549 0.365940
vt 0.743786 0.401227
vt 0.033732 0.921335
vt 0.934431 0.954918
vt 0.921004 0.961204
vt 0.920960 0.949925
vt 0.513767 0.185327
vt 0.757672 0.409503
vt 0.743610 0.409538
vt 0.918236 0.933932
vt 0.911804 0.939108
vt 0.521229 0.156921
vt 0.516449 0.168991
vt 0.041284 0.950699
vt 0.031525 0.955658
vt 0.031685 0.939474
vt 0.024957 0.955671
vt 0.025113 0.944498
vt 0.523008 0.178100
vt 0.523144 0.187620
vt 0.025075 0.925858
vt 0.734489 0.384942
vt 0.734306 0.370487
vt 0.734382 0.403037
vt 0.516646 0.144671
vt 0.523144 0.147123
vt 0.911816 0.957659
vt 0.955629 0.920949
vt 0.937554 0.928786
vt 0.936904 0.919606
vt 0.921282 0.920683
vt 0.919506 0.884863
vt 0.938586 0.878126
vt 0.930478 0.888274
vt 0.962876 0.902782
vt 0.948422 0.915687
vt 0.912262 0.903025
vt 0.922194 0.897299
vt 0.949242 0.905132
vt 0.955182 0.886486
vt 0.921792 0.908615
vt 0.942762 0.894375
vt 0.933154 0.904029
vt 0.973998 0.849040
vt 0.944361 0.416684
vt 0.309066 0.628224
vt 0.275270 0.614935
vt 0.342028 0.613281
vt 0.355002 0.578606
vt 0.306303 0.531289
vt 0.958514 0.460369
vt 0.958498 0.441638
vt 0.095137 0.657848
vt 0.038543 0.619088
vt 0.127638 0.951252
vt 0.991051 0.822192
vt 0.985603 0.566299
vt 0.995742 0.422510
vt 0.979772 0.512018
vt 0.989670 0.558326
vt 0.789893 0.535432
vt 0.812187 0.556160
vt 0.843463 0.496500
vt 0.883326 0.106463
vt 0.833639 0.325042
vt 0.698055 0.897910
vt 0.853620 0.419355
vt 0.960893 0.593391
vt 0.825439 0.359798
vt 0.577270 0.950834
vt 0.959276 0.589146
vt 0.937875 0.459714
vt 0.041371 0.939214
vt 0.049700 0.917919
vt 0.936512 0.938727
vt 0.928148 0.936951
vt 0.934460 0.962668
vt 0.513874 0.191037
vt 0.415915 0.927939
vt 0.414110 0.908317
vt 0.424175 0.920602
vt 0.415640 0.893404
vt 0.423983 0.898073
vt 0.980212 0.821688
vt 0.980230 0.788501
vt 0.988470 0.795256
vt 0.967829 0.147820
vt 0.967294 0.134202
vt 0.976270 0.136408
vt 0.967384 0.116451
vt 0.976362 0.113679
vt 0.967233 0.094928
vt 0.967649 0.079110
vt 0.975908 0.079100
vt 0.939562 0.784396
vt 0.940176 0.801863
vt 0.931246 0.791463
vt 0.939458 0.825926
vt 0.931225 0.828342
vt 0.939803 0.851968
vt 0.415373 0.963861
vt 0.415724 0.950219
vt 0.423643 0.963150
vt 0.424081 0.943357
vt 0.616677 0.554373
vt 0.523223 0.566148
vt 0.529960 0.538050
vt 0.605573 0.631217
vt 0.603743 0.639144
vt 0.586515 0.617299
vt 0.974290 0.803683
vt 0.543710 0.702399
vt 0.530263 0.677478
vt 0.552585 0.700710
vt 0.616985 0.665129
vt 0.606508 0.690794
vt 0.610028 0.670745
vt 0.977948 0.938216
vt 0.985625 0.935659
vt 0.985475 0.948380
vt 0.530457 0.634172
vt 0.546322 0.619236
vt 0.546219 0.638443
vt 0.575539 0.707203
vt 0.568061 0.694634
vt 0.589584 0.687902
vt 0.522874 0.647490
vt 0.600696 0.668142
vt 0.536718 0.662233
vt 0.595760 0.644339
vt 0.572883 0.630115
vt 0.546134 0.684700
vt 0.997003 0.583344
vt 0.989871 0.604576
vt 0.991098 0.578924
vt 0.977789 0.956820
vt 0.983585 0.966317
vt 0.997074 0.568996
vt 0.595645 0.191904
vt 0.595645 0.185372
vt 0.599031 0.189388
vt 0.320351 0.961964
vt 0.313079 0.964885
vt 0.312621 0.949183
vt 0.998663 0.346049
vt 0.998788 0.371880
vt 0.991489 0.349983
vt 0.320125 0.946562
vt 0.314260 0.942230
vt 0.990936 0.339804
vt 0.320305 0.983716
vt 0.992777 0.390908
vt 0.988582 0.390460
vt 0.991101 0.381442
vt 0.986917 0.582634
vt 0.183133 0.879057
vt 0.164199 0.879272
vt 0.165143 0.858563
vt 0.653566 0.722148
vt 0.653983 0.729751
vt 0.640342 0.717638
vt 0.598892 0.767332
vt 0.598487 0.756719
vt 0.611499 0.773977
vt 0.642143 0.780968
vt 0.624968 0.783242
vt 0.631507 0.779432
vt 0.638885 0.713265
vt 0.619643 0.717529
vt 0.653574 0.773104
vt 0.650076 0.770269
vt 0.608597 0.717407
vt 0.621515 0.711945
vt 0.661178 0.761342
vt 0.598894 0.727409
vt 0.662465 0.740724
vt 0.659562 0.750845
vt 0.593700 0.747332
vt 0.599944 0.734945
vt 0.145537 0.879129
vt 0.149033 0.858423
vt 0.908255 0.276587
vt 0.923524 0.276546
vt 0.917911 0.296918
vt 0.821880 0.416695
vt 0.839241 0.416822
vt 0.833600 0.437410
vt 0.905780 0.296945
vt 0.897025 0.296915
vt 0.800870 0.416788
vt 0.821085 0.437320
vt 0.807938 0.437362
vt 0.801139 0.437471
vt 0.753346 0.814336
vt 0.748718 0.834993
vt 0.737296 0.818203
vt 0.823015 0.465222
vt 0.911920 0.324605
vt 0.811652 0.465248
vt 0.745487 0.862918
vt 0.738761 0.862856
vt 0.806271 0.465336
vt 0.728745 0.862925
vt 0.179606 0.858406
vt 0.168482 0.830603
vt 0.156382 0.830560
vt 0.826270 0.487837
vt 0.814835 0.487813
vt 0.901077 0.324596
vt 0.909691 0.347203
vt 0.898420 0.347170
vt 0.807335 0.487901
vt 0.743859 0.885488
vt 0.731581 0.885473
vt 0.725141 0.885584
vt 0.916529 0.347179
vt 0.156488 0.807968
vt 0.170739 0.807991
vt 0.809224 0.495162
vt 0.740502 0.892443
vt 0.167921 0.801105
vt 0.177989 0.800644
vt 0.831758 0.494832
vt 0.822544 0.495075
vt 0.914844 0.354562
vt 0.901536 0.354610
vt 0.957981 0.334105
vt 0.955863 0.321098
vt 0.959977 0.329218
vt 0.070173 0.907365
vt 0.080972 0.916206
vt 0.073651 0.914251
vt 0.817191 0.500045
vt 0.058645 0.911025
vt 0.082405 0.930121
vt 0.078314 0.930329
vt 0.073375 0.940707
vt 0.063782 0.938262
vt 0.207488 0.909969
vt 0.201275 0.923994
vt 0.195446 0.902104
vt 0.230155 0.895990
vt 0.239120 0.888595
vt 0.246544 0.907016
vt 0.215362 0.893909
vt 0.219395 0.921735
vt 0.211693 0.931842
vt 0.233240 0.912447
vt 0.236907 0.926352
vt 0.223670 0.880231
vt 0.550282 0.187781
vt 0.548094 0.173871
vt 0.556375 0.173834
vt 0.195567 0.917772
vt 0.309270 0.929409
vt 0.309298 0.947955
vt 0.300800 0.942843
vt 0.079333 0.873574
vt 0.071800 0.879059
vt 0.077114 0.863374
vt 0.079381 0.886886
vt 0.079264 0.898430
vt 0.073644 0.897818
vt 0.300785 0.929132
vt 0.300576 0.919407
vt 0.548170 0.153307
vt 0.556802 0.146343
vt 0.556676 0.157010
vt 0.309130 0.960264
vt 0.300576 0.962096
vt 0.064228 0.865498
vt 0.067165 0.859790
vt 0.064313 0.897641
vt 0.838696 0.105667
vt 0.825699 0.109409
vt 0.825493 0.097715
vt 0.563331 0.182953
vt 0.077072 0.904036
vt 0.064149 0.904598
vt 0.571137 0.152101
vt 0.566321 0.163341
vt 0.832414 0.087702
vt 0.817779 0.088128
vt 0.286118 0.959913
vt 0.287035 0.953473
vt 0.300713 0.954328
vt 0.287176 0.940521
vt 0.056886 0.875502
vt 0.287263 0.927670
vt 0.572841 0.173493
vt 0.572967 0.185945
vt 0.054447 0.899886
vt 0.054623 0.889219
vt 0.822523 0.114102
vt 0.816082 0.108408
vt 0.062830 0.887453
vt 0.124307 0.901806
vt 0.126771 0.919464
vt 0.110469 0.907998
vt 0.090856 0.939105
vt 0.096249 0.930544
vt 0.101623 0.945967
vt 0.130087 0.942877
vt 0.114542 0.950874
vt 0.111799 0.940894
vt 0.097765 0.903514
vt 0.112031 0.898429
vt 0.137332 0.924711
vt 0.123741 0.936437
vt 0.087206 0.919895
vt 0.099113 0.917833
vt 0.111371 0.920698
vt 0.112681 0.928981
vt 0.988502 0.829729
vt 0.976088 0.147810
vt 0.976171 0.090806
vt 0.931550 0.852672
vt 0.569672 0.515575
vt 0.595601 0.523986
vt 0.546940 0.522263
vt 0.610582 0.591042
vt 0.589777 0.610417
vt 0.538124 0.600174
vt 0.567044 0.613918
vt 0.974295 0.816440
vt 0.523636 0.678739
vt 0.945494 0.820016
vt 0.409788 0.933699
vt 0.569146 0.618758
vt 0.997043 0.606561
vt 0.977886 0.979683
vt 0.991170 0.566603
vt 0.985030 0.986617
vt 0.990272 0.365717
vt 0.312724 0.987105
vt 0.312524 0.995623
vt 0.987797 0.969468
vt 0.310404 0.975383
vt 0.608599 0.777429
vt 0.892767 0.276546
vt 0.792047 0.416951
vt 0.718573 0.814397
vt 0.723886 0.835033
vt 0.830116 0.465291
vt 0.176555 0.830485
vt 0.894099 0.353308
vt 0.442216 0.189588
vt 0.438409 0.187774
vt 0.442066 0.183573
vt 0.726258 0.892457
vt 0.153978 0.800973
vt 0.961310 0.316575
vt 0.821916 0.500047
vt 0.056967 0.907902
vt 0.059507 0.941770
vt 0.959325 0.312950
vt 0.207257 0.885254
vt 0.223849 0.933883
vt 0.243442 0.922368
vt 0.309130 0.921548
vt 0.840778 0.089475
vt 0.838726 0.113418
vt 0.563270 0.190215
vt 0.286182 0.921858
vt 0.133558 0.910205
vt 0.054427 0.864737
vt 0.956853 0.544220
vt 0.955048 0.524598
vt 0.965113 0.536883
vt 0.956577 0.509685
vt 0.964920 0.514354
vt 0.184360 0.976357
vt 0.184378 0.943170
vt 0.192619 0.949925
vt 0.969782 0.408303
vt 0.969247 0.394685
vt 0.978222 0.396891
vt 0.969337 0.376934
vt 0.978315 0.374162
vt 0.969186 0.355410
vt 0.969602 0.339593
vt 0.977861 0.339583
vt 0.944764 0.513751
vt 0.945377 0.531218
vt 0.936447 0.520819
vt 0.944660 0.555281
vt 0.936426 0.557697
vt 0.945005 0.581323
vt 0.956311 0.580143
vt 0.956661 0.566501
vt 0.964580 0.579432
vt 0.965018 0.559639
vt 0.520166 0.554373
vt 0.426712 0.566148
vt 0.433449 0.538049
vt 0.456073 0.700711
vt 0.459289 0.691563
vt 0.487432 0.690563
vt 0.509062 0.631218
vt 0.507232 0.639144
vt 0.490004 0.617299
vt 0.178439 0.958351
vt 0.447198 0.702399
vt 0.433752 0.677478
vt 0.520474 0.665130
vt 0.509997 0.690795
vt 0.513516 0.670746
vt 0.978437 0.351154
vt 0.986186 0.342417
vt 0.986034 0.355138
vt 0.433946 0.634172
vt 0.449811 0.619236
vt 0.454173 0.633932
vt 0.426363 0.647489
vt 0.442328 0.649699
vt 0.504185 0.668142
vt 0.499249 0.644340
vt 0.476372 0.630115
vt 0.442593 0.673898
vt 0.479028 0.707203
vt 0.113126 0.967993
vt 0.105994 0.989225
vt 0.107222 0.963573
vt 0.984146 0.373078
vt 0.113197 0.953645
vt 0.978508 0.390911
vt 0.978352 0.375340
vt 0.985590 0.393378
vt 0.996115 0.265249
vt 0.988833 0.261986
vt 0.988375 0.246284
vt 0.998175 0.942827
vt 0.998228 0.965120
vt 0.990928 0.943222
vt 0.995993 0.285822
vt 0.988477 0.284206
vt 0.995880 0.243663
vt 0.990015 0.239331
vt 0.990375 0.933044
vt 0.992216 0.984147
vt 0.988022 0.983700
vt 0.990540 0.974681
vt 0.103040 0.967283
vt 0.231285 0.879057
vt 0.212350 0.879272
vt 0.212880 0.858564
vt 0.587182 0.727404
vt 0.586144 0.734948
vt 0.575061 0.720457
vt 0.524901 0.761343
vt 0.526526 0.750842
vt 0.536012 0.770269
vt 0.564762 0.782970
vt 0.547468 0.781930
vt 0.554613 0.779436
vt 0.574463 0.715887
vt 0.554740 0.716405
vt 0.577481 0.777428
vt 0.574588 0.773978
vt 0.543944 0.714180
vt 0.557663 0.711282
vt 0.587187 0.767331
vt 0.532509 0.722152
vt 0.592379 0.747336
vt 0.587601 0.756719
vt 0.523615 0.740720
vt 0.532105 0.729749
vt 0.193689 0.879129
vt 0.197184 0.858423
vt 0.908255 0.193115
vt 0.923525 0.193074
vt 0.917911 0.213446
vt 0.817708 0.613506
vt 0.835065 0.613633
vt 0.829427 0.634221
vt 0.905779 0.213473
vt 0.897026 0.213443
vt 0.796702 0.613599
vt 0.816914 0.634131
vt 0.803766 0.634172
vt 0.796967 0.634282
vt 0.898191 0.696982
vt 0.893562 0.717639
vt 0.882142 0.700850
vt 0.818843 0.662033
vt 0.906156 0.241138
vt 0.899185 0.241113
vt 0.807479 0.662059
vt 0.802098 0.662147
vt 0.886347 0.745528
vt 0.873590 0.745572
vt 0.227757 0.858406
vt 0.222986 0.830521
vt 0.204533 0.830560
vt 0.213736 0.830629
vt 0.896781 0.263685
vt 0.903722 0.263726
vt 0.901537 0.271138
vt 0.822097 0.684649
vt 0.810663 0.684624
vt 0.891603 0.768174
vt 0.886695 0.768108
vt 0.803162 0.684712
vt 0.876426 0.768120
vt 0.213289 0.808033
vt 0.223312 0.807928
vt 0.202649 0.807934
vt 0.869986 0.768231
vt 0.914529 0.263717
vt 0.800455 0.691999
vt 0.884701 0.775373
vt 0.209433 0.801291
vt 0.218536 0.800287
vt 0.226140 0.800645
vt 0.872695 0.774989
vt 0.867294 0.775253
vt 0.914846 0.271090
vt 0.823837 0.691675
vt 0.810187 0.691932
vt 0.949976 0.331667
vt 0.948522 0.321030
vt 0.953001 0.329218
vt 0.905562 0.473696
vt 0.916361 0.482537
vt 0.909041 0.480582
vt 0.817743 0.696858
vt 0.894034 0.477356
vt 0.918443 0.494766
vt 0.913703 0.496659
vt 0.905422 0.508311
vt 0.899172 0.504592
vt 0.899531 0.644175
vt 0.891582 0.655694
vt 0.887239 0.640024
vt 0.922197 0.630195
vt 0.930880 0.623050
vt 0.936958 0.636935
vt 0.907406 0.628115
vt 0.911438 0.655941
vt 0.901783 0.665314
vt 0.925282 0.646653
vt 0.930876 0.659471
vt 0.920018 0.615343
vt 0.938959 0.646559
vt 0.709523 0.410408
vt 0.709380 0.400371
vt 0.718437 0.412012
vt 0.547235 0.938805
vt 0.547151 0.953345
vt 0.538698 0.943809
vt 0.784257 0.394120
vt 0.784060 0.407564
vt 0.778532 0.403567
vt 0.547124 0.927450
vt 0.538682 0.930092
vt 0.784184 0.376741
vt 0.776689 0.384808
vt 0.775205 0.371129
vt 0.538471 0.920365
vt 0.943794 0.502675
vt 0.938069 0.506671
vt 0.934782 0.501824
vt 0.709418 0.374636
vt 0.718061 0.367980
vt 0.717932 0.378644
vt 0.943765 0.487072
vt 0.935411 0.480024
vt 0.709339 0.385112
vt 0.717631 0.395468
vt 0.943809 0.474140
vt 0.769202 0.403391
vt 0.724979 0.409217
vt 0.730835 0.369770
vt 0.928178 0.496245
vt 0.921746 0.481786
vt 0.731592 0.379782
vt 0.538472 0.963056
vt 0.525004 0.961222
vt 0.535143 0.955270
vt 0.775128 0.410494
vt 0.765784 0.410903
vt 0.765926 0.373840
vt 0.529025 0.941235
vt 0.525731 0.924482
vt 0.772053 0.365540
vt 0.767719 0.393203
vt 0.759490 0.382410
vt 0.522440 0.949084
vt 0.522455 0.933942
vt 0.759336 0.405635
vt 0.759512 0.394970
vt 0.925521 0.506423
vt 0.919081 0.500729
vt 0.359054 0.944455
vt 0.364447 0.935896
vt 0.369820 0.951318
vt 0.398284 0.948229
vt 0.382739 0.956225
vt 0.379997 0.946245
vt 0.361874 0.911720
vt 0.372557 0.905238
vt 0.373133 0.915555
vt 0.405530 0.930062
vt 0.393864 0.936953
vt 0.355405 0.925242
vt 0.368500 0.926010
vt 0.397836 0.913766
vt 0.385441 0.906121
vt 0.385490 0.922027
vt 0.381501 0.934925
vt 0.192651 0.984398
vt 0.978041 0.408293
vt 0.978124 0.351288
vt 0.936751 0.582027
vt 0.473162 0.515575
vt 0.499091 0.523987
vt 0.450429 0.522263
vt 0.514071 0.591042
vt 0.493266 0.610417
vt 0.441613 0.600174
vt 0.470533 0.613918
vt 0.178444 0.971108
vt 0.427125 0.678739
vt 0.950695 0.549372
vt 0.950725 0.549980
vt 0.472635 0.618758
vt 0.113166 0.991210
vt 0.107293 0.951252
vt 0.989712 0.958957
vt 0.988278 0.292721
vt 0.998024 0.935394
vt 0.988357 0.376229
vt 0.986159 0.272484
vt 0.532506 0.773104
vt 0.892767 0.193074
vt 0.787875 0.613762
vt 0.863401 0.697044
vt 0.868653 0.717680
vt 0.825943 0.662102
vt 0.914964 0.241123
vt 0.894100 0.269836
vt 0.199726 0.800674
vt 0.954335 0.316574
vt 0.914639 0.502909
vt 0.813019 0.696856
vt 0.892125 0.474331
vt 0.892243 0.507248
vt 0.951697 0.313899
vt 0.894191 0.622679
vt 0.906600 0.615889
vt 0.917896 0.667611
vt 0.784011 0.367498
vt 0.709523 0.367702
vt 0.731377 0.395585
vt 0.734223 0.407573
vt 0.759316 0.370486
vt 0.953620 0.273439
vt 0.953473 0.252113
vt 0.962564 0.266529
vt 0.954028 0.239331
vt 0.962371 0.244000
vt 0.198638 0.985660
vt 0.198576 0.967283
vt 0.206897 0.984398
vt 0.198624 0.943170
vt 0.206865 0.949925
vt 0.970993 0.578405
vt 0.969780 0.563278
vt 0.979433 0.566999
vt 0.969419 0.544684
vt 0.979525 0.544267
vt 0.971109 0.524207
vt 0.970813 0.509696
vt 0.979072 0.509685
vt 0.953855 0.793128
vt 0.953821 0.825925
vt 0.945587 0.828341
vt 0.954056 0.847261
vt 0.954263 0.856121
vt 0.945912 0.852672
vt 0.953762 0.309788
vt 0.954112 0.296146
vt 0.962032 0.309077
vt 0.962469 0.289284
vt 0.627437 0.455493
vt 0.533982 0.467268
vt 0.540716 0.439176
vt 0.192688 0.960423
vt 0.959855 0.805292
vt 0.630383 0.696718
vt 0.629247 0.684851
vt 0.646461 0.706701
vt 0.700710 0.631217
vt 0.702726 0.646514
vt 0.681476 0.618152
vt 0.982355 0.006884
vt 0.990048 0.002836
vt 0.989898 0.015555
vt 0.710965 0.672146
vt 0.703934 0.689497
vt 0.694161 0.674289
vt 0.622962 0.653252
vt 0.639624 0.621639
vt 0.636798 0.644034
vt 0.632403 0.667700
vt 0.693896 0.650088
vt 0.677198 0.632421
vt 0.645442 0.688276
vt 0.654633 0.630231
vt 0.687756 0.698434
vt 0.673225 0.692871
vt 0.123291 0.974369
vt 0.116168 0.989226
vt 0.117394 0.963574
vt 0.982202 0.029483
vt 0.988008 0.033493
vt 0.123345 0.956678
vt 0.982355 0.050052
vt 0.083631 0.961984
vt 0.083560 0.982856
vt 0.075089 0.969206
vt 0.518964 0.968204
vt 0.511683 0.958767
vt 0.511224 0.943064
vt 0.518801 0.984493
vt 0.511127 0.989504
vt 0.518755 0.941944
vt 0.512864 0.936111
vt 0.083447 0.947572
vt 0.076306 0.953471
vt 0.075753 0.943293
vt 0.077594 0.994396
vt 0.073399 0.993949
vt 0.075918 0.984931
vt 0.113213 0.967283
vt 0.858763 0.605698
vt 0.839828 0.605912
vt 0.840772 0.585203
vt 0.836681 0.133460
vt 0.835642 0.141002
vt 0.824559 0.126511
vt 0.774399 0.167397
vt 0.776024 0.156901
vt 0.785509 0.176322
vt 0.814259 0.189025
vt 0.796966 0.187984
vt 0.804111 0.185490
vt 0.823962 0.121942
vt 0.804259 0.122461
vt 0.826978 0.183484
vt 0.824085 0.180033
vt 0.793439 0.120236
vt 0.807161 0.117336
vt 0.836685 0.173386
vt 0.782008 0.128206
vt 0.841878 0.153391
vt 0.837099 0.162773
vt 0.773113 0.146775
vt 0.781603 0.135804
vt 0.821166 0.605769
vt 0.824662 0.585064
vt 0.913254 0.780387
vt 0.928524 0.780346
vt 0.922910 0.800718
vt 0.837664 0.696876
vt 0.855025 0.697002
vt 0.849383 0.717590
vt 0.910779 0.800745
vt 0.902025 0.800715
vt 0.816653 0.696969
vt 0.836869 0.717501
vt 0.823722 0.717542
vt 0.816923 0.717651
vt 0.885932 0.193182
vt 0.881303 0.213839
vt 0.869882 0.197049
vt 0.838799 0.745403
vt 0.911156 0.828410
vt 0.904184 0.828386
vt 0.827435 0.745429
vt 0.822054 0.745517
vt 0.874088 0.241727
vt 0.861330 0.241772
vt 0.855236 0.585047
vt 0.850464 0.557162
vt 0.832011 0.557200
vt 0.841214 0.557270
vt 0.901781 0.850957
vt 0.908721 0.850998
vt 0.906535 0.858410
vt 0.842053 0.768018
vt 0.830619 0.767994
vt 0.879344 0.264374
vt 0.874436 0.264307
vt 0.823118 0.768081
vt 0.864166 0.264320
vt 0.840766 0.534673
vt 0.850789 0.534568
vt 0.830127 0.534575
vt 0.857727 0.264431
vt 0.919528 0.850989
vt 0.825007 0.775343
vt 0.873088 0.271290
vt 0.829607 0.527613
vt 0.843550 0.527745
vt 0.853618 0.527285
vt 0.847541 0.775013
vt 0.838327 0.775256
vt 0.919844 0.858362
vt 0.942223 0.075862
vt 0.932424 0.082644
vt 0.939418 0.072006
vt 0.957186 0.691905
vt 0.955068 0.678897
vt 0.958533 0.679619
vt 0.929990 0.053107
vt 0.940791 0.061948
vt 0.932593 0.058918
vt 0.833959 0.780226
vt 0.918462 0.056768
vt 0.919326 0.087512
vt 0.920340 0.084236
vt 0.958530 0.670750
vt 0.961317 0.673025
vt 0.871355 0.908489
vt 0.866509 0.922471
vt 0.859260 0.907913
vt 0.897088 0.899042
vt 0.898870 0.882939
vt 0.907479 0.895411
vt 0.874032 0.894041
vt 0.894033 0.915464
vt 0.906557 0.917976
vt 0.881784 0.918934
vt 0.894361 0.928723
vt 0.877129 0.930178
vt 0.884595 0.889462
vt 0.869600 0.883476
vt 0.886741 0.877442
vt 0.859415 0.893715
vt 0.911277 0.904477
vt 0.473476 0.188774
vt 0.473332 0.178737
vt 0.482390 0.190378
vt 0.251348 0.468867
vt 0.243636 0.477665
vt 0.242761 0.464683
vt 0.251402 0.486041
vt 0.251211 0.498669
vt 0.245683 0.494673
vt 0.655541 0.922480
vt 0.655637 0.938856
vt 0.647822 0.938857
vt 0.242600 0.456853
vt 0.646403 0.923712
vt 0.646891 0.915399
vt 0.847567 0.953759
vt 0.838927 0.955500
vt 0.839168 0.938963
vt 0.473371 0.153004
vt 0.482011 0.146343
vt 0.481884 0.157010
vt 0.473292 0.163478
vt 0.481583 0.173834
vt 0.845507 0.924723
vt 0.847538 0.938156
vt 0.236352 0.494497
vt 0.832037 0.926284
vt 0.653441 0.954671
vt 0.640135 0.950230
vt 0.488933 0.187584
vt 0.829246 0.943758
vt 0.491613 0.152284
vt 0.242279 0.501599
vt 0.232935 0.502008
vt 0.233077 0.464947
vt 0.637441 0.936268
vt 0.633578 0.923661
vt 0.495329 0.173954
vt 0.498121 0.154019
vt 0.639991 0.957916
vt 0.630701 0.955292
vt 0.630864 0.941603
vt 0.234869 0.484309
vt 0.226641 0.473515
vt 0.226487 0.496741
vt 0.226663 0.486075
vt 0.829294 0.957506
vt 0.822854 0.951812
vt 0.935672 0.364442
vt 0.937166 0.378704
vt 0.923487 0.370723
vt 0.905651 0.404827
vt 0.909314 0.395396
vt 0.917528 0.409512
vt 0.944882 0.401057
vt 0.931145 0.411868
vt 0.926551 0.402594
vt 0.948534 0.381843
vt 0.937425 0.395943
vt 0.898407 0.386664
vt 0.907427 0.369007
vt 0.909704 0.382371
vt 0.922284 0.382849
vt 0.925147 0.390730
vt 0.979252 0.578395
vt 0.979335 0.521392
vt 0.945608 0.791460
vt 0.580431 0.416695
vt 0.606358 0.425105
vt 0.557697 0.423385
vt 0.621342 0.492162
vt 0.600536 0.511537
vt 0.548884 0.501295
vt 0.577804 0.515038
vt 0.618773 0.678739
vt 0.959871 0.824022
vt 0.620470 0.640470
vt 0.712558 0.658136
vt 0.665706 0.709520
vt 0.655965 0.619376
vt 0.117466 0.951252
vt 0.989453 0.053794
vt 0.511327 0.980986
vt 0.123345 0.992774
vt 0.992220 0.036645
vt 0.509008 0.969264
vt 0.782004 0.179160
vt 0.897766 0.780346
vt 0.807831 0.697132
vt 0.851158 0.193244
vt 0.856472 0.213879
vt 0.845899 0.745472
vt 0.919963 0.828395
vt 0.899099 0.857108
vt 0.591989 0.191135
vt 0.588182 0.189321
vt 0.591839 0.185121
vt 0.858843 0.271304
vt 0.933194 0.086449
vt 0.960306 0.690286
vt 0.916784 0.053644
vt 0.251162 0.458603
vt 0.473476 0.146068
vt 0.637221 0.915933
vt 0.822842 0.933261
vt 0.498176 0.185945
vt 0.226467 0.461592
vt 0.630701 0.918578
vt 0.918689 0.360861
vt 0.670764 0.130618
vt 0.670369 0.103263
vt 0.678868 0.110318
vt 0.847699 0.990604
vt 0.847611 0.973585
vt 0.855974 0.970247
vt 0.847607 0.944068
vt 0.847699 0.923477
vt 0.856021 0.932575
vt 0.977193 0.313361
vt 0.977436 0.279460
vt 0.985771 0.288461
vt 0.977249 0.252145
vt 0.985641 0.253971
vt 0.976991 0.239331
vt 0.985357 0.239344
vt 0.103759 0.625295
vt 0.103515 0.659060
vt 0.095154 0.656095
vt 0.103600 0.686530
vt 0.095218 0.684676
vt 0.103880 0.704520
vt 0.095500 0.703921
vt 0.670398 0.186895
vt 0.670775 0.164699
vt 0.679084 0.171478
vt 0.679201 0.144416
vt 0.119378 0.301444
vt 0.113460 0.335596
vt 0.014931 0.347770
vt 0.169881 0.248713
vt 0.188803 0.249413
vt 0.174516 0.254263
vt 0.252208 0.328145
vt 0.228449 0.352648
vt 0.236741 0.337160
vt 0.248925 0.266679
vt 0.258541 0.294120
vt 0.252299 0.289572
vt 0.203684 0.241119
vt 0.219730 0.250498
vt 0.204633 0.246496
vt 0.139174 0.301696
vt 0.147119 0.290475
vt 0.148042 0.310979
vt 0.172471 0.353949
vt 0.157642 0.332307
vt 0.173658 0.348609
vt 0.209799 0.351849
vt 0.224085 0.346999
vt 0.242498 0.271169
vt 0.232655 0.259989
vt 0.145991 0.273809
vt 0.161356 0.263258
vt 0.151326 0.274990
vt 0.252499 0.310687
vt 0.147376 0.330059
vt 0.398420 0.621453
vt 0.410621 0.623773
vt 0.387000 0.623839
vt 0.343439 0.002314
vt 0.356443 0.003770
vt 0.335822 0.004762
vt 0.527789 0.002098
vt 0.539860 0.004383
vt 0.518646 0.006765
vt 0.355809 0.011553
vt 0.558294 0.003163
vt 0.542843 0.010770
vt 0.462690 0.138402
vt 0.456519 0.127138
vt 0.478049 0.138671
vt 0.783317 0.979375
vt 0.783770 0.963116
vt 0.786226 0.974395
vt 0.430736 0.138805
vt 0.419093 0.127984
vt 0.435745 0.131432
vt 0.496767 0.138586
vt 0.489401 0.131149
vt 0.500618 0.126780
vt 0.445645 0.138008
vt 0.422642 0.622493
vt 0.423142 0.634396
vt 0.395362 0.630993
vt 0.395912 0.003031
vt 0.412027 0.004344
vt 0.407055 0.011014
vt 0.381558 0.006603
vt 0.368852 0.622537
vt 0.572736 0.003472
vt 0.581076 0.003622
vt 0.581155 0.015085
vt 0.428109 0.122239
vt 0.531887 0.018996
vt 0.520151 0.019897
vt 0.474931 0.122387
vt 0.442924 0.122082
vt 0.416954 0.017774
vt 0.402916 0.017387
vt 0.412425 0.639839
vt 0.364129 0.634179
vt 0.387319 0.637707
vt 0.371507 0.019468
vt 0.350147 0.019248
vt 0.336689 0.015605
vt 0.548247 0.018990
vt 0.582450 0.024629
vt 0.570686 0.048302
vt 0.570205 0.024315
vt 0.567075 0.014352
vt 0.418991 0.117616
vt 0.507445 0.017790
vt 0.505328 0.024629
vt 0.423854 0.643617
vt 0.410524 0.024441
vt 0.388962 0.020610
vt 0.159329 0.950577
vt 0.162963 0.934999
vt 0.176814 0.944708
vt 0.561221 0.048579
vt 0.547464 0.047998
vt 0.176800 0.959660
vt 0.459940 0.094262
vt 0.477686 0.093709
vt 0.491502 0.117685
vt 0.533208 0.048092
vt 0.521264 0.048326
vt 0.490438 0.093784
vt 0.490032 0.838665
vt 0.500743 0.838665
vt 0.495404 0.853089
vt 0.407099 0.667138
vt 0.398952 0.643718
vt 0.389665 0.666836
vt 0.370112 0.639881
vt 0.366074 0.047907
vt 0.353866 0.048148
vt 0.357127 0.064457
vt 0.350857 0.064623
vt 0.550675 0.064953
vt 0.534466 0.063470
vt 0.460394 0.077618
vt 0.480245 0.077218
vt 0.411110 0.683566
vt 0.402750 0.683150
vt 0.390400 0.684337
vt 0.380187 0.048395
vt 0.394205 0.048440
vt 0.383066 0.064473
vt 0.378353 0.683310
vt 0.367932 0.064362
vt 0.567489 0.064928
vt 0.555367 0.069809
vt 0.448111 0.071270
vt 0.466955 0.066857
vt 0.537313 0.070459
vt 0.397349 0.064514
vt 0.389660 0.070911
vt 0.407191 0.691119
vt 0.370188 0.070805
vt 0.443425 0.077385
vt 0.436699 0.071045
vt 0.479683 0.066630
vt 0.488498 0.068147
vt 0.383935 0.696425
vt 0.377207 0.689665
vt 0.566908 0.071148
vt 0.565049 0.079139
vt 0.551383 0.078261
vt 0.353416 0.070979
vt 0.367453 0.078148
vt 0.350887 0.078275
vt 0.532197 0.078419
vt 0.438728 0.063981
vt 0.451298 0.063882
vt 0.399792 0.075188
vt 0.386706 0.078457
vt 0.397631 0.697808
vt 0.374557 0.696900
vt 0.407272 0.702461
vt 0.619365 0.191989
vt 0.619365 0.185506
vt 0.622164 0.185777
vt 0.392737 0.087438
vt 0.376379 0.087660
vt 0.359813 0.087697
vt 0.549031 0.087720
vt 0.779802 0.964274
vt 0.783318 0.958866
vt 0.782160 0.967649
vt 0.781293 0.977046
vt 0.468617 0.054509
vt 0.485765 0.059831
vt 0.479726 0.052675
vt 0.444623 0.055134
vt 0.457067 0.054985
vt 0.563638 0.087841
vt 0.564698 0.095894
vt 0.554351 0.098051
vt 0.366910 0.099124
vt 0.355511 0.099210
vt 0.462565 0.043240
vt 0.475711 0.043280
vt 0.534661 0.087151
vt 0.541675 0.098789
vt 0.531163 0.098618
vt 0.483977 0.045007
vt 0.450590 0.043569
vt 0.525811 0.087491
vt 0.524554 0.098047
vt 0.405881 0.718229
vt 0.392802 0.717351
vt 0.381076 0.098264
vt 0.385403 0.710941
vt 0.376258 0.720758
vt 0.563626 0.101026
vt 0.394083 0.099080
vt 0.400010 0.119118
vt 0.380960 0.738110
vt 0.380146 0.118970
vt 0.363569 0.118945
vt 0.366781 0.733743
vt 0.349074 0.119085
vt 0.587459 0.967420
vt 0.597449 0.955532
vt 0.599963 0.975665
vt 0.543406 0.118990
vt 0.466574 0.023201
vt 0.487221 0.022905
vt 0.433290 0.022933
vt 0.449935 0.023256
vt 0.395930 0.190646
vt 0.395931 0.184186
vt 0.402059 0.183573
vt 0.427700 0.000000
vt 0.434731 0.008912
vt 0.747514 0.983785
vt 0.747118 0.961244
vt 0.762239 0.964839
vt 0.558826 0.133220
vt 0.534947 0.133164
vt 0.523369 0.119125
vt 0.463475 0.000314
vt 0.486976 0.000000
vt 0.494121 0.008593
vt 0.453801 0.009080
vt 0.407616 0.142160
vt 0.400766 0.142042
vt 0.391637 0.132940
vt 0.401484 0.738090
vt 0.415080 0.752190
vt 0.393460 0.752261
vt 0.367745 0.132853
vt 0.567427 0.119173
vt 0.575007 0.142240
vt 0.568065 0.142098
vt 0.358551 0.141896
vt 0.340758 0.142160
vt 0.917708 0.772258
vt 0.902344 0.770514
vt 0.902659 0.756631
vt 0.958338 0.870308
vt 0.949424 0.873069
vt 0.949489 0.857872
vt 0.796994 0.533331
vt 0.793718 0.525409
vt 0.808575 0.520047
vt 0.681261 0.391062
vt 0.696436 0.394158
vt 0.696193 0.408601
vt 0.913096 0.861319
vt 0.913096 0.876330
vt 0.904174 0.875374
vt 0.980470 0.609020
vt 0.965125 0.607139
vt 0.965243 0.591699
vt 0.936817 0.343536
vt 0.946063 0.340666
vt 0.945974 0.355793
vt 0.826820 0.501348
vt 0.841975 0.504589
vt 0.841792 0.519564
vt 0.976810 0.578405
vt 0.980097 0.586318
vt 0.900777 0.693093
vt 0.885598 0.690025
vt 0.885914 0.676144
vt 0.827003 0.525409
vt 0.391237 0.975524
vt 0.384782 0.963402
vt 0.391237 0.956603
vt 0.921798 0.859791
vt 0.921798 0.875435
vt 0.913096 0.875897
vt 0.793344 0.502709
vt 0.808690 0.504589
vt 0.940393 0.869650
vt 0.940393 0.856128
vt 0.949332 0.858279
vt 0.429187 0.872550
vt 0.480744 0.878617
vt 0.464250 0.909950
vt 0.994835 0.306467
vt 0.986047 0.311348
vt 0.985854 0.296032
vt 0.983068 0.844936
vt 0.974370 0.839164
vt 0.983235 0.837713
vt 0.994721 0.333612
vt 0.985821 0.337235
vt 0.985973 0.328212
vt 0.989793 0.531804
vt 0.998602 0.526677
vt 0.998869 0.548196
vt 0.856067 0.990605
vt 0.985438 0.320687
vt 0.095428 0.622743
vt 0.678727 0.187919
vt 0.109527 0.274469
vt 0.081126 0.253643
vt 0.094423 0.358164
vt 0.067450 0.368015
vt 0.035998 0.254941
vt 0.006794 0.281938
vt 0.038109 0.364726
vt 0.000876 0.316085
vt 0.231827 0.250056
vt 0.200359 0.360766
vt 0.189287 0.352834
vt 0.245652 0.325407
vt 0.371096 0.003808
vt 0.508579 0.004387
vt 0.785689 0.958047
vt 0.504422 0.011180
vt 0.334932 0.024525
vt 0.330221 0.014290
vt 0.161711 0.972910
vt 0.446809 0.093744
vt 0.375911 0.666839
vt 0.403253 0.048334
vt 0.176925 0.971050
vt 0.347999 0.050494
vt 0.437302 0.093762
vt 0.522143 0.064724
vt 0.521845 0.075365
vt 0.622164 0.191709
vt 0.377967 0.706151
vt 0.441874 0.052683
vt 0.441810 0.043543
vt 0.408740 0.707799
vt 0.588314 0.954489
vt 0.588314 0.979709
vt 0.402059 0.191240
vt 0.417538 0.737984
vt 0.762486 0.979244
vt 0.524703 0.142029
vt 0.513488 0.119311
vt 0.382392 0.761016
vt 0.340820 0.119423
vt 0.958338 0.856128
vt 0.998680 0.562305
vt 0.989891 0.546962
vt 0.917316 0.749693
vt 0.904090 0.859791
vt 0.681464 0.414978
vt 0.936817 0.357594
vt 0.079391 0.897817
vt 0.086191 0.884781
vt 0.086191 0.903974
vt 0.842158 0.505894
vt 0.857132 0.524091
vt 0.841975 0.520867
vt 0.750797 0.950519
vt 0.900570 0.669205
vt 0.913132 0.860512
vt 0.856946 0.500047
vt 0.949425 0.873076
vt 0.447746 0.857485
vt 0.465723 0.860091
vt 0.480369 0.893032
vt 0.447412 0.911633
vt 0.434890 0.904472
vt 0.426603 0.890859
vt 0.994669 0.294892
vt 0.960001 0.236091
vt 0.951170 0.229167
vt 0.959995 0.223660
vt 0.951162 0.237322
vt 0.974408 0.873389
vt 0.974286 0.866341
vt 0.983068 0.863688
vt 0.619289 0.547293
vt 0.618894 0.519930
vt 0.627292 0.521329
vt 0.130774 0.770139
vt 0.130686 0.753112
vt 0.139123 0.767148
vt 0.130681 0.723603
vt 0.139042 0.732604
vt 0.130774 0.703011
vt 0.139142 0.703013
vt 0.977029 0.490708
vt 0.977272 0.456807
vt 0.985637 0.459760
vt 0.977084 0.429491
vt 0.985395 0.426984
vt 0.976827 0.416677
vt 0.352104 0.843947
vt 0.351861 0.877715
vt 0.343606 0.857337
vt 0.351947 0.905189
vt 0.343580 0.902191
vt 0.352204 0.922240
vt 0.618795 0.607370
vt 0.619113 0.596151
vt 0.627343 0.601044
vt 0.619348 0.576441
vt 0.627705 0.577806
vt 0.627671 0.549469
vt 0.230651 0.130417
vt 0.256798 0.167216
vt 0.233595 0.229784
vt 0.169881 0.008202
vt 0.188801 0.008902
vt 0.174517 0.013752
vt 0.248917 0.026156
vt 0.258541 0.053607
vt 0.248149 0.039276
vt 0.255023 0.082724
vt 0.242142 0.102321
vt 0.243148 0.088643
vt 0.203685 0.000608
vt 0.219732 0.009988
vt 0.204633 0.005985
vt 0.139174 0.061187
vt 0.147119 0.049964
vt 0.148042 0.070467
vt 0.172477 0.113440
vt 0.157641 0.091794
vt 0.173657 0.108098
vt 0.223085 0.115358
vt 0.209799 0.111338
vt 0.228776 0.103342
vt 0.145991 0.033297
vt 0.161357 0.022747
vt 0.151326 0.034479
vt 0.252499 0.070176
vt 0.253438 0.054790
vt 0.147378 0.089551
vt 0.687487 0.418677
vt 0.699330 0.420844
vt 0.683057 0.422157
vt 0.557953 0.195156
vt 0.570025 0.197441
vt 0.548807 0.199821
vt 0.540843 0.195531
vt 0.536469 0.200150
vt 0.695751 0.843665
vt 0.695194 0.828461
vt 0.697566 0.827990
vt 0.588460 0.196222
vt 0.573004 0.203828
vt 0.050360 0.505551
vt 0.039558 0.496031
vt 0.066129 0.500137
vt 0.060806 0.507155
vt 0.007067 0.507582
vt 0.002131 0.496876
vt 0.018780 0.500325
vt 0.075227 0.506989
vt 0.083657 0.495674
vt 0.021830 0.507896
vt 0.735726 0.419441
vt 0.741587 0.422040
vt 0.741996 0.431622
vt 0.714216 0.428220
vt 0.189336 0.365183
vt 0.201959 0.376158
vt 0.179061 0.372617
vt 0.170364 0.363962
vt 0.682983 0.431405
vt 0.159175 0.371615
vt 0.011149 0.491131
vt 0.562051 0.212054
vt 0.550316 0.212955
vt 0.057970 0.491280
vt 0.025962 0.490974
vt 0.220028 0.367750
vt 0.226414 0.378541
vt 0.218709 0.381746
vt 0.731279 0.437064
vt 0.706172 0.434934
vt 0.159608 0.380015
vt 0.146150 0.376370
vt 0.578412 0.212047
vt 0.180968 0.380237
vt 0.612614 0.217687
vt 0.600851 0.241360
vt 0.600368 0.217372
vt 0.200502 0.384978
vt 0.611319 0.208142
vt 0.597237 0.207411
vt 0.002030 0.486508
vt 0.537607 0.210848
vt 0.535492 0.217687
vt 0.742707 0.440843
vt 0.139699 0.950578
vt 0.143333 0.934999
vt 0.157184 0.944705
vt 0.591382 0.241637
vt 0.577630 0.241056
vt 0.157169 0.959655
vt 0.042978 0.463154
vt 0.060723 0.462602
vt 0.074543 0.486577
vt 0.563374 0.241149
vt 0.551428 0.241384
vt 0.073477 0.462678
vt 0.511454 0.838665
vt 0.506115 0.853090
vt 0.725951 0.464363
vt 0.717803 0.440944
vt 0.708516 0.464063
vt 0.688964 0.437109
vt 0.175536 0.408672
vt 0.163328 0.408913
vt 0.166587 0.425223
vt 0.160317 0.425391
vt 0.043434 0.446511
vt 0.584005 0.257659
vt 0.565442 0.257591
vt 0.063282 0.446109
vt 0.553862 0.257768
vt 0.729964 0.480795
vt 0.721601 0.480379
vt 0.709248 0.481565
vt 0.189651 0.409163
vt 0.203667 0.409205
vt 0.192624 0.425241
vt 0.697202 0.480534
vt 0.177388 0.425126
vt 0.597653 0.257983
vt 0.032957 0.438703
vt 0.049998 0.435750
vt 0.206803 0.425278
vt 0.199123 0.431677
vt 0.726044 0.488345
vt 0.185029 0.436440
vt 0.598992 0.266646
vt 0.590378 0.264071
vt 0.176359 0.433739
vt 0.165123 0.433851
vt 0.158815 0.436160
vt 0.574406 0.263997
vt 0.026464 0.446277
vt 0.021705 0.435635
vt 0.556063 0.264169
vt 0.062724 0.435522
vt 0.071537 0.437041
vt 0.707212 0.495618
vt 0.696155 0.489278
vt 0.591596 0.272305
vt 0.577803 0.271297
vt 0.562362 0.271478
vt 0.551157 0.271665
vt 0.035781 0.431673
vt 0.208089 0.439179
vt 0.196171 0.439221
vt 0.718589 0.493805
vt 0.726126 0.499687
vt 0.693727 0.496009
vt 0.169032 0.441209
vt 0.618795 0.613853
vt 0.621595 0.607641
vt 0.202197 0.448205
vt 0.185841 0.448426
vt 0.579194 0.280778
vt 0.777333 0.977046
vt 0.775398 0.967641
vt 0.778200 0.967643
vt 0.051659 0.423403
vt 0.068809 0.428726
vt 0.062765 0.421567
vt 0.026672 0.422931
vt 0.040103 0.423877
vt 0.593802 0.280900
vt 0.594862 0.288952
vt 0.584515 0.291109
vt 0.172903 0.448032
vt 0.178057 0.459156
vt 0.167571 0.459141
vt 0.045605 0.412133
vt 0.058751 0.412172
vt 0.024846 0.413813
vt 0.032606 0.412683
vt 0.564824 0.280209
vt 0.571839 0.291847
vt 0.561324 0.291675
vt 0.067016 0.413900
vt 0.555975 0.280549
vt 0.554719 0.291103
vt 0.724734 0.515455
vt 0.711656 0.514578
vt 0.190537 0.459031
vt 0.704256 0.508167
vt 0.695112 0.517984
vt 0.593790 0.294085
vt 0.203544 0.459845
vt 0.209469 0.479883
vt 0.699814 0.535336
vt 0.189600 0.479736
vt 0.173028 0.479712
vt 0.685635 0.530970
vt 0.158535 0.479852
vt 0.573011 0.961543
vt 0.582752 0.955532
vt 0.585266 0.975667
vt 0.573569 0.312048
vt 0.049614 0.392094
vt 0.070262 0.391798
vt 0.016330 0.391826
vt 0.032974 0.392149
vt 0.402059 0.190646
vt 0.402059 0.184186
vt 0.408187 0.183573
vt 0.010739 0.368892
vt 0.017770 0.377804
vt 0.730871 0.983785
vt 0.730475 0.961244
vt 0.745596 0.964840
vt 0.588991 0.326278
vt 0.565111 0.326222
vt 0.553534 0.312183
vt 0.046514 0.369206
vt 0.070015 0.368892
vt 0.077160 0.377485
vt 0.036840 0.377972
vt 0.217077 0.502926
vt 0.210226 0.502808
vt 0.201097 0.493706
vt 0.720337 0.535317
vt 0.733934 0.549416
vt 0.712314 0.549487
vt 0.177205 0.493619
vt 0.597591 0.312231
vt 0.605172 0.335298
vt 0.598229 0.335156
vt 0.168011 0.502663
vt 0.150218 0.502926
vt 0.342204 0.855363
vt 0.326840 0.853618
vt 0.327156 0.839736
vt 0.953065 0.506654
vt 0.944152 0.509416
vt 0.944217 0.494219
vt 0.059328 0.976355
vt 0.056052 0.968434
vt 0.070909 0.963071
vt 0.903709 0.670650
vt 0.918883 0.673746
vt 0.918641 0.688190
vt 0.904090 0.861319
vt 0.904090 0.876330
vt 0.895167 0.875374
vt 0.727903 0.981135
vt 0.712558 0.979253
vt 0.712676 0.963812
vt 0.931147 0.858997
vt 0.940304 0.871255
vt 0.810179 0.501348
vt 0.825332 0.504589
vt 0.825149 0.519564
vt 0.724243 0.950520
vt 0.727530 0.958433
vt 0.934062 0.693092
vt 0.918883 0.690025
vt 0.919199 0.676139
vt 0.810360 0.525409
vt 0.242140 0.649399
vt 0.235685 0.637276
vt 0.242140 0.630478
vt 0.930499 0.859791
vt 0.930499 0.875435
vt 0.921798 0.875897
vt 0.055679 0.945734
vt 0.071024 0.947613
vt 0.905092 0.084306
vt 0.905092 0.070784
vt 0.914030 0.072934
vt 0.720629 0.561670
vt 0.714559 0.613225
vt 0.683227 0.596731
vt 0.625319 0.964282
vt 0.616531 0.969163
vt 0.616338 0.953844
vt 0.992062 0.844936
vt 0.983365 0.839164
vt 0.992230 0.837714
vt 0.625205 0.991427
vt 0.616305 0.995050
vt 0.616457 0.986026
vt 0.902585 0.954322
vt 0.911394 0.949194
vt 0.911660 0.970712
vt 0.985352 0.493277
vt 0.343908 0.832798
vt 0.343908 0.925268
vt 0.206682 0.239541
vt 0.172567 0.233669
vt 0.141760 0.164472
vt 0.160297 0.135185
vt 0.145478 0.204513
vt 0.191985 0.121132
vt 0.252633 0.207213
vt 0.231820 0.009541
vt 0.200370 0.120255
vt 0.189286 0.112323
vt 0.235968 0.022826
vt 0.039708 0.508357
vt 0.205375 0.363798
vt 0.223365 0.363274
vt 0.153010 0.364110
vt 0.698103 0.844336
vt 0.717396 0.419824
vt 0.606169 0.197970
vt 0.144391 0.385291
vt 0.139682 0.375057
vt 0.142081 0.972911
vt 0.029845 0.462638
vt 0.694762 0.464066
vt 0.212714 0.409099
vt 0.157295 0.971050
vt 0.157462 0.411264
vt 0.020340 0.462654
vt 0.210765 0.431764
vt 0.621595 0.613573
vt 0.696821 0.503378
vt 0.777557 0.958319
vt 0.163969 0.448085
vt 0.727594 0.505025
vt 0.573617 0.979709
vt 0.408187 0.191240
vt 0.736392 0.535211
vt 0.745843 0.979244
vt 0.554867 0.335087
vt 0.543652 0.312369
vt 0.701245 0.558243
vt 0.150280 0.480189
vt 0.953065 0.492475
vt 0.911472 0.984823
vt 0.902682 0.969479
vt 0.341812 0.832798
vt 0.895084 0.859791
vt 0.903912 0.694566
vt 0.931147 0.873055
vt 0.369307 0.969639
vt 0.376106 0.956603
vt 0.376106 0.975796
vt 0.840993 0.085920
vt 0.855967 0.104116
vt 0.840810 0.100893
vt 0.734154 0.950519
vt 0.933855 0.669205
vt 0.921833 0.860512
vt 0.855782 0.080072
vt 0.914123 0.087731
vt 0.735692 0.580224
vt 0.733089 0.598201
vt 0.700146 0.612849
vt 0.681544 0.579894
vt 0.688705 0.567371
vt 0.702319 0.559084
vt 0.625153 0.952706
vt 0.363283 0.969034
vt 0.354452 0.962110
vt 0.363277 0.956603
vt 0.354444 0.970265
vt 0.983403 0.873390
vt 0.983281 0.866341
vt 0.992064 0.863689
vt 0.367911 0.458644
vt 0.367669 0.435983
vt 0.373128 0.433360
vt 0.367387 0.422386
vt 0.515708 0.845646
vt 0.515635 0.824193
vt 0.521175 0.831693
vt 0.515664 0.801548
vt 0.521218 0.795739
vt 0.515742 0.787063
vt 0.253664 0.984007
vt 0.253892 0.951941
vt 0.259375 0.965902
vt 0.253712 0.925900
vt 0.259365 0.937832
vt 0.253467 0.913693
vt 0.259057 0.916843
vt 0.360182 0.640275
vt 0.359963 0.665840
vt 0.354489 0.658063
vt 0.359970 0.687973
vt 0.354443 0.686176
vt 0.360219 0.710637
vt 0.354668 0.709113
vt 0.367387 0.509879
vt 0.367704 0.498496
vt 0.373187 0.500193
vt 0.367920 0.479348
vt 0.373431 0.471359
vt 0.317767 0.307708
vt 0.306539 0.298139
vt 0.329525 0.293886
vt 0.284057 0.317937
vt 0.363857 0.332344
vt 0.349329 0.410874
vt 0.260131 0.245743
vt 0.277537 0.227776
vt 0.272531 0.258057
vt 0.339210 0.303189
vt 0.370102 0.271388
vt 0.351706 0.279306
vt 0.361510 0.259834
vt 0.309243 0.193941
vt 0.330653 0.207202
vt 0.306615 0.205802
vt 0.373218 0.243099
vt 0.361682 0.241863
vt 0.359845 0.213196
vt 0.355384 0.219718
vt 0.248889 0.742011
vt 0.254721 0.761204
vt 0.248726 0.763785
vt 0.367490 0.552797
vt 0.373463 0.566314
vt 0.367474 0.575419
vt 0.285167 0.283435
vt 0.264303 0.273627
vt 0.259402 0.865406
vt 0.250932 0.875278
vt 0.250430 0.860788
vt 0.127741 0.297445
vt 0.135054 0.287868
vt 0.136441 0.300360
vt 0.248525 0.774812
vt 0.239635 0.774923
vt 0.136352 0.313407
vt 0.243212 0.764484
vt 0.241313 0.748935
vt 0.128008 0.317965
vt 0.135851 0.323226
vt 0.362054 0.570327
vt 0.243360 0.727579
vt 0.248673 0.717543
vt 0.367218 0.534984
vt 0.360864 0.552631
vt 0.367230 0.594081
vt 0.359855 0.588935
vt 0.242155 0.711727
vt 0.259404 0.908007
vt 0.253745 0.913551
vt 0.250298 0.903188
vt 0.127747 0.266025
vt 0.127941 0.250394
vt 0.133322 0.248546
vt 0.251989 0.891319
vt 0.133329 0.260717
vt 0.136705 0.276395
vt 0.259347 0.886729
vt 0.238739 0.727825
vt 0.249641 0.913378
vt 0.137698 0.257459
vt 0.357442 0.570858
vt 0.357513 0.538682
vt 0.238729 0.708129
vt 0.232512 0.741976
vt 0.224237 0.750762
vt 0.220258 0.733633
vt 0.139674 0.763718
vt 0.140806 0.744055
vt 0.149388 0.762828
vt 0.146209 0.778436
vt 0.156884 0.775299
vt 0.199631 0.707377
vt 0.220193 0.720081
vt 0.186177 0.714334
vt 0.156836 0.788553
vt 0.193880 0.789350
vt 0.182535 0.798241
vt 0.176007 0.786191
vt 0.209401 0.722042
vt 0.225408 0.778090
vt 0.208331 0.793168
vt 0.213507 0.773864
vt 0.397117 0.454104
vt 0.393783 0.472698
vt 0.383678 0.455059
vt 0.715670 0.180089
vt 0.698251 0.180059
vt 0.699340 0.164757
vt 0.683400 0.179840
vt 0.686714 0.164373
vt 0.728611 0.179948
vt 0.715852 0.162526
vt 0.724601 0.164566
vt 0.667643 0.416707
vt 0.672263 0.432215
vt 0.658012 0.432381
vt 0.763698 0.000036
vt 0.759741 0.015267
vt 0.743019 0.015275
vt 0.644818 0.416731
vt 0.643286 0.432095
vt 0.425194 0.439554
vt 0.418376 0.453859
vt 0.412348 0.455189
vt 0.402718 0.439343
vt 0.416474 0.439417
vt 0.163866 0.764124
vt 0.405654 0.473785
vt 0.647571 0.466290
vt 0.661161 0.505856
vt 0.649862 0.507935
vt 0.757869 0.049093
vt 0.744310 0.049092
vt 0.738575 0.024843
vt 0.414189 0.489112
vt 0.635703 0.432197
vt 0.705448 0.089512
vt 0.720857 0.130338
vt 0.698197 0.089332
vt 0.410110 0.530012
vt 0.400950 0.530417
vt 0.643784 0.507350
vt 0.717620 0.089379
vt 0.746603 0.089887
vt 0.712745 0.089015
vt 0.710314 0.075916
vt 0.720866 0.075822
vt 0.694996 0.075778
vt 0.391711 0.529365
vt 0.397716 0.545235
vt 0.386694 0.543700
vt 0.757253 0.089917
vt 0.755175 0.103630
vt 0.666706 0.522840
vt 0.656388 0.523658
vt 0.412492 0.545846
vt 0.646429 0.520823
vt 0.639682 0.520949
vt 0.760805 0.109565
vt 0.746866 0.109581
vt 0.740600 0.105936
vt 0.641293 0.529218
vt 0.968295 0.674389
vt 0.972132 0.670742
vt 0.973672 0.680089
vt 0.699843 0.070637
vt 0.714232 0.066443
vt 0.968676 0.683479
vt 0.972142 0.689325
vt 0.722737 0.072238
vt 0.703375 0.064387
vt 0.386964 0.549416
vt 0.388938 0.555124
vt 0.723906 0.070058
vt 0.723050 0.065079
vt 0.693177 0.063857
vt 0.672756 0.526625
vt 0.672065 0.532418
vt 0.659287 0.532314
vt 0.739207 0.115515
vt 0.750834 0.114988
vt 0.743425 0.124719
vt 0.737625 0.122171
vt 0.646515 0.532844
vt 0.654824 0.541043
vt 0.645665 0.541512
vt 0.636903 0.538762
vt 0.403983 0.555160
vt 0.416702 0.555511
vt 0.410714 0.563466
vt 0.710958 0.055648
vt 0.722696 0.057961
vt 0.672802 0.540338
vt 0.665366 0.539377
vt 0.115462 0.492219
vt 0.117747 0.501481
vt 0.111546 0.502521
vt 0.660200 0.403475
vt 0.675287 0.404442
vt 0.668968 0.411258
vt 0.368573 0.608293
vt 0.366698 0.616381
vt 0.357230 0.609359
vt 0.363165 0.604743
vt 0.755579 0.122716
vt 0.750114 0.141434
vt 0.744377 0.188425
vt 0.738752 0.192484
vt 0.732078 0.189750
vt 0.672783 0.390232
vt 0.679719 0.395833
vt 0.403860 0.581384
vt 0.397031 0.581421
vt 0.663819 0.393254
vt 0.655468 0.558438
vt 0.663914 0.569457
vt 0.655166 0.574880
vt 0.753990 0.141063
vt 0.752718 0.156350
vt 0.757301 0.151257
vt 0.407926 0.592350
vt 0.400906 0.598169
vt 0.394837 0.592327
vt 0.701668 0.037869
vt 0.700625 0.024476
vt 0.706135 0.038054
vt 0.712078 0.036889
vt 0.707300 0.021800
vt 0.662213 0.576239
vt 0.392639 0.600791
vt 0.757600 0.160000
vt 0.745938 0.152450
vt 0.745794 0.159414
vt 0.408099 0.601613
vt 0.699770 0.016268
vt 0.706135 0.014678
vt 0.755336 0.167955
vt 0.749402 0.167023
vt 0.661876 0.584795
vt 0.656898 0.584691
vt 0.713998 0.018899
vt 0.713038 0.011182
vt 0.397391 0.606758
vt 0.401477 0.619511
vt 0.707929 -0.000007
vt 0.708717 -0.000120
vt 0.656910 0.596633
vt 0.521262 0.851062
vt 0.259063 0.991256
vt 0.354767 0.632900
vt 0.372906 0.509851
vt 0.373243 0.358056
vt 0.370105 0.386031
vt 0.261938 0.377590
vt 0.265907 0.339455
vt 0.309774 0.308545
vt 0.342333 0.314187
vt 0.312651 0.421722
vt 0.281846 0.409888
vt 0.292405 0.204821
vt 0.284192 0.203165
vt 0.277289 0.292049
vt 0.357725 0.290482
vt 0.337748 0.197031
vt 0.268579 0.219252
vt 0.294962 0.303428
vt 0.121774 0.283667
vt 0.373437 0.576264
vt 0.358683 0.600804
vt 0.361710 0.534361
vt 0.237584 0.756822
vt 0.232707 0.761056
vt 0.150285 0.742466
vt 0.146941 0.726442
vt 0.164119 0.711192
vt 0.163013 0.724933
vt 0.382353 0.439523
vt 0.680719 0.416833
vt 0.737481 0.000031
vt 0.631988 0.416885
vt 0.664260 0.451486
vt 0.668298 0.466294
vt 0.665325 0.507974
vt 0.386230 0.191531
vt 0.384493 0.184505
vt 0.389400 0.185923
vt 0.687616 0.067625
vt 0.381551 0.555297
vt 0.764393 0.114990
vt 0.635300 0.529048
vt 0.685807 0.059343
vt 0.395624 0.561983
vt 0.694941 0.056141
vt 0.386766 0.564487
vt 0.765218 0.121777
vt 0.360671 0.618405
vt 0.662779 0.412341
vt 0.108394 0.486850
vt 0.105324 0.500418
vt 0.103809 0.492671
vt 0.738516 0.179155
vt 0.746648 0.141202
vt 0.650346 0.558700
vt 0.648972 0.576606
vt 0.646559 0.569239
vt 0.661611 0.558616
vt 0.713843 0.027118
vt 0.646635 0.579542
vt 0.656228 0.596683
vt 0.408071 0.605982
vt 0.651176 0.587809
vt 0.751251 0.179038
vt 0.407562 0.875139
vt 0.417597 0.862719
vt 0.421867 0.882725
vt 0.572109 0.868665
vt 0.559165 0.890774
vt 0.559327 0.867554
vt 0.572004 0.896039
vt 0.572144 0.916227
vt 0.559322 0.913575
vt 0.310004 0.867271
vt 0.310027 0.904425
vt 0.296781 0.896888
vt 0.296712 0.912921
vt 0.673073 0.871823
vt 0.660194 0.874424
vt 0.660367 0.855397
vt 0.660262 0.895000
vt 0.864233 0.063193
vt 0.877222 0.040173
vt 0.877108 0.063895
vt 0.392125 0.858207
vt 0.392163 0.879272
vt 0.383861 0.882823
vt 0.864286 0.033207
vt 0.877092 0.016942
vt 0.428119 0.366395
vt 0.432572 0.329574
vt 0.496123 0.304087
vt 0.844315 0.880829
vt 0.844373 0.869808
vt 0.857335 0.879745
vt 0.623272 0.879745
vt 0.609711 0.900846
vt 0.609780 0.869936
vt 0.695189 0.830204
vt 0.694730 0.842119
vt 0.683689 0.837035
vt 0.086278 0.860560
vt 0.099803 0.836063
vt 0.099619 0.855378
vt 0.099669 0.878503
vt 0.968345 0.013637
vt 0.980795 0.008762
vt 0.977813 0.028479
vt 0.970424 0.046745
vt 0.982191 0.045436
vt 0.405507 0.853789
vt 0.391842 0.838676
vt 0.844373 0.917001
vt 0.844305 0.900936
vt 0.857358 0.915175
vt 0.651668 0.885266
vt 0.651396 0.861562
vt 0.484395 0.410155
vt 0.517667 0.498043
vt 0.451423 0.506381
vt 0.296739 0.870692
vt 0.288668 0.876293
vt 0.288620 0.863978
vt 0.559627 0.855756
vt 0.551008 0.858200
vt 0.383730 0.862719
vt 0.383919 0.845196
vt 0.885320 0.016056
vt 0.288653 0.894175
vt 0.652125 0.904686
vt 0.550842 0.877588
vt 0.609528 0.852485
vt 0.600749 0.853344
vt 0.099900 0.894753
vt 0.107833 0.889678
vt 0.660529 0.910097
vt 0.383675 0.833469
vt 0.835369 0.880496
vt 0.836016 0.868205
vt 0.288619 0.911457
vt 0.550919 0.899878
vt 0.836128 0.915671
vt 0.835823 0.898494
vt 0.601525 0.911572
vt 0.601735 0.895186
vt 0.107999 0.839015
vt 0.652184 0.849785
vt 0.391906 0.895947
vt 0.885460 0.050997
vt 0.876848 0.004329
vt 0.885066 0.002660
vt 0.551135 0.916443
vt 0.601574 0.873756
vt 0.108451 0.856186
vt 0.354709 0.859973
vt 0.354646 0.853954
vt 0.139174 0.240511
vt 0.914131 0.026303
vt 0.914176 0.032103
vt 0.522377 0.875899
vt 0.522467 0.870757
vt 0.807249 0.887722
vt 0.522316 0.881599
vt 0.354555 0.848295
vt 0.354439 0.843214
vt 0.807270 0.881814
vt 0.807304 0.876353
vt 0.522284 0.887639
vt 0.807304 0.911197
vt 0.807270 0.905815
vt 0.585188 0.909293
vt 0.572144 0.905247
vt 0.522284 0.893787
vt 0.807249 0.899957
vt 0.572247 0.900263
vt 0.572323 0.894672
vt 0.522316 0.899806
vt 0.807242 0.893848
vt 0.572370 0.888690
vt 0.522377 0.905465
vt 0.572386 0.882546
vt 0.522467 0.910547
vt 0.572370 0.876477
vt 0.259463 0.877910
vt 0.572323 0.870715
vt 0.259483 0.883768
vt 0.572247 0.865482
vt 0.259490 0.889877
vt 0.259483 0.896003
vt 0.259463 0.901911
vt 0.108765 0.827936
vt 0.137126 0.842737
vt 0.137059 0.848280
vt 0.259429 0.907372
vt 0.137013 0.854236
vt 0.623384 0.864738
vt 0.136990 0.860375
vt 0.107975 0.874140
vt 0.136990 0.866461
vt 0.623291 0.876311
vt 0.623322 0.870329
vt 0.623291 0.882455
vt 0.137013 0.872261
vt 0.623322 0.888525
vt 0.623384 0.894286
vt 0.137126 0.882129
vt 0.137211 0.885818
vt 0.623474 0.899519
vt 0.383030 0.900842
vt 0.354439 0.890850
vt 0.354555 0.887389
vt 0.652333 0.915187
vt 0.623588 0.904022
vt 0.885339 0.067212
vt 0.914131 0.055827
vt 0.914065 0.060746
vt 0.914065 0.021013
vt 0.354646 0.883003
vt 0.354709 0.877861
vt 0.914176 0.050284
vt 0.913981 0.016436
vt 0.354741 0.872161
vt 0.885486 0.033037
vt 0.914199 0.038189
vt 0.522581 0.866372
vt 0.522715 0.862911
vt 0.354741 0.866120
vt 0.765275 0.813452
vt 0.770548 0.734710
vt 0.777795 0.734886
vt 0.793349 -0.000000
vt 0.799493 0.000016
vt 0.796004 0.078872
vt 0.781518 0.000063
vt 0.787280 0.000016
vt 0.786304 0.079352
vt 0.109711 0.502954
vt 0.115569 0.502934
vt 0.114780 0.581935
vt 0.121679 0.502927
vt 0.126385 0.582045
vt 0.134606 0.369113
vt 0.123569 0.448778
vt 0.116699 0.447784
vt 0.127805 0.502934
vt 0.133712 0.502954
vt 0.124144 0.368962
vt 0.129688 0.369028
vt 0.086241 0.710977
vt 0.091225 0.711080
vt 0.099674 0.789514
vt 0.118189 0.368916
vt 0.105973 0.447991
vt 0.102798 0.711203
vt 0.110707 0.789909
vt 0.090296 0.369028
vt 0.094873 0.368962
vt 0.120774 0.711156
vt 0.126006 0.711080
vt 0.119422 0.790645
vt 0.720405 0.814117
vt 0.716019 0.814026
vt 0.725697 0.734300
vt 0.783780 0.416829
vt 0.775329 0.495565
vt 0.766838 0.494796
vt 0.725547 0.814180
vt 0.731247 0.814212
vt 0.731998 0.734660
vt 0.788358 0.416762
vt 0.792047 0.416677
vt 0.779461 0.495907
vt 0.742968 0.734996
vt 0.760465 0.416875
vt 0.766604 0.416898
vt 0.794842 0.813298
vt 0.787427 0.735089
vt 0.793674 0.734748
vt 0.755113 0.814026
vt 0.749454 0.814117
vt 0.669257 0.711299
vt 0.675164 0.711319
vt 0.684662 0.789643
vt 0.760194 0.813910
vt 0.776953 0.813298
vt 0.811066 0.000139
vt 0.804044 0.080647
vt 0.120614 0.486068
vt 0.105062 0.827610
vt 0.095863 0.827505
vt 0.107285 0.486015
vt 0.117438 0.827540
vt 0.098843 0.449004
vt 0.099750 0.486099
vt 0.730095 0.696949
vt 0.756484 0.496464
vt 0.765174 0.533418
vt 0.776713 0.533361
vt 0.746449 0.696924
vt 0.793184 0.696986
vt 0.669164 0.758446
vt 0.679870 0.827985
vt 0.671848 0.827958
vt 0.784383 0.696864
vt 0.772530 0.696953
vt 0.689044 0.827965
vt 0.802110 0.117257
vt 0.790948 0.117206
vt 0.125442 0.619945
vt 0.113814 0.619958
vt 0.752918 0.306250
vt 0.735741 0.285066
vt 0.778868 0.290337
vt 0.612932 0.134817
vt 0.612193 0.148183
vt 0.590148 0.161097
vt 0.622126 0.157087
vt 0.636899 0.154579
vt 0.622367 0.183465
vt 0.668736 0.144886
vt 0.654294 0.175020
vt 0.765021 0.332217
vt 0.794830 0.322421
vt 0.785487 0.349492
vt 0.752833 0.338552
vt 0.764240 0.363520
vt 0.741253 0.334050
vt 0.736808 0.361754
vt 0.715223 0.343518
vt 0.639175 0.131570
vt 0.659518 0.114071
vt 0.736214 0.324015
vt 0.710729 0.315383
vt 0.634817 0.100369
vt 0.625134 0.126200
vt 0.740424 0.311988
vt 0.666590 0.607448
vt 0.656109 0.614279
vt 0.656033 0.608289
vt 0.080122 0.773195
vt 0.047904 0.795562
vt 0.049099 0.764581
vt 0.015976 0.787117
vt 0.001534 0.756983
vt 0.031921 0.759075
vt 0.764819 0.277061
vt 0.736234 0.275333
vt 0.753999 0.248144
vt 0.038721 0.765550
vt 0.032318 0.748742
vt 0.762807 0.242736
vt 0.786190 0.209859
vt 0.794777 0.236780
vt 0.763278 0.231300
vt 0.010752 0.726168
vt 0.785910 0.262799
vt 0.761915 0.194940
vt 0.035453 0.712467
vt 0.043895 0.742548
vt 0.724335 0.206446
vt 0.754507 0.224101
vt 0.066014 0.718486
vt 0.054631 0.752554
vt 0.712700 0.248307
vt 0.743846 0.228019
vt 0.040779 0.835971
vt 0.061303 0.836403
vt 0.049716 0.853069
vt 0.910971 0.591931
vt 0.921484 0.589613
vt 0.921549 0.594470
vt 0.932178 0.593251
vt 0.921627 0.604673
vt 0.921618 0.592226
vt 0.910992 0.602043
vt 0.921529 0.603788
vt 0.936730 0.344717
vt 0.926191 0.354433
vt 0.926212 0.342997
vt 0.677259 0.610372
vt 0.666658 0.614279
vt 0.666723 0.610287
vt 0.755455 0.186787
vt 0.744920 0.192132
vt 0.744906 0.183777
vt 0.666703 0.599756
vt 0.766043 0.187532
vt 0.755498 0.184880
vt 0.755476 0.178887
vt 0.755484 0.191932
vt 0.900300 0.597298
vt 0.910896 0.590963
vt 0.910844 0.600189
vt 0.656078 0.598317
vt 0.900352 0.607304
vt 0.910905 0.607549
vt 0.278747 0.829413
vt 0.287756 0.839201
vt 0.270108 0.851211
vt 0.038653 0.818951
vt 0.039161 0.798458
vt 0.053074 0.806047
vt 0.026462 0.817651
vt 0.282855 0.818809
vt 0.273707 0.801708
vt 0.288665 0.797011
vt 0.024600 0.797935
vt 0.291635 0.815624
vt 0.008416 0.808008
vt 0.263872 0.812342
vt 0.300755 0.822153
vt 0.309140 0.803368
vt 0.019216 0.826363
vt 0.000305 0.826612
vt 0.021286 0.835603
vt 0.004379 0.843952
vt 0.300278 0.835381
vt 0.320072 0.838118
vt 0.030427 0.840561
vt 0.014297 0.854780
vt 0.029424 0.859509
vt 0.309487 0.852717
vt 0.043564 0.827073
vt 0.060690 0.818604
vt 0.592294 0.840733
vt 0.588373 0.844554
vt 0.588373 0.814249
vt 0.352151 0.808227
vt 0.330646 0.828591
vt 0.330289 0.808559
vt 0.568988 0.953075
vt 0.569027 0.965528
vt 0.547243 0.954342
vt 0.972653 0.849050
vt 0.972653 0.872333
vt 0.966311 0.869669
vt 0.947690 0.313335
vt 0.947488 0.334597
vt 0.926308 0.305063
vt 0.569015 0.938604
vt 0.547364 0.924087
vt 0.878890 0.935417
vt 0.857433 0.954057
vt 0.857403 0.940389
vt 0.409773 0.919869
vt 0.406038 0.923553
vt 0.406038 0.893404
vt 0.878956 0.950754
vt 0.857403 0.971218
vt 0.242102 0.605922
vt 0.242102 0.630478
vt 0.235685 0.627288
vt 0.330246 0.741883
vt 0.330460 0.726298
vt 0.351753 0.736189
vt 0.948028 0.253390
vt 0.926294 0.274841
vt 0.926163 0.251570
vt 0.330199 0.759624
vt 0.351684 0.770988
vt 0.948106 0.269216
vt 0.926600 0.289963
vt 0.406038 0.926649
vt 0.409425 0.923553
vt 0.409425 0.952672
vt 0.959195 0.076111
vt 0.959195 0.051805
vt 0.965593 0.054886
vt 0.237357 0.702814
vt 0.259240 0.682818
vt 0.259223 0.698540
vt 0.084168 0.830033
vt 0.083901 0.846434
vt 0.062783 0.832120
vt 0.137655 0.973343
vt 0.133542 0.951252
vt 0.139078 0.951252
vt 0.237426 0.683929
vt 0.259138 0.667607
vt 0.084171 0.815491
vt 0.062644 0.801423
vt 0.258934 0.655288
vt 0.352085 0.794019
vt 0.330214 0.786061
vt 0.426534 0.745763
vt 0.436594 0.724645
vt 0.466345 0.751826
vt 0.596954 0.409299
vt 0.579700 0.415915
vt 0.573618 0.376099
vt 0.505927 0.760716
vt 0.499513 0.775189
vt 0.506315 0.744894
vt 0.558987 0.413964
vt 0.543875 0.403262
vt 0.500616 0.730121
vt 0.487194 0.717354
vt 0.533806 0.382205
vt 0.467314 0.711265
vt 0.544233 0.348123
vt 0.557164 0.339019
vt 0.572630 0.335551
vt 0.590652 0.339635
vt 0.608061 0.355281
vt 0.613833 0.377901
vt 0.451738 0.713970
vt 0.822822 0.923513
vt 0.822822 0.978809
vt 0.807242 0.978772
vt 0.968329 0.752169
vt 0.968329 0.696858
vt 0.982579 0.696889
vt 0.976376 0.134576
vt 0.976376 0.079280
vt 0.990430 0.079100
vt 0.698639 0.847924
vt 0.698639 0.792619
vt 0.711772 0.792501
vt 0.644046 0.612211
vt 0.629555 0.612211
vt 0.629555 0.596569
vt 0.117747 0.486117
vt 0.132238 0.486117
vt 0.132238 0.501759
vt 0.893123 0.070812
vt 0.905092 0.089023
vt 0.977768 0.876513
vt 0.989740 0.876487
vt 0.989740 0.932797
vt 0.644046 0.596569
vt 0.656013 0.596722
vt 0.656013 0.613177
vt 0.508670 0.988116
vt 0.496701 0.988008
vt 0.496701 0.936111
vt 0.958514 0.473939
vt 0.958514 0.416677
vt 0.972655 0.613489
vt 0.972655 0.670750
vt 0.954342 0.670750
vt 0.414709 0.893404
vt 0.410452 0.842873
vt 0.422410 0.843197
vt 0.691105 0.191486
vt 0.680540 0.191486
vt 0.685956 0.180107
vt 0.673176 0.903906
vt 0.975561 0.336010
vt 0.963892 0.321795
vt 0.974582 0.318994
vt 0.523980 0.326689
vt 0.528473 0.371270
vt 0.460639 0.305585
vt 0.493038 0.404689
vt 0.450137 0.398476
vt 0.722801 0.180107
vt 0.717008 0.191457
vt 0.712235 0.180107
vt 0.623118 0.906650
vt 0.623118 0.856183
vt 0.086475 0.830445
vt 0.086360 0.890272
vt 0.405599 0.883113
vt 0.701670 0.191463
vt 0.707717 0.180107
vt 0.712235 0.191463
vt 0.485933 0.514775
vt 0.443299 0.423637
vt 0.426632 0.455403
vt 0.429853 0.482442
vt 0.522295 0.431419
vt 0.532443 0.465824
vt 0.551377 0.849846
vt 0.108767 0.898142
vt 0.259429 0.872528
vt 0.572144 0.860979
vt 0.137211 0.837819
vt 0.623474 0.859754
vt 0.137059 0.877551
vt 0.914199 0.044328
vt 0.913882 0.012747
vt 0.535571 0.857579
vt 0.681290 0.711326
vt 0.770934 0.813361
vt 0.760194 0.813568
vt 0.104329 0.502988
vt 0.776285 0.000139
vt 0.771782 0.000241
vt 0.139174 0.502988
vt 0.095583 0.789182
vt 0.112050 0.368893
vt 0.096816 0.711156
vt 0.105963 0.368893
vt 0.100164 0.368916
vt 0.108942 0.711218
vt 0.115012 0.711203
vt 0.086606 0.369113
vt 0.712558 0.813910
vt 0.130509 0.710977
vt 0.744048 0.416677
vt 0.748966 0.416762
vt 0.778490 0.416875
vt 0.754509 0.416829
vt 0.737288 0.814212
vt 0.807831 0.813568
vt 0.804370 0.813452
vt 0.743435 0.814180
vt 0.772690 0.416898
vt 0.799984 0.813361
vt 0.789141 0.813266
vt 0.750612 0.735012
vt 0.663795 0.711265
vt 0.783101 0.813266
vt 0.693258 0.711299
vt 0.698639 0.711265
vt 0.816050 0.000241
vt 0.687399 0.711319
vt 0.805475 0.000063
vt 0.754783 0.533333
vt 0.783716 0.117296
vt 0.604257 0.106389
vt 0.586558 0.128582
vt 0.766067 0.315265
vt 0.643379 0.143651
vt 0.083712 0.740679
vt 0.742383 0.241949
vt 0.910924 0.608349
vt 0.932172 0.605365
vt 0.936817 0.340666
vt 0.755468 0.179804
vt 0.936741 0.354943
vt 0.755476 0.192827
vt 0.677253 0.599260
vt 0.766028 0.178887
vt 0.900373 0.589146
vt 0.666640 0.597450
vt 0.237320 0.669311
vt 0.260302 0.832307
vt 0.320761 0.820096
vt 0.289033 0.858645
vt 0.966311 0.849050
vt 0.966311 0.872716
vt 0.959871 0.852197
vt 0.547269 0.938499
vt 0.926214 0.328383
vt 0.352274 0.816747
vt 0.926147 0.289962
vt 0.961318 0.694367
vt 0.961318 0.670750
vt 0.967741 0.691338
vt 0.134606 0.451918
vt 0.138761 0.456137
vt 0.134606 0.482661
vt 0.351629 0.756957
vt 0.948115 0.242290
vt 0.351813 0.779761
vt 0.396774 0.956603
vt 0.393837 0.977754
vt 0.391238 0.956603
vt 0.323016 0.828278
vt 0.326840 0.831869
vt 0.323016 0.858160
vt 0.062616 0.846460
vt 0.062794 0.816309
vt 0.571984 0.947351
vt 0.569027 0.945129
vt 0.571984 0.920094
vt 0.352219 0.781763
vt 0.971915 0.051805
vt 0.971915 0.075526
vt 0.965593 0.054517
vt 0.488063 0.786096
vt 0.473294 0.791803
vt 0.607890 0.397819
vt 0.535750 0.361511
vt 0.428488 0.766451
vt 0.439189 0.781562
vt 0.457468 0.791423
vt 0.807242 0.923477
vt 0.982579 0.752199
vt 0.990430 0.134396
vt 0.711772 0.847805
vt 0.117747 0.501759
vt 0.893123 0.089051
vt 0.977768 0.932823
vt 0.644046 0.613024
vt 0.508670 0.936219
vt 0.976827 0.473939
vt 0.954342 0.613489
s 0
f 1/1/1 3/2/1 2/3/1
f 3/4/2 5/5/2 4/6/2
f 5/5/3 6/7/3 4/6/3
f 6/8/4 9/9/4 8/10/4
f 9/9/5 11/11/5 10/12/5
f 11/11/6 13/13/6 12/14/6
f 13/15/7 15/16/7 14/17/7
f 15/16/8 16/18/8 14/17/8
f 16/18/9 18/19/9 17/20/9
f 18/21/10 1/1/10 19/22/10
f 12/23/11 14/24/11 19/25/11
f 3/26/12 21/27/12 22/28/12
f 6/29/13 25/30/13 26/31/13
f 15/32/14 13/33/14 29/34/14
f 11/35/15 27/36/15 28/37/15
f 1/38/16 18/39/16 34/40/16
f 6/29/17 24/41/17 25/30/17
f 16/42/18 32/43/18 33/44/18
f 11/35/19 9/45/19 27/36/19
f 15/32/20 30/46/20 31/47/20
f 13/33/21 28/37/21 29/34/21
f 25/48/22 24/49/22 35/50/22
f 26/51/23 25/52/23 36/53/23
f 28/54/24 27/55/25 37/56/26
f 36/53/27 41/57/27 42/58/27
f 32/59/28 48/60/28 49/61/28
f 26/51/29 42/58/29 43/62/29
f 20/63/30 50/64/30 38/65/30
f 27/55/31 43/62/31 44/66/31
f 34/67/32 49/68/32 50/64/32
f 22/69/33 38/65/33 39/70/33
f 37/56/34 44/66/34 45/71/34
f 28/72/35 45/73/35 46/74/35
f 24/49/36 39/75/36 40/76/36
f 30/77/37 46/74/37 47/78/37
f 25/48/38 40/76/38 41/79/38
f 31/80/39 47/78/39 48/60/39
f 45/81/40 44/82/40 57/83/40
f 50/84/41 61/85/41 51/86/41
f 46/87/42 45/81/42 57/83/42
f 40/88/43 39/89/43 53/90/43
f 47/91/44 46/87/44 58/92/44
f 40/88/45 53/90/45 54/93/45
f 48/94/46 47/91/46 59/95/46
f 41/96/47 54/93/47 55/97/47
f 48/94/48 59/95/48 60/98/48
f 49/99/49 48/94/49 60/98/49
f 38/100/50 50/84/50 51/86/50
f 43/101/51 55/97/51 56/102/51
f 49/99/52 60/98/52 61/85/52
f 38/100/53 51/86/54 52/103/55
f 44/82/56 56/102/56 57/83/56
f 56/104/57 55/105/57 65/106/57
f 51/107/58 62/108/58 63/109/58
f 61/110/59 60/111/59 69/112/59
f 61/110/60 69/112/60 62/108/60
f 51/107/61 61/110/61 62/108/61
f 57/113/62 66/114/62 67/115/62
f 58/116/63 57/113/63 67/115/63
f 53/117/64 63/118/64 64/119/64
f 59/120/65 58/116/65 67/115/65
f 54/121/66 64/122/66 65/106/66
f 60/123/67 59/120/67 68/124/67
f 69/112/68 80/125/68 81/126/68
f 62/108/69 69/112/69 81/126/69
f 62/108/70 81/126/70 70/127/70
f 67/128/71 66/129/72 76/130/73
f 64/119/74 63/118/75 72/131/76
f 68/124/77 78/132/77 79/133/77
f 65/106/78 64/122/79 74/134/80
f 65/106/81 74/134/81 75/135/81
f 69/136/82 79/137/82 80/138/82
f 66/139/83 65/106/83 75/135/83
f 62/108/84 70/127/84 71/140/84
f 73/141/85 83/142/85 84/143/85
f 79/144/86 78/145/87 87/146/87
f 73/141/88 84/143/89 85/147/89
f 79/144/90 87/146/90 88/148/90
f 80/149/91 79/144/91 88/148/91
f 71/150/92 82/151/92 83/152/92
f 71/150/93 83/152/93 72/153/94
f 86/154/95 85/155/95 94/156/95
f 75/157/96 85/155/97 86/154/98
f 89/158/99 94/156/99 102/159/99
f 82/160/100 90/161/100 91/162/100
f 70/163/101 81/164/101 97/165/101
f 84/166/102 92/167/102 93/168/102
f 89/169/103 102/170/103 103/171/103
f 92/172/104 91/173/104 100/174/104
f 96/175/105 95/176/105 103/171/105
f 90/161/106 98/177/107 99/178/106
f 94/156/108 101/179/108 102/159/108
f 90/161/109 97/165/109 98/177/109
f 98/177/110 105/180/110 106/181/110
f 104/182/111 112/183/111 113/184/111
f 101/179/112 109/185/112 110/186/112
f 99/178/113 106/181/113 107/187/113
f 98/177/114 113/184/114 105/180/114
f 91/173/115 99/188/115 107/189/115
f 102/170/116 110/190/116 111/191/116
f 91/173/117 107/189/117 108/192/117
f 103/171/118 111/191/118 112/193/118
f 107/194/119 106/195/119 115/196/119
f 107/194/120 115/196/120 116/197/120
f 108/198/121 107/194/121 116/197/121
f 111/199/122 120/200/122 121/201/122
f 109/202/123 108/198/123 117/203/123
f 113/204/124 122/205/124 123/206/124
f 106/195/125 105/207/125 114/208/125
f 120/209/126 119/210/126 125/211/126
f 118/212/127 129/213/127 130/214/127
f 123/215/128 122/216/129 135/217/130
f 114/218/131 126/219/131 127/220/131
f 123/215/132 135/217/132 136/221/132
f 119/222/133 130/214/133 131/223/134
f 124/224/135 123/215/135 136/221/135
f 125/225/136 119/222/136 131/223/136
f 116/226/137 115/227/137 127/220/137
f 121/228/138 125/225/138 132/229/138
f 117/230/139 128/231/139 129/213/139
f 128/232/140 127/233/140 137/234/140
f 136/235/141 135/236/141 139/237/141
f 137/238/142 127/239/142 140/240/142
f 132/241/143 131/242/143 144/243/143
f 138/244/144 133/245/144 145/246/144
f 129/247/145 128/248/145 141/249/145
f 130/250/146 129/251/147 142/252/148
f 135/236/149 134/253/149 146/254/149
f 131/255/150 130/250/150 143/256/150
f 145/246/151 156/257/151 148/258/151
f 142/259/152 141/260/152 152/261/152
f 144/262/153 143/256/153 154/263/153
f 140/264/154 147/265/155 151/266/156
f 145/246/157 144/267/157 155/268/157
f 141/260/158 140/264/158 151/266/158
f 141/260/159 151/266/159 152/261/159
f 149/269/160 157/270/160 166/271/160
f 150/272/161 158/273/161 159/274/161
f 155/275/162 154/276/162 163/277/162
f 150/272/163 149/269/163 167/278/163
f 155/275/164 163/277/164 164/279/164
f 151/280/165 159/274/165 160/281/165
f 156/282/166 155/275/166 164/279/166
f 152/283/167 151/280/167 160/281/167
f 152/283/168 160/281/168 161/284/168
f 153/285/169 161/284/169 162/286/169
f 160/287/170 168/288/170 169/289/170
f 166/290/171 170/291/171 167/292/171
f 164/293/172 176/294/172 177/295/172
f 170/296/173 165/297/173 177/295/173
f 170/296/174 177/295/175 178/298/176
f 167/299/177 170/296/177 178/298/177
f 163/300/178 162/301/178 174/302/178
f 158/303/179 167/299/179 179/304/179
f 173/305/180 188/306/180 189/307/180
f 168/308/181 182/309/181 172/310/181
f 177/311/182 176/312/182 183/313/182
f 174/314/183 173/305/183 189/307/183
f 181/315/184 180/316/184 184/317/184
f 174/314/185 189/307/185 190/318/185
f 179/319/186 195/320/186 196/321/186
f 180/316/187 196/321/187 184/317/187
f 176/322/188 175/323/188 191/324/188
f 171/325/189 185/326/189 182/309/189
f 172/310/190 186/327/190 187/328/190
f 173/329/191 172/310/191 187/328/191
f 178/330/192 177/311/192 193/331/192
f 192/332/193 191/333/193 210/334/193
f 181/315/194 197/335/194 185/336/194
f 182/309/195 198/337/195 186/327/195
f 183/313/196 199/338/196 193/331/196
f 186/339/197 198/340/197 203/341/197
f 192/332/198 211/342/198 212/343/198
f 186/344/199 205/345/199 206/346/199
f 193/347/200 199/348/200 212/343/200
f 188/349/201 187/350/201 206/351/202
f 193/347/203 213/352/203 214/353/203
f 188/354/204 207/355/204 208/356/204
f 195/357/205 194/358/205 214/353/205
f 184/359/206 200/360/206 201/361/206
f 190/362/207 189/363/207 208/364/207
f 195/357/208 215/365/208 216/366/208
f 185/367/209 197/368/209 201/361/209
f 190/362/210 209/369/210 210/334/210
f 184/359/211 196/370/211 216/366/211
f 185/367/212 202/371/212 203/341/212
f 213/372/213 212/373/213 211/374/213
f 207/375/214 206/376/214 205/377/214
f 214/378/215 213/379/215 215/380/215
f 209/381/216 208/356/216 207/355/216
f 211/382/217 210/383/217 209/384/217
f 215/385/218 213/386/218 222/387/218
f 209/388/219 207/389/219 219/390/219
f 200/391/220 215/385/220 222/387/220
f 204/392/221 202/393/221 217/394/221
f 204/392/222 217/394/222 218/395/222
f 211/396/223 220/397/223 221/398/223
f 213/386/224 211/396/224 221/398/224
f 205/399/225 218/395/225 219/390/225
f 229/400/226 239/401/226 230/402/226
f 219/403/227 226/404/227 227/405/227
f 217/406/228 223/407/228 224/408/228
f 220/409/229 219/403/229 227/405/229
f 222/410/230 221/411/231 228/412/230
f 223/407/232 229/413/232 224/408/232
f 225/414/233 231/415/233 232/416/233
f 226/417/234 225/414/234 232/416/234
f 226/417/235 232/416/235 233/418/235
f 224/419/236 229/400/236 230/402/236
f 229/400/237 238/420/237 239/401/237
f 226/417/238 233/418/239 234/421/240
f 224/419/241 230/402/241 231/415/241
f 238/422/242 250/423/242 251/424/242
f 234/425/243 233/426/243 245/427/243
f 239/428/244 238/422/244 251/424/244
f 234/425/245 245/427/246 246/429/246
f 239/428/247 251/424/247 240/430/247
f 235/431/248 234/425/248 246/429/248
f 235/432/249 247/433/250 248/434/250
f 232/435/251 231/436/251 242/437/251
f 236/438/252 248/434/252 249/439/252
f 232/440/253 243/441/253 244/442/253
f 238/443/254 237/444/254 249/439/254
f 238/443/255 249/439/255 250/445/255
f 233/426/256 244/442/256 245/427/256
f 254/446/257 242/437/257 256/447/257
f 248/434/258 247/433/259 252/448/260
f 244/442/261 254/449/261 255/450/261
f 245/427/262 244/442/263 255/450/264
f 245/427/265 255/450/266 246/429/265
f 241/451/267 253/452/268 242/437/269
f 251/453/270 250/454/270 258/455/270
f 252/448/271 247/433/271 257/456/271
f 257/457/272 260/458/272 261/459/272
f 256/460/273 253/461/274 259/462/274
f 240/463/275 262/464/275 259/462/275
f 254/465/276 256/460/276 259/462/276
f 252/466/277 261/459/277 262/464/277
f 19/22/278 1/1/278 2/3/278
f 2/467/279 3/4/279 4/6/279
f 4/6/280 6/7/280 7/468/280
f 7/469/281 6/8/281 8/10/281
f 8/10/282 9/9/282 10/12/282
f 10/12/283 11/11/283 12/14/283
f 12/470/284 13/15/284 14/17/284
f 14/17/285 16/18/285 17/20/285
f 17/471/286 18/21/286 19/22/286
f 32/43/287 16/42/287 31/47/287
f 7/472/11 8/473/11 10/474/11
f 17/475/11 19/25/11 14/24/11
f 19/25/11 2/476/11 10/474/11
f 4/477/11 7/472/11 10/474/11
f 10/474/11 12/23/11 19/25/11
f 2/476/11 4/477/11 10/474/11
f 9/45/288 6/29/288 26/31/288
f 6/29/289 5/478/289 24/41/289
f 23/479/290 3/26/290 22/28/290
f 30/46/291 15/32/291 29/34/291
f 20/480/292 1/38/292 34/40/292
f 13/33/293 11/35/293 28/37/293
f 18/39/294 16/42/294 33/44/294
f 5/478/295 3/26/295 23/479/295
f 27/36/296 9/45/296 26/31/296
f 21/27/297 1/38/297 20/480/297
f 24/41/298 5/478/298 23/479/298
f 16/42/299 15/32/299 31/47/299
f 3/26/300 1/38/300 21/27/300
f 34/40/301 18/39/301 33/44/301
f 26/51/302 36/53/302 42/58/302
f 33/481/303 32/59/303 49/61/303
f 27/55/304 26/51/304 43/62/304
f 21/482/305 20/63/305 38/65/305
f 34/67/306 33/483/306 49/68/306
f 37/56/307 27/55/307 44/66/307
f 22/69/308 21/482/308 38/65/308
f 23/484/309 22/69/309 39/70/309
f 20/63/310 34/67/310 50/64/310
f 28/54/311 37/56/311 45/71/311
f 24/49/312 23/485/312 39/75/312
f 29/486/313 28/72/313 46/74/313
f 35/50/314 24/49/314 40/76/314
f 30/77/315 29/486/315 46/74/315
f 25/48/316 35/50/316 40/76/316
f 31/80/317 30/77/317 47/78/317
f 36/53/318 25/52/318 41/57/318
f 32/59/319 31/80/319 48/60/319
f 53/90/320 39/89/320 52/103/320
f 58/92/321 46/87/321 57/83/321
f 59/95/322 47/91/322 58/92/322
f 41/96/323 40/88/323 54/93/323
f 42/487/324 41/96/324 55/97/324
f 43/101/325 42/487/325 55/97/325
f 44/82/326 43/101/326 56/102/326
f 50/84/327 49/99/327 61/85/327
f 39/89/328 38/100/328 52/103/328
f 66/139/329 56/104/330 65/106/330
f 52/488/331 51/107/331 63/109/331
f 57/489/332 56/104/332 66/139/332
f 53/117/333 52/490/333 63/118/333
f 68/124/334 59/120/335 67/115/335
f 54/491/336 53/117/337 64/119/338
f 55/105/339 54/121/339 65/106/339
f 69/492/340 60/123/340 68/124/340
f 76/493/341 66/139/341 75/135/341
f 77/494/342 67/128/342 76/130/342
f 72/131/343 63/118/343 71/495/343
f 78/132/344 67/115/344 77/496/344
f 68/124/345 67/115/345 78/132/345
f 73/497/346 64/119/346 72/131/346
f 74/498/347 64/499/347 73/500/347
f 69/136/348 68/501/348 79/137/348
f 63/109/349 62/108/349 71/140/349
f 74/502/350 73/141/350 85/147/350
f 75/503/351 74/502/351 85/147/351
f 71/150/352 70/504/352 82/151/352
f 86/505/353 76/506/353 75/503/353
f 73/141/354 72/153/354 83/142/354
f 78/145/355 77/507/355 87/146/355
f 81/508/356 80/149/356 88/148/356
f 76/509/357 86/510/357 89/169/357
f 77/511/358 76/509/358 89/169/358
f 87/512/359 77/511/359 89/169/359
f 82/160/360 70/163/360 90/161/360
f 81/164/361 88/513/361 97/165/361
f 90/161/362 70/163/362 97/165/362
f 89/158/363 86/154/363 94/156/363
f 83/514/364 82/515/364 91/173/364
f 92/172/365 83/514/365 91/173/365
f 87/512/366 89/169/366 95/176/366
f 84/516/367 83/514/367 92/172/367
f 96/175/368 87/512/368 95/176/368
f 85/155/369 84/166/369 93/168/369
f 88/517/370 87/512/370 96/175/370
f 97/518/371 88/517/371 96/175/371
f 94/156/372 85/155/372 93/168/372
f 95/176/373 89/169/373 103/171/373
f 93/519/374 92/172/374 100/174/374
f 104/520/375 97/518/375 96/175/375
f 94/156/376 93/168/376 101/179/376
f 91/162/377 90/161/378 99/178/378
f 98/177/379 97/165/379 104/182/379
f 96/175/380 103/171/380 112/193/380
f 109/185/381 93/168/381 108/521/381
f 104/520/382 96/175/383 112/193/382
f 101/179/384 93/168/384 109/185/384
f 99/178/385 98/177/385 106/181/385
f 98/177/386 104/182/386 113/184/386
f 102/159/387 101/179/387 110/186/387
f 103/171/388 102/170/388 111/191/388
f 100/174/389 91/173/389 108/192/389
f 93/519/390 100/174/391 108/192/392
f 105/207/393 113/204/393 123/206/393
f 120/200/394 110/522/394 119/523/394
f 114/208/395 105/207/395 123/206/395
f 111/199/396 110/522/396 120/200/396
f 117/203/397 108/198/397 116/197/397
f 112/524/398 111/199/399 121/201/398
f 118/525/400 109/202/400 117/203/400
f 122/205/401 112/524/401 121/201/401
f 113/204/402 112/524/402 122/205/402
f 119/523/403 109/202/403 118/525/403
f 110/522/404 109/202/404 119/523/404
f 115/196/405 106/195/405 114/208/405
f 121/526/406 120/527/406 125/528/406
f 114/529/407 123/530/407 124/531/407
f 134/532/408 121/228/408 133/533/408
f 118/212/409 117/230/409 129/213/409
f 122/216/410 121/228/410 134/532/410
f 135/217/411 122/216/411 134/532/411
f 114/218/412 124/224/412 126/219/412
f 119/222/413 118/212/413 130/214/413
f 115/227/414 114/218/414 127/220/414
f 132/229/415 125/225/416 131/223/416
f 126/219/417 124/224/418 136/221/419
f 128/231/420 116/226/420 127/220/420
f 117/230/421 116/226/421 128/231/421
f 133/533/422 121/228/422 132/229/422
f 134/534/423 133/245/423 138/244/423
f 144/262/424 131/255/424 143/256/424
f 140/535/425 127/536/425 126/537/425
f 126/537/426 136/538/426 139/539/426
f 145/540/427 132/241/427 144/243/427
f 141/260/428 137/234/428 140/264/428
f 133/245/429 132/541/429 145/246/429
f 128/232/430 137/234/430 141/260/430
f 142/542/431 129/247/431 141/249/431
f 134/253/432 138/543/433 146/254/434
f 143/256/435 130/250/435 142/252/435
f 138/244/436 145/246/436 148/258/436
f 126/537/437 139/539/437 147/544/437
f 149/545/438 135/546/438 146/547/438
f 140/535/439 126/537/440 147/544/441
f 139/539/442 135/546/442 149/545/442
f 153/548/443 142/259/443 152/261/444
f 157/549/445 138/244/445 148/258/445
f 143/256/446 142/252/446 153/550/446
f 146/551/447 138/244/447 157/549/447
f 154/263/448 143/256/448 153/550/448
f 147/544/449 139/539/449 150/552/449
f 155/553/450 144/262/450 154/263/450
f 139/539/451 149/545/451 150/552/451
f 156/257/452 145/246/452 155/268/452
f 149/545/453 146/547/453 157/554/453
f 157/549/454 148/258/454 156/257/454
f 167/278/455 149/269/455 166/271/455
f 163/277/456 154/276/456 162/286/456
f 147/555/457 150/272/457 159/274/457
f 158/273/458 150/272/458 167/278/458
f 151/280/459 147/555/459 159/274/459
f 165/556/460 156/282/460 164/279/460
f 157/270/461 156/282/461 165/556/461
f 153/285/462 152/283/462 161/284/462
f 166/271/463 157/270/463 165/556/463
f 154/276/464 153/285/464 162/286/464
f 160/287/465 159/557/465 168/288/465
f 161/558/466 160/287/466 169/289/466
f 166/290/467 165/559/467 170/291/467
f 165/297/468 164/293/468 177/295/468
f 169/560/469 168/561/470 172/562/471
f 173/563/472 169/560/472 172/562/472
f 161/564/473 169/560/473 173/563/473
f 162/301/474 161/564/474 173/563/474
f 179/304/475 167/299/475 178/298/475
f 174/302/476 162/301/477 173/563/478
f 159/565/479 158/303/480 171/566/481
f 175/567/482 163/300/482 174/302/483
f 180/568/484 158/303/484 179/304/484
f 164/293/485 163/300/485 175/567/485
f 168/561/486 159/565/486 171/566/486
f 171/566/487 158/303/487 180/568/487
f 176/294/488 164/293/488 175/567/489
f 181/315/490 171/569/491 180/316/492
f 182/309/493 168/308/493 171/325/493
f 179/570/494 178/330/494 195/571/494
f 175/323/495 174/314/495 190/318/495
f 171/569/496 181/315/496 185/336/496
f 180/316/497 179/319/497 196/321/497
f 191/324/498 175/323/498 190/318/498
f 192/572/499 176/322/499 191/324/499
f 186/327/500 172/310/500 182/309/500
f 183/313/501 176/312/501 192/573/501
f 177/311/502 183/313/502 193/331/502
f 188/306/503 173/305/503 187/574/503
f 194/575/504 178/330/505 193/331/506
f 195/571/507 178/330/507 194/575/507
f 211/342/508 192/332/508 210/334/508
f 198/337/509 182/309/509 185/326/509
f 199/338/510 183/313/510 192/573/510
f 197/335/511 181/315/511 184/317/511
f 204/576/512 186/577/512 203/578/512
f 199/348/513 192/332/513 212/343/513
f 205/579/514 186/580/514 204/581/514
f 187/350/515 186/582/515 206/351/515
f 213/352/516 193/347/516 212/343/516
f 207/375/517 188/583/517 206/376/517
f 194/358/518 193/347/518 214/353/518
f 189/363/519 188/584/519 208/364/519
f 215/365/520 195/357/520 214/353/520
f 197/368/521 184/359/521 201/361/521
f 209/369/522 190/362/522 208/364/522
f 196/370/523 195/357/523 216/366/523
f 202/371/524 185/367/524 201/361/524
f 191/333/525 190/362/525 210/334/525
f 200/360/526 184/359/526 216/366/526
f 198/340/527 185/367/527 203/341/527
f 202/585/528 201/586/528 200/587/528
f 200/588/529 216/589/529 215/590/529
f 204/591/530 203/592/530 202/593/530
f 222/387/218 213/386/218 221/398/218
f 202/393/531 200/391/531 223/594/531
f 217/394/532 202/393/532 223/594/532
f 223/594/533 200/391/533 222/387/533
f 220/397/534 209/388/534 219/390/534
f 211/396/535 209/388/535 220/397/535
f 205/399/536 204/392/536 218/395/536
f 207/389/537 205/399/537 219/390/537
f 223/407/538 222/595/538 229/413/538
f 228/412/539 220/596/539 227/597/539
f 225/598/540 217/599/540 224/600/540
f 218/601/541 217/599/541 225/598/541
f 221/411/542 220/596/542 228/412/542
f 226/602/543 218/601/543 225/598/543
f 219/403/544 218/603/544 226/404/544
f 229/604/545 222/410/545 228/412/545
f 228/605/546 227/606/546 235/607/546
f 225/414/547 224/419/547 231/415/547
f 236/608/548 228/605/548 235/607/548
f 237/609/549 228/605/549 236/608/549
f 238/420/550 228/605/551 237/609/552
f 229/400/553 228/605/553 238/420/553
f 227/606/554 226/417/554 234/421/554
f 235/607/555 227/606/555 234/421/555
f 241/610/556 230/611/556 240/430/557
f 231/612/558 230/611/558 241/610/558
f 230/611/559 239/428/560 240/430/561
f 247/613/562 235/431/562 246/429/563
f 242/437/564 231/436/564 241/451/564
f 236/438/565 235/432/565 248/434/565
f 243/614/566 232/435/566 242/437/566
f 237/444/567 236/438/567 249/439/567
f 233/426/568 232/440/568 244/442/568
f 252/448/569 249/439/569 248/434/569
f 254/446/570 243/614/570 242/437/570
f 244/442/571 243/441/571 254/449/571
f 250/445/572 249/439/572 252/448/572
f 253/615/573 241/610/573 240/430/573
f 255/616/574 254/465/575 260/458/575
f 258/455/576 250/454/577 252/466/578
f 240/430/579 251/424/579 258/617/579
f 247/613/580 246/429/580 257/618/580
f 242/437/581 253/452/582 256/447/583
f 258/455/584 252/466/584 262/464/584
f 253/461/585 240/463/585 259/462/585
f 246/619/586 255/616/586 260/458/586
f 257/457/587 246/619/587 260/458/587
f 240/463/588 258/455/588 262/464/588
f 260/458/589 254/465/590 259/462/590
f 252/466/591 257/457/591 261/459/592
f 259/462/593 262/464/593 260/458/593
f 262/464/594 261/459/595 260/458/596
f 264/620/597 265/621/597 263/622/597
f 267/623/598 265/624/598 268/625/598
f 269/626/599 268/625/599 270/627/599
f 271/628/600 270/627/600 272/629/600
f 272/630/601 274/631/601 273/632/601
f 274/631/602 276/633/603 275/634/602
f 276/633/604 278/635/604 277/636/604
f 278/637/605 280/638/605 279/639/605
f 280/638/606 281/640/606 279/639/606
f 281/640/607 283/641/607 282/642/607
f 283/643/608 285/644/608 284/645/608
f 284/645/609 285/644/609 264/620/609
f 277/646/610 279/647/610 263/648/610
f 278/649/611 292/650/611 293/651/611
f 285/652/612 283/653/612 295/654/612
f 268/655/613 287/656/613 288/657/613
f 272/658/614 289/659/614 290/660/614
f 274/661/615 291/662/615 292/650/615
f 265/663/616 286/664/616 287/656/616
f 280/665/617 278/649/617 293/651/617
f 270/666/618 268/655/618 288/657/618
f 283/653/619 281/667/619 295/654/619
f 264/668/620 285/652/620 296/669/620
f 268/655/621 265/663/621 287/656/621
f 274/661/622 290/660/622 291/662/622
f 265/663/623 264/668/623 286/664/623
f 301/670/624 291/671/624 310/672/624
f 296/673/625 295/674/625 304/675/625
f 286/676/626 297/677/626 298/678/626
f 292/679/627 291/680/627 301/681/627
f 287/682/628 298/683/628 288/684/628
f 294/685/629 293/686/629 302/687/629
f 290/688/630 299/689/630 300/690/630
f 304/691/631 314/692/631 305/693/631
f 288/694/632 298/695/632 306/696/632
f 302/697/633 301/670/634 311/698/633
f 299/699/635 288/684/635 307/700/635
f 303/701/636 302/687/636 312/702/636
f 299/703/637 307/704/637 308/705/637
f 303/706/638 312/707/638 313/708/638
f 300/709/639 308/705/639 309/710/639
f 300/709/640 309/710/640 310/672/640
f 304/691/641 313/708/641 314/692/641
f 298/695/642 297/711/642 305/693/642
f 312/702/643 311/712/643 320/713/643
f 308/714/644 317/715/644 318/716/644
f 312/702/645 321/717/645 322/718/645
f 309/719/646 318/716/646 319/720/646
f 306/721/647 305/722/647 316/723/647
f 314/724/648 322/725/648 315/726/648
f 311/727/649 310/728/649 319/729/649
f 307/700/650 306/730/650 316/731/650
f 318/716/651 317/715/651 325/732/651
f 322/733/652 321/734/652 329/735/652
f 319/736/653 318/737/653 326/738/653
f 315/726/654 322/725/654 330/739/654
f 316/723/655 323/740/655 324/741/655
f 319/736/656 327/742/656 328/743/656
f 317/744/657 324/745/658 325/746/659
f 321/717/660 328/747/660 329/748/660
f 330/739/661 344/749/661 345/750/661
f 324/745/662 331/751/662 332/752/662
f 328/747/663 333/753/663 334/754/663
f 333/755/664 327/756/664 339/757/664
f 332/752/665 331/751/665 336/758/665
f 334/754/666 333/753/666 341/759/666
f 326/760/667 337/761/667 338/762/667
f 334/763/668 342/764/668 343/765/668
f 330/739/669 343/765/670 344/749/670
f 331/766/671 323/740/671 335/767/671
f 337/768/672 346/769/672 347/770/672
f 337/761/673 347/771/673 338/762/673
f 337/768/674 336/758/674 346/769/674
f 335/767/675 345/750/675 351/772/675
f 346/773/676 335/767/676 348/774/676
f 344/749/677 343/765/677 358/775/677
f 338/762/678 349/776/678 354/777/678
f 345/750/679 344/749/679 359/778/679
f 341/759/680 355/779/680 356/780/680
f 346/769/681 352/781/681 347/770/681
f 347/771/682 353/782/682 349/776/682
f 352/781/683 361/783/684 360/784/685
f 347/771/686 360/785/686 353/782/686
f 339/757/687 354/777/688 355/786/688
f 349/776/689 353/782/689 362/787/689
f 358/775/690 357/788/690 363/789/690
f 355/790/691 354/791/691 367/792/691
f 353/782/692 360/785/692 364/793/692
f 361/794/693 365/795/693 366/796/693
f 356/780/694 355/790/694 368/797/695
f 363/798/696 356/780/697 368/797/697
f 362/787/698 364/793/699 366/799/699
f 363/798/700 368/797/700 369/800/700
f 351/772/701 359/778/701 370/801/702
f 354/777/703 349/776/703 362/787/703
f 368/797/704 376/802/705 377/803/704
f 366/804/706 365/805/706 371/806/706
f 369/807/707 368/797/707 377/803/707
f 365/795/708 370/801/708 373/808/708
f 371/809/709 365/795/709 373/808/709
f 367/810/710 375/811/710 376/812/710
f 372/813/711 371/814/712 374/815/713
f 370/801/714 377/816/714 379/817/714
f 376/802/715 378/818/715 379/819/715
f 374/820/716 373/808/716 381/821/716
f 379/822/717 378/823/717 384/824/717
f 382/825/718 397/826/718 389/827/718
f 378/828/719 392/829/719 393/830/719
f 373/808/720 380/831/720 387/832/720
f 382/833/721 381/821/721 388/834/721
f 384/835/722 393/830/722 394/836/722
f 383/837/723 390/838/723 391/839/723
f 385/840/724 394/841/724 395/842/724
f 375/843/725 391/839/725 392/829/725
f 381/821/726 373/808/726 387/832/726
f 380/831/727 386/844/727 396/845/727
f 390/846/728 389/847/728 399/848/728
f 391/849/729 390/850/729 405/851/729
f 387/832/730 396/845/730 402/852/730
f 393/830/731 400/853/732 401/854/733
f 392/855/734 391/856/734 405/857/734
f 392/855/735 405/857/735 400/858/735
f 401/859/736 400/860/737 406/861/737
f 399/862/738 397/826/738 403/863/738
f 399/848/739 404/864/739 405/865/739
f 398/866/740 401/859/741 406/861/742
f 266/867/743 263/622/744 265/621/744
f 267/868/745 266/867/745 265/621/745
f 267/623/746 268/625/746 269/626/746
f 269/626/747 270/627/747 271/628/747
f 271/869/748 272/630/749 273/632/750
f 275/634/751 273/632/752 274/631/753
f 275/634/754 276/633/754 277/636/754
f 277/870/755 278/637/755 279/639/755
f 279/639/756 281/640/756 282/642/756
f 282/642/757 283/641/757 284/871/757
f 272/658/758 270/666/758 289/659/758
f 263/622/759 284/645/759 264/620/759
f 266/872/610 267/873/610 269/874/610
f 271/875/760 273/876/760 275/877/760
f 269/874/610 271/875/610 275/877/610
f 279/647/610 282/878/610 263/648/610
f 263/648/760 266/872/760 269/874/760
f 275/877/610 277/646/610 263/648/610
f 282/878/760 284/879/760 263/648/760
f 263/648/610 269/874/610 275/877/610
f 291/680/761 290/688/761 300/690/761
f 296/669/762 285/652/762 295/654/762
f 295/654/763 281/667/763 294/880/763
f 276/881/764 274/661/764 292/650/764
f 274/661/765 272/658/765 290/660/765
f 294/880/766 280/665/766 293/651/766
f 289/659/767 270/666/767 288/657/767
f 278/649/768 276/881/769 292/650/770
f 281/667/771 280/665/771 294/880/771
f 286/664/772 264/668/773 296/669/774
f 287/882/775 286/676/775 298/678/775
f 297/677/776 296/673/776 304/675/776
f 286/676/777 296/673/777 297/677/777
f 293/686/778 292/883/778 301/884/778
f 302/687/779 293/686/779 301/884/779
f 289/885/780 288/684/780 299/699/780
f 303/701/781 294/685/781 302/687/781
f 295/886/782 294/685/782 303/701/782
f 290/688/783 289/887/783 299/689/783
f 304/888/784 295/886/784 303/701/784
f 297/711/785 304/691/785 305/693/785
f 311/698/786 301/670/786 310/672/787
f 307/889/788 288/694/788 306/696/788
f 312/702/789 302/687/789 311/712/789
f 300/709/790 299/703/790 308/705/790
f 304/691/791 303/706/791 313/708/791
f 291/671/792 300/709/792 310/672/792
f 306/696/793 298/695/793 305/693/793
f 321/717/794 312/702/794 320/713/794
f 308/890/795 307/891/795 317/892/795
f 313/893/796 312/702/796 322/718/796
f 309/719/797 308/714/797 318/716/797
f 310/894/798 309/719/798 319/720/798
f 316/723/799 305/722/799 315/726/799
f 314/724/800 313/895/800 322/725/800
f 305/722/801 314/724/801 315/726/801
f 320/896/802 311/897/802 319/898/802
f 317/744/803 307/700/803 316/731/803
f 330/739/804 329/899/804 334/763/804
f 326/760/805 318/716/805 325/732/805
f 330/900/806 322/733/806 329/735/806
f 316/723/807 315/726/807 323/740/807
f 327/742/808 319/736/808 326/738/808
f 323/901/809 315/902/809 330/903/809
f 320/904/810 319/736/810 328/743/810
f 317/744/811 316/731/811 324/745/811
f 321/717/812 320/713/812 328/747/812
f 324/741/813 323/740/813 331/766/813
f 328/905/814 327/756/814 333/755/814
f 325/746/815 324/745/816 332/752/816
f 329/748/817 328/747/817 334/754/817
f 326/760/818 325/732/819 332/906/819
f 339/757/820 327/756/820 338/762/820
f 323/740/821 330/739/821 345/750/821
f 336/907/822 331/766/822 335/767/822
f 340/908/823 333/755/823 339/757/823
f 341/759/824 333/753/824 340/909/824
f 337/768/825 332/752/825 336/758/825
f 342/910/826 334/754/826 341/759/826
f 326/760/827 332/906/828 337/761/829
f 330/739/830 334/763/830 343/765/830
f 335/767/831 323/740/831 345/750/831
f 327/756/832 326/760/832 338/762/832
f 343/911/833 342/910/833 350/912/833
f 346/773/834 336/907/834 335/767/834
f 338/762/835 347/771/835 349/776/835
f 348/774/836 335/767/836 351/772/836
f 342/910/837 341/759/838 350/912/839
f 339/757/840 338/762/840 354/777/840
f 359/778/841 344/749/841 358/775/841
f 351/772/842 345/750/843 359/778/843
f 340/908/844 339/757/844 355/786/844
f 352/913/845 346/773/845 348/774/845
f 341/759/846 340/909/846 355/779/846
f 350/912/847 341/759/848 356/780/849
f 357/914/850 343/915/850 350/916/850
f 358/775/851 343/765/851 357/788/851
f 347/770/852 352/781/852 360/784/852
f 350/912/853 356/780/853 357/917/853
f 352/913/854 348/774/854 361/794/854
f 357/917/855 356/780/855 363/798/855
f 348/774/856 351/772/856 361/794/856
f 360/784/857 361/783/857 364/918/857
f 362/787/858 353/782/858 364/793/858
f 370/801/859 359/778/859 358/919/859
f 361/794/860 351/772/860 365/795/860
f 364/920/861 361/794/862 366/796/863
f 368/797/864 355/790/864 367/792/864
f 358/775/865 363/789/865 369/921/865
f 367/922/866 354/777/866 362/787/866
f 365/795/867 351/772/867 370/801/867
f 372/813/868 366/923/869 371/814/870
f 362/787/871 366/799/871 372/924/871
f 367/922/872 362/787/872 375/843/872
f 358/919/873 369/921/873 370/801/873
f 362/787/874 372/924/874 375/843/874
f 370/925/875 369/926/876 377/927/876
f 374/820/877 371/809/877 373/808/877
f 368/797/878 367/792/878 376/802/878
f 380/831/879 370/801/879 379/817/879
f 373/808/880 370/801/880 380/831/880
f 376/928/881 375/843/881 378/828/881
f 377/803/882 376/802/882 379/819/882
f 380/929/883 379/930/883 386/931/883
f 382/833/884 374/820/884 381/821/884
f 383/932/885 374/815/885 382/933/885
f 385/934/886 379/935/886 384/936/886
f 372/924/887 374/937/887 383/837/887
f 386/938/888 379/939/888 385/840/888
f 375/843/889 372/924/889 383/837/889
f 387/832/890 380/831/890 396/845/890
f 384/835/891 378/828/891 393/830/891
f 383/940/892 382/941/892 389/942/892
f 385/934/893 384/936/893 394/943/893
f 390/846/894 383/944/894 389/847/894
f 386/938/895 385/840/895 395/842/895
f 396/845/896 386/844/896 395/945/896
f 375/843/897 383/837/897 391/839/897
f 388/834/898 381/821/898 387/832/898
f 378/828/899 375/843/899 392/829/899
f 398/946/900 396/845/900 395/945/900
f 397/947/901 382/833/901 388/834/901
f 395/948/902 394/949/902 401/859/902
f 398/866/903 395/948/903 401/859/903
f 402/852/904 396/845/904 398/946/904
f 393/830/905 392/829/905 400/853/905
f 389/827/906 397/826/906 399/862/906
f 394/949/907 393/950/907 401/859/907
f 403/951/908 402/952/908 404/953/908
f 400/954/909 405/865/909 404/864/909
f 404/953/910 402/952/910 400/860/910
f 406/861/911 400/860/911 402/952/911
f 403/955/912 387/832/912 402/852/912
f 402/952/913 398/956/913 406/861/913
f 388/834/914 387/832/914 403/955/914
f 397/947/915 388/834/916 403/955/917
f 404/957/918 399/862/918 403/863/918
f 390/846/919 399/848/919 405/865/919
f 408/958/920 410/959/920 409/960/920
f 410/959/921 411/961/921 409/960/921
f 411/962/922 413/963/922 412/964/922
f 413/963/923 414/965/923 412/964/923
f 414/966/924 416/967/924 415/968/924
f 416/967/925 418/969/925 417/970/925
f 418/969/926 420/971/926 419/972/926
f 420/973/927 422/974/927 421/975/927
f 422/974/928 424/976/928 423/977/928
f 424/976/929 426/978/929 425/979/929
f 426/980/930 428/981/930 427/982/930
f 428/981/931 408/958/931 427/982/931
f 422/983/932 420/984/932 431/985/932
f 424/986/933 432/987/933 426/988/933
f 414/989/934 429/990/935 430/991/936
f 424/986/937 422/992/937 432/987/937
f 438/993/938 448/994/938 449/995/938
f 411/996/939 410/997/939 434/998/939
f 428/999/940 440/1000/940 433/1001/940
f 431/985/941 418/1002/941 437/1003/941
f 429/990/942 411/996/942 434/998/942
f 432/987/943 431/985/943 438/1004/943
f 429/990/944 435/1005/944 436/1006/944
f 432/987/945 439/1007/945 440/1000/945
f 430/991/946 436/1006/946 437/1003/946
f 410/997/947 408/1008/947 434/998/947
f 436/1009/948 435/1010/949 445/1011/950
f 439/1012/951 449/995/951 450/1013/951
f 440/1014/952 439/1012/952 450/1013/952
f 437/1015/953 436/1016/954 446/1017/955
f 434/1018/956 441/1019/956 442/1020/956
f 434/1018/957 442/1020/957 443/1021/957
f 433/1022/958 440/1023/958 452/1024/958
f 437/1015/959 447/1025/959 448/1026/959
f 434/1027/960 443/1028/960 444/1029/960
f 450/1013/961 449/995/961 455/1030/961
f 450/1013/962 455/1030/962 451/1031/962
f 456/1032/963 464/1033/963 472/1034/963
f 442/1035/964 441/1036/964 464/1037/964
f 454/1038/965 459/1039/965 460/1040/965
f 451/1041/966 463/1042/966 464/1037/966
f 447/1043/967 454/1038/967 460/1040/967
f 443/1044/968 442/1035/968 456/1045/968
f 448/1046/969 447/1043/969 461/1047/969
f 453/1048/970 443/1044/970 457/1049/970
f 449/1050/971 448/1046/971 461/1047/971
f 455/1051/972 449/1050/972 462/1052/972
f 445/1053/973 458/1054/973 459/1039/973
f 455/1051/974 462/1052/974 463/1042/974
f 463/1055/975 471/1056/975 472/1034/975
f 461/1057/976 460/1058/976 468/1059/976
f 458/1060/977 457/1061/977 465/1062/977
f 462/1063/978 461/1064/978 469/1065/978
f 458/1060/979 466/1066/979 467/1067/979
f 462/1063/980 470/1068/980 471/1069/980
f 459/1070/981 467/1071/981 468/1059/981
f 469/1065/982 468/1072/982 477/1073/982
f 466/1066/983 465/1062/983 475/1074/983
f 470/1068/984 469/1065/984 478/1075/984
f 466/1066/985 475/1074/985 476/1076/985
f 471/1069/986 479/1077/986 480/1078/986
f 468/1059/987 476/1079/987 477/1080/987
f 456/1032/988 472/1034/988 473/1081/988
f 465/1082/989 456/1032/989 474/1083/989
f 472/1034/990 480/1084/990 473/1081/990
f 484/1085/991 483/1086/991 492/1087/991
f 478/1075/992 486/1088/992 487/1089/992
f 476/1079/993 483/1090/994 484/1091/995
f 479/1077/996 487/1089/996 488/1092/996
f 476/1079/997 484/1091/997 485/1093/997
f 477/1080/998 476/1079/998 485/1093/998
f 474/1083/999 481/1094/999 482/1095/999
f 480/1084/1000 488/1096/1000 481/1094/1000
f 477/1080/1001 485/1093/1001 486/1097/1001
f 475/1074/1002 482/1098/1002 483/1086/1002
f 488/1092/1003 487/1089/1003 497/1099/1003
f 485/1093/1004 484/1091/1004 493/1100/1004
f 481/1094/1005 489/1101/1005 490/1102/1005
f 481/1094/1006 488/1096/1006 498/1103/1006
f 485/1093/1007 494/1104/1007 495/1105/1007
f 482/1098/1008 490/1106/1008 491/1107/1008
f 486/1088/1009 495/1108/1009 496/1109/1009
f 494/1110/1010 493/1111/1010 501/1112/1010
f 497/1099/1011 496/1109/1011 498/1113/1011
f 489/1114/1012 503/1115/1012 499/1116/1012
f 495/1117/1013 494/1110/1013 501/1112/1013
f 491/1118/1014 490/1119/1014 499/1116/1014
f 496/1109/1015 495/1108/1015 502/1120/1015
f 496/1121/1016 502/1122/1016 503/1115/1016
f 492/1123/1017 500/1124/1017 501/1125/1017
f 490/1119/1018 489/1114/1018 499/1116/1018
f 510/1126/1019 514/1127/1019 511/1128/1019
f 502/1129/1020 510/1126/1020 511/1128/1020
f 503/1130/1021 502/1129/1021 511/1128/1021
f 501/1131/1022 500/1132/1023 507/1133/1024
f 499/1134/1025 504/1135/1025 505/1136/1025
f 499/1134/1026 503/1130/1026 512/1137/1026
f 501/1131/1027 509/1138/1027 510/1126/1027
f 499/1134/1028 505/1136/1028 506/1139/1028
f 512/1140/1029 511/1141/1029 522/1142/1030
f 504/1143/1031 515/1144/1031 516/1145/1031
f 509/1146/1032 508/1147/1032 519/1148/1032
f 505/1149/1033 516/1145/1033 517/1150/1033
f 509/1146/1034 520/1151/1034 521/1152/1034
f 504/1143/1035 512/1153/1035 515/1144/1035
f 505/1154/1036 517/1155/1036 518/1156/1036
f 510/1157/1037 521/1158/1037 514/1159/1037
f 513/1160/1038 506/1161/1039 518/1156/1039
f 521/1158/1040 527/1162/1040 528/1163/1040
f 514/1159/1041 528/1163/1041 529/1164/1041
f 513/1160/1042 518/1156/1042 525/1165/1042
f 507/1166/1043 513/1167/1043 526/1168/1043
f 518/1156/1044 517/1155/1044 532/1169/1044
f 518/1156/1045 532/1169/1045 525/1165/1045
f 523/1170/1046 535/1171/1046 536/1172/1046
f 516/1145/1047 515/1144/1047 531/1173/1047
f 520/1151/1048 533/1174/1048 534/1175/1048
f 524/1176/1049 536/1172/1049 530/1177/1049
f 517/1150/1050 516/1145/1050 531/1173/1050
f 527/1178/1051 520/1151/1051 534/1175/1051
f 529/1164/1052 528/1163/1052 542/1179/1052
f 535/1180/1053 529/1164/1053 543/1181/1053
f 525/1182/1054 539/1183/1054 540/1184/1054
f 535/1180/1055 543/1181/1055 536/1185/1055
f 531/1173/1056 530/1177/1056 537/1186/1056
f 533/1174/1057 540/1184/1057 541/1187/1057
f 532/1169/1058 531/1188/1058 538/1189/1058
f 528/1163/1059 527/1162/1059 534/1190/1059
f 536/1191/1060 549/1192/1060 550/1193/1060
f 540/1194/1061 547/1195/1061 541/1196/1061
f 538/1197/1062 537/1198/1062 545/1199/1062
f 537/1198/1063 550/1193/1063 544/1200/1063
f 539/1201/1064 538/1197/1064 546/1202/1064
f 539/1201/1065 546/1202/1065 547/1195/1065
f 548/1203/1066 547/1195/1066 551/1204/1066
f 548/1203/1067 541/1196/1067 547/1195/1067
f 546/1202/1068 545/1199/1068 552/1205/1068
f 549/1192/1069 548/1203/1069 552/1205/1069
f 545/1199/1070 544/1200/1070 552/1205/1070
f 407/1206/1071 408/958/1071 409/960/1071
f 409/1207/1072 411/962/1072 412/964/1072
f 412/964/1073 414/965/1073 415/1208/1073
f 415/968/1074 416/967/1074 417/970/1074
f 417/970/1075 418/969/1075 419/972/1075
f 419/1209/1076 420/973/1076 421/975/1076
f 421/975/1077 422/974/1077 423/977/1077
f 423/977/1078 424/976/1078 425/979/1078
f 425/1210/1079 426/980/1079 427/982/1079
f 427/982/1080 408/958/1080 407/1206/1080
f 407/1211/1081 409/1212/1081 427/1213/1081
f 409/1212/11 412/1214/11 425/1215/11
f 412/1214/11 415/1216/11 423/1217/11
f 415/1216/11 417/1218/11 421/1219/11
f 425/1215/11 427/1213/11 409/1212/11
f 415/1216/11 421/1219/11 423/1217/11
f 419/1220/11 421/1219/11 417/1218/11
f 412/1214/11 423/1217/11 425/1215/11
f 416/967/1082 414/966/1082 430/1221/1082
f 414/989/1083 413/1222/1083 429/990/1083
f 432/1223/1084 422/974/1084 431/1224/1084
f 431/985/1085 420/984/1085 418/1002/1085
f 429/990/1086 413/1225/1086 411/996/1086
f 408/1008/1087 428/999/1087 433/1001/1087
f 438/1004/1088 431/985/1088 437/1003/1088
f 435/1005/1089 429/990/1089 434/998/1089
f 439/1007/1090 432/987/1090 438/1004/1090
f 430/991/1091 429/990/1091 436/1006/1091
f 426/988/1092 432/987/1092 440/1000/1092
f 416/1226/1093 430/991/1093 437/1003/1093
f 434/998/1094 408/1008/1094 433/1001/1094
f 428/999/1095 426/988/1095 440/1000/1095
f 418/1002/1096 416/1226/1096 437/1003/1096
f 445/1011/1097 435/1010/1097 444/1029/1097
f 439/1012/1098 438/993/1098 449/995/1098
f 446/1017/1099 436/1016/1100 445/1227/1101
f 451/1031/1102 440/1014/1102 450/1013/1102
f 434/1018/1103 433/1022/1103 441/1019/1103
f 447/1025/1104 437/1015/1104 446/1017/1104
f 452/1024/1105 440/1023/1106 451/1228/1105
f 441/1019/1107 433/1022/1107 452/1024/1107
f 438/993/1108 437/1229/1109 448/994/1110
f 435/1010/1111 434/1027/1111 444/1029/1111
f 447/1025/1112 446/1017/1112 454/1230/1112
f 453/1231/1113 444/1029/1113 443/1028/1113
f 445/1011/1114 444/1029/1115 453/1231/1116
f 451/1041/1117 455/1051/1117 463/1042/1117
f 454/1038/1118 446/1232/1118 459/1039/1118
f 456/1045/1119 442/1035/1119 464/1037/1119
f 452/1233/1120 451/1041/1120 464/1037/1120
f 457/1049/1121 443/1044/1121 456/1045/1121
f 441/1036/1122 452/1233/1122 464/1037/1122
f 461/1047/1123 447/1043/1123 460/1040/1123
f 458/1054/1124 453/1048/1124 457/1049/1124
f 462/1052/1125 449/1050/1125 461/1047/1125
f 445/1053/1126 453/1048/1126 458/1054/1126
f 446/1232/1127 445/1053/1127 459/1039/1127
f 464/1033/1128 463/1055/1128 472/1034/1128
f 465/1082/1129 457/1234/1129 456/1032/1129
f 469/1065/1130 461/1064/1130 468/1072/1130
f 466/1066/1131 458/1060/1131 465/1062/1131
f 470/1068/1132 462/1063/1132 469/1065/1132
f 459/1070/1133 458/1235/1133 467/1071/1133
f 463/1236/1134 462/1063/1134 471/1069/1134
f 460/1058/1135 459/1070/1135 468/1059/1135
f 478/1075/1136 469/1065/1136 477/1073/1136
f 475/1074/1137 465/1062/1137 474/1237/1137
f 479/1077/1138 470/1068/1138 478/1075/1138
f 467/1067/1139 466/1066/1139 476/1076/1139
f 471/1069/1140 470/1068/1140 479/1077/1140
f 468/1059/1141 467/1071/1142 476/1079/1141
f 474/1083/1143 456/1032/1143 473/1081/1143
f 472/1034/1144 471/1056/1144 480/1084/1144
f 479/1077/1145 478/1075/1145 487/1089/1145
f 476/1076/1146 475/1074/1146 483/1086/1146
f 480/1078/1147 479/1077/1147 488/1092/1147
f 474/1083/1148 473/1081/1148 481/1094/1148
f 473/1081/1149 480/1084/1149 481/1094/1149
f 478/1075/1150 477/1073/1150 486/1088/1150
f 475/1074/1151 474/1237/1151 482/1098/1151
f 497/1099/1152 487/1089/1152 496/1109/1152
f 493/1100/1153 484/1091/1153 492/1123/1153
f 494/1104/1154 485/1093/1154 493/1100/1154
f 498/1103/1155 488/1096/1155 497/1238/1155
f 482/1095/1156 481/1094/1156 490/1102/1156
f 489/1101/1157 481/1094/1157 498/1103/1157
f 486/1097/1158 485/1093/1158 495/1105/1158
f 483/1086/1159 482/1098/1159 491/1107/1159
f 487/1089/1160 486/1088/1160 496/1109/1160
f 492/1087/1161 483/1086/1161 491/1107/1161
f 489/1114/1162 498/1239/1162 503/1115/1162
f 502/1240/1163 495/1117/1163 501/1112/1163
f 500/1241/1164 491/1118/1164 499/1116/1164
f 492/1242/1165 491/1118/1165 500/1241/1165
f 498/1239/1166 496/1121/1166 503/1115/1166
f 493/1100/1167 492/1123/1167 501/1125/1167
f 507/1133/1168 500/1132/1168 506/1139/1168
f 512/1137/1169 503/1130/1169 511/1128/1169
f 508/1243/1170 501/1131/1170 507/1133/1170
f 509/1138/1171 501/1131/1171 508/1243/1171
f 504/1135/1172 499/1134/1172 512/1137/1172
f 502/1129/1173 501/1131/1173 510/1126/1173
f 500/1132/1174 499/1134/1174 506/1139/1174
f 513/1244/1175 507/1133/1175 506/1139/1175
f 523/1245/1176 512/1140/1177 522/1142/1178
f 519/1148/1179 508/1147/1179 507/1166/1179
f 505/1149/1180 504/1143/1181 516/1145/1180
f 524/1176/1182 512/1153/1182 523/1170/1182
f 520/1151/1183 509/1146/1183 519/1148/1183
f 515/1144/1184 512/1153/1185 524/1176/1186
f 510/1157/1187 509/1246/1187 521/1158/1187
f 506/1161/1188 505/1154/1188 518/1156/1188
f 511/1141/1189 514/1159/1189 522/1142/1189
f 532/1169/1190 517/1155/1190 531/1188/1190
f 530/1177/1191 515/1144/1191 524/1176/1191
f 521/1152/1192 520/1151/1193 527/1178/1194
f 514/1159/1195 521/1158/1195 528/1163/1195
f 522/1142/1196 514/1159/1196 529/1164/1196
f 526/1168/1197 513/1167/1197 525/1182/1197
f 519/1148/1198 507/1166/1198 526/1168/1198
f 535/1180/1199 522/1142/1199 529/1164/1199
f 519/1148/1200 526/1168/1200 533/1174/1200
f 523/1245/1201 522/1142/1201 535/1180/1201
f 531/1173/1202 515/1144/1202 530/1177/1202
f 520/1151/1203 519/1148/1203 533/1174/1203
f 524/1176/1204 523/1170/1204 536/1172/1204
f 540/1194/1205 539/1201/1205 547/1195/1205
f 543/1181/1206 529/1164/1206 542/1179/1206
f 525/1165/1207 532/1169/1207 539/1247/1207
f 526/1168/1208 525/1182/1208 540/1184/1208
f 533/1174/1209 526/1168/1209 540/1184/1209
f 534/1175/1210 533/1174/1210 541/1187/1210
f 538/1248/1211 531/1173/1211 537/1186/1211
f 530/1177/1212 536/1172/1212 537/1186/1212
f 542/1179/1213 528/1163/1213 534/1190/1213
f 539/1247/1214 532/1169/1215 538/1189/1216
f 536/1191/1217 543/1249/1218 549/1192/1219
f 545/1199/1220 537/1198/1220 544/1200/1220
f 537/1198/1221 536/1191/1222 550/1193/1223
f 548/1203/1224 534/1250/1224 541/1196/1224
f 542/1251/1225 534/1250/1225 548/1203/1225
f 546/1202/1226 538/1197/1226 545/1199/1226
f 549/1192/1227 543/1249/1227 542/1251/1227
f 549/1192/1228 542/1251/1228 548/1203/1228
f 552/1205/1229 548/1203/1229 551/1204/1229
f 551/1204/1230 546/1202/1230 552/1205/1230
f 547/1195/1231 546/1202/1231 551/1204/1231
f 550/1193/1232 549/1192/1232 552/1205/1232
f 544/1200/1233 550/1193/1233 552/1205/1233
f 554/1252/1234 555/1253/1234 553/1254/1234
f 555/1253/1235 557/1255/1235 556/1256/1235
f 557/1257/1236 558/1258/1236 556/1259/1236
f 558/1258/1237 560/1260/1237 559/1261/1237
f 560/1262/1238 562/1263/1238 561/1264/1238
f 562/1263/1239 564/1265/1239 563/1266/1239
f 564/1265/1240 565/1267/1240 563/1266/1240
f 565/1267/1241 568/1268/1241 567/1269/1241
f 568/1270/1242 570/1271/1242 569/1272/1242
f 570/1271/1243 571/1273/1243 569/1272/1243
f 571/1273/1244 573/1274/1244 572/1275/1244
f 573/1276/1245 574/1277/1245 572/1278/1245
f 574/1277/1246 554/1252/1246 575/1279/1246
f 569/1280/11 559/1281/11 561/1282/11
f 560/1260/1247 558/1258/1247 576/1283/1247
f 570/1271/1248 568/1270/1248 577/1284/1248
f 571/1285/1249 578/1286/1249 573/1287/1249
f 560/1288/1250 576/1289/1250 562/1290/1250
f 557/1291/1251 555/1292/1251 579/1293/1251
f 577/1294/1252 565/1295/1252 583/1296/1252
f 576/1289/942 557/1291/942 579/1293/942
f 578/1286/1253 577/1294/1253 584/1297/1253
f 576/1289/1254 580/1298/1254 581/1299/1254
f 578/1286/1255 584/1297/1255 585/1300/1255
f 562/1290/1256 581/1299/1256 582/1301/1256
f 555/1292/1257 554/1302/1257 579/1293/1257
f 573/1287/1258 585/1300/1258 586/1303/1258
f 580/1304/1259 590/1305/1259 591/1306/1259
f 584/1307/1260 594/1308/1260 595/1309/1260
f 581/1310/1261 580/1304/1261 591/1306/1261
f 585/1311/1262 584/1307/1262 595/1309/1262
f 582/1312/1263 581/1313/1263 592/1314/1263
f 579/1315/956 587/1316/956 588/1317/956
f 586/1318/1264 585/1319/1265 597/1320/1266
f 579/1315/1267 588/1317/1267 589/1321/1267
f 583/1322/1268 593/1323/1268 594/1324/1268
f 579/1325/1269 589/1326/1269 590/1305/1269
f 595/1309/1270 601/1327/1270 596/1328/1270
f 594/1324/1271 593/1323/1271 600/1329/1271
f 595/1309/1272 594/1308/1272 601/1327/1272
f 602/1330/1273 610/1331/1273 618/1332/1273
f 588/1333/1274 587/1334/1275 610/1335/1275
f 593/1336/1276 605/1337/1276 606/1338/1276
f 597/1339/1277 609/1340/1277 610/1335/1277
f 589/1341/1278 588/1333/1278 602/1342/1278
f 594/1343/1279 600/1344/1279 607/1345/1279
f 590/1346/1280 589/1341/1280 603/1347/1280
f 601/1348/1281 594/1343/1281 607/1345/1281
f 599/1349/1282 590/1346/1282 603/1347/1282
f 599/1349/1283 604/1350/1283 605/1337/1284
f 601/1348/1285 608/1351/1286 609/1340/1286
f 609/1352/1287 617/1353/1287 618/1332/1287
f 607/1354/1288 606/1355/1288 614/1356/1288
f 604/1357/1289 603/1358/1289 611/1359/1289
f 608/1360/978 607/1361/978 615/1362/978
f 604/1357/1290 612/1363/1290 613/1364/1290
f 608/1360/1291 616/1365/1291 617/1366/1291
f 605/1367/1292 613/1368/1292 614/1356/1292
f 615/1362/1293 614/1369/1293 623/1370/1293
f 612/1363/1294 611/1359/1294 621/1371/1294
f 616/1365/1295 615/1362/1295 624/1372/1295
f 612/1363/985 621/1371/985 622/1373/985
f 617/1366/1296 625/1374/1296 626/1375/1296
f 614/1356/1297 622/1376/1297 623/1377/1297
f 602/1330/988 618/1332/988 619/1378/988
f 611/1379/1298 602/1330/1299 620/1380/1300
f 618/1332/1301 626/1381/1301 619/1378/1301
f 630/1382/1302 629/1383/1303 637/1384/1304
f 624/1372/992 632/1385/992 633/1386/992
f 622/1376/995 629/1387/1305 630/1388/1305
f 625/1374/1306 633/1386/1306 634/1389/1306
f 622/1376/997 630/1388/997 631/1390/997
f 623/1377/998 622/1376/998 631/1390/998
f 620/1380/999 627/1391/999 628/1392/999
f 626/1381/1000 634/1393/1000 627/1391/1000
f 623/1377/1001 631/1390/1001 632/1394/1001
f 621/1371/1002 628/1395/1002 629/1383/1002
f 634/1389/1307 633/1386/1307 642/1396/1307
f 631/1390/1308 630/1388/1309 638/1397/1308
f 627/1391/1310 643/1398/1310 635/1399/1310
f 627/1391/1311 634/1393/1311 643/1398/1311
f 628/1392/1312 635/1399/1312 636/1400/1312
f 631/1390/1313 639/1401/1313 640/1402/1313
f 629/1383/1314 636/1403/1314 637/1384/1314
f 632/1385/1315 640/1404/1315 641/1405/1315
f 640/1406/1316 639/1407/1317 647/1408/1316
f 648/1409/1318 656/1410/1318 657/1411/1318
f 643/1412/1319 649/1413/1319 644/1414/1319
f 637/1415/1320 636/1416/1320 645/1417/1320
f 641/1405/1321 640/1404/1321 648/1418/1321
f 637/1415/1322 645/1417/1322 646/1419/1322
f 642/1420/1323 648/1421/1323 649/1413/1323
f 638/1422/1324 646/1423/1325 647/1408/1324
f 636/1416/1326 635/1424/1326 644/1414/1326
f 648/1409/1327 657/1411/1327 658/1425/1327
f 646/1426/1328 645/1427/1328 654/1428/1328
f 649/1429/1329 648/1409/1329 658/1425/1329
f 644/1430/1330 650/1431/1330 651/1432/1330
f 647/1433/1331 646/1426/1331 655/1434/1331
f 644/1430/1332 651/1432/1332 652/1435/1332
f 644/1430/1333 649/1429/1333 650/1431/1333
f 645/1427/1334 652/1435/1334 653/1436/1334
f 658/1437/1335 660/1438/1335 669/1439/1335
f 655/1440/1336 654/1441/1336 666/1442/1336
f 659/1443/1337 658/1444/1337 670/1445/1337
f 651/1446/1338 661/1447/1339 662/1448/1340
f 650/1449/1341 659/1443/1341 671/1450/1341
f 652/1451/1342 662/1448/1342 663/1452/1342
f 656/1453/1343 667/1454/1343 668/1455/1343
f 652/1456/1344 663/1457/1344 664/1458/1344
f 653/1459/1345 664/1458/1345 665/1460/1345
f 660/1438/1346 657/1461/1346 669/1439/1346
f 654/1441/1347 653/1462/1347 665/1463/1347
f 668/1464/1348 674/1465/1348 675/1466/1348
f 657/1461/1349 675/1466/1349 676/1467/1349
f 666/1442/1350 665/1463/1350 673/1468/1350
f 664/1458/1351 663/1457/1351 679/1469/1351
f 665/1460/1352 664/1458/1352 679/1469/1352
f 665/1460/1353 679/1469/1353 672/1470/1353
f 670/1445/1046 682/1471/1046 683/1472/1046
f 662/1448/1354 661/1447/1355 678/1473/1356
f 667/1454/1357 680/1474/1357 681/1475/1357
f 671/1450/1358 683/1472/1358 677/1476/1358
f 663/1452/1050 662/1448/1050 678/1473/1050
f 674/1477/1359 667/1454/1359 681/1475/1359
f 676/1467/1360 675/1466/1360 688/1478/1360
f 682/1479/1361 676/1467/1361 689/1480/1361
f 672/1481/1362 686/1482/1362 687/1483/1362
f 682/1479/1363 689/1480/1364 683/1484/1365
f 673/1468/1366 687/1483/1366 680/1474/1366
f 678/1473/1367 677/1476/1367 684/1485/1367
f 679/1469/1368 678/1486/1369 685/1487/1370
f 677/1476/1371 690/1488/1371 684/1485/1371
f 675/1466/1372 674/1465/1372 688/1478/1372
f 680/1489/1373 687/1490/1373 694/1491/1373
f 683/1492/1374 697/1493/1374 690/1494/1374
f 685/1495/1375 684/1496/1375 691/1497/1375
f 688/1498/1376 681/1499/1376 695/1500/1376
f 686/1501/1377 685/1495/1377 692/1502/1377
f 689/1503/1378 688/1498/1378 696/1504/1378
f 686/1501/1379 693/1505/1379 687/1490/1379
f 690/1494/1380 697/1493/1380 691/1497/1380
f 687/1490/1381 693/1505/1382 694/1491/1383
f 696/1504/1384 695/1500/1384 698/1506/1384
f 693/1505/1385 692/1502/1385 698/1506/1385
f 692/1502/1386 691/1497/1386 699/1507/1386
f 553/1254/1387 555/1253/1387 556/1256/1387
f 556/1259/1388 558/1258/1388 559/1261/1388
f 559/1508/1389 560/1262/1389 561/1264/1389
f 561/1264/1390 562/1263/1390 563/1266/1390
f 563/1266/1391 565/1267/1391 566/1509/1391
f 566/1509/1392 565/1267/1392 567/1269/1392
f 567/1510/1393 568/1270/1393 569/1272/1393
f 569/1272/1394 571/1273/1394 572/1275/1394
f 572/1278/1395 574/1277/1395 575/1279/1395
f 575/1279/1396 554/1252/1396 553/1254/1396
f 566/1511/1397 567/1512/1397 563/1513/1397
f 567/1512/11 569/1280/11 561/1282/11
f 569/1280/11 572/1514/11 559/1281/11
f 572/1514/11 575/1515/11 556/1516/11
f 561/1282/11 563/1513/11 567/1512/11
f 553/1517/11 556/1516/11 575/1515/11
f 572/1514/11 556/1516/11 559/1281/11
f 571/1285/1398 570/1518/1398 578/1286/1398
f 578/1519/1399 570/1271/1399 577/1284/1399
f 577/1294/1400 568/1520/1400 565/1295/1400
f 576/1289/1401 558/1521/1401 557/1291/1401
f 583/1296/1402 565/1295/1402 582/1301/1402
f 554/1302/1403 574/1522/1403 586/1303/1403
f 580/1298/1404 576/1289/1404 579/1293/1404
f 584/1297/1405 577/1294/1405 583/1296/1405
f 562/1290/1406 576/1289/1406 581/1299/1406
f 573/1287/1407 578/1286/1407 585/1300/1407
f 564/1523/1408 562/1290/1408 582/1301/1408
f 579/1293/1409 554/1302/1409 586/1303/1409
f 574/1522/1410 573/1287/1410 586/1303/1410
f 565/1295/1411 564/1523/1411 582/1301/1411
f 584/1307/1412 583/1524/1412 594/1308/1412
f 592/1525/1413 581/1310/1413 591/1306/1413
f 596/1328/1414 585/1311/1414 595/1309/1414
f 597/1526/1415 585/1311/1415 596/1328/1415
f 579/1315/1416 586/1318/1416 587/1316/1416
f 593/1323/1417 582/1312/1417 592/1314/1417
f 598/1527/1418 586/1318/1418 597/1320/1418
f 583/1322/1419 582/1312/1419 593/1323/1419
f 587/1316/1420 586/1318/1420 598/1527/1420
f 580/1304/1421 579/1325/1421 590/1305/1421
f 592/1314/1422 591/1528/1422 599/1529/1422
f 599/1530/1423 591/1306/1424 590/1305/1425
f 597/1339/1426 596/1531/1426 609/1340/1426
f 593/1336/1427 592/1532/1427 605/1337/1427
f 602/1342/1428 588/1333/1428 610/1335/1428
f 598/1533/1429 597/1339/1429 610/1335/1429
f 600/1344/1430 593/1336/1430 606/1338/1430
f 603/1347/1431 589/1341/1431 602/1342/1431
f 587/1334/1432 598/1533/1432 610/1335/1432
f 607/1345/1433 600/1344/1433 606/1338/1433
f 604/1350/1434 599/1349/1434 603/1347/1434
f 608/1351/1435 601/1348/1435 607/1345/1435
f 596/1531/1436 601/1348/1436 609/1340/1436
f 592/1532/1437 599/1349/1437 605/1337/1437
f 610/1331/1128 609/1352/1128 618/1332/1128
f 611/1379/1438 603/1534/1438 602/1330/1438
f 615/1362/1439 607/1361/1439 614/1369/1439
f 612/1363/1440 604/1357/1440 611/1359/1440
f 616/1365/1441 608/1360/1441 615/1362/1441
f 605/1367/1133 604/1535/1133 613/1368/1133
f 609/1536/1442 608/1360/1442 617/1366/1442
f 606/1355/1135 605/1367/1135 614/1356/1135
f 624/1372/1443 615/1362/1443 623/1370/1443
f 621/1371/1137 611/1359/1137 620/1537/1137
f 625/1374/1444 616/1365/1444 624/1372/1444
f 613/1364/1445 612/1363/1445 622/1373/1445
f 617/1366/1140 616/1365/1140 625/1374/1140
f 614/1356/1446 613/1368/1446 622/1376/1446
f 620/1380/1447 602/1330/1447 619/1378/1447
f 618/1332/1144 617/1353/1144 626/1381/1144
f 638/1538/1448 630/1382/1449 637/1384/1450
f 625/1374/1145 624/1372/1145 633/1386/1145
f 622/1373/1146 621/1371/1146 629/1383/1146
f 626/1375/1451 625/1374/1451 634/1389/1451
f 620/1380/1148 619/1378/1148 627/1391/1148
f 619/1378/1452 626/1381/1452 627/1391/1452
f 624/1372/1150 623/1370/1150 632/1385/1150
f 621/1371/1151 620/1537/1151 628/1395/1151
f 642/1396/1453 633/1386/1454 641/1405/1453
f 639/1401/1455 631/1390/1455 638/1397/1455
f 643/1398/1456 634/1393/1456 642/1539/1456
f 628/1392/1457 627/1391/1457 635/1399/1457
f 632/1394/1458 631/1390/1458 640/1402/1458
f 629/1383/1459 628/1395/1459 636/1403/1459
f 633/1386/1460 632/1385/1461 641/1405/1461
f 645/1417/1462 636/1416/1462 644/1414/1462
f 635/1424/1463 643/1412/1463 644/1414/1463
f 648/1540/1464 640/1406/1464 647/1408/1464
f 638/1541/1465 637/1415/1465 646/1419/1465
f 642/1420/1466 641/1542/1467 648/1421/1468
f 639/1407/1469 638/1422/1469 647/1408/1469
f 643/1412/1470 642/1420/1470 649/1413/1470
f 658/1425/1471 657/1411/1471 660/1543/1471
f 654/1428/1472 645/1427/1472 653/1436/1472
f 659/1544/1473 649/1429/1473 658/1425/1473
f 655/1434/1474 646/1426/1474 654/1428/1474
f 656/1410/1475 647/1433/1475 655/1434/1475
f 645/1427/1476 644/1430/1476 652/1435/1476
f 650/1431/1477 649/1429/1477 659/1544/1477
f 648/1409/1478 647/1433/1478 656/1410/1478
f 670/1545/1479 658/1437/1479 669/1439/1479
f 651/1446/1480 650/1449/1480 661/1447/1480
f 671/1450/1481 659/1443/1481 670/1445/1481
f 667/1454/1482 656/1453/1482 655/1440/1482
f 652/1451/1483 651/1446/1483 662/1448/1483
f 661/1447/1484 650/1449/1484 671/1450/1484
f 657/1461/1485 656/1546/1485 668/1464/1485
f 653/1459/1486 652/1456/1487 664/1458/1486
f 666/1442/1488 654/1441/1488 665/1463/1488
f 679/1469/1489 663/1457/1489 678/1486/1489
f 677/1476/1490 661/1447/1490 671/1450/1490
f 668/1455/1491 667/1454/1491 674/1477/1491
f 657/1461/1492 668/1464/1492 675/1466/1493
f 669/1439/1494 657/1461/1494 676/1467/1494
f 673/1468/1495 665/1463/1495 672/1481/1495
f 667/1454/1496 655/1440/1496 666/1442/1496
f 682/1479/1497 669/1439/1497 676/1467/1497
f 666/1442/1498 673/1468/1498 680/1474/1498
f 670/1545/1201 669/1439/1201 682/1479/1201
f 678/1473/1499 661/1447/1499 677/1476/1499
f 667/1454/1500 666/1442/1500 680/1474/1500
f 671/1450/1501 670/1445/1501 683/1472/1501
f 689/1480/1502 676/1467/1502 688/1478/1502
f 672/1470/1503 679/1469/1503 686/1547/1503
f 673/1468/1504 672/1481/1504 687/1483/1504
f 685/1548/1505 678/1473/1505 684/1485/1505
f 677/1476/1506 683/1472/1506 690/1488/1506
f 688/1549/1507 674/1477/1508 681/1475/1509
f 686/1547/1214 679/1469/1214 685/1487/1510
f 683/1492/1511 689/1503/1511 697/1493/1511
f 681/1499/1512 680/1489/1512 694/1491/1512
f 692/1502/1513 685/1495/1513 691/1497/1513
f 695/1500/1514 681/1499/1514 694/1491/1514
f 684/1496/1515 690/1494/1516 691/1497/1517
f 693/1505/1518 686/1501/1518 692/1502/1518
f 696/1504/1519 688/1498/1519 695/1500/1519
f 697/1493/1520 689/1503/1520 696/1504/1520
f 699/1507/1521 696/1504/1522 698/1506/1523
f 697/1493/1524 696/1504/1524 699/1507/1524
f 694/1491/1525 693/1505/1525 698/1506/1525
f 695/1500/1526 694/1491/1526 698/1506/1527
f 698/1506/1528 692/1502/1528 699/1507/1528
f 691/1497/1529 697/1493/1530 699/1507/1531
f 701/1550/1532 702/1551/1532 700/1552/1532
f 702/1551/1533 704/1553/1533 703/1554/1533
f 704/1555/1534 705/1556/1534 703/1557/1534
f 705/1556/1535 707/1558/1535 706/1559/1535
f 707/1560/1536 709/1561/1536 708/1562/1536
f 709/1561/1537 710/1563/1537 708/1562/1537
f 710/1563/1538 712/1564/1538 711/1565/1538
f 712/1564/1539 713/1566/1539 711/1565/1539
f 713/1567/1540 715/1568/1540 714/1569/1540
f 715/1568/928 717/1570/928 716/1571/928
f 717/1570/1541 719/1572/1541 718/1573/1541
f 719/1574/1542 720/1575/1542 718/1576/1542
f 720/1575/1543 701/1550/1543 700/1552/1543
f 714/1577/11 706/1578/11 708/1579/11
f 715/1580/1544 713/1581/1544 722/1582/1544
f 707/1558/1545 705/1556/1545 721/1583/1545
f 717/1584/933 723/1585/933 719/1586/933
f 707/1587/1250 721/1588/1250 709/1589/1250
f 717/1584/937 715/1590/937 723/1585/937
f 729/1591/1546 739/1592/1546 740/1593/1546
f 704/1594/1547 702/1595/1547 725/1596/1547
f 720/1597/1548 731/1598/1548 724/1599/1548
f 722/1582/1549 712/1600/1549 728/1601/1549
f 721/1588/1550 704/1594/1550 725/1596/1550
f 723/1585/1551 722/1582/1551 729/1602/1551
f 721/1588/1254 726/1603/1254 727/1604/1254
f 723/1585/1552 730/1605/1552 731/1598/1552
f 709/1589/1553 727/1604/1553 728/1601/1553
f 702/1595/1554 701/1606/1554 724/1599/1554
f 729/1591/1555 740/1593/1555 741/1607/1555
f 727/1608/1556 726/1609/1556 735/1610/1556
f 730/1611/1557 741/1607/1557 742/1612/1557
f 731/1613/1558 730/1611/1558 742/1612/1558
f 728/1614/1559 727/1615/1559 737/1616/1559
f 724/1617/1560 732/1618/1560 733/1619/1560
f 728/1614/1561 738/1620/1561 739/1621/1561
f 724/1617/1562 731/1622/1562 732/1618/1562
f 725/1623/1563 733/1624/1563 734/1625/1563
f 743/1626/1564 746/1627/1564 747/1628/1564
f 743/1626/1565 747/1628/1565 744/1629/1565
f 734/1625/1566 733/1624/1566 745/1630/1566
f 734/1625/1567 745/1630/1567 735/1610/1567
f 749/1631/1568 748/1632/1568 756/1633/1568
f 736/1634/1569 751/1635/1569 752/1636/1569
f 732/1637/1570 744/1638/1570 748/1639/1570
f 733/1640/1571 732/1637/1571 749/1641/1571
f 744/1638/1572 747/1642/1572 748/1639/1572
f 739/1643/1573 738/1644/1573 752/1636/1573
f 745/1645/1574 733/1640/1574 749/1641/1574
f 740/1646/1575 739/1643/1575 753/1647/1575
f 741/1648/1576 740/1646/1576 753/1647/1576
f 745/1645/1577 750/1649/1577 751/1635/1577
f 746/1650/1578 741/1648/1578 754/1651/1578
f 746/1650/1579 754/1651/1579 755/1652/1579
f 747/1653/1580 764/1654/1580 765/1655/1580
f 753/1656/1581 752/1657/1581 761/1658/1581
f 748/1632/1582 765/1655/1582 756/1633/1582
f 750/1659/1583 749/1660/1583 757/1661/1583
f 754/1662/1584 753/1663/1584 762/1664/1584
f 751/1665/1585 758/1666/1585 759/1667/1585
f 755/1668/1586 763/1669/1586 764/1670/1586
f 752/1657/1587 759/1671/1587 760/1672/1587
f 762/1664/1588 761/1673/1588 771/1674/1588
f 758/1666/1589 757/1661/1589 768/1675/1589
f 758/1666/985 768/1675/985 769/1676/985
f 763/1669/1590 762/1664/1590 772/1677/1590
f 764/1670/1591 772/1677/1591 773/1678/1591
f 760/1672/1592 769/1679/1592 770/1680/1592
f 761/1658/1593 760/1672/1593 770/1680/1593
f 757/1681/1594 756/1633/1594 767/1682/1594
f 765/1655/1595 773/1683/1595 766/1684/1595
f 777/1685/1596 776/1686/1596 785/1687/1596
f 771/1674/1597 779/1688/1597 780/1689/1597
f 769/1679/1598 776/1690/1598 777/1691/1598
f 772/1677/996 780/1689/996 781/1692/996
f 769/1679/997 777/1691/997 778/1693/997
f 770/1680/998 769/1679/998 778/1693/998
f 767/1682/999 774/1694/999 775/1695/999
f 773/1683/1000 781/1696/1000 774/1694/1000
f 770/1680/1001 778/1693/1001 779/1697/1001
f 768/1675/1002 775/1698/1002 776/1686/1002
f 781/1692/1003 780/1689/1003 789/1699/1003
f 778/1693/1599 777/1691/1600 785/1700/1601
f 774/1694/1602 790/1701/1602 782/1702/1602
f 774/1694/1603 781/1696/1603 790/1701/1603
f 775/1695/1604 782/1702/1605 783/1703/1606
f 778/1693/1607 786/1704/1607 787/1705/1607
f 776/1686/1608 783/1706/1608 784/1707/1608
f 779/1688/1609 787/1708/1609 788/1709/1609
f 790/1701/1610 791/1710/1611 782/1702/1612
f 789/1699/1613 788/1709/1613 791/1711/1613
f 787/1712/1614 786/1713/1614 796/1714/1614
f 784/1715/1615 783/1716/1615 794/1717/1615
f 788/1709/1616 787/1708/1617 797/1718/1618
f 785/1719/1619 794/1717/1620 795/1720/1621
f 783/1716/1622 782/1721/1622 793/1722/1622
f 791/1723/1623 797/1724/1624 792/1725/1625
f 794/1726/1626 799/1727/1626 800/1728/1626
f 796/1729/1627 803/1730/1627 804/1731/1627
f 795/1732/1628 794/1726/1628 801/1733/1628
f 793/1734/1629 798/1735/1630 799/1727/1631
f 792/1736/1632 797/1737/1632 806/1738/1632
f 796/1729/1633 802/1739/1633 803/1730/1633
f 805/1740/1634 804/1741/1635 815/1742/1634
f 799/1727/1636 807/1743/1636 800/1728/1636
f 808/1744/1637 816/1745/1637 817/1746/1637
f 802/1747/1638 801/1748/1638 812/1749/1638
f 798/1750/1639 808/1744/1639 799/1751/1639
f 802/1747/1640 812/1749/1640 813/1752/1640
f 798/1750/1641 806/1753/1641 808/1744/1641
f 803/1754/1642 813/1755/1643 814/1756/1644
f 803/1754/1645 814/1756/1645 815/1742/1645
f 801/1748/1646 800/1757/1646 809/1758/1646
f 799/1751/1647 817/1746/1647 818/1759/1647
f 808/1744/1648 806/1753/1648 823/1760/1648
f 812/1749/1649 820/1761/1650 813/1752/1649
f 807/1762/1651 818/1763/1651 819/1764/1651
f 805/1740/1652 815/1742/1653 821/1765/1654
f 806/1753/1655 805/1766/1655 822/1767/1655
f 824/1768/1656 819/1764/1656 830/1769/1656
f 814/1756/1657 813/1755/1657 826/1770/1657
f 815/1742/1658 814/1756/1658 827/1771/1658
f 815/1742/1659 827/1771/1659 821/1765/1659
f 810/1772/1660 824/1773/1660 825/1774/1660
f 812/1749/1661 825/1774/1661 820/1761/1661
f 824/1773/1662 830/1775/1662 831/1776/1662
f 821/1765/1663 833/1777/1663 834/1778/1663
f 825/1774/1664 831/1776/1664 832/1779/1664
f 817/1746/1665 816/1745/1665 828/1780/1665
f 818/1759/1666 817/1746/1666 829/1781/1666
f 823/1760/1667 834/1782/1667 828/1780/1667
f 826/1770/1668 820/1783/1668 832/1784/1668
f 819/1764/1669 818/1763/1669 829/1785/1669
f 829/1786/1670 828/1787/1670 835/1788/1670
f 828/1787/1671 834/1789/1672 835/1788/1673
f 826/1790/1674 832/1791/1674 838/1792/1674
f 830/1793/1675 829/1786/1675 836/1794/1675
f 833/1795/1676 826/1790/1676 839/1796/1676
f 830/1793/1677 837/1797/1677 831/1798/1677
f 834/1789/1678 840/1799/1678 835/1788/1678
f 838/1792/1679 832/1791/1679 841/1800/1679
f 831/1798/1680 837/1797/1680 841/1800/1680
f 839/1796/1681 838/1792/1681 842/1801/1681
f 836/1794/1682 835/1788/1683 837/1797/1683
f 700/1552/1684 702/1551/1684 703/1554/1684
f 703/1557/1388 705/1556/1388 706/1559/1388
f 706/1802/1685 707/1560/1685 708/1562/1685
f 708/1562/1686 710/1563/1686 711/1565/1686
f 711/1803/1687 713/1567/1687 714/1569/1687
f 714/1569/1688 715/1568/1688 716/1571/1688
f 716/1571/1689 717/1570/1689 718/1573/1689
f 718/1576/1690 720/1575/1690 700/1552/1690
f 700/1804/11 703/1805/11 718/1806/11
f 706/1578/11 714/1577/11 716/1807/11
f 711/1808/11 714/1577/11 708/1579/11
f 716/1807/11 703/1805/11 706/1578/11
f 703/1805/11 716/1807/11 718/1806/11
f 723/1809/1691 715/1568/1692 722/1810/1691
f 722/1582/1693 713/1581/1693 712/1600/1693
f 721/1588/1694 705/1811/1694 704/1594/1694
f 701/1606/1695 720/1597/1695 724/1599/1695
f 729/1602/1696 722/1582/1696 728/1601/1696
f 726/1603/1697 721/1588/1697 725/1596/1697
f 730/1605/1698 723/1585/1698 729/1602/1698
f 709/1589/1406 721/1588/1406 727/1604/1406
f 719/1586/1699 723/1585/1699 731/1598/1699
f 710/1812/1700 709/1589/1700 728/1601/1700
f 725/1596/1701 702/1595/1701 724/1599/1701
f 720/1597/1702 719/1586/1702 731/1598/1702
f 712/1600/1703 710/1812/1703 728/1601/1703
f 735/1610/1704 726/1609/1704 734/1625/1704
f 730/1611/1705 729/1591/1706 741/1607/1705
f 736/1813/1707 727/1608/1707 735/1610/1707
f 737/1616/1708 727/1615/1708 736/1814/1708
f 743/1815/1709 731/1613/1709 742/1612/1709
f 738/1620/1710 728/1614/1710 737/1616/1710
f 725/1816/1711 724/1617/1711 733/1619/1711
f 732/1618/1712 731/1622/1712 743/1626/1712
f 729/1591/1713 728/1817/1713 739/1592/1713
f 726/1609/1714 725/1623/1714 734/1625/1714
f 746/1818/1715 742/1612/1715 741/1607/1715
f 743/1815/1716 742/1612/1716 746/1818/1716
f 732/1618/1717 743/1626/1717 744/1629/1717
f 737/1819/1718 736/1634/1718 752/1636/1718
f 747/1642/1719 746/1650/1719 755/1652/1719
f 749/1641/1720 732/1637/1720 748/1639/1720
f 738/1644/1721 737/1819/1721 752/1636/1721
f 753/1647/1722 739/1643/1722 752/1636/1722
f 750/1649/1723 745/1645/1723 749/1641/1723
f 754/1651/1724 741/1648/1724 753/1647/1724
f 735/1820/1725 745/1645/1725 751/1635/1725
f 736/1634/1726 735/1820/1726 751/1635/1726
f 747/1653/1727 755/1821/1727 764/1654/1727
f 761/1658/1728 752/1657/1728 760/1672/1728
f 757/1681/1729 749/1631/1729 756/1633/1729
f 748/1632/1730 747/1653/1730 765/1655/1730
f 762/1664/1731 753/1663/1731 761/1673/1731
f 758/1666/1732 750/1659/1732 757/1661/1732
f 751/1665/1733 750/1659/1733 758/1666/1733
f 763/1669/1734 754/1662/1734 762/1664/1734
f 755/1668/1735 754/1662/1735 763/1669/1735
f 752/1657/1736 751/1822/1736 759/1671/1736
f 756/1633/1737 765/1655/1737 766/1684/1737
f 771/1674/1738 761/1673/1738 770/1823/1738
f 768/1675/1739 757/1661/1739 767/1824/1739
f 772/1677/1740 762/1664/1740 771/1674/1740
f 759/1667/1445 758/1666/1445 769/1676/1445
f 764/1670/1741 763/1669/1741 772/1677/1741
f 760/1672/1742 759/1671/1742 769/1679/1742
f 767/1682/1743 756/1633/1743 766/1684/1743
f 765/1655/1744 764/1654/1744 773/1683/1744
f 772/1677/1145 771/1674/1145 780/1689/1145
f 769/1676/1146 768/1675/1146 776/1686/1146
f 773/1678/1745 772/1677/1745 781/1692/1745
f 767/1682/1148 766/1684/1148 774/1694/1148
f 766/1684/1452 773/1683/1452 774/1694/1452
f 771/1674/1150 770/1823/1150 779/1688/1150
f 768/1675/1151 767/1824/1151 775/1698/1151
f 789/1699/1152 780/1689/1152 788/1709/1152
f 786/1704/1746 778/1693/1747 785/1700/1747
f 790/1701/1748 781/1696/1748 789/1825/1748
f 775/1695/1749 774/1694/1749 782/1702/1749
f 779/1697/1750 778/1693/1750 787/1705/1750
f 776/1686/1459 775/1698/1459 783/1706/1459
f 780/1689/1160 779/1688/1160 788/1709/1160
f 785/1687/1751 776/1686/1751 784/1707/1751
f 796/1714/1752 786/1713/1752 795/1826/1752
f 790/1701/1753 789/1825/1753 791/1710/1753
f 782/1721/1754 791/1723/1754 792/1725/1754
f 794/1717/1755 783/1716/1755 793/1722/1755
f 797/1718/1756 787/1708/1756 796/1827/1756
f 785/1719/1757 784/1715/1757 794/1717/1757
f 791/1723/1758 788/1828/1758 797/1724/1758
f 786/1713/1759 785/1829/1759 795/1826/1759
f 793/1722/1760 782/1721/1760 792/1725/1760
f 797/1737/1761 796/1729/1761 804/1731/1761
f 801/1733/1762 794/1726/1762 800/1728/1762
f 805/1830/1763 797/1737/1763 804/1731/1763
f 793/1734/1764 792/1736/1764 798/1735/1764
f 806/1738/1765 797/1737/1765 805/1830/1765
f 802/1739/1766 795/1732/1766 801/1733/1766
f 796/1729/1767 795/1732/1767 802/1739/1767
f 798/1735/1768 792/1736/1768 806/1738/1768
f 794/1726/1769 793/1734/1769 799/1727/1769
f 811/1831/1770 801/1748/1770 810/1772/1770
f 812/1749/1771 801/1748/1771 811/1831/1771
f 803/1832/1772 802/1747/1772 813/1752/1772
f 800/1833/1773 807/1762/1773 809/1834/1773
f 804/1741/1774 803/1754/1774 815/1742/1774
f 810/1772/1775 801/1748/1775 809/1758/1775
f 823/1760/1776 806/1753/1776 822/1767/1776
f 799/1751/1777 808/1744/1777 817/1746/1777
f 807/1762/1778 799/1835/1778 818/1763/1778
f 809/1834/1779 807/1762/1779 819/1764/1779
f 822/1836/1780 805/1740/1780 821/1765/1780
f 826/1770/1781 813/1755/1781 820/1783/1781
f 827/1771/1782 814/1756/1782 826/1770/1782
f 824/1768/1783 809/1834/1783 819/1764/1783
f 810/1772/1784 809/1758/1784 824/1773/1784
f 811/1831/1785 810/1772/1785 825/1774/1785
f 812/1749/1786 811/1831/1786 825/1774/1786
f 808/1744/1787 823/1760/1787 816/1745/1787
f 833/1777/1788 827/1771/1788 826/1770/1788
f 821/1765/1789 827/1771/1789 833/1777/1789
f 825/1774/1790 824/1773/1790 831/1776/1790
f 822/1836/1791 821/1765/1791 834/1778/1791
f 823/1760/1792 822/1767/1792 834/1782/1792
f 820/1761/1793 825/1774/1793 832/1779/1793
f 829/1781/1794 817/1746/1794 828/1780/1794
f 816/1745/1795 823/1760/1795 828/1780/1796
f 830/1769/1797 819/1764/1797 829/1785/1797
f 832/1791/1798 831/1798/1798 841/1800/1798
f 834/1789/1799 833/1795/1799 840/1799/1799
f 836/1794/1800 829/1786/1800 835/1788/1800
f 837/1797/1801 830/1793/1801 836/1794/1801
f 839/1796/1802 826/1790/1802 838/1792/1802
f 840/1799/1803 833/1795/1803 839/1796/1803
f 841/1800/1804 837/1797/1804 842/1801/1804
f 842/1801/1805 838/1792/1805 841/1800/1805
f 840/1799/1806 839/1796/1807 842/1801/1808
f 837/1797/1809 835/1788/1809 842/1801/1809
f 835/1788/1810 840/1799/1810 842/1801/1810
f 844/1837/1811 845/1838/1811 843/1839/1811
f 845/1838/1812 847/1840/1812 846/1841/1812
f 847/1842/1813 849/1843/1813 848/1844/1813
f 849/1845/1814 851/1846/1814 850/1847/1814
f 851/1846/1815 853/1848/1815 852/1849/1815
f 853/1848/1816 854/1850/1816 852/1849/1816
f 854/1850/1817 857/1851/1817 856/1852/1817
f 857/1853/1818 858/1854/1818 856/1855/1818
f 858/1854/1819 860/1856/1819 859/1857/1819
f 860/1856/1820 861/1858/1820 859/1857/1820
f 861/1859/1821 863/1860/1821 862/1861/1821
f 863/1860/1822 844/1837/1822 864/1862/1822
f 859/1863/11 848/1864/11 850/1865/11
f 849/1866/1823 866/1867/1823 851/1868/1823
f 849/1843/1824 847/1842/1824 866/1869/1824
f 861/1870/1825 867/1871/1825 868/1872/1825
f 847/1873/1826 845/1874/1826 865/1875/1826
f 873/1876/1827 884/1877/1827 885/1878/1827
f 857/1879/1828 854/1880/1828 873/1881/1828
f 863/1882/1829 876/1883/1829 869/1884/1829
f 858/1885/1830 857/1879/1830 873/1881/1830
f 866/1867/1831 865/1875/1831 870/1886/1831
f 867/1871/1832 858/1885/1832 874/1887/1832
f 866/1867/1833 871/1888/1833 872/1889/1833
f 845/1874/1834 863/1882/1834 869/1884/1834
f 868/1872/1835 875/1890/1835 876/1883/1835
f 854/1880/1836 872/1889/1836 873/1881/1836
f 865/1875/1837 845/1874/1837 869/1884/1837
f 871/1891/1838 879/1892/1838 880/1893/1838
f 874/1894/1839 885/1878/1839 886/1895/1839
f 872/1896/1840 871/1891/1840 880/1893/1840
f 876/1897/1841 875/1898/1841 887/1899/1841
f 869/1900/1842 877/1901/1842 878/1902/1842
f 873/1903/1843 872/1904/1843 883/1905/1843
f 870/1906/1844 878/1902/1844 879/1907/1844
f 873/1903/1845 883/1905/1845 884/1908/1845
f 869/1900/1846 876/1909/1846 877/1901/1846
f 880/1910/1847 890/1911/1847 881/1912/1847
f 880/1893/1848 879/1892/1848 890/1913/1848
f 893/1914/1849 892/1915/1849 901/1916/1849
f 881/1917/1850 895/1918/1850 896/1919/1850
f 887/1920/1851 899/1921/1851 900/1922/1851
f 877/1923/1852 889/1924/1852 892/1925/1852
f 882/1926/1853 896/1919/1853 897/1927/1853
f 878/1928/1854 877/1923/1855 893/1929/1856
f 889/1924/1857 900/1922/1857 892/1925/1857
f 884/1930/1858 883/1931/1858 897/1927/1858
f 879/1932/1859 878/1928/1860 893/1929/1860
f 885/1933/1861 884/1930/1861 897/1927/1861
f 890/1934/1862 879/1932/1863 894/1935/1862
f 891/1936/1864 885/1933/1864 898/1937/1864
f 890/1934/1865 894/1935/1865 895/1918/1865
f 900/1938/1866 908/1939/1866 901/1916/1866
f 894/1940/1867 893/1941/1867 902/1942/1867
f 898/1943/1868 897/1944/1868 905/1945/1868
f 894/1940/1869 903/1946/1869 904/1947/1869
f 899/1948/1870 898/1943/1870 906/1949/1870
f 899/1948/1871 907/1950/1871 908/1951/1871
f 895/1952/1872 904/1953/1872 896/1954/1872
f 906/1949/1873 905/1945/1873 914/1955/1873
f 903/1946/1874 902/1942/1874 910/1956/1874
f 907/1950/1875 906/1949/1875 915/1957/1875
f 904/1953/1876 911/1958/1876 912/1959/1876
f 908/1951/1877 915/1957/1877 916/1960/1877
f 896/1954/1878 912/1959/1878 913/1961/1878
f 902/1962/1879 901/1916/1879 909/1963/1879
f 901/1916/1880 916/1964/1880 909/1963/1880
f 914/1955/1597 921/1965/1597 922/1966/1597
f 911/1967/1881 918/1968/1881 919/1969/1881
f 915/1957/1882 922/1966/1882 923/1970/1882
f 912/1959/1883 919/1971/1883 920/1972/1883
f 913/1961/1884 912/1959/1884 920/1972/1884
f 913/1961/1001 920/1972/1001 921/1973/1001
f 910/1956/1885 917/1974/1885 918/1968/1885
f 909/1963/1886 923/1975/1886 917/1976/1886
f 923/1970/1887 922/1966/1887 930/1977/1887
f 920/1972/1888 919/1971/1889 927/1978/1890
f 917/1976/1891 924/1979/1891 925/1980/1892
f 917/1976/1893 923/1975/1893 924/1979/1893
f 921/1965/1894 928/1981/1894 929/1982/1894
f 918/1968/1895 925/1983/1895 926/1984/1895
f 919/1969/1896 918/1968/1896 926/1984/1896
f 922/1966/1897 929/1982/1897 930/1977/1897
f 929/1985/1898 928/1986/1898 935/1987/1898
f 926/1988/1899 925/1989/1899 933/1990/1899
f 930/1977/1900 929/1982/1901 936/1991/1902
f 926/1988/1903 933/1990/1903 934/1992/1903
f 925/1989/1904 924/1993/1904 932/1994/1904
f 931/1995/1905 936/1996/1906 932/1994/1907
f 933/1997/1908 938/1998/1908 939/1999/1908
f 935/2000/1909 942/2001/1909 943/2002/1909
f 934/2003/1910 933/1997/1910 939/1999/1910
f 932/2004/1911 937/2005/1911 938/1998/1911
f 932/2004/1912 936/2006/1912 944/2007/1912
f 935/2000/1913 941/2008/1914 942/2001/1915
f 947/2009/1916 943/2010/1916 955/2011/1916
f 938/1998/1636 946/2012/1636 939/1999/1636
f 941/2013/1917 940/2014/1917 951/2015/1917
f 937/2016/1918 948/2017/1918 938/2018/1918
f 945/2019/1919 944/2020/1920 956/2021/1921
f 941/2013/1922 952/2022/1922 953/2023/1922
f 942/2024/1923 953/2025/1924 954/2026/1924
f 942/2024/1925 954/2026/1925 955/2011/1925
f 940/2014/1926 939/2027/1926 949/2028/1926
f 938/2018/1927 957/2029/1927 958/2030/1927
f 948/2017/1928 956/2021/1928 962/2031/1928
f 946/2032/1929 958/2033/1929 959/2034/1929
f 947/2009/1930 955/2011/1931 960/2035/1932
f 956/2021/1933 947/2036/1933 961/2037/1933
f 954/2026/1934 953/2025/1934 969/2038/1934
f 955/2011/1935 954/2026/1935 970/2039/1935
f 949/2040/1936 959/2034/1936 965/2041/1936
f 949/2028/1937 965/2042/1937 966/2043/1937
f 950/2044/1938 966/2043/1938 967/2045/1938
f 957/2029/1939 948/2017/1939 964/2046/1939
f 952/2022/1940 967/2045/1940 968/2047/1940
f 953/2023/1941 952/2022/1941 968/2047/1941
f 960/2035/1942 970/2039/1943 972/2048/1944
f 960/2035/1945 972/2048/1946 973/2049/1947
f 962/2031/1948 973/2050/1948 974/2051/1948
f 958/2033/1949 957/2052/1949 971/2053/1949
f 963/2054/1950 974/2051/1950 964/2046/1950
f 959/2034/1951 958/2033/1951 971/2053/1951
f 967/2055/1952 977/2056/1952 978/2057/1952
f 973/2058/1953 980/2059/1953 974/2060/1953
f 971/2061/1954 964/2062/1954 975/2063/1954
f 969/2064/1955 968/2065/1955 978/2057/1955
f 965/2066/1956 971/2061/1956 976/2067/1956
f 972/2068/1957 969/2064/1957 979/2069/1957
f 974/2060/1958 980/2059/1958 975/2063/1958
f 979/2069/1959 978/2057/1959 982/2070/1959
f 977/2056/1960 976/2067/1961 981/2071/1960
f 977/2056/1962 981/2071/1963 982/2070/1964
f 979/2069/1965 982/2070/1966 981/2071/1967
f 976/2067/1968 975/2063/1969 981/2071/1970
f 843/1839/1971 845/1838/1971 846/1841/1971
f 846/2072/1972 847/1842/1972 848/1844/1972
f 848/2073/1973 849/1845/1973 850/1847/1973
f 850/1847/1974 851/1846/1974 852/1849/1974
f 852/1849/1975 854/1850/1975 855/2074/1975
f 855/2074/1976 854/1850/1976 856/1852/1976
f 856/1855/1977 858/1854/1977 859/1857/1977
f 859/1857/1978 861/1858/1978 862/2075/1978
f 862/1861/1979 863/1860/1979 864/1862/1979
f 864/1862/1980 844/1837/1980 843/1839/1980
f 855/2076/11 856/2077/11 852/2078/11
f 856/2077/11 859/1863/11 850/1865/11
f 859/1863/11 862/2079/11 848/1864/11
f 862/2079/11 864/2080/11 846/2081/11
f 850/1865/11 852/2078/11 856/2077/11
f 843/2082/11 846/2081/11 864/2080/11
f 862/2079/11 846/2081/11 848/1864/11
f 863/1882/1981 868/1872/1981 876/1883/1981
f 863/1882/1982 861/1870/1982 868/1872/1982
f 866/1869/1983 847/1842/1983 865/2083/1983
f 861/1870/1984 860/2084/1984 867/1871/1984
f 867/2085/1985 860/1856/1985 858/1854/1985
f 845/1838/1986 844/1837/1986 863/2086/1986
f 874/1894/1987 873/1876/1987 885/1878/1987
f 874/1887/1988 858/1885/1988 873/1881/1988
f 871/1888/1989 866/1867/1990 870/1886/1989
f 875/1890/1991 867/1871/1992 874/1887/1993
f 851/1868/1994 866/1867/1994 872/1889/1994
f 868/1872/1995 867/1871/1995 875/1890/1995
f 853/2087/1996 851/1868/1996 872/1889/1996
f 854/1880/1997 853/2087/1997 872/1889/1997
f 870/1886/1998 865/1875/1998 869/1884/1998
f 871/1891/1999 870/2088/1999 879/1892/1999
f 875/2089/2000 874/1894/2000 886/1895/2000
f 881/2090/2001 872/1896/2001 880/1893/2001
f 887/2091/2002 875/2089/2002 886/1895/2002
f 882/2092/2003 872/1904/2003 881/1912/2003
f 883/1905/2004 872/1904/2004 882/2092/2004
f 888/2093/2005 876/1909/2005 887/2094/2005
f 870/1906/2006 869/1900/2006 878/1902/2006
f 877/1901/2007 876/1909/2007 888/2093/2007
f 887/1920/2008 891/1936/2008 899/1921/2008
f 887/2091/2009 886/1895/2009 891/2095/2009
f 877/1901/2010 888/2093/2010 889/2096/2010
f 891/2095/2011 886/1895/2011 885/1878/2011
f 882/1926/2012 881/1917/2012 896/1919/2012
f 888/2097/2013 887/1920/2013 900/1922/2013
f 893/1929/2014 877/1923/2014 892/1925/2014
f 883/1931/2015 882/1926/2015 897/1927/2015
f 889/1924/2016 888/2097/2016 900/1922/2016
f 894/1935/2017 879/1932/2017 893/1929/2017
f 898/1937/2018 885/1933/2018 897/1927/2018
f 899/1921/2019 891/1936/2019 898/1937/2019
f 881/1917/2020 890/1934/2020 895/1918/2020
f 902/1962/2021 893/1914/2021 901/1916/2021
f 892/1915/2022 900/1938/2022 901/1916/2022
f 906/1949/2023 898/1943/2023 905/1945/2023
f 903/1946/2024 894/1940/2024 902/1942/2024
f 895/2098/2025 894/1940/2025 904/1947/2026
f 907/1950/2027 899/1948/2027 906/1949/2027
f 900/2099/2028 899/1948/2028 908/1951/2028
f 897/2100/2029 896/1954/2029 905/2101/2029
f 911/1967/2030 910/1956/2030 918/1968/2030
f 914/1955/2031 905/1945/2031 913/2102/2031
f 911/1967/2032 903/1946/2032 910/1956/2032
f 904/1947/2033 903/1946/2033 911/1967/2033
f 915/1957/1740 906/1949/1740 914/1955/1740
f 908/1951/1741 907/1950/1741 915/1957/1741
f 896/1954/2034 904/1953/2035 912/1959/2036
f 905/2101/2037 896/1954/2037 913/1961/2037
f 901/1916/2038 908/1939/2038 916/1964/2038
f 910/2103/2039 902/1962/2040 909/1963/2039
f 927/2104/2041 919/1969/2041 926/1984/2041
f 915/1957/1145 914/1955/1145 922/1966/1145
f 912/1959/2042 911/1958/2042 919/1971/2042
f 916/1960/2043 915/1957/2043 923/1970/2044
f 910/2103/2045 909/1963/2046 917/1976/2045
f 909/1963/2047 916/1964/2047 923/1975/2047
f 914/1955/1150 913/2102/1150 921/1965/1150
f 931/2105/2048 923/2106/2048 930/2107/2048
f 928/2108/2049 920/1972/2049 927/1978/2049
f 924/1979/2050 923/1975/2050 931/2109/2050
f 921/1973/2051 920/1972/2051 928/2108/2051
f 918/1968/2052 917/1974/2052 925/1983/2052
f 922/1966/2053 921/1965/2053 929/1982/2054
f 935/1987/2055 928/1986/2055 934/2110/2055
f 924/1993/2056 931/1995/2056 932/1994/2056
f 936/1991/2057 929/1982/2057 935/2111/2058
f 927/2112/2059 926/1988/2059 934/1992/2060
f 931/1995/2061 930/2113/2061 936/1996/2061
f 928/1986/2062 927/2114/2062 934/2110/2062
f 933/1990/2063 925/1989/2064 932/1994/2065
f 936/2006/2066 935/2000/2066 943/2002/2066
f 940/2115/2067 934/2003/2067 939/1999/2067
f 944/2007/2068 936/2006/2068 943/2002/2068
f 941/2008/2069 934/2003/2069 940/2115/2069
f 933/1997/2070 932/2004/2071 938/1998/2070
f 945/2116/2072 932/2004/2073 944/2007/2072
f 935/2000/2074 934/2003/2074 941/2008/2074
f 937/2005/2075 932/2004/2075 945/2116/2075
f 947/2117/2076 944/2007/2076 943/2002/2076
f 951/2015/2077 940/2014/2077 950/2044/2077
f 937/2016/2078 945/2019/2078 948/2017/2078
f 956/2021/2079 944/2020/2079 947/2036/2079
f 952/2022/2080 941/2013/2080 951/2015/2080
f 948/2017/2081 945/2019/2081 956/2021/2081
f 942/2118/2082 941/2013/2082 953/2023/2082
f 939/2119/2083 946/2032/2083 949/2040/2083
f 943/2010/1774 942/2024/1774 955/2011/1774
f 950/2044/2084 940/2014/2084 949/2028/2084
f 962/2031/2085 956/2021/2086 961/2037/2086
f 938/2018/2087 948/2017/2087 957/2029/2087
f 963/2054/2088 948/2017/2088 962/2031/2088
f 946/2032/2089 938/2120/2089 958/2033/2089
f 949/2040/2090 946/2032/2090 959/2034/2090
f 961/2121/2091 947/2009/2091 960/2035/2091
f 970/2039/2092 954/2026/2092 969/2038/2092
f 960/2035/2093 955/2011/2094 970/2039/2095
f 950/2044/2096 949/2028/2096 966/2043/2096
f 951/2015/2097 950/2044/2097 967/2045/2097
f 964/2046/2098 948/2017/2098 963/2054/2098
f 952/2022/2099 951/2015/2099 967/2045/2099
f 969/2122/2100 953/2023/2100 968/2047/2100
f 966/2123/2101 965/2066/2101 977/2056/2101
f 972/2048/2102 970/2039/2102 969/2038/2102
f 961/2121/2103 960/2035/2103 973/2049/2103
f 962/2031/2104 961/2037/2104 973/2050/2104
f 971/2124/2105 957/2029/2105 964/2046/2105
f 963/2054/2106 962/2031/2106 974/2051/2106
f 965/2041/2107 959/2034/2108 971/2053/2109
f 973/2058/2110 972/2068/2110 980/2059/2110
f 967/2055/2111 966/2123/2111 977/2056/2111
f 968/2065/2112 967/2055/2112 978/2057/2112
f 976/2067/1513 971/2061/1513 975/2063/1513
f 964/2062/2113 974/2060/2113 975/2063/2113
f 977/2056/2114 965/2066/2114 976/2067/2114
f 979/2069/2115 969/2064/2115 978/2057/2115
f 980/2059/2116 972/2068/2116 979/2069/2116
f 980/2059/2117 979/2069/2118 981/2071/2118
f 978/2057/2119 977/2056/2119 982/2070/2119
f 975/2063/2120 980/2059/2120 981/2071/2120
f 984/2125/1811 985/2126/1811 983/2127/1811
f 985/2126/1812 987/2128/1812 986/2129/1812
f 987/2130/2121 989/2131/2121 988/2132/2121
f 989/2133/1814 991/2134/1814 990/2135/1814
f 991/2134/1815 993/2136/1815 992/2137/1815
f 993/2136/1816 994/2138/1816 992/2137/1816
f 994/2138/2122 997/2139/2122 996/2140/2122
f 997/2141/1818 998/2142/1818 996/2143/1818
f 998/2142/1819 1000/2144/1819 999/2145/1819
f 1000/2144/1820 1001/2146/1820 999/2145/1820
f 1001/2147/1821 1003/2148/1821 1002/2149/1821
f 1003/2148/1822 984/2125/1822 1004/2150/1822
f 999/2151/11 988/2152/11 990/2153/11
f 1008/2154/2123 1016/2155/2124 1009/2156/2123
f 989/2157/1823 1006/2158/1823 991/2159/1823
f 989/2131/1824 987/2130/1824 1006/2160/1824
f 1001/2161/1825 1007/2162/1825 1008/2154/1825
f 987/2163/2125 985/2164/2125 1005/2165/2125
f 1014/2166/2126 1024/2167/2126 1025/2168/2126
f 997/2169/2127 994/2170/2127 1013/2171/2127
f 998/2172/2128 997/2169/2128 1014/2173/2128
f 1006/2158/1831 1005/2165/1831 1010/2174/1831
f 1007/2162/2129 998/2172/2129 1014/2173/2129
f 1006/2158/2130 1011/2175/2130 1012/2176/2130
f 1007/2162/2131 1015/2177/2131 1016/2155/2131
f 985/2164/2132 1003/2178/2132 1009/2156/2132
f 994/2170/2133 1012/2176/2133 1013/2171/2133
f 1005/2165/2134 985/2164/2134 1009/2156/2134
f 1011/2179/1838 1019/2180/1838 1020/2181/1838
f 1014/2166/2135 1025/2168/2135 1026/2182/2135
f 1012/2183/2136 1011/2179/2137 1020/2181/2138
f 1016/2184/2139 1015/2185/2140 1027/2186/2141
f 1009/2187/2142 1017/2188/2142 1018/2189/2142
f 1013/2190/2143 1012/2191/2143 1023/2192/2143
f 1009/2187/2144 1016/2193/2144 1028/2194/2144
f 1010/2195/2145 1018/2189/2145 1019/2196/2145
f 1013/2190/2146 1023/2192/2146 1024/2197/2146
f 1020/2198/2147 1030/2199/2147 1021/2200/2147
f 1020/2181/1848 1019/2180/1848 1030/2201/1848
f 1033/2202/1849 1032/2203/1849 1048/2204/1849
f 1021/2205/1850 1035/2206/1850 1036/2207/1850
f 1027/2208/2148 1039/2209/2148 1040/2210/2148
f 1017/2211/1852 1029/2212/1852 1032/2213/1852
f 1022/2214/2149 1036/2207/2149 1037/2215/2149
f 1018/2216/1854 1017/2211/1854 1033/2217/2150
f 1029/2212/1857 1040/2210/1857 1032/2213/1857
f 1024/2218/2151 1023/2219/2151 1037/2215/2151
f 1019/2220/2152 1018/2216/2152 1033/2217/2152
f 1025/2221/2153 1024/2218/2153 1037/2215/2153
f 1030/2222/2154 1019/2220/2154 1034/2223/2154
f 1031/2224/2155 1025/2221/2155 1038/2225/2155
f 1030/2222/1865 1034/2223/1865 1035/2206/1865
f 1040/2226/1866 1047/2227/1866 1048/2204/1866
f 1034/2228/1867 1033/2229/1867 1041/2230/1867
f 1038/2231/2156 1037/2232/2156 1044/2233/2156
f 1034/2228/1869 1042/2234/1869 1043/2235/1869
f 1039/2236/2157 1038/2231/2157 1045/2237/2157
f 1039/2236/1871 1046/2238/1871 1047/2239/1871
f 1035/2240/2158 1043/2241/2158 1036/2242/2158
f 1045/2237/1873 1044/2233/1873 1054/2243/1873
f 1042/2234/2159 1041/2230/2159 1051/2244/2159
f 1043/2235/2160 1051/2244/2160 1052/2245/2160
f 1046/2238/1875 1045/2237/1875 1055/2246/1875
f 1047/2239/2161 1055/2246/2161 1056/2247/2161
f 1036/2242/2162 1052/2248/2162 1053/2249/2162
f 1041/2250/2163 1048/2204/2163 1050/2251/2163
f 1048/2204/2164 1056/2252/2164 1049/2253/2164
f 1060/2254/2165 1059/2255/2165 1067/2256/2165
f 1054/2243/1597 1062/2257/1597 1063/2258/1597
f 1052/2248/2166 1059/2259/2166 1060/2260/2166
f 1055/2246/1306 1063/2258/1306 1064/2261/1306
f 1052/2248/997 1060/2260/997 1061/2262/997
f 1053/2249/998 1052/2248/998 1061/2262/998
f 1050/2251/999 1057/2263/999 1058/2264/999
f 1056/2252/1000 1064/2265/1000 1057/2263/1000
f 1053/2249/1001 1061/2262/1001 1062/2266/1001
f 1051/2244/1002 1058/2267/1002 1059/2255/1002
f 1064/2261/2167 1063/2258/2167 1072/2268/2167
f 1061/2262/2168 1060/2260/2168 1068/2269/2168
f 1057/2263/2169 1073/2270/2169 1065/2271/2169
f 1057/2263/2170 1064/2265/2171 1073/2270/2171
f 1058/2264/2172 1065/2271/2172 1066/2272/2172
f 1061/2262/2173 1069/2273/2173 1070/2274/2173
f 1059/2255/2174 1066/2275/2174 1067/2256/2175
f 1062/2257/2176 1070/2276/2176 1071/2277/2176
f 1070/2278/2177 1069/2279/2177 1077/2280/2178
f 1067/2281/2179 1066/2282/2180 1075/2283/2181
f 1071/2277/2182 1070/2276/2182 1077/2284/2182
f 1067/2281/1903 1075/2283/1903 1076/2285/1903
f 1066/2282/2183 1065/2286/2183 1074/2287/2183
f 1072/2288/2184 1078/2289/2184 1074/2287/2184
f 1075/2290/2185 1080/2291/2185 1081/2292/2185
f 1077/2293/2186 1085/2294/2186 1086/2295/2186
f 1076/2296/2187 1075/2290/2187 1081/2292/2187
f 1074/2297/2188 1079/2298/2188 1080/2291/2188
f 1074/2297/2189 1078/2299/2189 1087/2300/2189
f 1077/2293/2190 1084/2301/2190 1085/2294/2190
f 1087/2300/2191 1086/2295/2191 1089/2302/2191
f 1087/2303/2192 1089/2304/2192 1100/2305/2192
f 1083/2306/2193 1082/2307/2193 1095/2308/2194
f 1088/2309/2195 1087/2310/2195 1101/2311/2195
f 1084/2312/2196 1083/2306/2196 1096/2313/2196
f 1079/2314/2197 1090/2315/2197 1091/2316/2197
f 1084/2312/2198 1096/2313/2198 1097/2317/2198
f 1080/2318/2199 1091/2319/2199 1092/2320/2199
f 1085/2321/2200 1097/2322/2200 1098/2323/2200
f 1081/2324/2201 1092/2320/2202 1093/2325/2203
f 1086/2326/2204 1098/2323/2204 1099/2327/2204
f 1082/2328/2205 1081/2324/2206 1093/2325/2205
f 1090/2315/2207 1101/2311/2207 1104/2329/2207
f 1100/2305/2208 1099/2327/2208 1103/2330/2208
f 1098/2323/2209 1097/2322/2209 1109/2331/2209
f 1093/2325/2210 1102/2332/2210 1107/2333/2210
f 1099/2327/2211 1098/2323/2211 1110/2334/2211
f 1093/2335/2212 1107/2336/2213 1094/2337/2214
f 1100/2338/2215 1103/2339/2215 1104/2329/2215
f 1091/2316/2216 1090/2315/2216 1106/2340/2217
f 1096/2313/2218 1108/2341/2218 1109/2342/2218
f 1092/2343/2219 1091/2316/2219 1106/2340/2219
f 1097/2317/2220 1096/2313/2220 1109/2342/2220
f 1106/2340/1367 1105/2344/1367 1112/2345/1367
f 1108/2341/2221 1114/2346/2222 1115/2347/2223
f 1104/2329/1948 1116/2348/1948 1117/2349/1948
f 1102/2332/2224 1106/2350/2224 1113/2351/2224
f 1105/2344/1371 1117/2349/1371 1112/2345/1371
f 1107/2333/2225 1102/2332/2225 1113/2351/2225
f 1116/2352/1953 1122/2353/1953 1117/2354/1953
f 1113/2355/1375 1112/2356/1375 1118/2357/1375
f 1110/2358/2226 1109/2359/2226 1120/2360/2226
f 1107/2361/2227 1113/2355/2227 1119/2362/2227
f 1111/2363/2228 1110/2358/2228 1121/2364/2228
f 1107/2361/2229 1119/2362/2229 1114/2365/2230
f 1117/2354/1958 1122/2353/1958 1118/2357/1958
f 1120/2360/2231 1115/2366/2231 1123/2367/2231
f 1114/2365/2232 1119/2362/2232 1123/2367/2232
f 1119/2362/2233 1124/2368/2234 1123/2367/2233
f 1122/2353/2235 1121/2364/2235 1124/2368/2235
f 1119/2362/2236 1118/2357/2236 1124/2368/2236
f 983/2127/1971 985/2126/1971 986/2129/1971
f 986/2369/2237 987/2130/2237 988/2132/2237
f 988/2370/1973 989/2133/1973 990/2135/1973
f 990/2135/2238 991/2134/2238 992/2137/2238
f 992/2137/1975 994/2138/1975 995/2371/1975
f 995/2371/2239 994/2138/2239 996/2140/2239
f 996/2143/2240 998/2142/2240 999/2145/2240
f 999/2145/1978 1001/2146/1978 1002/2372/1978
f 1002/2149/1979 1003/2148/1979 1004/2150/1979
f 1004/2150/1980 984/2125/1980 983/2127/1980
f 995/2373/11 996/2374/11 992/2375/11
f 996/2374/11 999/2151/11 990/2153/11
f 999/2151/11 1002/2376/11 988/2152/11
f 1002/2376/11 1004/2377/11 986/2378/11
f 990/2153/11 992/2375/11 996/2374/11
f 983/2379/11 986/2378/11 1004/2377/11
f 1002/2376/11 986/2378/11 988/2152/11
f 1003/2178/2241 1008/2154/2241 1009/2156/2241
f 1003/2178/1982 1001/2161/1982 1008/2154/1982
f 1006/2160/1983 987/2130/1983 1005/2380/1983
f 1001/2161/1984 1000/2381/1984 1007/2162/1984
f 1007/2382/2242 1000/2144/2242 998/2142/2242
f 985/2126/1986 984/2125/1986 1003/2383/1986
f 1014/2173/2243 997/2169/2243 1013/2171/2243
f 1011/2175/2244 1006/2158/2244 1010/2174/2244
f 1015/2177/2245 1007/2162/2245 1014/2173/2245
f 991/2159/1994 1006/2158/1994 1012/2176/1994
f 1008/2154/2246 1007/2162/2246 1016/2155/2246
f 993/2384/1996 991/2159/1996 1012/2176/1996
f 994/2170/1997 993/2384/1997 1012/2176/1997
f 1010/2174/2247 1005/2165/2247 1009/2156/2247
f 1011/2179/1999 1010/2385/1999 1019/2180/1999
f 1015/2185/2248 1014/2166/2248 1026/2182/2248
f 1021/2386/2001 1012/2183/2001 1020/2181/2001
f 1027/2186/2249 1015/2185/2249 1026/2182/2249
f 1022/2387/2003 1012/2191/2003 1021/2200/2003
f 1023/2192/2250 1012/2191/2250 1022/2387/2250
f 1028/2194/2251 1016/2193/2251 1027/2388/2251
f 1010/2195/2252 1009/2187/2252 1018/2189/2252
f 1017/2188/2253 1009/2187/2253 1028/2194/2253
f 1014/2389/2254 1013/2190/2254 1024/2197/2254
f 1027/2208/2255 1031/2224/2255 1039/2209/2255
f 1027/2186/2009 1026/2182/2009 1031/2390/2009
f 1017/2188/2256 1028/2194/2256 1029/2391/2256
f 1031/2390/2011 1026/2182/2011 1025/2168/2011
f 1022/2214/2257 1021/2205/2257 1036/2207/2257
f 1028/2392/2258 1027/2208/2258 1040/2210/2258
f 1033/2217/2014 1017/2211/2014 1032/2213/2014
f 1023/2219/2015 1022/2214/2015 1037/2215/2015
f 1029/2212/2259 1028/2392/2259 1040/2210/2259
f 1034/2223/2017 1019/2220/2017 1033/2217/2017
f 1038/2225/2018 1025/2221/2018 1037/2215/2018
f 1039/2209/2260 1031/2224/2260 1038/2225/2260
f 1021/2205/2020 1030/2222/2020 1035/2206/2020
f 1041/2250/2261 1033/2202/2261 1048/2204/2261
f 1032/2203/2022 1040/2226/2022 1048/2204/2022
f 1045/2237/2023 1038/2231/2023 1044/2233/2023
f 1042/2234/2024 1034/2228/2024 1041/2230/2024
f 1035/2393/2025 1034/2228/2026 1043/2235/2026
f 1046/2238/2262 1039/2236/2262 1045/2237/2262
f 1040/2394/2028 1039/2236/2028 1047/2239/2028
f 1037/2395/2263 1036/2242/2263 1044/2396/2263
f 1054/2243/2031 1044/2233/2031 1053/2397/2031
f 1051/2244/2264 1041/2230/2264 1050/2398/2264
f 1043/2235/2265 1042/2234/2265 1051/2244/2265
f 1055/2246/1740 1045/2237/1740 1054/2243/1740
f 1047/2239/1741 1046/2238/1741 1055/2246/1741
f 1036/2242/2266 1043/2241/2267 1052/2248/2268
f 1044/2396/2269 1036/2242/2269 1053/2249/2269
f 1050/2251/2270 1048/2204/2270 1049/2253/2270
f 1048/2204/2038 1047/2227/2038 1056/2252/2038
f 1068/2399/2271 1060/2254/2271 1067/2256/2271
f 1055/2246/1145 1054/2243/1145 1063/2258/1145
f 1052/2245/1146 1051/2244/1146 1059/2255/1146
f 1056/2247/1451 1055/2246/1451 1064/2261/1451
f 1050/2251/1148 1049/2253/1148 1057/2263/1148
f 1049/2253/1149 1056/2252/1149 1057/2263/1149
f 1054/2243/1150 1053/2397/1150 1062/2257/1150
f 1051/2244/1151 1050/2398/1151 1058/2267/1151
f 1072/2268/2272 1063/2258/2272 1071/2277/2272
f 1069/2273/2273 1061/2262/2273 1068/2269/2273
f 1073/2270/2274 1064/2265/2274 1072/2400/2274
f 1058/2264/2275 1057/2263/2275 1065/2271/2275
f 1062/2266/2276 1061/2262/2276 1070/2274/2276
f 1059/2255/1459 1058/2267/1459 1066/2275/1459
f 1063/2258/2277 1062/2257/2277 1071/2277/2277
f 1077/2280/2278 1069/2279/2278 1076/2401/2278
f 1065/2286/2279 1073/2402/2279 1074/2287/2279
f 1078/2403/2280 1071/2277/2281 1077/2284/2282
f 1068/2404/2283 1067/2281/2283 1076/2285/2283
f 1072/2288/2284 1071/2405/2285 1078/2289/2286
f 1069/2279/2287 1068/2406/2288 1076/2401/2289
f 1075/2283/2290 1066/2282/2290 1074/2287/2290
f 1073/2402/2291 1072/2288/2291 1074/2287/2291
f 1078/2299/2292 1077/2293/2292 1086/2295/2292
f 1082/2407/2293 1076/2296/2293 1081/2292/2293
f 1087/2300/2294 1078/2299/2294 1086/2295/2294
f 1083/2408/2295 1076/2296/2295 1082/2407/2295
f 1084/2301/2296 1076/2296/2296 1083/2408/2296
f 1075/2290/2297 1074/2297/2297 1080/2291/2297
f 1088/2409/2298 1074/2297/2298 1087/2300/2298
f 1077/2293/2299 1076/2296/2299 1084/2301/2299
f 1079/2298/2300 1074/2297/2300 1088/2409/2300
f 1100/2305/2301 1089/2304/2301 1099/2327/2301
f 1095/2308/2302 1082/2307/2302 1094/2337/2302
f 1079/2314/2303 1088/2309/2303 1090/2315/2303
f 1101/2311/2304 1087/2310/2305 1100/2338/2306
f 1096/2313/2307 1083/2306/2308 1095/2308/2309
f 1080/2410/2310 1079/2314/2310 1091/2316/2311
f 1090/2315/2312 1088/2309/2312 1101/2311/2312
f 1085/2321/2313 1084/2411/2313 1097/2322/2313
f 1081/2324/2314 1080/2318/2314 1092/2320/2314
f 1086/2326/2315 1085/2321/2315 1098/2323/2315
f 1089/2304/2316 1086/2326/2316 1099/2327/2316
f 1094/2337/2317 1082/2307/2317 1093/2335/2317
f 1102/2332/2318 1092/2320/2319 1106/2350/2320
f 1104/2329/2321 1101/2311/2321 1100/2338/2321
f 1105/2344/2322 1090/2315/2322 1104/2329/2322
f 1093/2325/2323 1092/2320/2323 1102/2332/2323
f 1110/2334/2324 1098/2323/2324 1109/2331/2324
f 1111/2412/2325 1099/2327/2325 1110/2334/2325
f 1103/2330/2326 1099/2327/2326 1111/2412/2326
f 1095/2308/2327 1094/2337/2327 1108/2341/2327
f 1106/2340/2328 1090/2315/2328 1105/2344/2328
f 1096/2313/2329 1095/2308/2329 1108/2341/2329
f 1094/2337/2330 1107/2336/2330 1114/2346/2330
f 1103/2330/2331 1111/2412/2331 1116/2413/2331
f 1108/2341/2332 1094/2337/2332 1114/2346/2332
f 1104/2329/2333 1103/2339/2333 1116/2348/2333
f 1109/2342/2334 1108/2341/2334 1115/2347/2334
f 1113/2414/2335 1106/2340/2335 1112/2345/2335
f 1105/2344/2336 1104/2329/2336 1117/2349/2336
f 1115/2366/2337 1114/2365/2337 1123/2367/2337
f 1116/2352/2338 1111/2363/2338 1122/2353/2338
f 1119/2362/2339 1113/2355/2339 1118/2357/2339
f 1120/2360/2340 1109/2359/2340 1115/2366/2340
f 1112/2356/2341 1117/2354/2341 1118/2357/2341
f 1121/2364/2342 1110/2358/2342 1120/2360/2342
f 1122/2353/2343 1111/2363/2343 1121/2364/2343
f 1123/2367/2344 1124/2368/2345 1121/2364/2346
f 1121/2364/2347 1120/2360/2347 1123/2367/2347
f 1118/2357/2348 1122/2353/2348 1124/2368/2348
f 1126/2415/1234 1127/2416/1234 1125/2417/1234
f 1127/2416/1235 1129/2418/1235 1128/2419/1235
f 1129/2420/1236 1130/2421/1236 1128/2422/1236
f 1130/2421/2349 1132/2423/2349 1131/2424/2349
f 1132/2425/1238 1134/2426/1238 1133/2427/1238
f 1134/2426/1239 1136/2428/1239 1135/2429/1239
f 1136/2428/1240 1137/2430/1240 1135/2429/1240
f 1137/2430/2350 1140/2431/2350 1139/2432/2350
f 1140/2433/1242 1142/2434/1242 1141/2435/1242
f 1142/2434/2351 1143/2436/2351 1141/2435/2351
f 1143/2436/2352 1145/2437/2352 1144/2438/2352
f 1145/2439/1245 1146/2440/1245 1144/2441/1245
f 1146/2440/1246 1126/2415/1246 1147/2442/1246
f 1141/2443/11 1131/2444/11 1133/2445/11
f 1132/2423/1247 1130/2421/1247 1148/2446/1247
f 1142/2434/2353 1140/2433/2353 1149/2447/2353
f 1143/2448/1249 1150/2449/1249 1145/2450/1249
f 1132/2451/1250 1148/2452/1250 1134/2453/1250
f 1156/2454/2354 1166/2455/2354 1167/2456/2354
f 1129/2457/2355 1127/2458/2355 1152/2459/2355
f 1149/2460/2356 1137/2461/2356 1156/2462/2356
f 1148/2452/1550 1129/2457/1550 1152/2459/1550
f 1150/2449/2357 1149/2460/2357 1157/2463/2357
f 1148/2452/1254 1153/2464/1254 1154/2465/1254
f 1150/2449/2358 1157/2463/2358 1158/2466/2358
f 1134/2453/1256 1154/2465/1256 1155/2467/1256
f 1127/2458/2359 1126/2468/2359 1151/2469/2359
f 1145/2450/2360 1158/2466/2360 1151/2469/2360
f 1153/2470/2361 1161/2471/2361 1162/2472/2361
f 1157/2473/2362 1167/2456/2363 1168/2474/2364
f 1154/2475/1261 1153/2470/1261 1162/2472/1261
f 1158/2476/2365 1157/2473/2365 1168/2474/2365
f 1155/2477/2366 1154/2478/2366 1164/2479/2366
f 1151/2480/2367 1159/2481/2367 1160/2482/2367
f 1151/2480/2368 1158/2483/2368 1169/2484/2368
f 1152/2485/2369 1160/2482/2369 1161/2486/2369
f 1156/2487/2370 1165/2488/2370 1166/2489/2370
f 1162/2490/2371 1172/2491/2371 1163/2492/2371
f 1162/2472/1848 1161/2471/1848 1172/2493/1848
f 1175/2494/1849 1174/2495/1849 1183/2496/1849
f 1163/2497/2372 1177/2498/2373 1178/2499/2374
f 1169/2500/1851 1181/2501/1851 1182/2502/1851
f 1159/2503/1852 1171/2504/1852 1174/2505/1852
f 1164/2506/1853 1178/2499/1853 1179/2507/1853
f 1160/2508/2375 1159/2503/2375 1175/2509/2375
f 1171/2504/2376 1182/2502/2376 1174/2505/2376
f 1166/2510/2377 1165/2511/2377 1179/2507/2377
f 1161/2512/1859 1160/2508/1860 1175/2509/2378
f 1167/2513/1861 1166/2510/1861 1179/2507/1861
f 1172/2514/2154 1161/2512/2154 1176/2515/2154
f 1173/2516/2155 1167/2513/2155 1180/2517/2155
f 1172/2514/1865 1176/2515/1865 1177/2498/1865
f 1182/2518/1866 1190/2519/1866 1183/2496/1866
f 1176/2520/1867 1175/2521/1867 1184/2522/1867
f 1180/2523/1868 1179/2524/1868 1187/2525/1868
f 1176/2520/2379 1185/2526/2380 1186/2527/2381
f 1181/2528/1870 1180/2523/1870 1188/2529/1870
f 1181/2528/1871 1189/2530/1871 1190/2531/1871
f 1177/2532/1872 1186/2533/1872 1178/2534/1872
f 1188/2529/1873 1187/2525/1873 1196/2535/1873
f 1185/2526/2159 1184/2522/2159 1193/2536/2159
f 1186/2527/2160 1193/2536/2160 1194/2537/2160
f 1189/2530/1590 1188/2529/1590 1197/2538/1590
f 1190/2531/2161 1197/2538/2161 1198/2539/2161
f 1178/2534/2162 1194/2540/2162 1195/2541/2162
f 1184/2542/2382 1183/2496/2382 1192/2543/2382
f 1183/2496/2164 1198/2544/2164 1191/2545/2164
f 1202/2546/2383 1201/2547/2383 1209/2548/2383
f 1196/2535/1597 1204/2549/1597 1205/2550/1597
f 1194/2540/1305 1201/2551/1305 1202/2552/1305
f 1197/2538/996 1205/2550/996 1206/2553/996
f 1194/2540/997 1202/2552/997 1203/2554/997
f 1195/2541/998 1194/2540/998 1203/2554/998
f 1192/2543/999 1199/2555/999 1200/2556/999
f 1198/2544/1000 1206/2557/1000 1199/2555/1000
f 1195/2541/1001 1203/2554/1001 1204/2558/1001
f 1193/2536/1002 1200/2559/1002 1201/2547/1002
f 1206/2553/2384 1205/2550/2384 1213/2560/2384
f 1203/2554/2385 1202/2552/2385 1210/2561/2385
f 1199/2555/2386 1206/2557/2386 1214/2562/2386
f 1200/2556/2387 1207/2563/2387 1208/2564/2388
f 1204/2549/2389 1211/2565/2389 1212/2566/2390
f 1201/2547/1314 1208/2567/1314 1209/2548/1314
f 1205/2550/1897 1212/2566/1897 1213/2560/1897
f 1207/2568/2391 1220/2569/2392 1215/2570/2393
f 1212/2571/2394 1211/2572/2394 1218/2573/2394
f 1209/2574/2395 1208/2575/2396 1216/2576/2395
f 1213/2560/2397 1212/2566/2398 1219/2577/2398
f 1209/2574/2399 1216/2576/2399 1217/2578/2399
f 1213/2579/2400 1219/2580/2401 1220/2569/2400
f 1210/2581/2402 1217/2582/2402 1218/2573/2402
f 1208/2575/2403 1207/2568/2403 1215/2570/2403
f 1216/2583/2404 1222/2584/2404 1223/2585/2404
f 1219/2586/2405 1226/2587/2405 1227/2588/2405
f 1217/2589/2406 1216/2583/2406 1223/2585/2406
f 1220/2590/2407 1219/2586/2407 1228/2591/2407
f 1215/2592/2408 1229/2593/2408 1221/2594/2408
f 1218/2595/2409 1217/2589/2409 1224/2596/2409
f 1215/2592/2410 1221/2594/2410 1222/2584/2410
f 1218/2595/2411 1225/2597/2411 1226/2587/2411
f 1215/2592/2412 1220/2590/2412 1229/2593/2412
f 1224/2596/2413 1223/2585/2413 1230/2598/2413
f 1228/2591/2414 1227/2588/2414 1231/2599/2414
f 1228/2600/2415 1231/2601/2416 1241/2602/2417
f 1221/2603/2418 1232/2604/2418 1233/2605/2418
f 1229/2606/2419 1228/2607/2420 1242/2608/2421
f 1225/2609/2422 1224/2610/2422 1236/2611/2422
f 1221/2603/2423 1233/2605/2423 1234/2612/2423
f 1225/2609/2424 1237/2613/2424 1238/2614/2424
f 1222/2615/2425 1234/2616/2425 1235/2617/2425
f 1226/2618/2426 1238/2619/2427 1239/2620/2428
f 1227/2621/2204 1239/2620/2204 1240/2622/2204
f 1230/2623/2429 1223/2624/2429 1235/2617/2429
f 1232/2604/2430 1242/2608/2430 1246/2625/2430
f 1230/2623/2431 1235/2617/2431 1243/2626/2431
f 1236/2611/2432 1230/2627/2432 1244/2628/2432
f 1241/2602/2208 1240/2622/2208 1245/2629/2208
f 1235/2617/1044 1234/2616/1044 1249/2630/1044
f 1239/2620/2433 1238/2619/2433 1252/2631/2433
f 1240/2622/2434 1239/2620/2434 1252/2631/2434
f 1235/2617/1045 1249/2630/1045 1243/2626/1045
f 1241/2632/2435 1245/2633/2435 1246/2625/2435
f 1233/2605/2436 1232/2604/2436 1248/2634/2436
f 1237/2613/2437 1250/2635/2437 1251/2636/2437
f 1234/2612/1050 1233/2605/1050 1248/2634/1050
f 1238/2614/2438 1237/2613/2438 1251/2636/2438
f 1253/2637/2439 1252/2631/2439 1258/2638/2439
f 1243/2639/2440 1256/2640/2440 1257/2641/2440
f 1248/2634/2441 1247/2642/2441 1254/2643/2441
f 1250/2635/2442 1257/2641/2442 1251/2636/2442
f 1246/2625/2443 1259/2644/2443 1260/2645/2443
f 1249/2630/2444 1248/2646/2444 1255/2647/2444
f 1247/2642/2445 1260/2645/2445 1254/2643/2445
f 1257/2648/2446 1263/2649/2446 1264/2650/2446
f 1259/2651/1953 1266/2652/1953 1260/2653/1953
f 1255/2654/1375 1254/2655/1375 1261/2656/1375
f 1256/2657/1377 1255/2654/1377 1262/2658/1377
f 1253/2659/2447 1258/2660/2447 1265/2661/2447
f 1260/2653/2448 1266/2652/2448 1261/2656/2448
f 1265/2661/2449 1264/2650/2449 1268/2662/2449
f 1263/2649/2450 1262/2658/2450 1267/2663/2450
f 1263/2649/2451 1267/2663/2452 1268/2662/2453
f 1265/2661/1966 1268/2662/2454 1267/2663/2455
f 1262/2658/2456 1261/2656/2456 1267/2663/2456
f 1125/2417/1387 1127/2416/1387 1128/2419/1387
f 1128/2422/1388 1130/2421/1388 1131/2424/1388
f 1131/2664/1973 1132/2425/1973 1133/2427/1973
f 1133/2427/2457 1134/2426/2457 1135/2429/2457
f 1135/2429/1391 1137/2430/1391 1138/2665/1391
f 1138/2665/1392 1137/2430/1392 1139/2432/1392
f 1139/2666/2458 1140/2433/2458 1141/2435/2458
f 1141/2435/2459 1143/2436/2459 1144/2438/2459
f 1144/2441/1395 1146/2440/1395 1147/2442/1395
f 1147/2442/2460 1126/2415/2460 1125/2417/2460
f 1138/2667/1397 1139/2668/1397 1135/2669/1397
f 1139/2668/11 1141/2443/11 1133/2445/11
f 1141/2443/11 1144/2670/11 1131/2444/11
f 1144/2670/11 1147/2671/11 1128/2672/11
f 1133/2445/11 1135/2669/11 1139/2668/11
f 1125/2673/11 1128/2672/11 1147/2671/11
f 1144/2670/11 1128/2672/11 1131/2444/11
f 1143/2448/1398 1142/2674/1398 1150/2449/1398
f 1150/2675/1399 1142/2434/1399 1149/2447/1399
f 1149/2460/2461 1140/2676/2461 1137/2461/2461
f 1148/2452/1401 1130/2677/1401 1129/2457/1401
f 1156/2462/1402 1137/2461/1402 1155/2467/1402
f 1126/2468/2462 1146/2678/2463 1151/2469/2464
f 1153/2464/1697 1148/2452/1697 1152/2459/1697
f 1157/2463/2465 1149/2460/2465 1156/2462/2465
f 1134/2453/1406 1148/2452/1406 1154/2465/1406
f 1145/2450/2466 1150/2449/2466 1158/2466/2466
f 1136/2679/1408 1134/2453/1408 1155/2467/1408
f 1152/2459/2467 1127/2458/2467 1151/2469/2467
f 1146/2678/2468 1145/2450/2468 1151/2469/2468
f 1137/2461/1411 1136/2679/1411 1155/2467/1411
f 1157/2473/2469 1156/2454/2469 1167/2456/2469
f 1163/2680/2470 1154/2475/2470 1162/2472/2470
f 1169/2681/2471 1158/2476/2471 1168/2474/2471
f 1164/2479/2472 1154/2478/2472 1163/2492/2472
f 1165/2488/2473 1155/2477/2473 1164/2479/2473
f 1152/2485/2474 1151/2480/2474 1160/2482/2474
f 1170/2682/2475 1151/2480/2475 1169/2484/2475
f 1156/2487/2476 1155/2477/2476 1165/2488/2476
f 1159/2481/2477 1151/2480/2477 1170/2682/2477
f 1153/2470/2478 1152/2683/2479 1161/2471/2480
f 1169/2500/2008 1173/2516/2008 1181/2501/2008
f 1169/2681/2009 1168/2474/2009 1173/2684/2009
f 1159/2481/2481 1170/2682/2481 1171/2685/2481
f 1173/2684/2482 1168/2474/2482 1167/2456/2482
f 1164/2506/2483 1163/2497/2483 1178/2499/2483
f 1170/2686/2013 1169/2500/2013 1182/2502/2013
f 1175/2509/2484 1159/2503/2484 1174/2505/2484
f 1165/2511/2015 1164/2506/2015 1179/2507/2015
f 1171/2504/2016 1170/2686/2016 1182/2502/2016
f 1176/2515/2485 1161/2512/2485 1175/2509/2485
f 1180/2517/2486 1167/2513/2486 1179/2507/2486
f 1181/2501/2019 1173/2516/2019 1180/2517/2019
f 1163/2497/2020 1172/2514/2020 1177/2498/2020
f 1184/2542/2021 1175/2494/2021 1183/2496/2021
f 1174/2495/2022 1182/2518/2022 1183/2496/2022
f 1188/2529/2023 1180/2523/2023 1187/2525/2023
f 1185/2526/2024 1176/2520/2024 1184/2522/2024
f 1177/2687/2025 1176/2520/2026 1186/2527/2026
f 1189/2530/2027 1181/2528/2027 1188/2529/2027
f 1182/2688/2028 1181/2528/2028 1190/2531/2028
f 1179/2689/2029 1178/2534/2029 1187/2690/2029
f 1196/2535/2031 1187/2525/2031 1195/2691/2031
f 1193/2536/2487 1184/2522/2487 1192/2692/2487
f 1186/2527/2488 1185/2526/2489 1193/2536/2488
f 1197/2538/2490 1188/2529/2490 1196/2535/2490
f 1190/2531/1741 1189/2530/1741 1197/2538/1741
f 1178/2534/2491 1186/2533/2267 1194/2540/2492
f 1187/2690/2037 1178/2534/2037 1195/2541/2037
f 1192/2543/2270 1183/2496/2270 1191/2545/2270
f 1183/2496/2038 1190/2519/2038 1198/2544/2038
f 1210/2693/2493 1202/2546/2494 1209/2548/2494
f 1197/2538/1145 1196/2535/1145 1205/2550/1145
f 1194/2537/1146 1193/2536/1146 1201/2547/1146
f 1198/2539/1745 1197/2538/1745 1206/2553/1745
f 1192/2543/1148 1191/2545/1148 1199/2555/1148
f 1191/2545/1452 1198/2544/1452 1199/2555/1452
f 1196/2535/1150 1195/2691/1150 1204/2549/1150
f 1193/2536/1151 1192/2692/1151 1200/2559/1151
f 1214/2694/2495 1206/2695/2495 1213/2696/2495
f 1211/2697/2496 1203/2554/2496 1210/2561/2496
f 1200/2556/2497 1199/2555/2497 1207/2563/2497
f 1207/2563/2498 1199/2555/2498 1214/2562/2498
f 1204/2558/2051 1203/2554/2051 1211/2697/2051
f 1201/2547/1459 1200/2559/1459 1208/2567/1459
f 1205/2550/2499 1204/2549/2499 1212/2566/2499
f 1216/2576/2500 1208/2575/2500 1215/2570/2500
f 1207/2568/2501 1214/2698/2501 1220/2569/2501
f 1219/2699/2502 1212/2571/2502 1218/2573/2502
f 1210/2700/2503 1209/2574/2503 1217/2578/2503
f 1214/2698/2504 1213/2579/2504 1220/2569/2504
f 1211/2572/2505 1210/2581/2505 1218/2573/2505
f 1224/2596/2506 1217/2589/2506 1223/2585/2506
f 1228/2591/2507 1219/2586/2507 1227/2588/2507
f 1229/2593/2508 1220/2590/2508 1228/2591/2508
f 1225/2597/2509 1218/2595/2509 1224/2596/2509
f 1216/2583/2510 1215/2592/2510 1222/2584/2510
f 1219/2586/2511 1218/2595/2512 1226/2587/2512
f 1241/2602/2301 1231/2601/2301 1240/2622/2301
f 1221/2603/2513 1229/2606/2513 1232/2604/2514
f 1242/2608/2515 1228/2607/2515 1241/2632/2515
f 1237/2613/2516 1225/2609/2516 1236/2611/2516
f 1222/2701/2517 1221/2603/2517 1234/2612/2517
f 1232/2604/2518 1229/2606/2518 1242/2608/2519
f 1226/2618/2520 1225/2702/2520 1238/2619/2520
f 1223/2624/2521 1222/2615/2522 1235/2617/2522
f 1227/2621/2523 1226/2618/2523 1239/2620/2523
f 1231/2601/2316 1227/2621/2316 1240/2622/2316
f 1236/2611/2524 1224/2610/2524 1230/2627/2524
f 1249/2630/1190 1234/2616/1190 1248/2646/1190
f 1246/2625/2525 1242/2608/2525 1241/2632/2525
f 1247/2642/2526 1232/2604/2526 1246/2625/2526
f 1244/2628/2527 1230/2627/2527 1243/2639/2527
f 1253/2637/2528 1240/2622/2528 1252/2631/2528
f 1245/2629/2529 1240/2622/2529 1253/2637/2529
f 1236/2611/2530 1244/2628/2530 1250/2635/2530
f 1248/2634/1499 1232/2604/1499 1247/2642/1499
f 1237/2613/2531 1236/2611/2531 1250/2635/2531
f 1252/2703/2532 1238/2614/2532 1251/2636/2532
f 1257/2648/2533 1256/2657/2533 1263/2649/2533
f 1243/2626/1503 1249/2630/1503 1256/2704/1503
f 1244/2628/2534 1243/2639/2534 1257/2641/2534
f 1245/2629/2535 1253/2637/2535 1259/2705/2535
f 1250/2635/2536 1244/2628/2536 1257/2641/2536
f 1246/2625/2537 1245/2633/2537 1259/2644/2537
f 1255/2706/2538 1248/2634/2538 1254/2643/2538
f 1247/2642/2539 1246/2625/2539 1260/2645/2539
f 1258/2707/2540 1252/2703/2540 1251/2636/2540
f 1256/2704/2541 1249/2630/2541 1255/2647/2541
f 1259/2651/2542 1253/2659/2542 1266/2652/2542
f 1251/2708/2543 1257/2648/2543 1264/2650/2543
f 1262/2658/2544 1255/2654/2544 1261/2656/2544
f 1258/2660/2545 1251/2708/2545 1264/2650/2545
f 1254/2655/2546 1260/2653/2547 1261/2656/2546
f 1263/2649/2548 1256/2657/2548 1262/2658/2549
f 1266/2652/2550 1253/2659/2550 1265/2661/2550
f 1265/2661/2551 1258/2660/2551 1264/2650/2551
f 1266/2652/2552 1265/2661/2552 1267/2663/2552
f 1264/2650/2553 1263/2649/2553 1268/2662/2553
f 1261/2656/2554 1266/2652/2554 1267/2663/2554
f 1270/2709/2555 1272/2710/2555 1271/2711/2555
f 1272/2712/2556 1274/2713/2556 1273/2714/2556
f 1274/2713/2557 1275/2715/2557 1273/2714/2557
f 1275/2715/2558 1277/2716/2558 1276/2717/2558
f 1277/2718/2559 1279/2719/2559 1278/2720/2559
f 1279/2719/2560 1281/2721/2560 1280/2722/2560
f 1281/2721/2561 1283/2723/2561 1282/2724/2561
f 1283/2725/2562 1285/2726/2562 1284/2727/2562
f 1285/2726/2563 1287/2728/2563 1286/2729/2563
f 1287/2728/2564 1289/2730/2564 1288/2731/2564
f 1289/2732/2565 1291/2733/2565 1290/2734/2565
f 1291/2733/2566 1270/2709/2566 1269/2735/2566
f 1282/2736/11 1284/2737/11 1269/2738/11
f 1277/2739/2567 1298/2740/2568 1299/2741/2569
f 1291/2742/2570 1289/2743/2570 1309/2744/2570
f 1272/2745/2571 1270/2746/2571 1293/2747/2571
f 1275/2748/2572 1296/2749/2572 1297/2750/2572
f 1281/2751/2573 1302/2752/2573 1303/2753/2573
f 1285/2754/2574 1304/2755/2574 1305/2756/2574
f 1289/2743/2575 1307/2757/2575 1308/2758/2575
f 1272/2745/2576 1294/2759/2576 1295/2760/2576
f 1279/2761/2577 1300/2762/2577 1301/2763/2577
f 1270/2746/2578 1292/2764/2578 1293/2747/2578
f 1270/2746/2579 1291/2742/2579 1292/2764/2579
f 1283/2765/2580 1303/2753/2580 1304/2755/2580
f 1296/2766/2581 1295/2767/2581 1297/2768/2581
f 1307/2769/2582 1306/2770/2582 1308/2771/2582
f 1302/2772/2583 1301/2773/2583 1311/2774/2583
f 1308/2771/2584 1306/2770/2585 1321/2775/2585
f 1301/2773/2586 1300/2776/2586 1319/2777/2586
f 1292/2778/2587 1313/2779/2587 1293/2780/2587
f 1309/2781/2588 1308/2782/2588 1323/2783/2588
f 1309/2784/2589 1323/2785/2589 1324/2786/2589
f 1301/2773/2590 1319/2777/2591 1311/2774/2592
f 1294/2787/2593 1314/2788/2593 1315/2789/2593
f 1310/2790/2594 1324/2786/2594 1313/2779/2594
f 1295/2767/2595 1294/2791/2595 1315/2792/2595
f 1295/2767/2596 1315/2792/2596 1316/2793/2596
f 1304/2794/2597 1303/2795/2597 1320/2796/2597
f 1304/2794/2598 1320/2796/2598 1312/2797/2598
f 1298/2798/2599 1297/2768/2600 1316/2793/2601
f 1299/2799/2602 1298/2800/2602 1317/2801/2602
f 1324/2786/2603 1323/2785/2603 1337/2802/2603
f 1319/2777/2604 1330/2803/2604 1331/2804/2604
f 1314/2788/2605 1325/2805/2605 1315/2789/2605
f 1324/2786/2606 1337/2802/2606 1338/2806/2606
f 1313/2779/2607 1324/2786/2607 1338/2806/2607
f 1320/2796/2608 1332/2807/2608 1333/2808/2608
f 1315/2792/2609 1326/2809/2609 1316/2793/2609
f 1312/2797/2610 1320/2796/2610 1333/2808/2610
f 1317/2810/2611 1316/2793/2611 1327/2811/2611
f 1312/2797/2612 1335/2812/2612 1321/2775/2613
f 1321/2775/2614 1336/2813/2614 1322/2814/2614
f 1319/2777/2615 1329/2815/2615 1330/2803/2615
f 1316/2793/2616 1326/2809/2616 1327/2811/2616
f 1321/2775/2617 1335/2812/2617 1336/2813/2617
f 1328/2816/2618 1348/2817/2618 1341/2818/2618
f 1317/2801/2619 1328/2816/2619 1341/2818/2619
f 1318/2819/2620 1317/2801/2620 1341/2818/2620
f 1318/2819/2621 1341/2818/2621 1329/2815/2621
f 1323/2785/2622 1343/2820/2622 1337/2802/2622
f 1332/2821/2623 1331/2804/2623 1342/2822/2623
f 1315/2792/2624 1339/2823/2624 1326/2809/2624
f 1313/2779/2625 1338/2806/2625 1325/2805/2625
f 1333/2808/2626 1342/2824/2626 1334/2825/2626
f 1343/2826/2627 1336/2827/2627 1356/2828/2627
f 1341/2818/2628 1349/2829/2628 1350/2830/2628
f 1343/2826/2629 1356/2828/2629 1357/2831/2629
f 1325/2805/2630 1344/2832/2630 1345/2833/2630
f 1330/2803/2631 1329/2815/2631 1350/2830/2631
f 1325/2805/2632 1345/2833/2632 1339/2834/2632
f 1331/2804/2633 1330/2803/2634 1351/2835/2633
f 1331/2804/2635 1351/2835/2636 1352/2836/2635
f 1339/2834/2637 1345/2833/2637 1346/2837/2637
f 1342/2838/2638 1331/2839/2638 1352/2840/2638
f 1339/2823/2639 1346/2841/2639 1326/2809/2639
f 1340/2842/2640 1346/2841/2640 1347/2843/2640
f 1328/2844/2641 1327/2811/2641 1347/2843/2641
f 1336/2813/2642 1335/2812/2642 1355/2845/2642
f 1356/2846/2643 1370/2847/2644 1371/2848/2643
f 1350/2830/2645 1365/2849/2645 1366/2850/2645
f 1345/2833/2646 1344/2832/2646 1359/2851/2646
f 1345/2833/2647 1359/2851/2647 1360/2852/2647
f 1346/2841/2648 1360/2853/2648 1361/2854/2648
f 1346/2841/2649 1361/2854/2649 1362/2855/2649
f 1354/2856/2650 1353/2857/2650 1368/2858/2650
f 1347/2843/2651 1362/2855/2651 1363/2859/2651
f 1354/2856/2652 1368/2858/2652 1369/2860/2652
f 1348/2817/2653 1363/2861/2653 1364/2862/2653
f 1355/2845/2654 1369/2860/2654 1370/2847/2654
f 1349/2829/2655 1364/2862/2655 1365/2849/2655
f 1359/2851/2656 1381/2863/2656 1373/2864/2656
f 1366/2850/2657 1365/2849/2657 1372/2865/2657
f 1368/2858/2658 1367/2866/2658 1378/2867/2658
f 1361/2854/2659 1375/2868/2659 1362/2855/2659
f 1368/2858/2660 1378/2867/2660 1379/2869/2660
f 1369/2860/2661 1368/2858/2661 1379/2869/2661
f 1370/2847/2662 1369/2860/2663 1379/2869/2663
f 1371/2870/2664 1380/2871/2664 1381/2863/2664
f 1360/2852/2665 1374/2872/2665 1375/2873/2665
f 1359/2851/2666 1371/2870/2666 1381/2863/2666
f 1361/2854/2667 1360/2853/2668 1375/2868/2669
f 1362/2855/2670 1382/2874/2670 1376/2875/2670
f 1376/2876/2671 1384/2877/2671 1385/2878/2671
f 1380/2879/2672 1388/2880/2672 1389/2881/2672
f 1372/2865/2673 1385/2878/2673 1386/2882/2673
f 1381/2863/2674 1389/2883/2674 1390/2884/2674
f 1373/2864/2675 1381/2863/2675 1390/2884/2675
f 1378/2867/2676 1377/2885/2676 1387/2886/2676
f 1362/2855/2677 1383/2887/2677 1382/2874/2677
f 1378/2867/2678 1387/2886/2678 1388/2880/2678
f 1376/2875/2679 1382/2874/2679 1384/2888/2679
f 1375/2868/2680 1391/2889/2680 1383/2887/2680
f 1377/2890/2681 1386/2891/2681 1396/2892/2681
f 1387/2886/2682 1377/2885/2682 1397/2893/2682
f 1387/2886/2683 1397/2893/2683 1398/2894/2683
f 1389/2881/2684 1388/2880/2684 1399/2895/2684
f 1385/2878/2685 1384/2877/2685 1395/2896/2685
f 1389/2897/2686 1399/2898/2687 1400/2899/2688
f 1386/2882/2689 1385/2878/2689 1395/2896/2689
f 1390/2900/2690 1389/2897/2690 1400/2899/2690
f 1374/2872/2691 1393/2901/2691 1391/2902/2691
f 1391/2902/2692 1393/2901/2692 1401/2903/2692
f 1390/2884/2693 1400/2904/2693 1392/2905/2693
f 1394/2906/2694 1402/2907/2694 1407/2908/2694
f 1399/2895/2695 1412/2909/2695 1413/2910/2695
f 1395/2896/2696 1394/2906/2696 1407/2908/2696
f 1393/2901/2697 1403/2911/2697 1404/2912/2697
f 1396/2913/2698 1408/2914/2698 1409/2915/2698
f 1401/2903/2699 1404/2912/2699 1405/2916/2699
f 1392/2905/2700 1414/2917/2700 1403/2911/2700
f 1397/2918/2701 1409/2915/2701 1410/2919/2701
f 1391/2889/2702 1405/2920/2702 1406/2921/2702
f 1398/2894/2703 1397/2893/2703 1411/2922/2703
f 1398/2894/2704 1411/2922/2704 1412/2909/2704
f 1402/2923/2705 1406/2921/2705 1415/2924/2705
f 1407/2908/2706 1402/2907/2706 1415/2925/2706
f 1411/2922/2707 1410/2926/2707 1423/2927/2707
f 1415/2924/2708 1406/2921/2708 1419/2928/2708
f 1411/2922/2709 1424/2929/2709 1425/2930/2709
f 1415/2924/2710 1419/2928/2710 1420/2931/2710
f 1412/2909/2711 1425/2930/2711 1426/2932/2711
f 1413/2933/2712 1426/2934/2712 1427/2935/2712
f 1408/2914/2713 1407/2908/2713 1421/2936/2713
f 1403/2911/2714 1416/2937/2714 1417/2938/2714
f 1409/2915/2715 1408/2914/2715 1421/2936/2715
f 1414/2917/2716 1427/2939/2716 1428/2940/2716
f 1410/2941/2717 1409/2942/2717 1422/2943/2717
f 1403/2911/2718 1428/2940/2718 1416/2937/2718
f 1427/2939/2719 1442/2944/2719 1443/2945/2719
f 1444/2946/2720 1443/2947/2720 1457/2948/2720
f 1421/2936/2721 1435/2949/2721 1436/2950/2721
f 1422/2951/2722 1421/2936/2722 1436/2950/2722
f 1417/2938/2723 1429/2952/2723 1430/2953/2723
f 1417/2938/2724 1430/2953/2724 1431/2954/2724
f 1428/2940/2725 1443/2945/2725 1444/2955/2725
f 1416/2937/2726 1428/2940/2726 1444/2955/2726
f 1423/2927/2727 1437/2956/2727 1438/2957/2727
f 1423/2927/2728 1438/2957/2728 1439/2958/2728
f 1418/2959/2729 1431/2960/2729 1432/2961/2729
f 1419/2928/2730 1418/2959/2730 1432/2961/2730
f 1424/2929/2731 1439/2958/2731 1440/2962/2731
f 1420/2963/2732 1433/2964/2732 1434/2965/2732
f 1420/2963/2733 1434/2965/2733 1435/2949/2733
f 1426/2932/2734 1441/2966/2734 1442/2967/2734
f 1431/2968/2735 1447/2969/2735 1448/2970/2735
f 1429/2971/2736 1444/2972/2736 1458/2973/2736
f 1439/2974/2737 1438/2975/2737 1453/2976/2737
f 1439/2977/2738 1460/2978/2738 1454/2979/2738
f 1432/2980/2739 1448/2981/2739 1449/2982/2739
f 1433/2983/2740 1449/2984/2740 1450/2985/2740
f 1441/2986/2741 1440/2987/2741 1454/2988/2741
f 1441/2989/2742 1455/2990/2742 1456/2991/2742
f 1435/2992/2743 1434/2993/2743 1450/2985/2743
f 1435/2994/2744 1459/2995/2744 1451/2996/2744
f 1442/2997/2745 1441/2989/2745 1456/2991/2745
f 1442/2998/2746 1456/2999/2746 1457/3000/2746
f 1436/3001/2747 1451/3002/2747 1452/3003/2747
f 1437/3004/2748 1452/3005/2748 1453/2976/2748
f 1430/3006/2749 1446/3007/2749 1447/3008/2749
f 1460/3009/2750 1448/3010/2750 1458/3011/2750
f 1449/3012/2751 1448/3013/2751 1459/3014/2751
f 1457/3015/2752 1456/3016/2752 1461/3017/2752
f 1446/3018/2753 1458/3019/2753 1447/3020/2753
f 1452/3021/2754 1451/3022/2754 1460/3023/2754
f 1269/2735/2755 1270/2709/2755 1271/2711/2755
f 1271/3024/2756 1272/2712/2756 1273/2714/2756
f 1273/2714/2757 1275/2715/2757 1276/2717/2757
f 1276/3025/2758 1277/2718/2758 1278/2720/2758
f 1278/2720/2759 1279/2719/2759 1280/2722/2759
f 1280/2722/2760 1281/2721/2760 1282/2724/2760
f 1282/3026/2761 1283/2725/2761 1284/2727/2761
f 1284/2727/2762 1285/2726/2762 1286/2729/2762
f 1286/2729/2763 1287/2728/2763 1288/2731/2763
f 1288/3027/2764 1289/2732/2764 1290/2734/2764
f 1290/2734/2765 1291/2733/2765 1269/2735/2765
f 1280/3028/11 1282/2736/11 1278/3029/11
f 1286/3030/11 1288/3031/11 1284/2737/11
f 1276/3032/11 1278/3029/11 1273/3033/11
f 1288/3031/11 1290/3034/11 1269/2738/11
f 1269/2738/11 1271/3035/11 1273/3033/11
f 1278/3029/11 1282/2736/11 1269/2738/11
f 1284/2737/11 1288/3031/11 1269/2738/11
f 1269/2738/11 1273/3033/11 1278/3029/11
f 1275/2748/2766 1274/3036/2766 1296/2749/2766
f 1281/2751/2767 1279/2761/2767 1302/2752/2767
f 1307/2757/2768 1287/3037/2768 1306/3038/2768
f 1294/2759/2769 1272/2745/2769 1293/2747/2769
f 1300/2762/2770 1277/2739/2770 1299/2741/2770
f 1285/2754/2771 1283/2765/2771 1304/2755/2771
f 1310/3039/2772 1291/2742/2772 1309/2744/2772
f 1289/2743/2773 1287/3037/2773 1307/2757/2773
f 1279/2761/2774 1277/2739/2774 1300/2762/2774
f 1292/2764/2775 1291/2742/2775 1310/3039/2775
f 1298/2740/2776 1275/2748/2776 1297/2750/2776
f 1283/2765/2777 1281/2751/2777 1303/2753/2777
f 1274/3036/2778 1272/2745/2778 1295/2760/2778
f 1306/3038/2779 1285/2754/2779 1305/2756/2779
f 1277/2739/2780 1275/2748/2780 1298/2740/2780
f 1309/2744/2781 1289/2743/2781 1308/2758/2781
f 1296/2749/2782 1274/3036/2782 1295/2760/2782
f 1302/2752/2783 1279/2761/2783 1301/2763/2783
f 1287/3037/2784 1285/2754/2784 1306/3038/2784
f 1305/3040/2785 1304/2794/2785 1312/2797/2785
f 1303/3041/2786 1302/2772/2786 1311/2774/2786
f 1322/2814/2787 1308/2771/2787 1321/2775/2787
f 1314/2788/2788 1293/2780/2788 1325/2805/2788
f 1319/2777/2789 1300/2776/2789 1318/2819/2789
f 1323/2783/2790 1308/2782/2790 1322/3042/2790
f 1294/2787/2791 1293/2780/2791 1314/2788/2791
f 1310/2790/2792 1309/2784/2792 1324/2786/2792
f 1320/3043/2793 1303/3041/2793 1311/2774/2793
f 1292/2778/2794 1310/2790/2794 1313/2779/2794
f 1297/2768/2795 1295/2767/2795 1316/2793/2795
f 1317/2810/2796 1298/2798/2796 1316/2793/2796
f 1321/2775/2797 1305/3040/2798 1312/2797/2799
f 1306/2770/2800 1305/3040/2800 1321/2775/2800
f 1318/2819/2801 1299/2799/2801 1317/2801/2801
f 1300/2776/2802 1299/2799/2802 1318/2819/2802
f 1311/2774/2803 1319/2777/2803 1331/2804/2803
f 1332/2821/2804 1311/2774/2804 1331/2804/2804
f 1320/3043/2805 1311/2774/2805 1332/2821/2805
f 1334/2825/2806 1312/2797/2806 1333/2808/2806
f 1335/2812/2807 1312/2797/2807 1334/2825/2807
f 1328/2844/2808 1317/2810/2808 1327/2811/2808
f 1329/2815/2809 1319/2777/2810 1318/2819/2811
f 1325/2805/2812 1293/2780/2812 1313/2779/2812
f 1343/3044/2813 1322/2814/2813 1336/2813/2813
f 1323/3045/2814 1322/2814/2814 1343/3044/2814
f 1315/2789/2815 1325/2805/2815 1339/2834/2815
f 1333/2808/2816 1332/2807/2816 1342/2824/2816
f 1327/2811/2817 1326/2809/2817 1340/2842/2817
f 1356/2846/2818 1336/2813/2818 1355/2845/2818
f 1329/2815/2819 1341/2818/2819 1350/2830/2819
f 1337/3046/2820 1343/2826/2820 1357/2831/2820
f 1351/2835/2821 1330/2803/2821 1350/2830/2821
f 1358/3047/2822 1338/2806/2822 1337/2802/2822
f 1344/2832/2823 1338/2806/2823 1358/3047/2823
f 1325/2805/2824 1338/2806/2824 1344/2832/2824
f 1346/2841/2825 1340/2842/2825 1326/2809/2825
f 1353/2857/2826 1334/2825/2826 1342/2824/2826
f 1327/2811/2827 1340/2842/2827 1347/2843/2827
f 1354/2856/2828 1335/2812/2828 1334/2825/2828
f 1348/3048/2829 1328/2844/2829 1347/2843/2829
f 1355/2845/2830 1335/2812/2830 1354/2856/2830
f 1342/2824/2831 1352/3049/2831 1353/2857/2831
f 1334/2825/2832 1353/2857/2832 1354/2856/2832
f 1341/2818/2833 1348/2817/2833 1349/2829/2833
f 1337/3046/2834 1357/2831/2834 1358/3050/2834
f 1350/2830/2835 1349/2829/2835 1365/2849/2835
f 1357/3051/2836 1356/2846/2836 1371/2848/2836
f 1351/2835/2837 1350/2830/2837 1366/2850/2837
f 1358/3047/2838 1357/3052/2838 1371/2870/2839
f 1359/2851/2840 1358/3047/2840 1371/2870/2840
f 1352/2836/2841 1351/2835/2842 1366/2850/2843
f 1346/2837/2844 1345/2833/2844 1360/2852/2844
f 1344/2832/2845 1358/3047/2845 1359/2851/2845
f 1367/3053/2846 1352/2836/2846 1366/2850/2846
f 1353/2857/2847 1352/3049/2847 1367/2866/2847
f 1368/2858/2848 1353/2857/2848 1367/2866/2848
f 1347/2843/2849 1346/2841/2849 1362/2855/2849
f 1348/3048/2850 1347/2843/2850 1363/2859/2850
f 1355/2845/2851 1354/2856/2851 1369/2860/2851
f 1349/2829/2852 1348/2817/2852 1364/2862/2852
f 1356/2846/2853 1355/2845/2853 1370/2847/2853
f 1378/2867/2854 1367/2866/2854 1377/2885/2854
f 1376/2875/2855 1363/2859/2855 1362/2855/2855
f 1364/2862/2856 1363/2861/2856 1376/2876/2856
f 1380/2879/2857 1370/2847/2857 1379/2869/2857
f 1371/2848/2858 1370/2847/2859 1380/2879/2860
f 1372/2865/2861 1365/2849/2861 1364/2862/2861
f 1360/2852/2862 1359/2851/2862 1373/2864/2862
f 1374/2872/2863 1360/2852/2864 1373/2864/2865
f 1377/3054/2866 1366/2850/2866 1372/2865/2866
f 1367/3053/2867 1366/2850/2867 1377/3054/2868
f 1380/2879/2869 1379/2869/2869 1388/2880/2869
f 1364/2862/2870 1376/2876/2870 1385/2878/2870
f 1372/2865/2871 1364/2862/2871 1385/2878/2871
f 1381/2863/2872 1380/2871/2872 1389/2883/2872
f 1377/3054/2873 1372/2865/2873 1386/2882/2873
f 1362/2855/2874 1375/2868/2874 1383/2887/2874
f 1379/2869/2875 1378/2867/2875 1388/2880/2875
f 1375/2873/2876 1374/2872/2876 1391/2902/2876
f 1402/2923/2877 1383/2887/2877 1391/2889/2877
f 1397/3055/2878 1377/2890/2878 1396/2892/2878
f 1373/2864/2879 1390/2884/2879 1392/2905/2879
f 1388/2880/2880 1387/2886/2880 1398/2894/2880
f 1394/3056/2881 1382/2874/2881 1383/2887/2881
f 1384/2888/2882 1382/2874/2882 1394/3056/2882
f 1399/2895/2883 1388/2880/2883 1398/2894/2883
f 1393/2901/2884 1373/2864/2884 1392/2905/2884
f 1396/2913/2885 1386/2882/2885 1395/2896/2885
f 1374/2872/2886 1373/2864/2886 1393/2901/2886
f 1394/3056/2887 1383/2887/2887 1402/2923/2887
f 1395/2896/2888 1384/2877/2888 1394/2906/2889
f 1399/2895/2890 1398/2894/2890 1412/2909/2890
f 1408/2914/2891 1395/2896/2891 1407/2908/2891
f 1400/2904/2892 1399/3057/2892 1413/3058/2892
f 1396/2913/2893 1395/2896/2893 1408/2914/2893
f 1401/2903/2894 1393/2901/2894 1404/2912/2894
f 1414/2917/2895 1400/2904/2895 1413/3058/2895
f 1392/2905/2896 1400/2904/2896 1414/2917/2896
f 1397/2918/2897 1396/2913/2897 1409/2915/2897
f 1391/2889/2898 1401/3059/2898 1405/2920/2898
f 1393/2901/2899 1392/2905/2899 1403/2911/2899
f 1411/2922/2900 1397/2893/2900 1410/2926/2900
f 1402/2923/2901 1391/2889/2901 1406/2921/2901
f 1406/2921/2902 1405/2920/2902 1418/2959/2902
f 1424/2929/2903 1411/2922/2903 1423/2927/2903
f 1419/2928/2904 1406/2921/2904 1418/2959/2904
f 1412/2909/2905 1411/2922/2905 1425/2930/2905
f 1407/2908/2906 1415/2925/2906 1420/2963/2906
f 1413/2933/2907 1412/3060/2907 1426/2934/2907
f 1421/2936/2908 1407/2908/2908 1420/2963/2908
f 1404/2912/2909 1403/2911/2909 1417/2938/2909
f 1414/3061/2910 1413/2933/2910 1427/2935/2910
f 1422/2951/2911 1409/2915/2911 1421/2936/2911
f 1405/2916/2912 1404/2912/2912 1417/2938/2912
f 1403/2911/2913 1414/2917/2913 1428/2940/2913
f 1423/3062/2914 1410/2941/2914 1422/2943/2914
f 1418/2959/2915 1405/2920/2915 1417/3063/2915
f 1458/3064/2916 1444/2946/2916 1457/2948/2916
f 1417/2938/2917 1416/2937/2917 1429/2952/2917
f 1437/3065/2918 1422/2951/2918 1436/2950/2918
f 1428/2940/2919 1427/2939/2919 1443/2945/2919
f 1423/3066/2920 1422/2951/2920 1437/3065/2920
f 1418/2959/2921 1417/3063/2921 1431/2960/2921
f 1429/2952/2922 1416/2937/2922 1444/2955/2922
f 1424/2929/2923 1423/2927/2923 1439/2958/2923
f 1433/3067/2924 1419/2928/2924 1432/2961/2924
f 1425/2930/2925 1424/2929/2925 1440/2962/2925
f 1420/2931/2926 1419/2928/2926 1433/3067/2926
f 1441/2966/2927 1425/2930/2927 1440/2962/2927
f 1426/2932/2928 1425/2930/2928 1441/2966/2928
f 1421/2936/2929 1420/2963/2929 1435/2949/2929
f 1427/3068/2930 1426/2932/2930 1442/2967/2930
f 1445/3069/2931 1429/2971/2931 1458/2973/2931
f 1438/2975/2932 1437/3004/2932 1453/2976/2932
f 1460/3023/2933 1439/3070/2933 1453/3071/2933
f 1432/3072/2934 1431/2968/2934 1448/2970/2934
f 1433/3073/2935 1432/2980/2935 1449/2982/2935
f 1440/3074/2936 1439/2977/2936 1454/2979/2936
f 1455/3075/2937 1441/2986/2937 1454/2988/2937
f 1434/2993/2938 1433/2983/2938 1450/2985/2938
f 1459/3076/2939 1435/3077/2939 1450/3078/2939
f 1446/3079/2940 1429/3080/2940 1445/3081/2940
f 1443/2947/2941 1442/3082/2941 1457/2948/2941
f 1436/3083/2942 1435/2994/2942 1451/2996/2942
f 1437/3084/2943 1436/3001/2943 1452/3003/2943
f 1430/3085/2944 1429/3080/2944 1446/3079/2944
f 1431/3086/2945 1430/3006/2945 1447/3008/2945
f 1451/3087/2946 1459/3088/2946 1460/3009/2946
f 1448/3010/2947 1447/3089/2947 1458/3011/2947
f 1458/3011/2948 1457/3090/2948 1461/3091/2948
f 1461/3091/2949 1454/3092/2949 1458/3011/2949
f 1459/3088/2950 1448/3010/2950 1460/3009/2950
f 1458/3011/2951 1454/3092/2951 1460/3009/2951
f 1450/3093/2952 1449/3012/2952 1459/3014/2952
f 1461/3094/2953 1455/3095/2953 1454/3096/2953
f 1456/3097/2954 1455/3095/2954 1461/3094/2954
f 1446/3098/2955 1445/3099/2955 1458/3100/2955
f 1453/3071/2956 1452/3021/2956 1460/3023/2956
f 1463/3101/2957 1465/3102/2957 1464/3103/2957
f 1465/3104/2958 1466/3105/2958 1464/3106/2958
f 1466/3105/2959 1468/3107/2959 1467/3108/2959
f 1468/3107/2960 1470/3109/2960 1469/3110/2960
f 1470/3111/2961 1472/3112/2961 1471/3113/2961
f 1472/3112/2962 1474/3114/2962 1473/3115/2962
f 1474/3114/2963 1475/3116/2963 1473/3115/2963
f 1475/3117/2964 1477/3118/2964 1476/3119/2964
f 1477/3118/2965 1479/3120/2965 1478/3121/2965
f 1479/3120/2966 1480/3122/2966 1478/3121/2966
f 1480/3123/2967 1482/3124/2967 1481/3125/2967
f 1482/3124/2968 1484/3126/2968 1483/3127/2968
f 1484/3126/2969 1463/3101/2969 1462/3128/2969
f 1476/3129/11 1478/3130/11 1483/3131/11
f 1470/3132/2970 1491/3133/2970 1492/3134/2970
f 1465/3135/2971 1463/3136/2971 1487/3137/2971
f 1484/3138/2972 1482/3139/2972 1502/3140/2972
f 1468/3141/2973 1489/3142/2973 1490/3143/2973
f 1474/3144/2974 1495/3145/2974 1496/3146/2974
f 1477/3147/2975 1497/3148/2976 1498/3149/2977
f 1480/3150/2978 1500/3151/2978 1501/3152/2978
f 1472/3153/2577 1493/3154/2577 1494/3155/2577
f 1463/3136/2979 1485/3156/2979 1486/3157/2979
f 1463/3136/2980 1484/3138/2980 1485/3156/2980
f 1475/3158/2981 1496/3146/2981 1497/3148/2981
f 1482/3139/2982 1480/3150/2983 1501/3152/2983
f 1491/3159/2984 1490/3160/2984 1492/3161/2984
f 1495/3162/2985 1494/3163/2985 1504/3164/2985
f 1496/3165/2986 1504/3164/2986 1505/3166/2986
f 1501/3167/2987 1500/3168/2987 1516/3169/2987
f 1494/3163/2988 1493/3170/2988 1512/3171/2988
f 1503/3172/2989 1506/3173/2989 1507/3174/2989
f 1486/3175/2990 1503/3172/2990 1507/3174/2990
f 1501/3176/2991 1517/3177/2991 1518/3178/2991
f 1494/3163/2992 1512/3171/2591 1504/3164/2993
f 1487/3179/2994 1507/3174/2994 1508/3180/2994
f 1502/3181/2995 1518/3178/2995 1506/3173/2995
f 1488/3182/2996 1487/3183/2996 1508/3184/2996
f 1488/3182/2997 1508/3184/2997 1509/3185/2997
f 1498/3186/2998 1513/3187/2998 1514/3188/2998
f 1499/3189/2999 1498/3186/2999 1514/3188/2999
f 1492/3161/3000 1490/3160/3001 1510/3190/3002
f 1499/3189/3003 1514/3188/3003 1515/3191/3003
f 1518/3178/3004 1517/3177/3004 1530/3192/3004
f 1512/3171/3005 1524/3193/3005 1525/3194/3005
f 1507/3174/3006 1519/3195/3006 1508/3180/3006
f 1518/3178/3007 1530/3192/3008 1531/3196/3009
f 1506/3173/2607 1518/3178/2607 1531/3196/2607
f 1505/3197/3010 1526/3198/3010 1527/3199/3010
f 1508/3184/3011 1520/3200/3011 1509/3185/3011
f 1505/3197/3012 1527/3199/3012 1513/3187/3012
f 1510/3190/2611 1509/3185/2611 1521/3201/2611
f 1515/3191/3013 1529/3202/3013 1516/3203/3013
f 1512/3171/2615 1523/3204/2615 1524/3193/2615
f 1509/3185/3014 1520/3200/3014 1521/3201/3014
f 1514/3188/3015 1528/3205/3015 1529/3202/3015
f 1522/3206/3016 1541/3207/3016 1534/3208/3016
f 1528/3205/3017 1513/3187/3017 1535/3209/3017
f 1510/3210/3018 1522/3206/3018 1534/3208/3018
f 1511/3211/3019 1510/3210/3019 1534/3208/3019
f 1511/3211/3020 1534/3208/3020 1523/3204/3020
f 1517/3177/2622 1536/3212/2622 1530/3192/2622
f 1526/3213/3021 1525/3194/3021 1527/3214/3021
f 1508/3184/2624 1532/3215/2624 1520/3200/2624
f 1506/3173/3022 1531/3196/3022 1519/3195/3022
f 1536/3216/2627 1529/3217/2627 1549/3218/2627
f 1534/3208/3023 1542/3219/3023 1543/3220/3023
f 1536/3216/3024 1549/3218/3024 1550/3221/3024
f 1519/3195/2630 1537/3222/2630 1538/3223/2630
f 1524/3193/3025 1523/3204/3025 1543/3220/3025
f 1519/3195/2632 1538/3223/2632 1532/3224/2632
f 1525/3194/3026 1524/3193/3027 1544/3225/3026
f 1525/3194/3028 1544/3225/3028 1545/3226/3028
f 1532/3224/2637 1538/3223/2637 1539/3227/2637
f 1527/2839/3029 1525/3228/3029 1545/3229/3029
f 1532/3215/3030 1539/3230/3030 1520/3200/3030
f 1533/3231/3031 1539/3230/3031 1540/3232/3031
f 1522/3233/2641 1521/3201/2641 1540/3232/2641
f 1529/3202/2642 1528/3205/2642 1548/3234/2642
f 1549/3235/3032 1562/3236/3032 1563/3237/3032
f 1538/3223/3033 1537/3222/3033 1552/3238/3033
f 1543/3220/3034 1557/3239/3034 1558/3240/3034
f 1538/3223/3035 1552/3238/3035 1553/3241/3035
f 1544/3225/3036 1558/3240/3037 1559/3242/3036
f 1539/3230/2648 1553/3243/2648 1554/3244/2648
f 1539/3230/3038 1554/3244/3038 1555/3245/3038
f 1547/3246/2650 1546/3247/2650 1560/3248/2650
f 1540/3232/3039 1555/3245/3039 1556/3249/3039
f 1547/3246/3040 1560/3248/3040 1561/3250/3040
f 1541/3207/3041 1556/3251/3041 1557/3239/3041
f 1548/3234/3042 1561/3250/3042 1562/3236/3042
f 1552/3238/3043 1576/3252/3043 1564/3253/3043
f 1560/3248/3044 1559/3254/3045 1571/3255/3046
f 1554/3244/3047 1566/3256/3047 1555/3245/3047
f 1560/3248/3048 1571/3255/3048 1572/3257/3048
f 1561/3250/3049 1560/3248/3049 1572/3257/3049
f 1556/3251/3050 1567/3258/3050 1568/3259/3050
f 1562/3236/3051 1561/3250/3051 1573/3260/3051
f 1562/3236/3052 1574/3261/3052 1575/3262/3052
f 1558/3240/3053 1557/3239/3054 1569/3263/3055
f 1563/3264/3056 1575/3265/3057 1576/3252/3058
f 1558/3240/3059 1569/3263/3059 1570/3266/3059
f 1559/3242/3060 1558/3240/3060 1570/3266/3060
f 1553/3241/3061 1565/3267/3061 1566/3268/3061
f 1552/3238/3062 1563/3264/3063 1576/3252/3064
f 1554/3244/3065 1553/3243/3065 1566/3256/3065
f 1555/3245/3066 1584/3269/3066 1567/3270/3066
f 1568/3259/3067 1578/3271/3067 1579/3272/3067
f 1569/3263/3068 1579/3272/3068 1580/3273/3068
f 1570/3266/3069 1569/3263/3069 1580/3273/3069
f 1570/3266/3070 1580/3273/3070 1581/3274/3070
f 1564/3253/3071 1576/3252/3071 1586/3275/3071
f 1571/3255/3072 1581/3276/3072 1582/3277/3072
f 1555/3245/3073 1577/3278/3073 1584/3269/3073
f 1571/3255/3074 1582/3277/3074 1572/3257/3074
f 1566/3256/3075 1583/3279/3075 1577/3278/3075
f 1567/3270/3076 1584/3269/3076 1578/3280/3076
f 1573/3260/3077 1572/3257/3077 1585/3281/3077
f 1575/3262/3078 1574/3261/3078 1585/3281/3078
f 1581/3282/3079 1580/3123/3080 1591/3283/3079
f 1582/3277/3081 1581/3276/3081 1592/3284/3081
f 1582/3277/3082 1592/3284/3082 1593/3285/3082
f 1585/3281/3083 1572/3257/3083 1593/3285/3083
f 1580/3273/3084 1579/3272/3084 1590/3286/3084
f 1586/3287/3085 1575/3288/3085 1595/3289/3085
f 1565/3267/3086 1588/3290/3087 1583/3291/3087
f 1583/3291/3088 1588/3290/3088 1596/3292/3088
f 1586/3275/3089 1595/3293/3089 1587/3294/3089
f 1589/3295/2694 1597/3296/2694 1602/3297/2694
f 1594/3298/3090 1607/3299/3090 1608/3300/3090
f 1590/3286/2696 1589/3295/2696 1602/3297/2696
f 1588/3290/2697 1598/3301/2697 1599/3302/2697
f 1595/3293/3091 1608/3303/3091 1609/3304/3091
f 1591/3305/3092 1603/3306/3092 1604/3307/3092
f 1596/3292/2699 1599/3302/2699 1600/3308/2699
f 1587/3294/3093 1609/3304/3093 1598/3301/3093
f 1592/3309/3094 1604/3307/3094 1605/3310/3094
f 1583/3279/3095 1600/3311/3095 1601/3312/3095
f 1593/3285/3096 1592/3284/3096 1606/3313/3096
f 1593/3285/3097 1606/3313/3097 1607/3299/3097
f 1597/3314/2705 1601/3312/2705 1610/3315/2705
f 1602/3297/2706 1597/3296/2706 1610/3316/2706
f 1606/3313/3098 1605/3317/3098 1618/3318/3098
f 1610/3315/2708 1601/3312/2708 1614/3319/2708
f 1606/3313/2709 1619/3320/2709 1620/3321/2709
f 1610/3315/2710 1614/3319/2710 1615/3322/2710
f 1607/3299/3099 1620/3321/3099 1621/3323/3099
f 1608/3324/3100 1621/3325/3100 1622/3326/3100
f 1603/3306/2713 1602/3297/2713 1616/3327/2713
f 1598/3301/3101 1611/3328/3101 1612/3329/3101
f 1604/3307/2715 1603/3306/2715 1616/3327/2715
f 1609/3304/3102 1622/3330/3102 1623/3331/3102
f 1605/3332/3103 1604/3333/3103 1617/3334/3103
f 1598/3301/2718 1623/3331/2718 1611/3328/2718
f 1622/3330/2719 1637/3335/2719 1638/3336/2719
f 1639/3337/2720 1638/3338/2720 1652/3339/2720
f 1616/3327/2721 1630/3340/2721 1631/3341/2721
f 1617/3342/3104 1616/3327/3105 1631/3341/3105
f 1612/3329/2723 1624/3343/2723 1625/3344/2723
f 1612/3329/2724 1625/3344/2724 1626/3345/2724
f 1623/3331/2725 1638/3336/2725 1639/3346/2725
f 1611/3328/2726 1623/3331/2726 1639/3346/2726
f 1618/3318/3106 1632/3347/3106 1633/3348/3106
f 1618/3318/2728 1633/3348/2728 1634/3349/2728
f 1613/3350/2729 1626/3351/2729 1627/3352/2729
f 1614/3319/2730 1613/3350/2730 1627/3352/2730
f 1619/3320/2731 1634/3349/2731 1635/3353/2731
f 1615/3354/2732 1628/3355/2732 1629/3356/2732
f 1615/3354/2733 1629/3356/2733 1630/3340/2733
f 1621/3323/2734 1636/3357/2734 1637/3358/2734
f 1626/3359/3107 1642/3360/3107 1643/3361/3107
f 1624/3362/3108 1639/3363/3108 1653/3364/3108
f 1634/3365/3109 1633/3366/3109 1648/3367/3109
f 1634/3368/2738 1655/3369/2738 1649/3370/2738
f 1627/3371/3110 1643/3372/3110 1644/3373/3110
f 1628/3374/3111 1644/3375/3111 1645/3376/3111
f 1636/3377/2741 1635/3007/2741 1649/3378/2741
f 1636/3379/2742 1650/3380/2742 1651/3381/2742
f 1630/3382/3112 1629/3383/3112 1645/3376/3112
f 1630/3384/3113 1654/3385/3113 1646/3386/3113
f 1637/3387/2745 1636/3379/2745 1651/3381/2745
f 1637/3388/2746 1651/3389/2746 1652/3390/2746
f 1631/3391/3114 1646/3392/3114 1647/3393/3114
f 1632/3394/2748 1647/3395/2748 1648/3367/2748
f 1625/3396/3115 1641/3397/3115 1642/3398/3115
f 1655/3399/3116 1643/3400/3116 1653/3401/3116
f 1644/3402/3117 1643/3403/3118 1654/3404/3117
f 1652/3405/3119 1651/3406/3119 1656/3407/3119
f 1641/3408/2753 1653/3409/2753 1642/3410/2753
f 1647/3411/3120 1646/3412/3120 1655/3413/3120
f 1462/3128/3121 1463/3101/3121 1464/3103/3121
f 1464/3106/3122 1466/3105/3122 1467/3108/3122
f 1467/3108/3123 1468/3107/3123 1469/3110/3123
f 1469/3414/3124 1470/3111/3124 1471/3113/3124
f 1471/3113/3125 1472/3112/3125 1473/3115/3125
f 1473/3415/3126 1475/3117/3126 1476/3119/3126
f 1476/3119/3127 1477/3118/3127 1478/3121/3127
f 1478/3121/3128 1480/3122/3128 1481/3416/3128
f 1481/3125/3129 1482/3124/3129 1483/3127/3129
f 1487/3137/3130 1463/3136/3130 1486/3157/3130
f 1483/3127/3131 1484/3126/3131 1462/3128/3131
f 1483/3131/11 1462/3417/11 1464/3418/11
f 1469/3419/11 1471/3420/11 1467/3421/11
f 1471/3420/11 1473/3422/11 1476/3129/11
f 1483/3131/11 1464/3418/11 1467/3421/11
f 1471/3420/11 1476/3129/11 1483/3131/11
f 1478/3130/11 1481/3423/11 1483/3131/11
f 1483/3131/11 1467/3421/11 1471/3420/11
f 1502/3140/3132 1482/3139/3132 1501/3152/3132
f 1468/3141/3133 1466/3424/3133 1489/3142/3133
f 1474/3144/2767 1472/3153/2767 1495/3145/2767
f 1500/3151/3134 1479/3425/3134 1499/3426/3134
f 1493/3154/3135 1470/3132/3135 1492/3134/3135
f 1477/3147/2771 1475/3158/2771 1497/3148/2771
f 1480/3150/3136 1479/3425/3136 1500/3151/3136
f 1488/3427/3137 1465/3135/3137 1487/3137/3137
f 1472/3153/3138 1470/3132/3138 1493/3154/3138
f 1485/3156/3139 1484/3138/3139 1502/3140/3139
f 1491/3133/3140 1468/3141/3140 1490/3143/3140
f 1475/3158/3141 1474/3144/3141 1496/3146/3141
f 1466/3424/3142 1465/3135/3142 1488/3427/3142
f 1499/3426/3143 1477/3147/3143 1498/3149/3143
f 1470/3132/3144 1468/3141/3144 1491/3133/3144
f 1489/3142/3145 1466/3424/3145 1488/3427/3145
f 1495/3145/2783 1472/3153/2783 1494/3155/2783
f 1479/3425/3146 1477/3147/3146 1499/3426/3146
f 1486/3175/3147 1485/3428/3147 1503/3172/3147
f 1496/3165/3148 1495/3162/3148 1504/3164/3148
f 1497/3429/3149 1496/3430/3149 1505/3197/3149
f 1516/3203/3150 1500/3431/3150 1515/3191/3150
f 1512/3171/3151 1493/3170/3151 1511/3211/3151
f 1517/3432/3152 1501/3167/3152 1516/3169/3152
f 1502/3181/3153 1501/3176/3153 1518/3178/3153
f 1487/3179/3154 1486/3175/3154 1507/3174/3154
f 1485/3428/3155 1502/3181/3155 1506/3173/3155
f 1503/3172/3156 1485/3428/3157 1506/3173/3158
f 1489/3433/3159 1488/3182/3159 1509/3185/3159
f 1513/3187/3160 1497/3429/3160 1505/3197/3160
f 1498/3186/3161 1497/3429/3161 1513/3187/3161
f 1490/3160/3162 1489/3433/3162 1509/3185/3162
f 1510/3190/3163 1490/3160/3163 1509/3185/3163
f 1511/3211/3164 1492/3434/3164 1510/3210/3164
f 1500/3431/3165 1499/3189/3165 1515/3191/3165
f 1493/3170/3166 1492/3434/3166 1511/3211/3166
f 1504/3164/2803 1512/3171/2803 1525/3194/2803
f 1526/3213/3167 1504/3164/3167 1525/3194/3167
f 1505/3166/3168 1504/3164/3168 1526/3213/3168
f 1528/3205/3169 1514/3188/3169 1513/3187/3169
f 1522/3233/3170 1510/3190/3170 1521/3201/3170
f 1515/3191/3171 1514/3188/3171 1529/3202/3172
f 1523/3204/3173 1512/3171/3173 1511/3211/3173
f 1519/3195/3174 1507/3174/3174 1506/3173/3174
f 1536/3435/2813 1516/3203/2813 1529/3202/2813
f 1517/3436/2814 1516/3203/2814 1536/3435/2814
f 1508/3180/2815 1519/3195/2815 1532/3224/2815
f 1513/3187/3175 1527/3199/3175 1535/3209/3175
f 1521/3201/3176 1520/3200/3176 1533/3231/3176
f 1549/3235/2818 1529/3202/2818 1548/3234/2818
f 1523/3204/3177 1534/3208/3177 1543/3220/3177
f 1530/3437/2820 1536/3216/2820 1550/3221/2820
f 1544/3225/3178 1524/3193/3178 1543/3220/3178
f 1551/3438/2822 1531/3196/2822 1530/3192/2822
f 1537/3222/3179 1531/3196/3179 1551/3438/3179
f 1519/3195/3180 1531/3196/3180 1537/3222/3180
f 1539/3230/2825 1533/3231/2825 1520/3200/2825
f 1546/3247/3181 1535/3209/3181 1527/3199/3181
f 1521/3201/2827 1533/3231/2827 1540/3232/2827
f 1547/3246/3182 1528/3205/3182 1535/3209/3182
f 1541/3439/3183 1522/3233/3183 1540/3232/3183
f 1548/3234/2830 1528/3205/2830 1547/3246/2830
f 1527/3199/3184 1545/3440/3184 1546/3247/3184
f 1535/3209/3185 1546/3247/3185 1547/3246/3185
f 1534/3208/3186 1541/3207/3186 1542/3219/3186
f 1530/3437/3187 1550/3221/3187 1551/3441/3187
f 1543/3220/3188 1542/3219/3188 1557/3239/3188
f 1550/3442/3189 1549/3235/3189 1563/3237/3189
f 1544/3225/3190 1543/3220/3190 1558/3240/3190
f 1551/3438/3191 1550/3443/3191 1563/3264/3191
f 1552/3238/3192 1551/3438/3192 1563/3264/3192
f 1545/3226/3193 1544/3225/3193 1559/3242/3193
f 1539/3227/3194 1538/3223/3194 1553/3241/3194
f 1537/3222/2845 1551/3438/2845 1552/3238/2845
f 1546/3247/3195 1545/3440/3195 1559/3254/3195
f 1560/3248/3196 1546/3247/3196 1559/3254/3196
f 1540/3232/2849 1539/3230/2849 1555/3245/2849
f 1541/3439/3197 1540/3232/3197 1556/3249/3197
f 1548/3234/3198 1547/3246/3198 1561/3250/3198
f 1542/3219/3199 1541/3207/3199 1557/3239/3199
f 1549/3235/3200 1548/3234/3200 1562/3236/3200
f 1571/3255/3201 1559/3254/3202 1570/3444/3203
f 1567/3270/3204 1556/3249/3204 1555/3245/3204
f 1573/3260/3205 1561/3250/3205 1572/3257/3205
f 1557/3239/3206 1556/3251/3206 1568/3259/3206
f 1574/3261/3207 1562/3236/3207 1573/3260/3207
f 1569/3263/3208 1557/3239/3208 1568/3259/3208
f 1563/3237/3209 1562/3236/3209 1575/3262/3209
f 1553/3241/2862 1552/3238/2862 1564/3253/2862
f 1565/3267/3210 1553/3241/3210 1564/3253/3210
f 1569/3263/3211 1568/3259/3211 1579/3272/3211
f 1571/3255/3212 1570/3444/3212 1581/3276/3212
f 1555/3245/3213 1566/3256/3213 1577/3278/3213
f 1568/3259/3214 1567/3258/3214 1578/3271/3214
f 1576/3252/3215 1575/3265/3215 1586/3275/3215
f 1566/3268/3216 1565/3267/3216 1583/3291/3216
f 1574/3261/3217 1573/3260/3217 1585/3281/3217
f 1597/3314/3218 1584/3269/3218 1583/3279/3218
f 1592/3445/3219 1581/3282/3219 1591/3283/3219
f 1564/3253/3220 1586/3275/3220 1587/3294/3220
f 1584/3269/3221 1577/3278/3222 1583/3279/3223
f 1572/3257/3224 1582/3277/3224 1593/3285/3224
f 1578/3280/3225 1584/3269/3225 1589/3446/3225
f 1594/3298/3226 1585/3281/3226 1593/3285/3226
f 1579/3272/3227 1578/3271/3227 1590/3286/3227
f 1575/3288/3228 1585/3447/3228 1595/3289/3228
f 1588/3290/2884 1564/3253/2884 1587/3294/2884
f 1591/3305/3229 1580/3273/3229 1590/3286/3229
f 1565/3267/2886 1564/3253/2886 1588/3290/2886
f 1589/3446/3230 1584/3269/3230 1597/3314/3230
f 1590/3286/3231 1578/3271/3231 1589/3295/3232
f 1595/3448/3233 1585/3281/3233 1594/3298/3233
f 1594/3298/3234 1593/3285/3234 1607/3299/3234
f 1595/3448/3235 1594/3298/3235 1608/3300/3235
f 1603/3306/2891 1590/3286/2891 1602/3297/2891
f 1591/3305/2893 1590/3286/2893 1603/3306/2893
f 1596/3292/3236 1588/3290/3236 1599/3302/3236
f 1587/3294/3237 1595/3293/3237 1609/3304/3237
f 1592/3309/3238 1591/3305/3238 1604/3307/3238
f 1583/3279/3239 1596/3449/3239 1600/3311/3239
f 1588/3290/3240 1587/3294/3240 1598/3301/3240
f 1606/3313/2900 1592/3284/2900 1605/3317/2900
f 1597/3314/3241 1583/3279/3241 1601/3312/3241
f 1601/3312/2902 1600/3311/2902 1613/3350/2902
f 1619/3320/3242 1606/3313/3242 1618/3318/3242
f 1614/3319/3243 1601/3312/3243 1613/3350/3243
f 1607/3299/3244 1606/3313/3244 1620/3321/3244
f 1608/3300/3245 1607/3299/3245 1621/3323/3245
f 1602/3297/2906 1610/3316/2906 1615/3354/2906
f 1616/3327/2908 1602/3297/2908 1615/3354/2908
f 1599/3302/3246 1598/3301/3246 1612/3329/3246
f 1609/3450/3247 1608/3324/3247 1622/3326/3247
f 1617/3342/2911 1604/3307/2911 1616/3327/2911
f 1600/3308/2912 1599/3302/2912 1612/3329/2912
f 1598/3301/3248 1609/3304/3248 1623/3331/3248
f 1618/3451/2914 1605/3332/2914 1617/3334/2914
f 1613/3350/3249 1600/3311/3249 1612/3452/3249
f 1653/3453/2916 1639/3337/2916 1652/3339/2916
f 1612/3329/3250 1611/3328/3250 1624/3343/3250
f 1632/3454/2918 1617/3342/2918 1631/3341/2918
f 1623/3331/3251 1622/3330/3251 1638/3336/3251
f 1618/3455/2920 1617/3342/2920 1632/3454/2920
f 1613/3350/3252 1612/3452/3252 1626/3351/3252
f 1624/3343/2922 1611/3328/2922 1639/3346/2922
f 1619/3320/3253 1618/3318/3253 1634/3349/3253
f 1628/3456/2924 1614/3319/2924 1627/3352/2924
f 1620/3321/3254 1619/3320/3254 1635/3353/3254
f 1615/3322/2926 1614/3319/2926 1628/3456/2926
f 1636/3357/2927 1620/3321/2927 1635/3353/2927
f 1621/3323/2928 1620/3321/2928 1636/3357/2928
f 1616/3327/2929 1615/3354/2929 1630/3340/2929
f 1622/3457/2930 1621/3323/2930 1637/3358/2930
f 1640/3458/2931 1624/3362/2931 1653/3364/2931
f 1633/3366/2932 1632/3394/2932 1648/3367/2932
f 1655/3413/3255 1634/3459/3255 1648/3460/3255
f 1627/3461/3256 1626/3359/3256 1643/3361/3256
f 1628/3462/3257 1627/3371/3257 1644/3373/3257
f 1635/3463/2936 1634/3368/2936 1649/3370/2936
f 1650/3464/2937 1636/3377/2937 1649/3378/2937
f 1629/3383/3258 1628/3374/3258 1645/3376/3258
f 1654/3465/3259 1630/3466/3259 1645/3467/3259
f 1641/3468/2940 1624/3469/2940 1640/3470/2940
f 1638/3338/3260 1637/3471/3260 1652/3339/3260
f 1631/3472/2942 1630/3384/2942 1646/3386/2942
f 1632/3473/2943 1631/3391/2943 1647/3393/2943
f 1625/3474/2944 1624/3469/2944 1641/3468/2944
f 1626/3475/2945 1625/3396/2945 1642/3398/2945
f 1646/3476/2946 1654/3477/2946 1655/3399/2946
f 1643/3400/3261 1642/3478/3261 1653/3401/3261
f 1653/3401/2948 1652/3479/2948 1656/3480/2948
f 1656/3480/2949 1649/3481/2949 1653/3401/2949
f 1654/3477/3262 1643/3400/3262 1655/3399/3262
f 1653/3401/2951 1649/3481/2951 1655/3399/2951
f 1645/3482/3263 1644/3402/3263 1654/3404/3264
f 1656/3483/2953 1650/3484/2953 1649/3485/2953
f 1651/3486/2954 1650/3484/2954 1656/3483/2954
f 1641/3487/3265 1640/3488/3265 1653/3489/3265
f 1648/3460/3266 1647/3411/3266 1655/3413/3266
f 1658/3490/3267 1660/3491/3267 1659/3492/3267
f 1660/3491/3268 1661/3493/3268 1659/3492/3268
f 1661/3494/3269 1663/3495/3269 1662/3496/3269
f 1663/3495/3270 1665/3497/3270 1664/3498/3270
f 1665/3497/3271 1666/3499/3271 1664/3498/3271
f 1666/3500/3272 1668/3501/3272 1667/3502/3272
f 1668/3501/3273 1670/3503/3273 1669/3504/3273
f 1670/3503/3274 1672/3505/3274 1671/3506/3274
f 1672/3507/3275 1674/3508/3275 1673/3509/3275
f 1674/3508/3276 1676/3510/3276 1675/3511/3276
f 1676/3510/3277 1678/3512/3277 1677/3513/3277
f 1678/3514/3278 1680/3515/3279 1679/3516/3279
f 1680/3515/3280 1681/3517/3280 1657/3518/3280
f 1660/3519/3281 1682/3520/3281 1683/3521/3281
f 1681/3517/3282 1658/3490/3282 1657/3518/3282
f 1669/3522/11 1675/3523/11 1657/3524/11
f 1678/3525/3283 1690/3526/3283 1691/3527/3283
f 1660/3519/3284 1683/3521/3284 1661/3528/3284
f 1665/3529/3285 1684/3530/3285 1685/3531/3285
f 1672/3532/3286 1688/3533/3286 1689/3534/3286
f 1666/3535/3287 1685/3531/3287 1686/3536/3287
f 1668/3537/3288 1687/3538/3288 1688/3533/3288
f 1687/3539/3289 1666/3540/3289 1686/3541/3289
f 1682/3542/3290 1658/3543/3290 1692/3544/3290
f 1692/3545/3291 1680/3546/3291 1691/3527/3291
f 1684/3530/3292 1661/3528/3292 1683/3521/3292
f 1685/3547/3293 1698/3548/3293 1699/3549/3293
f 1690/3550/3294 1706/3551/3294 1707/3552/3294
f 1686/3541/3295 1685/3553/3295 1699/3554/3295
f 1690/3550/3296 1707/3552/3296 1708/3555/3296
f 1686/3541/3297 1700/3556/3297 1701/3557/3297
f 1691/3558/3298 1708/3555/3298 1709/3559/3298
f 1682/3542/3299 1692/3544/3299 1693/3560/3299
f 1687/3539/3300 1701/3557/3300 1702/3561/3300
f 1688/3562/3301 1687/3539/3301 1702/3561/3301
f 1683/3563/3302 1682/3542/3302 1694/3564/3302
f 1692/3544/3303 1691/3565/3303 1710/3566/3303
f 1688/3562/3304 1702/3561/3305 1703/3567/3306
f 1683/3568/3307 1695/3569/3307 1696/3570/3307
f 1689/3571/3308 1688/3572/3308 1703/3573/3308
f 1683/3568/3309 1696/3570/3309 1697/3574/3309
f 1689/3571/3310 1704/3575/3310 1705/3576/3310
f 1689/3571/3311 1705/3576/3311 1706/3551/3311
f 1685/3547/3312 1684/3577/3312 1698/3548/3312
f 1702/3561/3313 1713/3578/3313 1703/3567/3313
f 1695/3569/3314 1712/3579/3314 1696/3570/3314
f 1704/3575/3315 1714/3580/3315 1705/3576/3315
f 1700/3556/3316 1699/3554/3316 1701/3557/3316
f 1693/3560/3317 1711/3581/3317 1694/3564/3317
f 1697/3574/3318 1696/3570/3319 1698/3548/3320
f 1694/3564/3321 1711/3581/3322 1712/3582/3323
f 1703/3567/3324 1713/3578/3324 1714/3583/3324
f 1699/3584/3325 1717/3585/3325 1718/3586/3325
f 1708/3587/3326 1707/3588/3326 1722/3589/3326
f 1709/3590/3327 1708/3587/3327 1722/3589/3327
f 1709/3590/3328 1722/3589/3329 1723/3591/3330
f 1713/3592/3331 1715/3593/3331 1720/3594/3331
f 1709/3590/3332 1723/3591/3332 1710/3595/3332
f 1716/3596/3333 1711/3597/3333 1724/3598/3333
f 1715/3593/3334 1719/3599/3334 1720/3594/3334
f 1710/3595/3335 1723/3591/3335 1724/3598/3335
f 1696/3600/3336 1712/3601/3336 1725/3602/3336
f 1731/3603/3337 1738/3604/3337 1732/3605/3337
f 1716/3606/3338 1724/3607/3338 1736/3608/3338
f 1723/3609/3339 1735/3610/3339 1736/3608/3339
f 1725/3611/3340 1727/3612/3340 1728/3613/3340
f 1726/3614/3341 1732/3615/3341 1733/3616/3341
f 1725/3617/3342 1728/3618/3342 1729/3619/3342
f 1721/3620/3343 1733/3616/3343 1734/3621/3343
f 1717/3622/3344 1729/3623/3344 1730/3624/3344
f 1719/3625/3345 1718/3626/3345 1730/3624/3345
f 1723/3591/3346 1722/3589/3346 1735/3627/3346
f 1731/3603/3347 1730/3624/3347 1737/3628/3347
f 1744/3629/3348 1750/3630/3348 1751/3631/3348
f 1729/3619/3349 1728/3618/3349 1741/3632/3349
f 1729/3619/3350 1741/3632/3350 1742/3633/3350
f 1730/3634/3351 1729/3619/3351 1742/3633/3351
f 1734/3621/3352 1733/3616/3353 1744/3629/3353
f 1730/3624/3354 1742/3635/3354 1737/3628/3354
f 1735/3636/3355 1734/3621/3355 1744/3629/3355
f 1736/3608/3356 1740/3637/3356 1727/3612/3356
f 1731/3603/3357 1737/3628/3357 1738/3604/3357
f 1728/3613/3358 1727/3612/3358 1741/3638/3358
f 1736/3608/3359 1745/3639/3359 1740/3637/3359
f 1742/3635/3360 1748/3640/3361 1749/3641/3360
f 1744/3629/3362 1751/3631/3363 1745/3642/3363
f 1738/3604/3364 1737/3628/3364 1749/3641/3364
f 1741/3638/3365 1727/3612/3365 1747/3643/3365
f 1742/3633/3366 1741/3632/3366 1748/3644/3366
f 1746/3645/3367 1752/3646/3367 1753/3647/3367
f 1740/3637/3368 1745/3639/3368 1759/3648/3368
f 1743/3649/3369 1755/3650/3369 1756/3651/3369
f 1748/3644/3370 1747/3652/3370 1753/3653/3370
f 1750/3630/3371 1756/3654/3371 1757/3655/3371
f 1749/3641/3372 1748/3640/3372 1754/3656/3372
f 1749/3641/3373 1754/3656/3373 1755/3650/3373
f 1751/3631/3374 1758/3657/3374 1759/3658/3374
f 1753/3653/3375 1761/3659/3375 1762/3660/3375
f 1754/3661/3376 1753/3653/3376 1762/3660/3376
f 1758/3657/3377 1757/3655/3377 1764/3662/3377
f 1758/3663/3378 1764/3664/3378 1765/3665/3378
f 1752/3646/3379 1766/3666/3379 1760/3667/3379
f 1759/3668/3380 1765/3665/3380 1766/3669/3380
f 1752/3646/3381 1760/3667/3381 1761/3670/3381
f 1752/3646/3382 1759/3648/3382 1766/3666/3382
f 1766/3666/3383 1767/3671/3383 1760/3667/3383
f 1763/3672/3384 1755/3650/3384 1772/3673/3384
f 1761/3674/3385 1760/3667/3385 1768/3675/3385
f 1766/3666/3386 1776/3676/3386 1767/3671/3386
f 1756/3654/3387 1763/3677/3387 1773/3678/3387
f 1757/3655/3388 1756/3654/3388 1774/3679/3388
f 1754/3661/3389 1762/3660/3390 1770/3680/3390
f 1770/3680/3391 1769/3681/3391 1783/3682/3391
f 1770/3680/3392 1783/3682/3392 1784/3683/3392
f 1775/3684/3393 1786/3685/3393 1787/3686/3393
f 1781/3687/3394 1775/3684/3394 1787/3686/3394
f 1771/3688/3395 1770/3689/3395 1784/3690/3395
f 1760/3667/3396 1767/3671/3396 1782/3691/3396
f 1777/3692/3397 1760/3667/3397 1782/3691/3397
f 1773/3678/3398 1785/3693/3398 1780/3694/3398
f 1785/3695/3399 1779/3696/3399 1793/3697/3399
f 1788/3698/3400 1795/3699/3400 1789/3700/3400
f 1778/3701/3401 1777/3702/3401 1790/3703/3401
f 1778/3701/3402 1790/3703/3402 1791/3704/3402
f 1783/3682/3403 1778/3705/3403 1791/3706/3403
f 1783/3707/3404 1791/3708/3404 1792/3709/3404
f 1787/3710/3405 1794/3711/3405 1795/3699/3405
f 1784/3690/3406 1792/3712/3406 1793/3713/3406
f 1788/3698/3407 1781/3714/3407 1795/3699/3407
f 1794/3715/3408 1801/3716/3408 1802/3717/3408
f 1791/3706/3409 1790/3718/3410 1796/3719/3409
f 1790/3718/3411 1798/3720/3411 1796/3719/3411
f 1792/3712/3412 1799/3721/3412 1800/3722/3412
f 1793/3713/3413 1800/3722/3413 1801/3723/3413
f 1795/3724/3414 1804/3725/3415 1789/3726/3414
f 1790/3727/3416 1789/3726/3416 1797/3728/3416
f 1789/3726/3417 1804/3725/3418 1797/3728/3418
f 1802/3717/3419 1801/3716/3419 1805/3729/3419
f 1801/3723/3420 1800/3722/3420 1805/3730/3420
f 1796/3719/3421 1798/3720/3422 1806/3731/3422
f 1799/3732/3423 1796/3719/3423 1807/3733/3423
f 1799/3721/3424 1807/3734/3424 1800/3722/3424
f 1804/3725/3425 1808/3735/3425 1809/3736/3425
f 1797/3728/3426 1804/3725/3426 1809/3736/3426
f 1806/3731/3427 1810/3737/3427 1811/3738/3427
f 1805/3729/3428 1812/3739/3428 1813/3740/3428
f 1802/3717/3429 1805/3729/3429 1813/3740/3429
f 1807/3733/3430 1796/3719/3430 1811/3738/3430
f 1806/3741/3431 1809/3736/3431 1810/3742/3432
f 1812/3743/3433 1807/3734/3433 1815/3744/3433
f 1809/3736/3434 1808/3735/3435 1814/3745/3436
f 1810/3742/3437 1814/3745/3437 1815/3746/3438
f 1813/3740/3439 1812/3739/3440 1815/3747/3440
f 1657/3518/3441 1658/3490/3441 1659/3492/3441
f 1659/3748/3442 1661/3494/3442 1662/3496/3442
f 1662/3496/3443 1663/3495/3443 1664/3498/3443
f 1664/3749/3444 1666/3500/3444 1667/3502/3444
f 1667/3502/3445 1668/3501/3445 1669/3504/3445
f 1669/3504/3446 1670/3503/3446 1671/3506/3446
f 1671/3750/3447 1672/3507/3447 1673/3509/3447
f 1673/3509/3448 1674/3508/3448 1675/3511/3448
f 1675/3511/3449 1676/3510/3449 1677/3513/3449
f 1677/3751/3450 1678/3514/3450 1679/3516/3450
f 1679/3516/3451 1680/3515/3451 1657/3518/3451
f 1677/3752/11 1679/3753/11 1657/3524/11
f 1664/3754/11 1667/3755/11 1669/3522/11
f 1671/3756/11 1673/3757/11 1669/3522/11
f 1675/3523/11 1677/3752/11 1657/3524/11
f 1657/3524/11 1659/3758/11 1662/3759/11
f 1662/3759/11 1664/3754/11 1669/3522/11
f 1669/3522/11 1673/3757/11 1675/3523/11
f 1657/3524/11 1662/3759/11 1669/3522/11
f 1689/3760/3452 1674/3761/3452 1672/3532/3452
f 1681/3762/3453 1680/3546/3453 1692/3545/3453
f 1665/3529/3454 1663/3763/3454 1684/3530/3454
f 1668/3537/3455 1666/3535/3455 1687/3538/3455
f 1672/3532/3456 1670/3764/3456 1688/3533/3456
f 1690/3526/3457 1676/3765/3457 1674/3761/3457
f 1666/3535/3458 1665/3529/3458 1685/3531/3458
f 1680/3546/3459 1678/3525/3459 1691/3527/3459
f 1684/3530/3460 1663/3763/3460 1661/3528/3460
f 1660/3519/3461 1658/3766/3461 1682/3520/3461
f 1670/3764/3462 1668/3537/3462 1688/3533/3462
f 1690/3526/3463 1678/3525/3463 1676/3765/3463
f 1674/3767/3464 1689/3571/3464 1690/3550/3464
f 1658/3543/3465 1681/3768/3465 1692/3544/3465
f 1700/3556/3466 1686/3541/3466 1699/3554/3466
f 1691/3558/3467 1690/3550/3467 1708/3555/3467
f 1687/3539/3468 1686/3541/3468 1701/3557/3468
f 1694/3564/3469 1682/3542/3469 1693/3560/3469
f 1710/3566/3470 1691/3565/3471 1709/3769/3472
f 1695/3770/3473 1683/3563/3474 1694/3564/3475
f 1693/3560/3476 1692/3544/3477 1710/3566/3478
f 1704/3575/3479 1689/3571/3479 1703/3573/3479
f 1684/3577/3480 1683/3568/3480 1697/3574/3480
f 1698/3548/3481 1684/3577/3481 1697/3574/3481
f 1690/3550/3482 1689/3571/3482 1706/3551/3482
f 1695/3770/3483 1694/3564/3483 1712/3582/3483
f 1693/3560/3484 1710/3566/3484 1711/3581/3484
f 1704/3575/3485 1703/3573/3485 1714/3580/3485
f 1702/3561/3486 1701/3557/3486 1713/3578/3486
f 1707/3552/3487 1706/3551/3487 1705/3576/3487
f 1701/3557/3488 1699/3554/3488 1715/3771/3488
f 1713/3578/3489 1701/3557/3490 1715/3771/3491
f 1699/3584/3492 1698/3772/3492 1717/3585/3492
f 1721/3773/3493 1707/3588/3493 1705/3774/3493
f 1715/3593/3494 1699/3584/3494 1718/3586/3494
f 1719/3599/3495 1715/3593/3495 1718/3586/3495
f 1712/3601/3496 1711/3597/3496 1716/3596/3496
f 1714/3775/3497 1713/3592/3497 1720/3594/3497
f 1698/3772/3498 1696/3600/3498 1717/3585/3498
f 1722/3589/3499 1707/3588/3499 1721/3773/3499
f 1712/3601/3500 1716/3596/3500 1725/3602/3500
f 1711/3597/3501 1710/3595/3501 1724/3598/3501
f 1726/3776/3502 1714/3775/3502 1720/3594/3502
f 1717/3585/3503 1696/3600/3503 1725/3602/3503
f 1705/3774/3504 1714/3775/3504 1726/3776/3504
f 1721/3773/3505 1705/3774/3505 1726/3776/3505
f 1727/3612/3506 1716/3606/3506 1736/3608/3506
f 1720/3777/3507 1719/3625/3507 1731/3603/3507
f 1725/3611/3508 1716/3606/3508 1727/3612/3508
f 1724/3607/3509 1723/3609/3509 1736/3608/3509
f 1732/3605/3510 1720/3777/3510 1731/3603/3510
f 1726/3614/3511 1720/3778/3511 1732/3615/3511
f 1717/3779/3512 1725/3617/3512 1729/3619/3512
f 1721/3620/3513 1726/3614/3513 1733/3616/3513
f 1718/3626/3514 1717/3622/3515 1730/3624/3515
f 1722/3780/3516 1721/3620/3516 1734/3621/3516
f 1735/3636/3517 1722/3780/3517 1734/3621/3517
f 1731/3603/3518 1719/3625/3518 1730/3624/3518
f 1733/3616/3519 1732/3615/3519 1739/3781/3519
f 1744/3629/3520 1733/3616/3520 1739/3781/3520
f 1745/3642/3521 1735/3636/3521 1744/3629/3521
f 1736/3608/3522 1735/3610/3522 1745/3639/3522
f 1743/3649/3523 1732/3605/3524 1738/3604/3525
f 1739/3781/3526 1732/3615/3526 1743/3782/3526
f 1737/3628/3527 1742/3635/3527 1749/3641/3527
f 1727/3612/3528 1740/3637/3528 1746/3645/3528
f 1743/3649/3529 1738/3604/3529 1749/3641/3529
f 1747/3643/3530 1727/3612/3530 1746/3645/3530
f 1748/3644/3531 1741/3632/3531 1747/3652/3531
f 1739/3781/3532 1743/3782/3532 1750/3630/3532
f 1744/3629/3533 1739/3781/3533 1750/3630/3533
f 1743/3649/3534 1749/3641/3534 1755/3650/3534
f 1747/3643/3535 1746/3645/3535 1753/3647/3535
f 1752/3646/3536 1740/3637/3536 1759/3648/3536
f 1750/3630/3537 1743/3783/3537 1756/3654/3537
f 1751/3631/3538 1750/3630/3539 1757/3655/3538
f 1754/3661/3540 1748/3644/3540 1753/3653/3540
f 1758/3657/3541 1751/3631/3541 1757/3655/3541
f 1745/3642/3542 1751/3631/3542 1759/3658/3542
f 1746/3645/3543 1740/3637/3543 1752/3646/3543
f 1759/3668/3544 1758/3663/3544 1765/3665/3544
f 1753/3647/3545 1752/3646/3545 1761/3670/3545
f 1756/3784/3546 1755/3785/3546 1763/3786/3546
f 1771/3688/3547 1754/3656/3548 1770/3689/3547
f 1755/3650/3549 1754/3656/3549 1771/3688/3549
f 1772/3673/3550 1755/3650/3550 1771/3688/3550
f 1766/3666/3551 1765/3787/3552 1776/3676/3553
f 1773/3788/3554 1763/3672/3554 1772/3673/3554
f 1769/3681/3555 1761/3659/3555 1768/3789/3555
f 1774/3679/3556 1756/3654/3556 1773/3678/3556
f 1762/3660/3557 1761/3659/3557 1769/3681/3557
f 1770/3680/3558 1762/3660/3559 1769/3681/3560
f 1775/3684/3561 1757/3655/3562 1774/3679/3563
f 1764/3662/3564 1757/3655/3564 1775/3684/3564
f 1769/3681/3565 1768/3789/3565 1778/3705/3565
f 1774/3679/3566 1773/3678/3566 1780/3694/3566
f 1781/3687/3567 1764/3662/3567 1775/3684/3567
f 1765/3790/3568 1764/3662/3569 1781/3687/3570
f 1776/3676/3571 1765/3787/3572 1781/3791/3573
f 1772/3673/3574 1771/3688/3574 1779/3792/3574
f 1777/3692/3575 1768/3675/3575 1760/3667/3575
f 1783/3682/3576 1769/3681/3576 1778/3705/3576
f 1786/3685/3577 1774/3679/3577 1780/3694/3577
f 1775/3684/3578 1774/3679/3578 1786/3685/3578
f 1779/3792/3579 1771/3688/3579 1784/3690/3579
f 1776/3676/3580 1781/3791/3581 1788/3793/3582
f 1785/3794/3583 1772/3673/3583 1779/3792/3583
f 1767/3671/3584 1776/3676/3584 1788/3793/3584
f 1773/3788/3585 1772/3673/3585 1785/3794/3585
f 1778/3705/3586 1768/3789/3586 1777/3795/3586
f 1782/3691/3587 1767/3671/3587 1788/3793/3587
f 1777/3702/3588 1782/3796/3588 1790/3703/3588
f 1782/3797/3589 1788/3698/3589 1789/3700/3589
f 1780/3798/3590 1785/3695/3590 1793/3799/3590
f 1794/3800/3591 1780/3798/3591 1793/3799/3591
f 1786/3685/3592 1780/3694/3592 1794/3715/3592
f 1787/3686/3593 1786/3685/3593 1794/3715/3593
f 1784/3801/3594 1783/3707/3594 1792/3709/3594
f 1781/3714/3595 1787/3710/3595 1795/3699/3595
f 1779/3792/3596 1784/3690/3596 1793/3713/3596
f 1790/3727/3597 1782/3691/3597 1789/3726/3597
f 1799/3732/3598 1791/3706/3599 1796/3719/3599
f 1792/3802/3600 1791/3706/3600 1799/3732/3600
f 1795/3803/3601 1794/3715/3601 1803/3804/3601
f 1804/3805/3602 1795/3803/3602 1803/3804/3603
f 1793/3713/3604 1792/3712/3604 1800/3722/3604
f 1794/3715/3605 1793/3806/3606 1801/3716/3607
f 1798/3807/3608 1790/3727/3608 1797/3728/3608
f 1803/3804/3609 1794/3715/3610 1802/3717/3609
f 1804/3805/3611 1803/3804/3612 1808/3808/3613
f 1806/3741/3614 1798/3807/3615 1797/3728/3614
f 1805/3730/3616 1800/3722/3617 1812/3743/3616
f 1796/3719/3618 1806/3731/3618 1811/3738/3618
f 1803/3804/3619 1802/3717/3619 1813/3740/3619
f 1812/3743/3620 1800/3722/3621 1807/3734/3622
f 1806/3741/3623 1797/3728/3623 1809/3736/3623
f 1803/3804/3624 1813/3740/3625 1814/3809/3626
f 1807/3734/3627 1811/3810/3628 1815/3744/3629
f 1808/3811/3630 1803/3804/3630 1814/3809/3630
f 1810/3742/3631 1809/3736/3631 1814/3745/3631
f 1811/3738/3632 1810/3737/3632 1815/3812/3632
f 1814/3809/3633 1813/3740/3633 1815/3747/3634
f 1817/3813/3635 1818/3814/3635 1816/3815/3635
f 1819/3816/3636 1821/3817/3636 1820/3818/3636
f 1822/3819/3637 1823/3820/3637 1824/3821/3637
f 1823/3822/3638 1825/3823/3638 1826/3824/3638
f 1825/3823/3639 1827/3825/3639 1826/3824/3639
f 1828/3826/3640 1829/3827/3640 1827/3828/3640
f 1828/3826/3641 1830/3829/3641 1829/3827/3641
f 1831/3830/3642 1833/3831/3642 1832/3832/3642
f 1851/3833/3643 1849/3834/3643 1880/3835/3643
f 1834/3836/3644 1816/3837/3644 1833/3831/3644
f 1823/3838/3645 1822/3839/3645 1817/3840/3645
f 1836/3841/3646 1837/3842/3646 1835/3843/3646
f 1839/3844/3647 1837/3845/3647 1840/3846/3647
f 1840/3847/3648 1842/3848/3648 1841/3849/3648
f 1843/3850/3649 1842/3851/3649 1844/3852/3649
f 1843/3850/3650 1844/3852/3650 1845/3853/3650
f 1846/3854/3651 1845/3855/3651 1847/3856/3651
f 1848/3857/3652 1847/3856/3652 1849/3858/3652
f 1849/3834/3653 1851/3833/3653 1850/3859/3653
f 1851/3833/3654 1852/3860/3654 1850/3859/3654
f 1852/3861/3655 1854/3862/3655 1853/3863/3655
f 1829/3827/3656 1865/3864/3656 1864/3865/3656
f 1835/3843/3657 1854/3862/3657 1836/3841/3657
f 1843/3866/3658 1850/3867/3658 1835/3868/3658
f 1824/3869/3659 1861/3870/3659 1860/3871/3659
f 1818/3872/3660 1820/3818/3660 1857/3873/3660
f 1851/3833/3661 1881/3874/3661 1882/3875/3661
f 1833/3831/3662 1816/3837/3663 1855/3876/3662
f 1826/3824/3664 1862/3877/3665 1861/3870/3665
f 1830/3829/3666 1866/3878/3666 1865/3864/3666
f 1820/3818/3667 1821/3817/3667 1858/3879/3667
f 1842/3880/3668 1840/3846/3668 1874/3881/3668
f 1847/3882/3669 1845/3853/3669 1878/3883/3669
f 1830/3829/3670 1832/3884/3670 1866/3878/3671
f 1852/3860/3672 1882/3875/3672 1883/3885/3672
f 1836/3841/3673 1870/3886/3673 1871/3887/3673
f 1826/3824/3674 1863/3888/3674 1862/3877/3674
f 1821/3817/3675 1859/3889/3675 1858/3879/3675
f 1854/3862/3676 1883/3890/3676 1884/3891/3676
f 1837/3845/3677 1871/3892/3677 1872/3893/3677
f 1844/3852/3678 1842/3851/3678 1875/3894/3678
f 1827/3828/3679 1864/3865/3679 1863/3895/3679
f 1849/3834/3680 1847/3896/3680 1880/3835/3680
f 1832/3832/3681 1833/3831/3681 1868/3897/3681
f 1816/3837/3682 1818/3898/3682 1856/3899/3682
f 1824/3821/3683 1860/3900/3683 1859/3889/3683
f 1854/3862/3684 1884/3891/3684 1870/3886/3685
f 1837/3845/3686 1872/3893/3686 1873/3901/3686
f 1845/3853/3687 1844/3852/3687 1876/3902/3687
f 1881/3874/3688 1942/3903/3688 1943/3904/3688
f 1946/3905/3689 1945/3905/3689 2009/3905/3689
f 1892/3905/3689 1893/3905/3689 1957/3905/3689
f 1855/3876/3690 1885/3906/3690 1916/3907/3690
f 1857/3873/3691 1891/3908/3691 1890/3909/3691
f 1882/3875/3692 1881/3874/3692 1943/3904/3692
f 1870/3886/3693 1884/3891/3693 1917/3910/3693
f 1858/3879/3694 1892/3911/3694 1891/3908/3694
f 1882/3875/3695 1944/3912/3695 1945/3913/3695
f 1870/3886/3696 1918/3914/3696 1919/3915/3696
f 1858/3879/3697 1893/3916/3698 1892/3911/3699
f 1883/3890/3700 1945/3917/3700 1946/3918/3700
f 1871/3892/3701 1870/3919/3701 1919/3920/3701
f 1858/3879/3702 1859/3889/3702 1894/3921/3702
f 1883/3890/3703 1946/3918/3703 1947/3922/3703
f 1871/3892/3704 1920/3923/3704 1921/3924/3704
f 1859/3889/3705 1895/3925/3705 1894/3921/3705
f 1884/3891/3706 1947/3922/3706 1948/3926/3706
f 1872/3893/3707 1921/3924/3707 1922/3927/3707
f 1860/3900/3708 1896/3928/3708 1895/3925/3708
f 1884/3891/3709 1948/3926/3709 1917/3910/3709
f 1872/3893/3710 1922/3927/3710 1923/3929/3710
f 1860/3900/3711 1897/3930/3711 1896/3928/3711
f 1873/3901/3712 1923/3929/3712 1924/3931/3712
f 1860/3871/3713 1861/3870/3713 1898/3932/3713
f 1873/3901/3714 1924/3931/3714 1925/3933/3714
f 1861/3870/3715 1899/3934/3715 1898/3932/3715
f 1873/3901/3716 1925/3933/3716 1926/3935/3716
f 1861/3870/3717 1862/3877/3717 1900/3936/3717
f 1862/3877/3718 1901/3937/3718 1900/3936/3718
f 1863/3888/3719 1902/3938/3719 1901/3937/3719
f 1874/3939/3720 1928/3940/3720 1929/3941/3720
f 1863/3888/3721 1903/3942/3721 1902/3938/3721
f 1876/3902/3722 1929/3941/3722 1930/3943/3722
f 1863/3895/3723 1864/3865/3723 1904/3944/3723
f 1876/3902/3724 1930/3943/3724 1931/3945/3724
f 1877/3946/3725 1931/3945/3725 1932/3947/3725
f 1864/3865/3726 1906/3948/3726 1905/3949/3726
f 1865/3864/3727 1907/3950/3727 1906/3948/3727
f 1878/3883/3728 1877/3946/3729 1933/3951/3730
f 1865/3864/3731 1908/3952/3731 1907/3950/3731
f 1866/3878/3732 1909/3953/3732 1908/3952/3732
f 1878/3883/3733 1935/3954/3733 1936/3955/3733
f 1866/3878/3734 1910/3956/3734 1909/3953/3734
f 1879/3957/3735 1936/3958/3735 1937/3959/3735
f 1867/3960/3736 1911/3961/3736 1910/3956/3736
f 1867/3962/3737 1912/3963/3737 1911/3964/3737
f 1855/3876/3738 1886/3965/3739 1885/3906/3739
f 1879/3957/3740 1938/3966/3740 1939/3967/3740
f 1868/3897/3741 1913/3968/3741 1912/3963/3741
f 1856/3899/3742 1887/3969/3742 1886/3965/3742
f 1881/3874/3743 1880/3835/3743 1940/3970/3743
f 1868/3897/3744 1869/3971/3744 1915/3972/3744
f 1857/3873/3745 1889/3973/3745 1888/3974/3745
f 1881/3874/3746 1941/3975/3746 1942/3903/3746
f 1869/3971/3747 1916/3907/3747 1915/3972/3747
f 1960/3976/3748 2017/3977/3748 2016/3978/3748
f 1920/3905/3689 1919/3905/3689 1983/3905/3689
f 1893/3905/3689 1894/3905/3689 1958/3905/3689
f 1947/3905/3689 1946/3905/3689 2010/3905/3689
f 1921/3905/3689 1920/3905/3689 1984/3905/3689
f 1894/3905/3689 1895/3905/3689 1959/3905/3689
f 1948/3905/3689 1947/3905/3689 2011/3905/3689
f 1922/3905/3689 1921/3905/3689 1985/3905/3689
f 1895/3905/3689 1896/3905/3689 1960/3905/3689
f 1917/3905/3689 1948/3905/3689 2012/3905/3689
f 1923/3905/3689 1922/3905/3689 1986/3905/3689
f 1896/3905/3689 1897/3905/3689 1961/3905/3689
f 1924/3905/3689 1923/3905/3689 1987/3905/3689
f 1897/3905/3689 1898/3905/3689 1962/3905/3689
f 1925/3905/3689 1924/3905/3689 1988/3905/3689
f 1898/3905/3689 1899/3905/3689 1963/3905/3689
f 1926/3905/3689 1925/3905/3689 1989/3905/3689
f 1899/3905/3689 1900/3905/3689 1964/3905/3689
f 1927/3905/3689 1926/3905/3689 1990/3905/3689
f 1900/3905/3689 1901/3905/3689 1965/3905/3689
f 1928/3905/3689 1927/3905/3689 1991/3905/3689
f 1901/3905/3689 1902/3905/3689 1966/3905/3689
f 1929/3905/3689 1928/3905/3689 1992/3905/3689
f 1902/3905/3689 1903/3905/3689 1967/3905/3689
f 1930/3905/3689 1929/3905/3689 1993/3905/3689
f 1903/3905/3689 1904/3905/3689 1968/3905/3689
f 1931/3905/3689 1930/3905/3689 1994/3905/3689
f 1904/3905/3689 1905/3905/3689 1969/3905/3689
f 1932/3905/3689 1931/3905/3689 1995/3905/3689
f 1905/3905/3689 1906/3905/3689 1970/3905/3689
f 1933/3905/3689 1932/3905/3689 1996/3905/3689
f 1906/3905/3689 1907/3905/3689 1971/3905/3689
f 1934/3905/3689 1933/3905/3689 1997/3905/3689
f 1907/3905/3689 1908/3905/3689 1972/3905/3689
f 1935/3905/3689 1934/3905/3689 1998/3905/3689
f 1908/3905/3689 1909/3905/3689 1973/3905/3689
f 1936/3905/3689 1935/3905/3689 1999/3905/3689
f 1909/3905/3689 1910/3905/3689 1974/3905/3689
f 1937/3905/3689 1936/3905/3689 2000/3905/3689
f 1910/3905/3689 1911/3905/3689 1975/3905/3689
f 1938/3905/3689 1937/3905/3689 2001/3905/3689
f 1911/3905/3689 1912/3905/3689 1976/3905/3689
f 1885/3905/3689 1886/3905/3689 1950/3905/3689
f 1939/3905/3689 1938/3905/3689 2002/3905/3689
f 1912/3905/3689 1913/3905/3689 1977/3905/3689
f 1886/3905/3689 1887/3905/3689 1951/3905/3689
f 1940/3905/3689 1939/3905/3689 2003/3905/3689
f 1913/3905/3689 1914/3905/3689 1978/3905/3689
f 1887/3905/3689 1888/3905/3689 1952/3905/3689
f 1941/3905/3689 1940/3905/3689 2004/3905/3689
f 1914/3905/3689 1915/3905/3689 1979/3905/3689
f 1888/3905/3689 1889/3905/3689 1953/3905/3689
f 1942/3905/3689 1941/3905/3689 2005/3905/3689
f 1915/3905/3689 1916/3905/3689 1980/3905/3689
f 1889/3905/3689 1890/3905/3689 1954/3905/3689
f 1943/3905/3689 1942/3905/3689 2006/3905/3689
f 1916/3905/3689 1885/3905/3689 1949/3905/3689
f 1890/3905/3689 1891/3905/3689 1955/3905/3689
f 1944/3905/3689 1943/3905/3689 2007/3905/3689
f 1918/3905/3689 1917/3905/3689 1981/3905/3689
f 1891/3905/3689 1892/3905/3689 1956/3905/3689
f 1945/3905/3689 1944/3905/3689 2008/3905/3689
f 1919/3905/3689 1918/3905/3689 1982/3905/3689
f 1987/3979/3749 1986/3980/3749 2024/3981/3749
f 1989/3982/3750 1988/3983/3750 2025/3984/3750
f 1962/3985/3751 1963/3986/3751 2017/3987/3751
f 1964/3988/3752 2018/3989/3752 2017/3987/3752
f 1991/3990/3753 2025/3991/3753 2026/3992/3753
f 1965/3993/3754 1966/3994/3754 2018/3989/3754
f 1993/3995/3755 1992/3996/3755 2026/3992/3755
f 1967/3997/3756 1968/3998/3756 2019/3999/3756
f 1994/4000/3757 2026/3992/3757 2027/4001/3757
f 1970/4002/3758 2020/4003/3758 2019/3999/3758
f 1999/4004/3759 1998/4005/3759 2027/4001/3759
f 1973/4006/3760 1974/4007/3760 2021/4008/3760
f 2002/4009/3761 2001/4010/3761 2028/4011/3761
f 1950/4012/3762 2013/4013/3762 2022/4014/3762
f 2003/4015/3763 2002/4009/3763 2028/4011/3763
f 2004/4016/3764 2003/4015/3764 2029/4017/3764
f 1951/4018/3765 1952/4019/3765 2014/4020/3765
f 2004/4016/3766 2029/4017/3766 2030/4021/3766
f 1978/4022/3767 1979/4023/3767 2022/4014/3767
f 1955/4024/3768 2015/4025/3768 2014/4026/3768
f 2008/4027/3769 2007/4028/3769 2030/4021/3769
f 1982/4029/3770 1981/4030/3770 2031/4031/3770
f 2009/4032/3771 2008/4027/3771 2030/4021/3771
f 1958/4033/3772 2016/3978/3772 2015/4025/3772
f 1984/4034/3773 2023/4035/3773 2024/3981/3773
f 2026/3992/3774 2025/3991/3774 2042/4036/3774
f 2019/3999/3775 2036/4037/3775 2035/4038/3775
f 2027/4001/3776 2026/3992/3776 2043/4039/3776
f 2020/4003/3777 2037/4040/3777 2036/4037/3777
f 2028/4041/3778 2027/4001/3778 2044/4042/3778
f 2020/4003/3779 2021/4008/3779 2037/4040/3779
f 2029/4017/3780 2028/4011/3780 2044/4043/3780
f 2021/4044/3781 2022/4014/3781 2038/4045/3781
f 2013/4013/3782 2014/4020/3782 2032/4046/3782
f 2030/4021/3783 2029/4017/3783 2044/4043/3783
f 2030/4021/3784 2044/4043/3784 2045/4047/3784
f 2014/4026/3785 2015/4025/3785 2032/4048/3785
f 2022/4014/3786 2013/4013/3786 2038/4045/3786
f 2023/4049/3787 2039/4050/3787 2040/4051/3787
f 2015/4025/3788 2016/3978/3788 2033/4052/3788
f 2016/3978/3789 2034/4053/3789 2033/4052/3789
f 2031/4031/3790 2045/4054/3790 2039/4050/3790
f 2024/3981/3791 2040/4055/3791 2041/4056/3791
f 2017/3987/3792 2035/4057/3792 2034/4058/3792
f 2043/4059/3793 2057/4060/3793 2058/4061/3793
f 2036/4062/3794 2037/4063/3794 2052/4064/3794
f 2038/4065/3795 2032/4066/3795 2053/4067/3795
f 2032/4066/3796 2047/4068/3796 2046/4069/3796
f 2045/4070/3797 2059/4071/3797 2060/4072/3797
f 2039/4073/3798 2045/4070/3798 2061/4074/3798
f 2040/4075/3799 2054/4076/3799 2055/4077/3799
f 2034/4078/3800 2048/4079/3800 2047/4068/3800
f 2041/4080/3801 2055/4077/3801 2056/4081/3801
f 2034/4078/3802 2049/4082/3802 2048/4079/3802
f 2034/4078/3803 2035/4083/3803 2049/4082/3803
f 2042/4084/3804 2041/4080/3804 2056/4081/3804
f 2042/4084/3805 2056/4081/3805 2057/4060/3805
f 2066/4085/3806 2080/4086/3806 2079/4087/3806
f 2052/4088/3807 2053/4089/3807 2067/4090/3807
f 2046/4091/3808 2047/4092/3808 2063/4093/3808
f 2060/4094/3809 2059/4095/3809 2072/4096/3809
f 2053/4089/3810 2062/4097/3810 2067/4090/3810
f 2047/4092/3811 2064/4098/3811 2063/4093/3811
f 2060/4094/3812 2072/4096/3812 2073/4099/3812
f 2055/4100/3813 2054/4101/3813 2068/4102/3813
f 2047/4092/3814 2048/4103/3814 2064/4098/3814
f 2054/4101/3815 2061/4104/3815 2073/4099/3815
f 2056/4105/3816 2055/4100/3816 2068/4102/3816
f 2048/4103/3817 2049/4106/3817 2065/4107/3817
f 2057/4108/3818 2056/4105/3818 2069/4109/3818
f 2049/4106/3819 2050/4110/3819 2065/4107/3819
f 2050/4110/3820 2066/4111/3820 2065/4107/3820
f 2058/4112/3821 2057/4108/3821 2070/4113/3821
f 2080/4114/3822 2097/4115/3822 2096/4116/3822
f 2062/4117/3823 2075/4118/3823 2074/4119/3823
f 2072/4120/3824 2085/4121/3824 2086/4122/3824
f 2067/4123/3825 2074/4119/3825 2080/4124/3825
f 2063/4125/3826 2076/4126/3826 2075/4127/3826
f 2068/4128/3827 2081/4129/3827 2082/4130/3827
f 2073/4131/3828 2086/4132/3828 2081/4133/3828
f 2068/4128/3829 2082/4130/3829 2083/4134/3829
f 2065/4135/3830 2077/4136/3830 2076/4137/3830
f 2065/4135/3831 2078/4138/3831 2077/4136/3831
f 2070/4139/3832 2083/4140/3832 2084/4141/3832
f 2066/4085/3833 2079/4087/3833 2078/4142/3833
f 2071/4143/3834 2084/4141/3834 2085/4144/3834
f 2086/4145/3835 2085/4146/3835 2105/4147/3835
f 2075/4148/3836 2089/4149/3836 2088/4150/3836
f 2075/4148/3837 2076/4151/3837 2089/4149/3837
f 2081/4152/3838 2098/4153/3838 2099/4154/3838
f 2076/4151/3839 2090/4155/3839 2089/4149/3839
f 2082/4156/3840 2081/4152/3840 2099/4154/3840
f 2076/4151/3841 2091/4157/3841 2090/4155/3841
f 2081/4152/3842 2107/4158/3842 2098/4153/3842
f 2083/4159/3843 2082/4156/3843 2100/4160/3843
f 2077/4161/3844 2092/4162/3844 2091/4157/3844
f 2077/4161/3845 2078/4163/3845 2093/4164/3845
f 2084/4165/3846 2083/4159/3846 2102/4166/3846
f 2078/4163/3847 2079/4167/3847 2094/4168/3847
f 2079/4167/3848 2095/4169/3848 2094/4168/3848
f 2085/4146/3849 2084/4165/3849 2103/4170/3849
f 2079/4167/3850 2096/4116/3850 2095/4169/3850
f 2079/4167/3851 2080/4114/3851 2096/4116/3851
f 2074/4171/3852 2075/4148/3852 2087/4172/3852
f 2099/4173/3853 2098/4174/3853 2122/4175/3853
f 2090/4176/3854 2111/4177/3854 2110/4178/3854
f 2107/4179/3855 2106/4180/3855 2133/4181/3855
f 2091/4182/3856 2112/4183/3856 2111/4184/3856
f 2100/4185/3857 2099/4186/3857 2123/4187/3857
f 2098/4188/3858 2107/4179/3858 2121/4189/3858
f 2091/4190/3859 2113/4191/3859 2112/4192/3859
f 2101/4193/3860 2100/4194/3860 2124/4195/3860
f 2092/4196/3861 2114/4197/3861 2113/4191/3861
f 2093/4198/3862 2115/4199/3862 2114/4200/3862
f 2102/4201/3863 2101/4202/3863 2125/4203/3863
f 2094/4204/3864 2116/4205/3864 2115/4206/3864
f 2103/4207/3865 2102/4201/3865 2127/4208/3865
f 2095/4209/3866 2117/4210/3866 2116/4205/3866
f 2104/4211/3867 2103/4212/3867 2128/4213/3867
f 2096/4214/3868 2118/4215/3868 2117/4216/3868
f 2096/4217/3869 2119/4218/3869 2118/4219/3869
f 2105/4220/3870 2104/4221/3870 2130/4222/3870
f 2087/4223/3871 2109/4224/3871 2108/4225/3871
f 2097/4226/3872 2120/4227/3872 2119/4218/3872
f 2106/4228/3873 2105/4220/3873 2132/4229/3873
f 2097/4226/3874 2108/4230/3874 2120/4227/3874
f 2089/4231/3875 2110/4178/3875 2109/4232/3875
f 2123/4233/3876 2122/4234/3876 2136/4235/3876
f 2112/4236/3877 2113/4237/3877 2135/4238/3877
f 2130/4239/3878 2129/4240/3878 2136/4235/3878
f 2131/4241/3879 2130/4239/3879 2136/4235/3879
f 2114/4242/3880 2115/4243/3880 2135/4238/3880
f 2132/4244/3881 2131/4241/3881 2136/4235/3881
f 2133/4245/3882 2132/4244/3882 2136/4235/3882
f 2115/4243/3883 2116/4246/3883 2135/4238/3883
f 2134/4247/3884 2133/4245/3884 2136/4235/3884
f 2118/4248/3885 2119/4249/3885 2135/4238/3885
f 2120/4250/3886 2108/4251/3886 2135/4238/3886
f 2109/4252/3887 2110/4253/3887 2135/4238/3887
f 2122/4234/3888 2121/4254/3888 2136/4235/3888
f 2140/4255/3889 2139/4256/3889 2137/4257/3889
f 2144/4258/3890 2143/4259/3890 2139/4260/3890
f 2142/4261/3689 2141/4262/3689 2143/4263/3689
f 2138/4264/3891 2137/4265/3891 2141/4266/3891
f 2139/4267/11 2143/4268/11 2141/4269/11
f 2144/4270/3892 2140/4271/3892 2138/4272/3892
f 2148/4273/3889 2147/3397/3889 2145/4274/3889
f 2152/4275/3890 2151/4276/3890 2147/4277/3890
f 2150/4278/3689 2149/4279/3689 2151/4280/3689
f 2146/4281/3891 2145/4282/3891 2149/4283/3891
f 2147/4284/11 2151/4285/11 2149/3116/11
f 2152/4286/3892 2148/4287/3892 2146/4288/3892
f 1834/4289/3893 1817/3813/3893 1816/3815/3893
f 1817/3813/3894 1819/4290/3894 1818/3814/3894
f 1818/3814/3895 1819/4290/3895 1820/4291/3895
f 1819/3816/3896 1822/3819/3896 1821/3817/3896
f 1821/3817/3897 1822/3819/3897 1824/3821/3897
f 1824/3869/3898 1823/3822/3898 1826/3824/3898
f 1825/4292/3899 1828/4293/3899 1827/4294/3899
f 1828/3826/3900 1831/4295/3900 1830/3829/3900
f 1830/4296/3901 1831/4297/3901 1832/4298/3901
f 1831/3830/3902 1834/3836/3902 1833/3831/3902
f 1881/3874/3903 1851/3833/3903 1880/3835/3903
f 1817/3840/3904 1834/4299/3904 1831/4300/3904
f 1819/4301/3905 1817/3840/3905 1822/3839/3905
f 1831/4300/3906 1828/4302/3906 1817/3840/3906
f 1825/4303/3907 1823/3838/3907 1817/3840/3907
f 1817/3840/3908 1828/4302/3908 1825/4303/3908
f 1835/4304/3909 1837/4305/3909 1838/4306/3909
f 1839/3844/3910 1838/4307/3910 1837/3845/3910
f 1841/4308/3911 1839/3844/3911 1840/3846/3911
f 1843/3850/3912 1841/4309/3912 1842/3851/3912
f 1843/3850/3913 1845/3853/3913 1846/4310/3913
f 1846/3854/3914 1847/3856/3914 1848/3857/3914
f 1848/4311/3915 1849/3834/3915 1850/3859/3915
f 1850/4312/3916 1852/4313/3916 1853/4314/3916
f 1853/3863/3917 1854/3862/3917 1835/3843/3917
f 1850/3867/3918 1853/4315/3918 1835/3868/3918
f 1841/4316/3919 1843/3866/3919 1839/4317/3919
f 1835/3868/3920 1838/4318/3920 1839/4317/3920
f 1843/3866/3919 1846/4319/3919 1848/4320/3919
f 1848/4320/3921 1850/3867/3921 1843/3866/3921
f 1835/3868/3922 1839/4317/3922 1843/3866/3922
f 1868/3897/3923 1833/3831/3924 1869/3971/3925
f 1856/4321/3926 1818/3872/3926 1857/3873/3926
f 1878/3883/3927 1845/3853/3927 1877/3946/3927
f 1829/3827/3928 1830/3829/3928 1865/3864/3928
f 1869/3971/3929 1833/3831/3930 1855/3876/3931
f 1857/3873/3932 1820/3818/3932 1858/3879/3932
f 1874/3881/3933 1840/3846/3933 1873/3901/3933
f 1824/3869/3934 1826/3824/3934 1861/3870/3934
f 1852/3860/3935 1851/3833/3935 1882/3875/3935
f 1879/4322/3936 1847/3882/3936 1878/3883/3936
f 1837/3842/3937 1836/3841/3937 1871/3887/3937
f 1875/3894/3938 1842/3851/3938 1874/3939/3938
f 1866/3878/3939 1832/3884/3939 1867/3960/3939
f 1854/3862/3940 1852/3861/3940 1883/3890/3940
f 1826/3824/3941 1827/3825/3941 1863/3888/3941
f 1880/3835/3942 1847/3896/3942 1879/3957/3942
f 1876/3902/3943 1844/3852/3943 1875/3894/3943
f 1867/3962/3944 1832/3832/3944 1868/3897/3944
f 1855/3876/3945 1816/3837/3945 1856/3899/3945
f 1821/3817/3946 1824/3821/3946 1859/3889/3946
f 1827/3828/3947 1829/3827/3947 1864/3865/3947
f 1836/3841/3948 1854/3862/3948 1870/3886/3948
f 1840/3846/3949 1837/3845/3949 1873/3901/3949
f 1877/3946/3950 1845/3853/3951 1876/3902/3950
f 1889/3973/3952 1857/3873/3952 1890/3909/3952
f 1876/3902/3953 1875/3894/3953 1874/3939/3953
f 2010/3905/3689 1946/3905/3689 2009/3905/3689
f 1956/3905/3689 1892/3905/3689 1957/3905/3689
f 1869/3971/3954 1855/3876/3954 1916/3907/3954
f 1944/3912/3955 1882/3875/3955 1943/3904/3955
f 1918/3914/3956 1870/3886/3956 1917/3910/3956
f 1857/3873/3957 1858/3879/3957 1891/3908/3957
f 1883/3885/3958 1882/3875/3958 1945/3913/3958
f 1920/3923/3959 1871/3892/3959 1919/3920/3959
f 1893/3916/3960 1858/3879/3960 1894/3921/3960
f 1884/3891/3961 1883/3890/3961 1947/3922/3961
f 1872/3893/3962 1871/3892/3962 1921/3924/3962
f 1859/3889/3963 1860/3900/3963 1895/3925/3963
f 1873/3901/3964 1872/3893/3964 1923/3929/3964
f 1897/4323/3965 1860/3871/3965 1898/3932/3966
f 1874/3881/3967 1873/3901/3967 1926/3935/3967
f 1899/3934/3968 1861/3870/3968 1900/3936/3968
f 1927/4324/3969 1874/3881/3969 1926/3935/3969
f 1928/3940/3970 1874/3939/3970 1927/4325/3970
f 1862/3877/3971 1863/3888/3972 1901/3937/3971
f 1876/3902/3973 1874/3939/3973 1929/3941/3973
f 1903/4326/3974 1863/3895/3974 1904/3944/3974
f 1877/3946/3975 1876/3902/3975 1931/3945/3975
f 1904/3944/3976 1864/3865/3976 1905/3949/3976
f 1933/3951/3977 1877/3946/3977 1932/3947/3977
f 1864/3865/3978 1865/3864/3978 1906/3948/3978
f 1934/4327/3979 1878/3883/3979 1933/3951/3979
f 1935/3954/3980 1878/3883/3980 1934/4327/3980
f 1865/3864/3981 1866/3878/3981 1908/3952/3981
f 1879/4322/3982 1878/3883/3982 1936/3955/3982
f 1866/3878/3983 1867/3960/3983 1910/3956/3983
f 1938/3966/3984 1879/3957/3984 1937/3959/3984
f 1880/3835/3985 1879/3957/3985 1939/3967/3985
f 1867/3962/3986 1868/3897/3986 1912/3963/3986
f 1855/3876/3987 1856/3899/3987 1886/3965/3987
f 1940/3970/3988 1880/3835/3988 1939/3967/3988
f 1913/3968/3989 1868/3897/3989 1914/4328/3989
f 1887/3969/3990 1856/3899/3990 1888/4329/3990
f 1941/3975/3991 1881/3874/3991 1940/3970/3991
f 1914/4328/3992 1868/3897/3992 1915/3972/3992
f 1856/4330/3993 1857/3873/3994 1888/3974/3993
f 1981/4030/3995 2012/4331/3996 2031/4031/3997
f 1959/4332/3998 1960/3976/3998 2016/3978/3998
f 1984/3905/3689 1920/3905/3689 1983/3905/3689
f 1957/3905/3689 1893/3905/3689 1958/3905/3689
f 2011/3905/3689 1947/3905/3689 2010/3905/3689
f 1985/3905/3689 1921/3905/3689 1984/3905/3689
f 1958/3905/3689 1894/3905/3689 1959/3905/3689
f 2012/3905/3689 1948/3905/3689 2011/3905/3689
f 1986/3905/3689 1922/3905/3689 1985/3905/3689
f 1959/3905/3689 1895/3905/3689 1960/3905/3689
f 1981/3905/3689 1917/3905/3689 2012/3905/3689
f 1987/3905/3689 1923/3905/3689 1986/3905/3689
f 1960/3905/3689 1896/3905/3689 1961/3905/3689
f 1988/3905/3689 1924/3905/3689 1987/3905/3689
f 1961/3905/3689 1897/3905/3689 1962/3905/3689
f 1989/3905/3689 1925/3905/3689 1988/3905/3689
f 1962/3905/3689 1898/3905/3689 1963/3905/3689
f 1990/3905/3689 1926/3905/3689 1989/3905/3689
f 1963/3905/3689 1899/3905/3689 1964/3905/3689
f 1991/3905/3689 1927/3905/3689 1990/3905/3689
f 1964/3905/3689 1900/3905/3689 1965/3905/3689
f 1992/3905/3689 1928/3905/3689 1991/3905/3689
f 1965/3905/3689 1901/3905/3689 1966/3905/3689
f 1993/3905/3689 1929/3905/3689 1992/3905/3689
f 1966/3905/3689 1902/3905/3689 1967/3905/3689
f 1994/3905/3689 1930/3905/3689 1993/3905/3689
f 1967/3905/3689 1903/3905/3689 1968/3905/3689
f 1995/3905/3689 1931/3905/3689 1994/3905/3689
f 1968/3905/3689 1904/3905/3689 1969/3905/3689
f 1996/3905/3689 1932/3905/3689 1995/3905/3689
f 1969/3905/3689 1905/3905/3689 1970/3905/3689
f 1997/3905/3689 1933/3905/3689 1996/3905/3689
f 1970/3905/3689 1906/3905/3689 1971/3905/3689
f 1998/3905/3689 1934/3905/3689 1997/3905/3689
f 1971/3905/3689 1907/3905/3689 1972/3905/3689
f 1999/3905/3689 1935/3905/3689 1998/3905/3689
f 1972/3905/3689 1908/3905/3689 1973/3905/3689
f 2000/3905/3689 1936/3905/3689 1999/3905/3689
f 1973/3905/3689 1909/3905/3689 1974/3905/3689
f 2001/3905/3689 1937/3905/3689 2000/3905/3689
f 1974/3905/3689 1910/3905/3689 1975/3905/3689
f 2002/3905/3689 1938/3905/3689 2001/3905/3689
f 1975/3905/3689 1911/3905/3689 1976/3905/3689
f 1949/3905/3689 1885/3905/3689 1950/3905/3689
f 2003/3905/3689 1939/3905/3689 2002/3905/3689
f 1976/3905/3689 1912/3905/3689 1977/3905/3689
f 1950/3905/3689 1886/3905/3689 1951/3905/3689
f 2004/3905/3689 1940/3905/3689 2003/3905/3689
f 1977/3905/3689 1913/3905/3689 1978/3905/3689
f 1951/3905/3689 1887/3905/3689 1952/3905/3689
f 2005/3905/3689 1941/3905/3689 2004/3905/3689
f 1978/3905/3689 1914/3905/3689 1979/3905/3689
f 1952/3905/3689 1888/3905/3689 1953/3905/3689
f 2006/3905/3689 1942/3905/3689 2005/3905/3689
f 1979/3905/3689 1915/3905/3689 1980/3905/3689
f 1953/3905/3689 1889/3905/3689 1954/3905/3689
f 2007/3905/3689 1943/3905/3689 2006/3905/3689
f 1980/3905/3689 1916/3905/3689 1949/3905/3689
f 1954/3905/3689 1890/3905/3689 1955/3905/3689
f 2008/3905/3689 1944/3905/3689 2007/3905/3689
f 1982/3905/3689 1918/3905/3689 1981/3905/3689
f 1955/3905/3689 1891/3905/3689 1956/3905/3689
f 2009/3905/3689 1945/3905/3689 2008/3905/3689
f 1983/3905/3689 1919/3905/3689 1982/3905/3689
f 2025/3984/3999 1987/3979/3999 2024/3981/3999
f 1960/3976/4000 1961/4333/4000 2017/3977/4000
f 1988/3983/4001 1987/3979/4002 2025/3984/4002
f 1961/4334/4003 1962/3985/4003 2017/3987/4003
f 1990/4335/4004 1989/3982/4004 2025/3984/4004
f 1963/3986/4005 1964/3988/4005 2017/3987/4005
f 1991/4336/4006 1990/4335/4007 2025/3984/4006
f 1964/3988/4008 1965/3993/4008 2018/3989/4008
f 1992/3996/4009 1991/3990/4009 2026/3992/4009
f 1966/3994/4010 1967/4337/4010 2018/3989/4010
f 1994/4000/4011 1993/3995/4011 2026/3992/4011
f 2018/4338/4012 1967/3997/4012 2019/3999/4012
f 1995/4339/4013 1994/4000/4013 2027/4001/4013
f 1968/3998/4014 1969/4340/4014 2019/3999/4014
f 1996/4341/4015 1995/4339/4015 2027/4001/4015
f 1969/4340/4016 1970/4002/4016 2019/3999/4016
f 1997/4342/4017 1996/4341/4017 2027/4001/4017
f 1970/4002/4018 1971/4343/4018 2020/4003/4018
f 1998/4005/4019 1997/4342/4019 2027/4001/4019
f 1971/4343/4020 1972/4344/4020 2020/4003/4020
f 2028/4041/4021 1999/4004/4021 2027/4001/4021
f 1972/4344/4022 1973/4006/4022 2020/4003/4022
f 2000/4345/4023 1999/4004/4023 2028/4041/4023
f 2020/4003/4024 1973/4006/4024 2021/4008/4024
f 2001/4010/4025 2000/4346/4025 2028/4011/4025
f 1974/4007/4026 1975/4347/4027 2021/4008/4027
f 1975/4348/4028 1976/4349/4028 2021/4044/4028
f 1949/4350/4029 1950/4012/4029 2022/4014/4029
f 2029/4017/4030 2003/4015/4030 2028/4011/4030
f 1976/4349/4031 1977/4351/4031 2021/4044/4031
f 1950/4012/4032 1951/4018/4032 2013/4013/4032
f 1977/4351/4033 1978/4022/4033 2021/4044/4033
f 2013/4013/4034 1951/4018/4034 2014/4020/4034
f 2005/4352/4035 2004/4016/4035 2030/4021/4035
f 2021/4044/4036 1978/4022/4036 2022/4014/4036
f 1952/4353/4037 1953/4354/4037 2014/4026/4037
f 2006/4355/4038 2005/4352/4038 2030/4021/4038
f 1979/4023/4039 1980/4356/4039 2022/4014/4039
f 1953/4354/4040 1954/4357/4040 2014/4026/4040
f 2007/4028/4041 2006/4355/4041 2030/4021/4041
f 1980/4356/4042 1949/4350/4042 2022/4014/4042
f 1954/4357/4043 1955/4024/4043 2014/4026/4043
f 2023/4049/4044 1982/4029/4044 2031/4031/4044
f 1955/4024/4045 1956/4358/4045 2015/4025/4046
f 2031/4359/4047 2009/4032/4047 2030/4021/4047
f 1983/4360/4048 1982/4029/4048 2023/4049/4048
f 1956/4358/4049 1957/4361/4049 2015/4025/4049
f 2010/4362/4050 2009/4363/4050 2031/4031/4050
f 1984/4034/4051 1983/4364/4051 2023/4035/4051
f 1957/4361/4052 1958/4033/4053 2015/4025/4053
f 2011/4365/4054 2010/4362/4054 2031/4031/4054
f 1985/4366/4055 1984/4034/4055 2024/3981/4055
f 1958/4033/4056 1959/4332/4056 2016/3978/4056
f 2012/4331/4057 2011/4365/4058 2031/4031/4059
f 1986/3980/4060 1985/4366/4061 2024/3981/4061
f 2018/4338/4062 2019/3999/4062 2035/4038/4062
f 2043/4039/4063 2026/3992/4063 2042/4036/4063
f 2019/3999/4064 2020/4003/4064 2036/4037/4064
f 2044/4042/4065 2027/4001/4065 2043/4039/4065
f 2038/4045/4066 2013/4013/4066 2032/4046/4066
f 2037/4367/4067 2021/4044/4067 2038/4045/4067
f 2032/4048/4068 2015/4025/4068 2033/4052/4069
f 2023/4049/4070 2031/4031/4070 2039/4050/4070
f 2031/4359/4071 2030/4021/4071 2045/4047/4071
f 2024/3981/4072 2023/4035/4072 2040/4055/4072
f 2016/3978/4073 2017/3977/4073 2034/4053/4073
f 2025/3984/4074 2024/3981/4074 2041/4056/4074
f 2042/4368/4075 2025/3984/4075 2041/4056/4075
f 2017/3987/4076 2018/3989/4076 2035/4057/4076
f 2050/4369/4077 2036/4062/4077 2051/4370/4077
f 2044/4371/4078 2043/4059/4078 2058/4061/4078
f 2051/4370/4079 2036/4062/4079 2052/4064/4079
f 2059/4071/4080 2044/4371/4080 2058/4061/4080
f 2037/4063/4081 2038/4065/4081 2052/4064/4081
f 2053/4067/4082 2032/4066/4082 2046/4069/4082
f 2052/4064/4083 2038/4065/4083 2053/4067/4083
f 2045/4070/4084 2044/4371/4084 2059/4071/4084
f 2032/4066/4085 2033/4372/4085 2047/4068/4085
f 2040/4075/4086 2039/4073/4086 2054/4076/4086
f 2061/4074/4087 2045/4070/4087 2060/4072/4087
f 2033/4372/4088 2034/4078/4088 2047/4068/4088
f 2054/4076/4089 2039/4073/4089 2061/4074/4089
f 2041/4080/4090 2040/4075/4091 2055/4077/4092
f 2049/4082/4093 2035/4083/4093 2050/4369/4093
f 2035/4083/4094 2036/4062/4094 2050/4369/4094
f 2043/4059/4095 2042/4084/4095 2057/4060/4095
f 2051/4373/4096 2052/4088/4096 2066/4111/4096
f 2066/4111/4097 2052/4088/4097 2067/4090/4097
f 2059/4095/4098 2058/4112/4098 2071/4374/4098
f 2053/4089/4099 2046/4091/4099 2062/4097/4099
f 2072/4096/4100 2059/4095/4100 2071/4374/4100
f 2062/4097/4101 2046/4091/4101 2063/4093/4101
f 2068/4102/4102 2054/4101/4102 2073/4099/4102
f 2061/4104/4103 2060/4094/4103 2073/4099/4103
f 2069/4109/4104 2056/4105/4105 2068/4102/4106
f 2064/4098/4107 2048/4103/4107 2065/4107/4107
f 2070/4113/4108 2057/4108/4108 2069/4109/4108
f 2050/4110/4109 2051/4373/4109 2066/4111/4109
f 2071/4374/4110 2058/4112/4110 2070/4113/4110
f 2087/4172/4111 2075/4148/4111 2088/4150/4111
f 2066/4375/4112 2067/4123/4112 2080/4124/4112
f 2072/4120/4113 2071/4376/4114 2085/4121/4113
f 2062/4377/4115 2063/4125/4115 2075/4127/4115
f 2067/4123/4116 2062/4117/4116 2074/4119/4116
f 2068/4378/4117 2073/4131/4117 2081/4133/4117
f 2063/4125/4118 2064/4379/4118 2076/4126/4118
f 2073/4131/4119 2072/4380/4119 2086/4132/4119
f 2069/4381/4120 2068/4128/4120 2083/4134/4120
f 2064/4382/4121 2065/4135/4121 2076/4137/4121
f 2070/4139/4122 2069/4383/4122 2083/4140/4122
f 2065/4384/4123 2066/4085/4123 2078/4142/4123
f 2071/4143/4124 2070/4139/4124 2084/4141/4124
f 2097/4226/4125 2087/4385/4126 2108/4230/4125
f 2106/4386/4127 2086/4145/4127 2105/4147/4127
f 2080/4114/4128 2074/4171/4128 2097/4115/4128
f 2097/4115/4129 2074/4171/4129 2087/4172/4129
f 2107/4158/4130 2086/4145/4130 2106/4386/4130
f 2081/4152/4131 2086/4145/4131 2107/4158/4131
f 2100/4160/4132 2082/4156/4132 2099/4154/4132
f 2076/4151/4133 2077/4161/4133 2091/4157/4133
f 2101/4387/4134 2083/4159/4134 2100/4160/4134
f 2092/4162/4135 2077/4161/4135 2093/4164/4135
f 2102/4166/4136 2083/4159/4136 2101/4387/4136
f 2093/4164/4137 2078/4163/4137 2094/4168/4138
f 2103/4170/4139 2084/4165/4139 2102/4166/4139
f 2104/4388/4140 2085/4146/4140 2103/4170/4140
f 2105/4147/4141 2085/4146/4141 2104/4388/4141
f 2122/4389/4142 2098/4390/4142 2121/4391/4142
f 2089/4231/4143 2090/4176/4143 2110/4178/4143
f 2134/4392/4144 2107/4179/4144 2133/4181/4144
f 2123/4187/4145 2099/4186/4145 2122/4393/4145
f 2090/4176/4146 2091/4394/4146 2111/4177/4146
f 2121/4189/4147 2107/4179/4147 2134/4392/4147
f 2124/4395/4148 2100/4185/4148 2123/4187/4148
f 2091/4190/4149 2092/4196/4149 2113/4191/4149
f 2125/4396/4150 2101/4397/4150 2124/4398/4150
f 2092/4399/4151 2093/4400/4151 2114/4401/4151
f 2126/4402/4152 2102/4201/4152 2125/4203/4152
f 2127/4208/4153 2102/4201/4153 2126/4402/4153
f 2093/4403/4154 2094/4204/4154 2115/4206/4155
f 2128/4404/4156 2103/4207/4156 2127/4208/4156
f 2094/4204/4157 2095/4209/4157 2116/4205/4157
f 2129/4405/4158 2104/4406/4158 2128/4407/4158
f 2095/4408/4159 2096/4409/4159 2117/4410/4159
f 2130/4222/4160 2104/4221/4160 2129/4411/4160
f 2131/4412/4161 2105/4220/4161 2130/4222/4161
f 2096/4217/4162 2097/4226/4162 2119/4218/4162
f 2087/4413/4163 2088/4414/4163 2109/4415/4163
f 2132/4229/4164 2105/4220/4164 2131/4412/4164
f 2088/4416/4165 2089/4231/4165 2109/4232/4165
f 2133/4417/4166 2106/4418/4166 2132/4419/4166
f 2128/4420/4167 2127/4421/4167 2136/4235/4167
f 2111/4422/4168 2112/4236/4168 2135/4238/4168
f 2129/4240/4169 2128/4420/4169 2136/4235/4169
f 2113/4237/4170 2114/4242/4170 2135/4238/4170
f 2116/4246/4171 2117/4423/4171 2135/4238/4171
f 2121/4254/4172 2134/4247/4172 2136/4235/4172
f 2117/4423/4173 2118/4248/4173 2135/4238/4173
f 2124/4424/4174 2123/4233/4174 2136/4235/4174
f 2108/4251/4175 2109/4252/4175 2135/4238/4175
f 2119/4249/4176 2120/4250/4176 2135/4238/4176
f 2125/4425/4177 2124/4424/4177 2136/4235/4177
f 2126/4426/4178 2125/4425/4178 2136/4235/4178
f 2127/4421/4179 2126/4426/4179 2136/4235/4179
f 2110/4253/4180 2111/4422/4180 2135/4238/4180
f 2138/4427/3889 2140/4255/3889 2137/4257/3889
f 2140/4428/3890 2144/4258/3890 2139/4260/3890
f 2144/4429/3689 2142/4261/3689 2143/4263/3689
f 2142/4430/3891 2138/4264/3891 2141/4266/3891
f 2137/4278/11 2139/4267/11 2141/4269/11
f 2142/4431/3892 2144/4270/3892 2138/4272/3892
f 2146/4432/3889 2148/4273/3889 2145/4274/3889
f 2148/4433/3890 2152/4275/3890 2147/4277/3890
f 2152/4434/3689 2150/4278/3689 2151/4280/3689
f 2150/4435/3891 2146/4281/3891 2149/4283/3891
f 2145/4436/11 2147/4284/11 2149/3116/11
f 2150/4437/3892 2152/4286/3892 2146/4288/3892
