# Blender 3.6.1
# www.blender.org
mtllib ventilatorBasis.mtl
o Sphere.002
v 0.000000 -1.635619 -0.548476
v 0.000000 -1.712909 -0.820853
v 0.000000 -1.791033 -0.968262
v 0.000000 -1.836467 -0.987231
v 0.000000 -1.874752 -0.976507
v -0.045448 -1.923694 -0.837412
v 0.019635 -1.585349 -0.199360
v 0.110004 -1.601631 -0.362642
v 0.107002 -1.635619 -0.537937
v 0.136188 -1.692907 -0.684665
v 0.160140 -1.712909 -0.805080
v 0.177939 -1.747608 -0.894557
v 0.188899 -1.791033 -0.949657
v 0.192599 -1.836467 -0.968262
v 0.190507 -1.874751 -0.957744
v 0.177019 -1.916325 -0.889936
v 0.207989 -1.923694 -0.812446
v 0.136271 -1.970765 -0.685088
v 0.128145 -1.989017 -0.527459
v 0.097626 -2.011322 -0.379842
v 0.070496 -1.585455 -0.189113
v 0.209893 -1.635619 -0.506726
v 0.267143 -1.692908 -0.644940
v 0.314127 -1.712909 -0.758369
v 0.349039 -1.747608 -0.842655
v 0.370538 -1.791033 -0.894557
v 0.377797 -1.836467 -0.912083
v 0.373693 -1.874752 -0.902175
v 0.347236 -1.916325 -0.838302
v 0.362498 -1.923694 -0.756257
v 0.267308 -1.970764 -0.645339
v 0.228590 -1.989017 -0.492322
v 0.169855 -2.011322 -0.353494
v 0.112653 -1.585481 -0.168602
v 0.197061 -1.601660 -0.322735
v 0.304717 -1.635619 -0.456041
v 0.387831 -1.692908 -0.580431
v 0.456041 -1.712909 -0.682514
v 0.506726 -1.747608 -0.758369
v 0.537937 -1.791033 -0.805080
v 0.548476 -1.836467 -0.820853
v 0.542518 -1.874752 -0.811936
v 0.504108 -1.916325 -0.754451
v 0.503058 -1.923694 -0.671013
v 0.388071 -1.970764 -0.580790
v 0.301178 -1.989022 -0.450746
v 0.235554 -2.011321 -0.313569
v 0.027984 -2.051959 -0.032091
v 0.161427 -1.585391 -0.121059
v 0.256237 -1.601660 -0.278089
v 0.387831 -1.635619 -0.387831
v 0.493616 -1.692908 -0.493616
v 0.580431 -1.712909 -0.580431
v 0.644940 -1.747608 -0.644940
v 0.684665 -1.791033 -0.684665
v 0.698078 -1.836467 -0.698078
v 0.690495 -1.874752 -0.690495
v 0.641608 -1.916325 -0.641608
v 0.592476 -1.923664 -0.592476
v 0.493922 -1.970764 -0.493922
v 0.367368 -1.989018 -0.399589
v 0.292205 -2.011321 -0.261587
v 0.314691 -1.601639 -0.210268
v 0.456041 -1.635620 -0.304717
v 0.580431 -1.692908 -0.387831
v 0.682514 -1.712909 -0.456041
v 0.758369 -1.747608 -0.506726
v 0.805080 -1.791034 -0.537938
v 0.820853 -1.836467 -0.548476
v 0.811936 -1.874752 -0.542518
v 0.754451 -1.916325 -0.504108
v 0.671052 -1.923695 -0.503007
v 0.580792 -1.970763 -0.388072
v 0.438268 -1.989017 -0.320246
v 0.337619 -2.011321 -0.199561
v 0.037200 -2.051842 -0.023517
v 0.000000 -1.578434 0.000000
v 0.189113 -1.585455 -0.070496
v 0.506726 -1.635620 -0.209893
v 0.644940 -1.692908 -0.267143
v 0.758369 -1.712909 -0.314127
v 0.842654 -1.747608 -0.349039
v 0.894557 -1.791034 -0.370538
v 0.912083 -1.836467 -0.377797
v 0.902175 -1.874752 -0.373693
v 0.838301 -1.916325 -0.347236
v 0.756289 -1.923695 -0.362429
v 0.645340 -1.970764 -0.267311
v 0.492312 -1.989018 -0.228597
v 0.370093 -2.011319 -0.129835
v 0.199360 -1.585349 -0.019636
v 0.362642 -1.601631 -0.110004
v 0.537937 -1.635620 -0.107002
v 0.684664 -1.692908 -0.136188
v 0.805080 -1.712909 -0.160140
v 0.894557 -1.747608 -0.177939
v 0.949657 -1.791034 -0.188898
v 0.968262 -1.836468 -0.192599
v 0.957744 -1.874752 -0.190507
v 0.889936 -1.916326 -0.177019
v 0.830185 -1.923695 -0.118823
v 0.685081 -1.970767 -0.136271
v 0.527450 -1.989017 -0.128185
v 0.388306 -2.011319 -0.055140
v 0.377826 -1.601660 -0.015448
v 0.548476 -1.635620 0.000000
v 0.698078 -1.692908 0.000000
v 0.820853 -1.712909 0.000000
v 0.912083 -1.747608 0.000000
v 0.968262 -1.791034 0.000000
v 0.987231 -1.836468 0.000000
v 0.976507 -1.874752 0.000000
v 0.907371 -1.916326 0.000000
v 0.837887 -1.923664 0.000000
v 0.698501 -1.970768 -0.000001
v 0.542319 -1.989018 -0.022883
v 0.391601 -2.011320 0.021671
v 0.044115 -2.051848 -0.002227
v 0.199233 -1.585455 0.032246
v 0.373579 -1.601660 0.058561
v 0.537937 -1.635620 0.107002
v 0.684664 -1.692908 0.136188
v 0.805080 -1.712910 0.160140
v 0.894557 -1.747608 0.177938
v 0.949657 -1.791034 0.188899
v 0.968262 -1.836468 0.192599
v 0.957744 -1.874752 0.190507
v 0.889936 -1.916326 0.177019
v 0.830185 -1.923695 0.118822
v 0.685081 -1.970767 0.136272
v 0.527439 -1.989017 0.128242
v 0.379847 -2.011320 0.097658
v 0.187330 -1.585480 0.077605
v 0.354982 -1.601660 0.130301
v 0.506726 -1.635620 0.209893
v 0.644940 -1.692908 0.267143
v 0.758369 -1.712910 0.314127
v 0.842654 -1.747608 0.349039
v 0.894557 -1.791034 0.370538
v 0.912082 -1.836468 0.377797
v 0.902175 -1.874752 0.373693
v 0.838301 -1.916326 0.347236
v 0.791053 -1.923695 0.278499
v 0.645340 -1.970764 0.267312
v 0.492289 -1.989018 0.228661
v 0.353500 -2.011319 0.169882
v 0.039658 -2.051842 0.018824
v 0.322741 -1.601660 0.197051
v 0.456041 -1.635620 0.304717
v 0.580431 -1.692908 0.387831
v 0.682514 -1.712910 0.456041
v 0.758369 -1.747608 0.506726
v 0.805080 -1.791034 0.537937
v 0.820852 -1.836468 0.548476
v 0.811936 -1.874752 0.542518
v 0.754451 -1.916326 0.504108
v 0.721517 -1.923695 0.427481
v 0.580793 -1.970764 0.388074
v 0.438230 -1.989021 0.320263
v 0.313563 -2.011320 0.235582
v 0.150226 -1.585391 0.134706
v 0.278097 -1.601660 0.256228
v 0.387831 -1.635620 0.387831
v 0.493616 -1.692908 0.493616
v 0.580430 -1.712910 0.580430
v 0.644940 -1.747608 0.644940
v 0.684664 -1.791034 0.684664
v 0.698077 -1.836468 0.698078
v 0.690495 -1.874752 0.690495
v 0.641608 -1.916326 0.641608
v 0.624256 -1.923695 0.560028
v 0.493922 -1.970765 0.493922
v 0.367326 -1.989021 0.399601
v 0.261574 -2.011320 0.292230
v 0.222763 -1.601660 0.305560
v 0.304717 -1.635620 0.456041
v 0.387831 -1.692908 0.580431
v 0.456041 -1.712910 0.682514
v 0.506726 -1.747609 0.758369
v 0.537937 -1.791034 0.805080
v 0.548476 -1.836468 0.820853
v 0.542518 -1.874752 0.811936
v 0.504108 -1.916326 0.754451
v 0.503005 -1.923695 0.671054
v 0.388073 -1.970764 0.580792
v 0.282317 -1.989021 0.463587
v 0.199535 -2.011320 0.337648
v 0.026359 -2.051848 0.035444
v 0.087240 -1.585391 0.181942
v 0.144833 -1.601639 0.349666
v 0.209893 -1.635620 0.506726
v 0.267143 -1.692908 0.644940
v 0.314127 -1.712910 0.758369
v 0.349039 -1.747609 0.842654
v 0.370538 -1.791034 0.894557
v 0.377797 -1.836468 0.912082
v 0.373693 -1.874752 0.902175
v 0.347236 -1.916326 0.838301
v 0.362425 -1.923695 0.756290
v 0.267310 -1.970764 0.645342
v 0.186448 -1.989021 0.509752
v 0.129839 -2.011320 0.370085
v 0.032237 -1.585455 0.199233
v 0.058547 -1.601660 0.373581
v 0.107002 -1.635620 0.537937
v 0.136188 -1.692908 0.684664
v 0.160140 -1.712910 0.805080
v 0.177938 -1.747609 0.894557
v 0.188898 -1.791034 0.949657
v 0.192599 -1.836468 0.968261
v 0.190507 -1.874752 0.957744
v 0.177019 -1.916326 0.889936
v 0.118822 -1.923695 0.830185
v 0.136273 -1.970764 0.685090
v 0.105754 -1.989027 0.531657
v 0.055144 -2.011320 0.388303
v -0.015459 -1.601660 0.377824
v 0.000000 -1.635620 0.548476
v 0.000000 -1.692908 0.698078
v 0.000000 -1.712910 0.820853
v 0.000000 -1.747609 0.912082
v 0.000000 -1.791034 0.968261
v 0.000000 -1.836468 0.987231
v 0.000000 -1.874752 0.976507
v 0.000000 -1.916326 0.907371
v -0.045420 -1.923695 0.837415
v 0.000000 -1.970765 0.698511
v 0.022815 -1.989021 0.542303
v -0.021677 -2.011320 0.391599
v 0.000009 -2.051852 0.044387
v -0.028546 -1.585391 0.199747
v -0.110004 -1.601631 0.362642
v -0.107002 -1.635620 0.537937
v -0.136188 -1.692908 0.684664
v -0.160140 -1.712910 0.805080
v -0.177938 -1.747609 0.894557
v -0.188899 -1.791034 0.949656
v -0.192599 -1.836468 0.968261
v -0.190507 -1.874752 0.957744
v -0.177019 -1.916326 0.889936
v -0.207923 -1.923695 0.812462
v -0.136273 -1.970764 0.685090
v -0.128182 -1.989021 0.527428
v -0.097648 -2.011320 0.379849
v -0.209893 -1.635620 0.506726
v -0.267143 -1.692908 0.644940
v -0.314127 -1.712910 0.758369
v -0.349039 -1.747609 0.842654
v -0.370538 -1.791034 0.894557
v -0.377797 -1.836468 0.912082
v -0.373693 -1.874752 0.902175
v -0.347236 -1.916326 0.838301
v -0.320646 -1.923664 0.774106
v -0.267308 -1.970765 0.645339
v -0.207445 -1.989026 0.500815
v -0.169879 -2.011320 0.353497
v -0.102811 -1.585391 0.173620
v -0.197051 -1.601660 0.322741
v -0.304717 -1.635620 0.456041
v -0.387831 -1.692908 0.580430
v -0.456041 -1.712910 0.682514
v -0.506726 -1.747609 0.758369
v -0.537937 -1.791034 0.805080
v -0.548476 -1.836468 0.820852
v -0.542518 -1.874752 0.811936
v -0.504108 -1.916326 0.754451
v -0.427473 -1.923695 0.721521
v -0.388074 -1.970764 0.580792
v -0.282316 -1.989021 0.463584
v -0.235581 -2.011320 0.313562
v -0.024432 -2.051845 0.036572
v -0.147744 -1.585455 0.137493
v -0.256228 -1.601660 0.278097
v -0.387831 -1.635620 0.387831
v -0.493615 -1.692908 0.493615
v -0.580430 -1.712910 0.580430
v -0.644940 -1.747608 0.644940
v -0.684664 -1.791034 0.684664
v -0.698078 -1.836468 0.698077
v -0.690495 -1.874752 0.690494
v -0.641608 -1.916326 0.641608
v -0.624261 -1.923695 0.560022
v -0.493922 -1.970764 0.493923
v -0.367325 -1.989021 0.399604
v -0.292229 -2.011320 0.261579
v 0.000000 -2.051520 0.000000
v -0.305560 -1.601660 0.222763
v -0.456041 -1.635620 0.304717
v -0.580430 -1.692908 0.387831
v -0.682514 -1.712910 0.456041
v -0.758369 -1.747608 0.506726
v -0.805080 -1.791034 0.537937
v -0.820852 -1.836468 0.548476
v -0.811936 -1.874752 0.542518
v -0.754451 -1.916326 0.504108
v -0.696678 -1.923664 0.465505
v -0.580785 -1.970767 0.388070
v -0.438229 -1.989021 0.320261
v -0.337645 -2.011319 0.199545
v -0.039496 -2.051849 0.019535
v -0.181935 -1.585391 0.087245
v -0.349666 -1.601639 0.144833
v -0.506726 -1.635620 0.209893
v -0.644940 -1.692908 0.267143
v -0.758369 -1.712910 0.314127
v -0.842654 -1.747608 0.349039
v -0.894557 -1.791034 0.370537
v -0.912082 -1.836468 0.377796
v -0.902175 -1.874752 0.373693
v -0.838301 -1.916326 0.347236
v -0.756289 -1.923695 0.362428
v -0.645333 -1.970767 0.267306
v -0.492292 -1.989017 0.228660
v -0.370084 -2.011320 0.129837
v -0.373580 -1.601660 0.058557
v -0.537937 -1.635620 0.107002
v -0.684664 -1.692908 0.136188
v -0.805080 -1.712909 0.160140
v -0.894557 -1.747608 0.177938
v -0.949657 -1.791034 0.188898
v -0.968261 -1.836468 0.192599
v -0.957744 -1.874752 0.190507
v -0.889936 -1.916326 0.177019
v -0.830185 -1.923695 0.118820
v -0.685081 -1.970767 0.136271
v -0.536361 -1.989018 0.083365
v -0.388302 -2.011320 0.055144
v -0.201479 -1.585391 0.010976
v -0.377825 -1.601660 -0.015448
v -0.548476 -1.635620 0.000000
v -0.698078 -1.692908 0.000000
v -0.820852 -1.712909 0.000000
v -0.912082 -1.747608 0.000000
v -0.968261 -1.791034 0.000000
v -0.987231 -1.836468 0.000000
v -0.976507 -1.874752 0.000000
v -0.907371 -1.916326 0.000000
v -0.837415 -1.923695 -0.045421
v -0.698502 -1.970768 0.000000
v -0.542323 -1.989017 -0.022819
v -0.391603 -2.011319 -0.021683
v -0.043714 -2.051838 0.002774
v -0.367552 -1.601660 -0.088865
v -0.537937 -1.635620 -0.107002
v -0.684664 -1.692908 -0.136188
v -0.805080 -1.712909 -0.160140
v -0.894557 -1.747608 -0.177939
v -0.949656 -1.791034 -0.188899
v -0.968261 -1.836468 -0.192600
v -0.957743 -1.874752 -0.190507
v -0.889936 -1.916326 -0.177019
v -0.821787 -1.923664 -0.163464
v -0.685081 -1.970767 -0.136273
v -0.527444 -1.989018 -0.128175
v -0.379852 -2.011319 -0.097654
v -0.190342 -1.585391 -0.066961
v -0.334212 -1.601631 -0.178641
v -0.506726 -1.635620 -0.209893
v -0.644940 -1.692908 -0.267143
v -0.758369 -1.712909 -0.314127
v -0.842654 -1.747608 -0.349039
v -0.894557 -1.791034 -0.370538
v -0.912082 -1.836467 -0.377797
v -0.902175 -1.874752 -0.373693
v -0.838301 -1.916325 -0.347236
v -0.791050 -1.923695 -0.278505
v -0.645340 -1.970764 -0.267310
v -0.492315 -1.989018 -0.228594
v -0.353493 -2.011322 -0.169851
v -0.042169 -2.051844 -0.012794
v -0.154853 -1.585349 -0.127083
v -0.456041 -1.635620 -0.304717
v -0.580430 -1.692908 -0.387831
v -0.682514 -1.712909 -0.456041
v -0.758369 -1.747608 -0.506726
v -0.805080 -1.791034 -0.537937
v -0.820852 -1.836467 -0.548476
v -0.811936 -1.874752 -0.542518
v -0.754451 -1.916325 -0.504108
v -0.721521 -1.923695 -0.427473
v -0.580792 -1.970763 -0.388072
v -0.450745 -1.989022 -0.301179
v -0.313565 -2.011322 -0.235553
v -0.028098 -2.051853 -0.034237
v -0.278090 -1.601660 -0.256237
v -0.387831 -1.635619 -0.387831
v -0.493615 -1.692908 -0.493616
v -0.580430 -1.712909 -0.580430
v -0.644939 -1.747608 -0.644940
v -0.684664 -1.791033 -0.684664
v -0.698077 -1.836467 -0.698078
v -0.690494 -1.874752 -0.690495
v -0.641608 -1.916325 -0.641608
v -0.624260 -1.923695 -0.560023
v -0.493920 -1.970765 -0.493920
v -0.399592 -1.989018 -0.367367
v -0.261588 -2.011321 -0.292203
v -0.102809 -1.585391 -0.173620
v -0.222755 -1.601660 -0.305567
v -0.304717 -1.635619 -0.456041
v -0.387831 -1.692908 -0.580430
v -0.456041 -1.712909 -0.682514
v -0.506726 -1.747608 -0.758369
v -0.537937 -1.791033 -0.805080
v -0.548475 -1.836467 -0.820852
v -0.542518 -1.874751 -0.811936
v -0.504108 -1.916325 -0.754451
v -0.427474 -1.923694 -0.721522
v -0.388073 -1.970763 -0.580792
v -0.320242 -1.989017 -0.438268
v -0.199563 -2.011321 -0.337620
v -0.144833 -1.601639 -0.349667
v -0.209892 -1.635619 -0.506726
v -0.267143 -1.692908 -0.644940
v -0.314126 -1.712909 -0.758369
v -0.349039 -1.747608 -0.842654
v -0.370537 -1.791033 -0.894557
v -0.377796 -1.836467 -0.912082
v -0.373693 -1.874751 -0.902175
v -0.347236 -1.916325 -0.838301
v -0.320645 -1.923663 -0.774107
v -0.267309 -1.970764 -0.645339
v -0.186489 -1.989018 -0.509758
v -0.129854 -2.011322 -0.370065
v -0.039559 -1.585481 -0.198879
v -0.058557 -1.601660 -0.373580
v -0.107002 -1.635619 -0.537937
v -0.136188 -1.692907 -0.684664
v -0.160140 -1.712909 -0.805080
v -0.177938 -1.747608 -0.894557
v -0.188898 -1.791033 -0.949657
v -0.192599 -1.836467 -0.968261
v -0.190507 -1.874751 -0.957744
v -0.177019 -1.916325 -0.889936
v -0.207926 -1.923694 -0.812460
v -0.136272 -1.970765 -0.685087
v -0.105757 -1.989021 -0.531692
v -0.055171 -2.011321 -0.388286
v -0.008187 -2.051981 -0.041327
v 0.015448 -1.601660 -0.377825
v 0.000000 -1.692907 -0.698078
v 0.000000 -1.747608 -0.912082
v 0.000000 -1.916325 -0.907371
v 0.000001 -1.970764 -0.698510
v -0.022789 -1.989018 -0.542322
v 0.021639 -2.011321 -0.391592
v 0.009814 -2.051845 -0.043011
v 0.027340 -2.025514 -0.277545
v 0.066293 -2.029367 -0.238913
v 0.150441 -2.028846 -0.201640
v 0.198897 -2.027864 -0.167145
v 0.257780 -2.024658 -0.122284
v 0.276696 -2.024657 -0.069642
v 0.251264 -2.028843 -0.013001
v 0.248974 -2.028843 0.036267
v 0.237110 -2.028844 0.084139
v 0.216140 -2.028843 0.128784
v 0.186868 -2.028843 0.168476
v 0.150406 -2.028843 0.201697
v 0.108167 -2.028844 0.227157
v 0.061769 -2.028843 0.243898
v 0.013000 -2.028843 0.251265
v -0.036265 -2.028843 0.248972
v -0.084138 -2.028844 0.237110
v -0.128778 -2.028844 0.216138
v -0.168475 -2.028843 0.186868
v -0.201695 -2.028843 0.150408
v -0.227157 -2.028844 0.108163
v -0.243899 -2.028843 0.061773
v -0.251249 -2.028845 0.013036
v -0.248992 -2.028841 -0.036260
v -0.237118 -2.028845 -0.084083
v -0.187852 -2.029367 -0.161819
v -0.152672 -2.029367 -0.195358
v -0.166085 -2.020942 -0.269502
v -0.110317 -2.020942 -0.296723
v -0.036201 -2.028845 -0.248965
v 0.066485 -2.043808 -0.137860
v 0.114182 -2.043808 -0.101922
v 0.144492 -2.043808 -0.050478
v 0.152808 -2.043808 0.008662
v 0.143274 -2.043796 0.052034
v 0.122242 -2.043808 0.092098
v 0.077693 -2.043808 0.131867
v 0.021316 -2.043808 0.151561
v -0.038308 -2.043808 0.148181
v -0.092098 -2.043808 0.122243
v -0.131866 -2.043808 0.077694
v -0.151561 -2.043808 0.021315
v -0.148178 -2.043808 -0.038317
v -0.130364 -2.043796 -0.078994
v -0.101923 -2.043808 -0.114181
v -0.050471 -2.043808 -0.144493
v 0.008666 -2.043808 -0.152809
v 0.058054 -2.036510 -0.191359
v 0.112711 -2.036040 -0.168671
v 0.154582 -2.036510 -0.126857
v 0.181753 -2.036237 -0.086421
v 0.195131 -2.036238 -0.049260
v 0.200994 -2.036238 -0.010236
v 0.199129 -2.036238 0.029173
v 0.187418 -2.036041 0.077629
v 0.154569 -2.036513 0.126849
v 0.112704 -2.036041 0.168670
v 0.067466 -2.036238 0.189609
v 0.029180 -2.036238 0.199127
v -0.019597 -2.036513 0.198992
v -0.067466 -2.036238 0.189609
v -0.112704 -2.036041 0.168670
v -0.154569 -2.036513 0.126849
v -0.181779 -2.036238 0.086368
v -0.195139 -2.036238 0.049237
v -0.200995 -2.036237 0.010218
v -0.198957 -2.036040 -0.039607
v -0.181753 -2.036237 -0.086421
v -0.154582 -2.036510 -0.126857
v -0.112710 -2.036040 -0.168672
v -0.058054 -2.036510 -0.191359
v 0.000000 -2.036040 -0.202865
v 0.184140 -1.901616 -0.925737
v 0.361207 -1.901614 -0.872026
v 0.524389 -1.901616 -0.784802
v 0.667420 -1.901614 -0.667424
v 0.784803 -1.901615 -0.524389
v 0.872031 -1.901613 -0.361206
v 0.925741 -1.901614 -0.184138
v 0.943880 -1.901612 0.000000
v 0.925744 -1.901612 0.184143
v 0.872035 -1.901610 0.361208
v 0.784805 -1.901614 0.524391
v 0.667423 -1.901613 0.667423
v 0.524389 -1.901613 0.784807
v 0.361208 -1.901613 0.872030
v 0.184143 -1.901612 0.925743
v -0.000000 -1.901613 0.943879
v -0.184142 -1.901612 0.925743
v -0.361208 -1.901612 0.872031
v -0.524389 -1.901613 0.784807
v -0.667427 -1.901611 0.667424
v -0.784804 -1.901614 0.524390
v -0.872034 -1.901610 0.361208
v -0.925743 -1.901612 0.184143
v -0.943880 -1.901612 0.000000
v -0.925743 -1.901613 -0.184139
v -0.872028 -1.901614 -0.361205
v -0.784804 -1.901614 -0.524390
v -0.667415 -1.901616 -0.667423
v -0.524389 -1.901614 -0.784803
v -0.361207 -1.901610 -0.872033
v -0.184142 -1.901612 -0.925742
v 0.000000 -1.901612 -0.943879
v 0.187359 -1.890746 -0.941915
v 0.367517 -1.890746 -0.887265
v 0.533552 -1.890746 -0.798517
v 0.679083 -1.890746 -0.679083
v 0.798517 -1.890746 -0.533552
v 0.887264 -1.890746 -0.367517
v 0.941915 -1.890746 -0.187359
v 0.960368 -1.890746 0.000000
v 0.941915 -1.890746 0.187358
v 0.887264 -1.890746 0.367517
v 0.798517 -1.890746 0.533552
v 0.679083 -1.890746 0.679083
v 0.533552 -1.890746 0.798517
v 0.367517 -1.890746 0.887264
v 0.187358 -1.890746 0.941915
v 0.000000 -1.890746 0.960368
v -0.187359 -1.890746 0.941915
v -0.367517 -1.890746 0.887264
v -0.533552 -1.890746 0.798517
v -0.679083 -1.890746 0.679082
v -0.798517 -1.890746 0.533552
v -0.887264 -1.890746 0.367517
v -0.941915 -1.890746 0.187358
v -0.960368 -1.890746 0.000000
v -0.941915 -1.890746 -0.187359
v -0.887264 -1.890746 -0.367517
v -0.798516 -1.890746 -0.533552
v -0.679082 -1.890746 -0.679083
v -0.533552 -1.890745 -0.798517
v -0.367517 -1.890745 -0.887264
v -0.187358 -1.890745 -0.941915
v 0.000000 -1.890745 -0.960368
v 0.142512 -1.957862 -0.716454
v 0.279547 -1.957862 -0.674885
v 0.405839 -1.957862 -0.607381
v 0.516535 -1.957862 -0.516535
v 0.607381 -1.957862 -0.405839
v 0.674885 -1.957862 -0.279547
v 0.716454 -1.957862 -0.142512
v 0.730490 -1.957863 0.000000
v 0.716454 -1.957863 0.142511
v 0.674885 -1.957863 0.279546
v 0.607380 -1.957863 0.405838
v 0.516535 -1.957863 0.516534
v 0.405839 -1.957863 0.607380
v 0.279546 -1.957863 0.674885
v 0.142512 -1.957863 0.716454
v 0.000000 -1.957863 0.730490
v -0.142512 -1.957863 0.716454
v -0.279546 -1.957863 0.674885
v -0.405839 -1.957863 0.607380
v -0.516535 -1.957863 0.516534
v -0.607380 -1.957863 0.405838
v -0.674885 -1.957863 0.279546
v -0.716454 -1.957863 0.142511
v -0.730490 -1.957863 0.000000
v -0.716454 -1.957862 -0.142512
v -0.674885 -1.957862 -0.279547
v -0.607380 -1.957862 -0.405839
v -0.516534 -1.957862 -0.516535
v -0.405838 -1.957862 -0.607380
v -0.279546 -1.957862 -0.674885
v -0.142511 -1.957862 -0.716454
v 0.000000 -1.957862 -0.730490
v 0.134831 -1.972570 -0.677841
v 0.264481 -1.972570 -0.638513
v 0.383966 -1.972570 -0.574646
v 0.488696 -1.972570 -0.488696
v 0.574646 -1.972570 -0.383966
v 0.650149 -1.972580 -0.236563
v 0.683806 -1.972580 -0.105178
v 0.691186 -1.972580 0.030249
v 0.677842 -1.972570 0.134832
v 0.650151 -1.972580 0.236552
v 0.574647 -1.972570 0.383967
v 0.510136 -1.972580 0.467350
v 0.383966 -1.972570 0.574646
v 0.264481 -1.972570 0.638513
v 0.105168 -1.972580 0.683808
v -0.000000 -1.972570 0.691122
v -0.134832 -1.972570 0.677841
v -0.264481 -1.972570 0.638513
v -0.383966 -1.972570 0.574647
v -0.510136 -1.972580 0.467350
v -0.574647 -1.972570 0.383967
v -0.650151 -1.972580 0.236552
v -0.691186 -1.972580 -0.030249
v -0.677842 -1.972570 -0.134832
v -0.650151 -1.972580 -0.236555
v -0.574645 -1.972570 -0.383966
v -0.488696 -1.972570 -0.488696
v -0.383967 -1.972570 -0.574646
v -0.264481 -1.972570 -0.638513
v -0.134831 -1.972570 -0.677841
v 0.000000 -1.972570 -0.691121
v 0.095469 -1.975234 -0.652920
v 0.221002 -1.975234 -0.621752
v 0.338056 -1.975234 -0.566689
v 0.442114 -1.975234 -0.489850
v 0.529183 -1.975234 -0.394187
v 0.595917 -1.975234 -0.283373
v 0.639750 -1.975234 -0.161673
v 0.658999 -1.975234 -0.033749
v 0.652921 -1.975234 0.095459
v 0.621761 -1.975233 0.220980
v 0.566700 -1.975235 0.338037
v 0.489847 -1.975235 0.442118
v 0.394182 -1.975235 0.529187
v 0.283367 -1.975235 0.595920
v 0.161668 -1.975235 0.639751
v 0.033753 -1.975235 0.658998
v -0.095460 -1.975235 0.652921
v -0.221005 -1.975235 0.621752
v -0.338052 -1.975235 0.566691
v -0.442113 -1.975235 0.489851
v -0.529189 -1.975235 0.394179
v -0.621761 -1.975233 0.220980
v -0.678110 -1.972457 0.134885
v -0.658998 -1.975234 0.033758
v -0.652921 -1.975234 -0.095455
v -0.621753 -1.975234 -0.221000
v -0.566693 -1.975234 -0.338048
v -0.489852 -1.975234 -0.442112
v -0.394186 -1.975234 -0.529183
v -0.283372 -1.975234 -0.595917
v -0.161672 -1.975234 -0.639750
v -0.033748 -1.975234 -0.658998
v 0.188737 -1.886087 -0.948847
v 0.370222 -1.886087 -0.893794
v 0.537479 -1.886087 -0.804394
v 0.684080 -1.886087 -0.684080
v 0.804393 -1.886088 -0.537479
v 0.893794 -1.886088 -0.370222
v 0.948847 -1.886088 -0.188737
v 0.967436 -1.886088 0.000000
v 0.948847 -1.886088 0.188737
v 0.893794 -1.886088 0.370222
v 0.804393 -1.886088 0.537478
v 0.684080 -1.886088 0.684080
v 0.537478 -1.886088 0.804393
v 0.370221 -1.886088 0.893794
v 0.188737 -1.886088 0.948846
v 0.000000 -1.886088 0.967435
v -0.188737 -1.886088 0.948846
v -0.370222 -1.886088 0.893794
v -0.537479 -1.886088 0.804393
v -0.684080 -1.886088 0.684080
v -0.804393 -1.886088 0.537478
v -0.893794 -1.886088 0.370221
v -0.948847 -1.886088 0.188737
v -0.967436 -1.886088 0.000000
v -0.948846 -1.886088 -0.188738
v -0.893794 -1.886088 -0.370222
v -0.804393 -1.886087 -0.537479
v -0.684080 -1.886087 -0.684080
v -0.537478 -1.886087 -0.804393
v -0.370221 -1.886087 -0.893794
v -0.188737 -1.886087 -0.948847
v 0.000000 -1.886087 -0.967436
v 0.187358 -1.891968 -0.941915
v 0.367518 -1.891968 -0.887264
v 0.533552 -1.891968 -0.798517
v 0.679083 -1.891968 -0.679083
v 0.798517 -1.891968 -0.533552
v 0.887264 -1.891968 -0.367517
v 0.941915 -1.891968 -0.187358
v 0.960368 -1.891968 0.000000
v 0.941915 -1.891968 0.187358
v 0.887264 -1.891968 0.367517
v 0.798518 -1.891968 0.533551
v 0.679083 -1.891968 0.679083
v 0.533543 -1.891968 0.798523
v 0.367517 -1.891968 0.887264
v 0.187361 -1.891968 0.941912
v 0.000000 -1.891968 0.960368
v -0.187359 -1.891968 0.941915
v -0.367517 -1.891968 0.887264
v -0.533552 -1.891968 0.798517
v -0.679085 -1.891968 0.679083
v -0.798522 -1.891968 0.533543
v -0.887264 -1.891968 0.367517
v -0.941915 -1.891968 0.187358
v -0.960368 -1.891968 0.000000
v -0.941913 -1.891968 -0.187359
v -0.887264 -1.891968 -0.367517
v -0.798516 -1.891968 -0.533552
v -0.679082 -1.891968 -0.679083
v -0.533562 -1.891968 -0.798509
v -0.367517 -1.891968 -0.887264
v -0.187358 -1.891968 -0.941915
v -0.000000 -1.891968 -0.960368
v 0.188737 -1.887310 -0.948847
v 0.370222 -1.887310 -0.893794
v 0.537479 -1.887310 -0.804394
v 0.684080 -1.887310 -0.684082
v 0.804393 -1.887310 -0.537479
v 0.893794 -1.887310 -0.370222
v 0.948847 -1.887310 -0.188737
v 0.967436 -1.887310 0.000000
v 0.948847 -1.887310 0.188737
v 0.893794 -1.887310 0.370222
v 0.804393 -1.887310 0.537478
v 0.684080 -1.887310 0.684080
v 0.537477 -1.887310 0.804394
v 0.370221 -1.887311 0.893794
v 0.188737 -1.887311 0.948846
v 0.000000 -1.887311 0.967435
v -0.188737 -1.887311 0.948846
v -0.370222 -1.887310 0.893794
v -0.537475 -1.887310 0.804394
v -0.684080 -1.887310 0.684080
v -0.804393 -1.887310 0.537478
v -0.893794 -1.887310 0.370222
v -0.948846 -1.887310 0.188727
v -0.967434 -1.887310 0.000000
v -0.948846 -1.887310 -0.188738
v -0.893794 -1.887310 -0.370222
v -0.804393 -1.887310 -0.537479
v -0.684080 -1.887310 -0.684080
v -0.537478 -1.887310 -0.804393
v -0.370221 -1.887310 -0.893794
v -0.188740 -1.887310 -0.948844
v 0.000013 -1.887310 -0.967435
v 0.179481 -1.895957 -0.750093
v 0.322368 -1.895957 -0.700665
v 0.452867 -1.895957 -0.624311
v 0.565962 -1.895957 -0.523966
v 0.657321 -1.895956 -0.403496
v 0.723313 -1.895957 -0.267505
v 0.783917 -1.895859 -0.155931
v 0.770601 -1.895957 -0.029741
v 0.761624 -1.895957 0.121221
v 0.723341 -1.895957 0.267477
v 0.657260 -1.895957 0.403454
v 0.565921 -1.895957 0.523926
v 0.454396 -1.895955 0.623124
v 0.317400 -1.896083 0.793747
v 0.177074 -1.896083 0.836315
v -0.031628 -1.895956 0.770557
v -0.179468 -1.895957 0.750038
v -0.322344 -1.895957 0.700613
v -0.452833 -1.895957 0.624265
v -0.565921 -1.895957 0.523926
v -0.657260 -1.895957 0.403454
v -0.723341 -1.895957 0.267477
v -0.761624 -1.895957 0.121220
v -0.770599 -1.895957 -0.029716
v -0.750028 -1.895957 -0.179442
v -0.700608 -1.895957 -0.322316
v -0.624265 -1.895957 -0.452805
v -0.523915 -1.895957 -0.565881
v -0.403471 -1.895957 -0.657312
v -0.267497 -1.895957 -0.723394
v -0.121230 -1.895957 -0.761680
v 0.029696 -1.895957 -0.770695
v 0.125862 -1.892223 -0.766086
v 0.272899 -1.892223 -0.726811
v 0.409450 -1.892223 -0.659606
v 0.567061 -1.892222 -0.530284
v 0.659536 -1.892224 -0.409437
v 0.726746 -1.892224 -0.272818
v 0.789686 -1.891978 -0.157078
v 0.775933 -1.892224 -0.026021
v 0.766100 -1.892224 0.125856
v 0.726826 -1.892224 0.272896
v 0.659622 -1.892224 0.409451
v 0.567068 -1.892224 0.530268
v 0.456773 -1.892230 0.626791
v 0.319203 -1.892977 0.798100
v 0.177993 -1.892977 0.840936
v -0.031519 -1.892231 0.774920
v -0.176915 -1.892224 0.755899
v -0.308120 -1.891978 0.743868
v -0.409449 -1.892224 0.659621
v -0.530269 -1.892224 0.567068
v -0.630707 -1.892224 0.452721
v -0.706911 -1.892224 0.320977
v -0.755947 -1.892224 0.176898
v -0.775932 -1.892224 0.026021
v -0.766006 -1.892224 -0.125795
v -0.726740 -1.892224 -0.272899
v -0.659618 -1.892222 -0.409466
v -0.567052 -1.892223 -0.530266
v -0.452706 -1.892223 -0.630703
v -0.272899 -1.892223 -0.726812
v -0.125862 -1.892223 -0.766086
v 0.000000 -1.891977 -0.805157
v 0.154308 -1.935717 -0.775759
v 0.302686 -1.935716 -0.730751
v 0.439434 -1.935716 -0.657658
v 0.559286 -1.935719 -0.559286
v 0.657658 -1.935717 -0.439432
v 0.730751 -1.935716 -0.302687
v 0.775766 -1.935714 -0.154310
v 0.790959 -1.935716 0.000000
v 0.775754 -1.935718 0.154307
v 0.730740 -1.935720 0.302682
v 0.657657 -1.935716 0.439434
v 0.559283 -1.935721 0.559284
v 0.439431 -1.935717 0.657656
v 0.302687 -1.935717 0.730747
v 0.154306 -1.935719 0.775754
v -0.000000 -1.935720 0.790946
v -0.154307 -1.935719 0.775752
v -0.302685 -1.935717 0.730748
v -0.439430 -1.935717 0.657657
v -0.559285 -1.935721 0.559281
v -0.657659 -1.935716 0.439434
v -0.730742 -1.935719 0.302685
v -0.775754 -1.935719 0.154307
v -0.790959 -1.935716 0.000000
v -0.775765 -1.935715 -0.154311
v -0.730759 -1.935713 -0.302689
v -0.657668 -1.935712 -0.439438
v -0.559291 -1.935716 -0.559294
v -0.439443 -1.935711 -0.657669
v -0.302694 -1.935705 -0.730779
v -0.154315 -1.935703 -0.775795
v -0.000005 -1.935714 -0.790967
v 0.002467 -2.049294 -0.072253
v 0.040713 -2.049464 -0.056641
v 0.069189 -2.049332 -0.020987
v 0.069678 -2.049266 0.018440
v 0.052836 -2.049294 0.049345
v 0.023381 -2.049266 0.068179
v -0.007069 -2.049273 0.071805
v -0.040142 -2.049279 0.060079
v -0.062310 -2.049266 0.036228
v -0.071806 -2.049273 0.007072
v -0.063765 -2.049332 -0.034082
v -0.034014 -2.049273 -0.063632
v 0.000000 -1.813661 -0.982474
v 0.000000 -1.858202 -0.983504
v 0.044551 -1.592051 -0.285199
v 0.070270 -1.614699 -0.460443
v 0.122183 -1.665956 -0.614256
v 0.148881 -1.705281 -0.748474
v 0.169857 -1.727546 -0.853927
v 0.184305 -1.769015 -0.926565
v 0.191671 -1.813660 -0.963596
v 0.191872 -1.858202 -0.964607
v 0.181527 -1.909275 -0.912600
v 0.209481 -1.920722 -0.847321
v 0.088762 -1.980265 -0.605587
v 0.080457 -1.712909 -0.816897
v 0.094906 -1.791034 -0.963596
v 0.096765 -1.836467 -0.982474
v 0.095714 -1.874752 -0.971802
v 0.053760 -1.635620 -0.545833
v 0.082127 -1.923664 -0.833849
v 0.158748 -1.614699 -0.437886
v 0.239671 -1.665956 -0.578617
v 0.255136 -1.705226 -0.719831
v 0.333186 -1.727546 -0.804382
v 0.361528 -1.769015 -0.872805
v 0.375976 -1.813661 -0.907687
v 0.376371 -1.858202 -0.908640
v 0.356079 -1.909275 -0.859651
v 0.333775 -1.920678 -0.805805
v 0.205200 -1.980265 -0.576635
v 0.202641 -1.692908 -0.668016
v 0.159214 -1.635620 -0.524857
v 0.202715 -1.970873 -0.668255
v 0.238280 -1.712909 -0.785504
v 0.264763 -1.747608 -0.872805
v 0.281071 -1.791034 -0.926565
v 0.286577 -1.836467 -0.944718
v 0.283464 -1.874751 -0.934456
v 0.263395 -1.916325 -0.868297
v 0.150299 -1.592051 -0.246441
v 0.241125 -1.614699 -0.398503
v 0.347948 -1.665956 -0.520741
v 0.390653 -1.705226 -0.656232
v 0.483711 -1.727546 -0.723925
v 0.524857 -1.769015 -0.785504
v 0.545833 -1.813661 -0.816897
v 0.546406 -1.858202 -0.817754
v 0.516946 -1.909275 -0.773665
v 0.451001 -1.920721 -0.747289
v 0.313755 -1.980265 -0.525522
v 0.465376 -1.836467 -0.870657
v 0.456434 -1.791034 -0.853927
v 0.460321 -1.874752 -0.861199
v 0.427730 -1.916325 -0.800227
v 0.258549 -1.635620 -0.483711
v 0.329070 -1.692908 -0.615647
v 0.329187 -1.970873 -0.615870
v 0.386946 -1.712909 -0.723925
v 0.429951 -1.747608 -0.804382
v 0.343808 -1.614699 -0.314231
v 0.442854 -1.665956 -0.442854
v 0.511168 -1.705226 -0.567414
v 0.615647 -1.727546 -0.615647
v 0.668016 -1.769015 -0.668016
v 0.694714 -1.813661 -0.694714
v 0.695443 -1.858202 -0.695443
v 0.657948 -1.909275 -0.657948
v 0.588128 -1.920722 -0.644936
v 0.410249 -1.980265 -0.454215
v 0.443014 -1.970873 -0.539814
v 0.520741 -1.712909 -0.634525
v 0.442854 -1.692908 -0.539619
v 0.578617 -1.747608 -0.705047
v 0.614257 -1.791034 -0.748474
v 0.626290 -1.836467 -0.763137
v 0.619487 -1.874752 -0.754848
v 0.575628 -1.916325 -0.701405
v 0.347948 -1.635620 -0.423976
v 0.221921 -1.591989 -0.182123
v 0.398507 -1.614699 -0.241118
v 0.520741 -1.665956 -0.347948
v 0.656233 -1.705226 -0.390653
v 0.723925 -1.727546 -0.483711
v 0.785504 -1.769015 -0.524857
v 0.816897 -1.813661 -0.545833
v 0.817754 -1.858203 -0.546406
v 0.773665 -1.909275 -0.516947
v 0.702665 -1.920722 -0.517778
v 0.490975 -1.980265 -0.365455
v 0.754848 -1.874752 -0.619487
v 0.763137 -1.836467 -0.626291
v 0.701404 -1.916325 -0.575628
v 0.423976 -1.635620 -0.347948
v 0.539620 -1.692908 -0.442854
v 0.539814 -1.970873 -0.443014
v 0.634525 -1.712909 -0.520741
v 0.705047 -1.747608 -0.578617
v 0.748474 -1.791034 -0.614257
v 0.113781 -1.581672 -0.056532
v 0.258469 -1.592086 -0.126274
v 0.437889 -1.614699 -0.158740
v 0.578617 -1.665956 -0.239671
v 0.719836 -1.705226 -0.255125
v 0.804382 -1.727546 -0.333186
v 0.872805 -1.769015 -0.361528
v 0.907687 -1.813661 -0.375976
v 0.908639 -1.858203 -0.376371
v 0.859650 -1.909275 -0.356079
v 0.790178 -1.920722 -0.370744
v 0.552838 -1.980265 -0.262650
v 0.615870 -1.970872 -0.329189
v 0.804382 -1.747608 -0.429951
v 0.723925 -1.712909 -0.386946
v 0.853927 -1.791034 -0.456434
v 0.870657 -1.836467 -0.465376
v 0.861199 -1.874752 -0.460321
v 0.800227 -1.916325 -0.427730
v 0.483711 -1.635620 -0.258549
v 0.615647 -1.692908 -0.329070
v 0.285199 -1.592051 -0.044551
v 0.460444 -1.614699 -0.070262
v 0.614256 -1.665956 -0.122183
v 0.755775 -1.705226 -0.109794
v 0.853927 -1.727546 -0.169857
v 0.926565 -1.769015 -0.184305
v 0.963596 -1.813661 -0.191671
v 0.964606 -1.858203 -0.191872
v 0.912600 -1.909275 -0.181528
v 0.847321 -1.920723 -0.209460
v 0.593457 -1.980265 -0.149745
v 0.868296 -1.916325 -0.263395
v 0.934456 -1.874752 -0.283464
v 0.524857 -1.635620 -0.159214
v 0.801805 -1.923664 -0.243225
v 0.668016 -1.692908 -0.202641
v 0.668250 -1.970876 -0.202709
v 0.785504 -1.712909 -0.238280
v 0.872805 -1.747608 -0.264763
v 0.926565 -1.791034 -0.281070
v 0.944718 -1.836468 -0.286577
v 0.465376 -1.614731 0.000000
v 0.626290 -1.665957 0.000000
v 0.762673 -1.705226 0.039763
v 0.870657 -1.727546 0.000000
v 0.944718 -1.769015 0.000000
v 0.982473 -1.813661 0.000000
v 0.983504 -1.858203 0.000000
v 0.930479 -1.909275 0.000000
v 0.871909 -1.920722 -0.040141
v 0.611263 -1.980266 -0.031102
v 0.907687 -1.747608 -0.089399
v 0.816897 -1.712909 -0.080457
v 0.963596 -1.791034 -0.094906
v 0.982473 -1.836468 -0.096765
v 0.971801 -1.874752 -0.095714
v 0.902998 -1.916326 -0.088938
v 0.545833 -1.635620 -0.053760
v 0.694714 -1.692908 -0.068423
v 0.694955 -1.970876 -0.068446
v 0.280553 -1.592052 0.067942
v 0.460444 -1.614699 0.070263
v 0.614256 -1.665957 0.122183
v 0.740261 -1.705226 0.187796
v 0.853927 -1.727546 0.169857
v 0.926565 -1.769015 0.184305
v 0.963595 -1.813661 0.191671
v 0.964606 -1.858203 0.191872
v 0.912600 -1.909275 0.181527
v 0.847326 -1.920722 0.209466
v 0.605584 -1.980266 0.088750
v 0.902998 -1.916326 0.088937
v 0.971801 -1.874752 0.095714
v 0.545833 -1.635620 0.053760
v 0.694714 -1.692908 0.068423
v 0.694955 -1.970876 0.068446
v 0.816897 -1.712909 0.080457
v 0.541837 -1.988719 0.053366
v 0.907687 -1.747608 0.089399
v 0.963596 -1.791034 0.094906
v 0.982473 -1.836468 0.096765
v 0.437889 -1.614699 0.158740
v 0.578617 -1.665957 0.239671
v 0.689403 -1.705226 0.328598
v 0.804382 -1.727546 0.333186
v 0.872805 -1.769015 0.361528
v 0.907687 -1.813661 0.375976
v 0.908639 -1.858203 0.376371
v 0.859651 -1.909275 0.356079
v 0.805805 -1.920679 0.333775
v 0.576639 -1.980266 0.205175
v 0.926565 -1.791034 0.281071
v 0.872805 -1.747609 0.264763
v 0.944717 -1.836468 0.286577
v 0.934456 -1.874752 0.283464
v 0.868296 -1.916326 0.263395
v 0.524857 -1.635620 0.159214
v 0.668016 -1.692908 0.202641
v 0.668249 -1.970876 0.202715
v 0.785504 -1.712910 0.238280
v 0.233202 -1.592052 0.170136
v 0.398507 -1.614699 0.241118
v 0.520741 -1.665957 0.347948
v 0.634525 -1.705281 0.423976
v 0.723924 -1.727546 0.483711
v 0.785504 -1.769016 0.524857
v 0.816897 -1.813661 0.545833
v 0.817754 -1.858203 0.546406
v 0.773665 -1.909275 0.516946
v 0.747266 -1.920722 0.451033
v 0.525529 -1.980265 0.313748
v 0.483711 -1.635620 0.258549
v 0.800227 -1.916326 0.427730
v 0.615647 -1.692908 0.329070
v 0.615870 -1.970873 0.329189
v 0.723924 -1.712910 0.386946
v 0.804382 -1.747609 0.429951
v 0.853927 -1.791034 0.456434
v 0.870656 -1.836468 0.465376
v 0.861199 -1.874752 0.460321
v 0.314226 -1.614699 0.343814
v 0.442854 -1.665957 0.442854
v 0.567401 -1.705227 0.511182
v 0.615647 -1.727546 0.615647
v 0.668016 -1.769016 0.668016
v 0.694713 -1.813661 0.694714
v 0.695442 -1.858203 0.695442
v 0.657948 -1.909275 0.657948
v 0.644921 -1.920722 0.588144
v 0.454215 -1.980265 0.410255
v 0.748473 -1.791034 0.614256
v 0.705047 -1.747609 0.578617
v 0.763137 -1.836468 0.626290
v 0.754847 -1.874752 0.619487
v 0.701404 -1.916326 0.575628
v 0.423976 -1.635620 0.347948
v 0.539619 -1.692908 0.442854
v 0.539816 -1.970873 0.443012
v 0.634525 -1.712910 0.520741
v 0.150342 -1.592052 0.246426
v 0.241118 -1.614699 0.398508
v 0.347948 -1.665957 0.520741
v 0.390651 -1.705227 0.656233
v 0.483711 -1.727547 0.723925
v 0.524857 -1.769016 0.785504
v 0.545833 -1.813661 0.816897
v 0.546405 -1.858203 0.817754
v 0.516946 -1.909276 0.773665
v 0.451033 -1.920722 0.747265
v 0.365451 -1.980265 0.490984
v 0.575628 -1.916326 0.701404
v 0.442854 -1.692908 0.539619
v 0.347948 -1.635620 0.423976
v 0.443012 -1.970873 0.539816
v 0.520741 -1.712910 0.634525
v 0.578617 -1.747609 0.705047
v 0.614256 -1.791034 0.748473
v 0.626290 -1.836468 0.763137
v 0.619487 -1.874752 0.754847
v 0.158737 -1.614699 0.437891
v 0.239671 -1.665957 0.578617
v 0.292040 -1.705282 0.705047
v 0.333186 -1.727547 0.804382
v 0.361528 -1.769016 0.872805
v 0.375976 -1.813661 0.907687
v 0.376370 -1.858203 0.908639
v 0.356079 -1.909276 0.859650
v 0.333775 -1.920679 0.805805
v 0.262644 -1.980265 0.552846
v 0.465375 -1.836468 0.870656
v 0.456433 -1.791034 0.853927
v 0.460320 -1.874752 0.861199
v 0.427730 -1.916326 0.800226
v 0.258549 -1.635620 0.483711
v 0.329070 -1.692908 0.615647
v 0.329189 -1.970874 0.615870
v 0.386946 -1.712910 0.723925
v 0.429951 -1.747609 0.804382
v 0.044595 -1.592052 0.285203
v 0.070263 -1.614699 0.460445
v 0.122183 -1.665957 0.614256
v 0.187798 -1.705227 0.740258
v 0.169857 -1.727547 0.853927
v 0.184305 -1.769016 0.926565
v 0.191671 -1.813661 0.963595
v 0.191872 -1.858203 0.964606
v 0.181527 -1.909276 0.912600
v 0.209466 -1.920722 0.847326
v 0.149741 -1.980265 0.593463
v 0.202715 -1.970874 0.668255
v 0.243225 -1.923664 0.801805
v 0.238280 -1.712910 0.785504
v 0.202640 -1.692908 0.668016
v 0.264763 -1.747609 0.872805
v 0.281070 -1.791034 0.926565
v 0.286577 -1.836468 0.944717
v 0.283464 -1.874752 0.934455
v 0.263395 -1.916326 0.868296
v 0.159214 -1.635620 0.524857
v 0.000000 -1.614731 0.465376
v 0.000000 -1.665957 0.626290
v -0.039767 -1.705227 0.762672
v 0.000000 -1.727547 0.870657
v 0.000000 -1.769016 0.944717
v 0.000000 -1.813661 0.982473
v 0.000000 -1.858203 0.983504
v 0.000000 -1.909276 0.930479
v -0.040141 -1.920722 0.871909
v 0.031086 -1.980265 0.611272
v 0.095714 -1.874752 0.971801
v 0.096765 -1.836468 0.982473
v 0.088938 -1.916326 0.902998
v 0.053760 -1.635620 0.545833
v 0.068423 -1.692908 0.694714
v 0.068447 -1.970874 0.694963
v 0.080457 -1.712910 0.816897
v 0.089399 -1.747609 0.907687
v 0.094906 -1.791034 0.963595
v -0.067941 -1.592052 0.280559
v -0.070263 -1.614699 0.460444
v -0.122183 -1.665957 0.614256
v -0.187799 -1.705227 0.740258
v -0.169857 -1.727547 0.853927
v -0.184305 -1.769016 0.926565
v -0.191671 -1.813661 0.963595
v -0.191872 -1.858203 0.964606
v -0.181527 -1.909276 0.912600
v -0.209466 -1.920722 0.847325
v -0.088765 -1.980265 0.605591
v -0.080457 -1.712910 0.816897
v -0.068423 -1.692908 0.694714
v -0.053366 -1.988719 0.541836
v -0.068447 -1.970874 0.694963
v -0.089399 -1.747609 0.907687
v -0.094906 -1.791034 0.963595
v -0.096765 -1.836468 0.982473
v -0.095714 -1.874752 0.971801
v -0.088938 -1.916326 0.902998
v -0.053760 -1.635620 0.545833
v -0.158740 -1.614699 0.437890
v -0.239671 -1.665957 0.578617
v -0.328587 -1.705227 0.689408
v -0.333186 -1.727547 0.804382
v -0.361528 -1.769016 0.872805
v -0.375976 -1.813661 0.907687
v -0.376371 -1.858203 0.908639
v -0.356079 -1.909276 0.859650
v -0.333775 -1.920679 0.805805
v -0.205202 -1.980265 0.576639
v -0.283464 -1.874752 0.934455
v -0.286577 -1.836468 0.944717
v -0.263395 -1.916326 0.868296
v -0.159214 -1.635620 0.524857
v -0.202641 -1.692908 0.668016
v -0.202714 -1.970874 0.668256
v -0.238280 -1.712910 0.785504
v -0.264763 -1.747609 0.872805
v -0.281071 -1.791034 0.926565
v -0.170136 -1.592052 0.233202
v -0.241118 -1.614699 0.398507
v -0.347948 -1.665957 0.520741
v -0.423976 -1.705281 0.634525
v -0.483711 -1.727546 0.723924
v -0.524857 -1.769016 0.785504
v -0.545833 -1.813661 0.816896
v -0.546406 -1.858203 0.817753
v -0.516946 -1.909276 0.773665
v -0.451033 -1.920722 0.747266
v -0.313757 -1.980265 0.525525
v -0.329190 -1.970874 0.615866
v -0.429951 -1.747609 0.804382
v -0.386946 -1.712910 0.723924
v -0.456434 -1.791034 0.853927
v -0.465376 -1.836468 0.870656
v -0.460321 -1.874752 0.861199
v -0.427730 -1.916326 0.800226
v -0.258549 -1.635620 0.483711
v -0.329070 -1.692908 0.615647
v -0.343813 -1.614699 0.314226
v -0.442854 -1.665957 0.442854
v -0.511170 -1.705226 0.567411
v -0.615647 -1.727546 0.615647
v -0.668016 -1.769015 0.668016
v -0.694714 -1.813661 0.694713
v -0.695442 -1.858203 0.695442
v -0.657948 -1.909275 0.657948
v -0.644919 -1.920722 0.588147
v -0.410254 -1.980265 0.454215
v -0.020669 -2.051973 0.022927
v -0.575628 -1.916326 0.701404
v -0.619487 -1.874752 0.754847
v -0.347948 -1.635620 0.423976
v -0.531548 -1.923664 0.647693
v -0.442854 -1.692908 0.539619
v -0.443013 -1.970873 0.539816
v -0.520741 -1.712910 0.634525
v -0.578617 -1.747609 0.705046
v -0.614256 -1.791034 0.748473
v -0.626290 -1.836468 0.763136
v -0.228787 -1.592087 0.174384
v -0.398508 -1.614699 0.241118
v -0.520741 -1.665957 0.347948
v -0.612043 -1.705226 0.456789
v -0.723924 -1.727546 0.483711
v -0.785504 -1.769015 0.524857
v -0.816897 -1.813661 0.545832
v -0.817754 -1.858203 0.546405
v -0.773665 -1.909275 0.516946
v -0.747267 -1.920722 0.451029
v -0.490984 -1.980265 0.365451
v -0.705047 -1.747609 0.578617
v -0.634525 -1.712910 0.520741
v -0.748473 -1.791034 0.614256
v -0.763137 -1.836468 0.626290
v -0.754847 -1.874752 0.619487
v -0.701404 -1.916326 0.575628
v -0.423976 -1.635620 0.347948
v -0.539619 -1.692908 0.442854
v -0.539812 -1.970874 0.443014
v -0.267682 -1.592222 0.110907
v -0.437892 -1.614699 0.158734
v -0.578617 -1.665957 0.239671
v -0.689401 -1.705226 0.328604
v -0.804382 -1.727546 0.333186
v -0.872805 -1.769015 0.361528
v -0.907687 -1.813661 0.375976
v -0.908639 -1.858203 0.376370
v -0.859650 -1.909275 0.356079
v -0.805805 -1.920679 0.333775
v -0.552835 -1.980265 0.262647
v -0.800226 -1.916326 0.427730
v -0.861199 -1.874752 0.460320
v -0.483711 -1.635620 0.258549
v -0.615647 -1.692908 0.329070
v -0.615863 -1.970876 0.329185
v -0.723924 -1.712910 0.386946
v -0.804382 -1.747609 0.429951
v -0.853927 -1.791034 0.456433
v -0.870656 -1.836468 0.465375
v -0.285064 -1.592086 0.038603
v -0.460445 -1.614699 0.070254
v -0.614256 -1.665957 0.122183
v -0.740261 -1.705226 0.187788
v -0.853927 -1.727546 0.169857
v -0.926565 -1.769015 0.184305
v -0.963595 -1.813661 0.191671
v -0.964606 -1.858203 0.191872
v -0.912600 -1.909275 0.181527
v -0.847326 -1.920722 0.209466
v -0.593449 -1.980266 0.149756
v -0.521014 -1.988719 0.158048
v -0.926565 -1.791034 0.281070
v -0.872805 -1.747608 0.264762
v -0.944717 -1.836468 0.286576
v -0.934455 -1.874752 0.283464
v -0.868296 -1.916326 0.263395
v -0.524857 -1.635620 0.159213
v -0.801805 -1.923664 0.243225
v -0.668016 -1.692908 0.202640
v -0.668248 -1.970876 0.202713
v -0.785504 -1.712909 0.238280
v -0.465376 -1.614731 0.000000
v -0.626290 -1.665957 0.000000
v -0.762673 -1.705226 -0.039763
v -0.870656 -1.727546 0.000000
v -0.944717 -1.769016 0.000000
v -0.982473 -1.813661 0.000000
v -0.983504 -1.858203 0.000000
v -0.930479 -1.909275 0.000000
v -0.871909 -1.920722 -0.040141
v -0.611262 -1.980266 0.031102
v -0.902998 -1.916326 0.088937
v -0.694714 -1.692908 0.068423
v -0.545833 -1.635620 0.053760
v -0.694955 -1.970876 0.068446
v -0.816897 -1.712909 0.080457
v -0.907687 -1.747608 0.089399
v -0.963595 -1.791034 0.094906
v -0.982473 -1.836467 0.096765
v -0.971801 -1.874752 0.095714
v -0.285199 -1.592051 -0.044551
v -0.460445 -1.614699 -0.070254
v -0.614256 -1.665957 -0.122183
v -0.740261 -1.705226 -0.187788
v -0.853927 -1.727546 -0.169857
v -0.926565 -1.769015 -0.184305
v -0.963595 -1.813661 -0.191671
v -0.964606 -1.858203 -0.191872
v -0.912600 -1.909275 -0.181528
v -0.855438 -1.920679 -0.170157
v -0.605587 -1.980265 -0.088765
v -0.982473 -1.836468 -0.096766
v -0.963595 -1.791034 -0.094906
v -0.971801 -1.874752 -0.095714
v -0.902998 -1.916326 -0.088938
v -0.545833 -1.635620 -0.053760
v -0.694713 -1.692908 -0.068423
v -0.694955 -1.970876 -0.068446
v -0.816896 -1.712909 -0.080457
v -0.907687 -1.747608 -0.089399
v -0.258470 -1.592086 -0.126271
v -0.437891 -1.614700 -0.158737
v -0.578617 -1.665956 -0.239671
v -0.705047 -1.705281 -0.292040
v -0.804382 -1.727546 -0.333186
v -0.872805 -1.769015 -0.361528
v -0.907687 -1.813661 -0.375977
v -0.908639 -1.858203 -0.376371
v -0.859650 -1.909275 -0.356079
v -0.820896 -1.920722 -0.296586
v -0.576635 -1.980265 -0.205200
v -0.668016 -1.692908 -0.202641
v -0.524857 -1.635620 -0.159214
v -0.668250 -1.970876 -0.202709
v -0.785504 -1.712909 -0.238280
v -0.872805 -1.747608 -0.264763
v -0.926565 -1.791034 -0.281071
v -0.944717 -1.836468 -0.286577
v -0.934455 -1.874752 -0.283464
v -0.868296 -1.916325 -0.263395
v -0.221922 -1.591989 -0.182121
v -0.398510 -1.614699 -0.241112
v -0.520741 -1.665956 -0.347948
v -0.656232 -1.705226 -0.390655
v -0.723924 -1.727546 -0.483711
v -0.785504 -1.769015 -0.524857
v -0.816896 -1.813661 -0.545833
v -0.817753 -1.858203 -0.546406
v -0.773665 -1.909275 -0.516946
v -0.747262 -1.920722 -0.451034
v -0.525522 -1.980265 -0.313753
v -0.870656 -1.836467 -0.465376
v -0.853927 -1.791034 -0.456434
v -0.861199 -1.874752 -0.460321
v -0.800226 -1.916325 -0.427730
v -0.483711 -1.635620 -0.258549
v -0.615647 -1.692908 -0.329070
v -0.615869 -1.970872 -0.329191
v -0.723924 -1.712909 -0.386946
v -0.804382 -1.747608 -0.429951
v -0.314231 -1.614699 -0.343808
v -0.442854 -1.665956 -0.442854
v -0.511173 -1.705226 -0.567409
v -0.615647 -1.727546 -0.615647
v -0.668016 -1.769015 -0.668016
v -0.694713 -1.813660 -0.694714
v -0.695442 -1.858202 -0.695442
v -0.657948 -1.909275 -0.657948
v -0.644916 -1.920722 -0.588146
v -0.454216 -1.980265 -0.410247
v -0.539815 -1.970873 -0.443012
v -0.634525 -1.712909 -0.520741
v -0.539619 -1.692908 -0.442854
v -0.705046 -1.747608 -0.578617
v -0.748473 -1.791034 -0.614257
v -0.763136 -1.836467 -0.626290
v -0.754847 -1.874752 -0.619487
v -0.701404 -1.916325 -0.575628
v -0.423976 -1.635620 -0.347948
v -0.150301 -1.592051 -0.246440
v -0.258549 -1.614731 -0.386946
v -0.347948 -1.665956 -0.520741
v -0.390653 -1.705226 -0.656233
v -0.483711 -1.727546 -0.723924
v -0.524857 -1.769015 -0.785504
v -0.545832 -1.813660 -0.816897
v -0.546405 -1.858202 -0.817754
v -0.516946 -1.909275 -0.773665
v -0.451015 -1.920721 -0.747278
v -0.365450 -1.980265 -0.490979
v -0.619487 -1.874751 -0.754847
v -0.626290 -1.836467 -0.763137
v -0.575627 -1.916325 -0.701404
v -0.347948 -1.635620 -0.423976
v -0.531547 -1.923664 -0.647693
v -0.442854 -1.692908 -0.539619
v -0.443012 -1.970873 -0.539816
v -0.520741 -1.712909 -0.634525
v -0.578617 -1.747608 -0.705047
v -0.614256 -1.791033 -0.748473
v -0.197380 -1.614699 -0.421884
v -0.239671 -1.665956 -0.578617
v -0.255133 -1.705226 -0.719831
v -0.333186 -1.727546 -0.804382
v -0.361528 -1.769015 -0.872805
v -0.375976 -1.813660 -0.907687
v -0.376370 -1.858202 -0.908639
v -0.356079 -1.909275 -0.859650
v -0.333775 -1.920678 -0.805805
v -0.262649 -1.980265 -0.552838
v -0.386945 -1.712909 -0.723924
v -0.329070 -1.692908 -0.615647
v -0.256656 -1.988718 -0.480169
v -0.329188 -1.970873 -0.615870
v -0.429951 -1.747608 -0.804382
v -0.456433 -1.791033 -0.853927
v -0.465375 -1.836467 -0.870656
v -0.460320 -1.874751 -0.861199
v -0.427730 -1.916325 -0.800226
v -0.258549 -1.635620 -0.483711
v -0.056522 -1.592220 -0.284167
v -0.070262 -1.614699 -0.460443
v -0.122183 -1.665956 -0.614256
v -0.109798 -1.705226 -0.755774
v -0.169857 -1.727546 -0.853927
v -0.184305 -1.769015 -0.926565
v -0.191671 -1.813660 -0.963595
v -0.191872 -1.858202 -0.964606
v -0.181527 -1.909275 -0.912600
v -0.209464 -1.920722 -0.847324
v -0.149740 -1.980265 -0.593458
v -0.283464 -1.874751 -0.934455
v -0.286576 -1.836467 -0.944717
v -0.263395 -1.916325 -0.868296
v -0.159213 -1.635620 -0.524857
v -0.202640 -1.692908 -0.668016
v -0.202715 -1.970873 -0.668255
v -0.238280 -1.712909 -0.785504
v -0.264762 -1.747608 -0.872805
v -0.281070 -1.791033 -0.926565
v -0.031086 -1.980265 -0.611267
v -0.068447 -1.970873 -0.694962
v -0.089399 -1.747608 -0.907687
v -0.088937 -1.916325 -0.902998
v -0.068423 -1.692908 -0.694714
v 0.000000 -1.581721 -0.128955
v 0.000000 -1.614731 -0.465376
v 0.000000 -1.665956 -0.626290
v 0.039748 -1.705226 -0.762674
v 0.000000 -1.727546 -0.870657
v 0.000000 -1.769015 -0.944718
v 0.000000 -1.909275 -0.930479
v -0.040141 -1.920722 -0.871907
v 0.033249 -1.581672 -0.122623
v 0.010325 -2.051974 -0.029098
v 0.053366 -1.988718 -0.541837
v 0.068448 -1.970873 -0.694965
v 0.089399 -1.747608 -0.907687
v 0.088938 -1.916325 -0.902998
v 0.068423 -1.692908 -0.694714
v 0.058550 -1.581573 -0.109540
v 0.091663 -1.581601 -0.086279
v 0.029645 -2.051972 -0.004469
v 0.124148 -1.581601 -0.020815
v 0.126478 -1.581721 0.025160
v 0.106734 -1.581601 0.066739
v 0.022824 -2.051976 0.018725
v 0.083486 -1.581672 0.095770
v 0.058550 -1.581573 0.109540
v 0.000082 -2.051965 0.029356
v 0.033249 -1.581672 0.122623
v -0.000000 -1.581721 0.128955
v -0.033249 -1.581672 0.122623
v -0.058551 -1.581573 0.109540
v -0.091663 -1.581601 0.086279
v -0.117704 -1.581601 0.044636
v -0.028875 -2.051970 0.001477
v -0.128955 -1.581721 0.000000
v -0.122623 -1.581672 -0.033249
v -0.109540 -1.581573 -0.058551
v -0.021621 -2.051978 -0.021615
v -0.086279 -1.581601 -0.091663
v -0.044637 -1.581601 -0.117702
v -0.080457 -1.712909 -0.816897
v -0.094906 -1.791033 -0.963595
v -0.096765 -1.836467 -0.982473
v -0.095714 -1.874751 -0.971801
v -0.053760 -1.635620 -0.545833
v 0.080876 -2.018830 -0.324705
v 0.142673 -2.018829 -0.302690
v 0.198986 -2.018829 -0.269033
v 0.247645 -2.018830 -0.225046
v 0.286793 -2.018829 -0.172411
v 0.314916 -2.018829 -0.113149
v 0.330939 -2.018829 -0.049536
v 0.334244 -2.018829 0.015979
v 0.324707 -2.018829 0.080879
v 0.302682 -2.018830 0.142675
v 0.269034 -2.018829 0.198986
v 0.225052 -2.018829 0.247645
v 0.172405 -2.018829 0.286795
v 0.113145 -2.018829 0.314917
v 0.049537 -2.018829 0.330940
v -0.015980 -2.018829 0.334245
v -0.080880 -2.018829 0.324704
v -0.142678 -2.018829 0.302685
v -0.198981 -2.018829 0.269037
v -0.247646 -2.018829 0.225048
v -0.286794 -2.018829 0.172407
v -0.314916 -2.018829 0.113147
v -0.330939 -2.018829 0.049536
v -0.334245 -2.018829 -0.015981
v -0.324704 -2.018829 -0.080879
v -0.302687 -2.018829 -0.142673
v -0.269043 -2.018829 -0.198978
v -0.225047 -2.018830 -0.247645
v -0.049532 -2.018829 -0.330940
v 0.015976 -2.018829 -0.334244
v -0.211275 -2.029570 -0.126773
v 0.105238 -2.029570 -0.222788
v 0.025320 -2.040536 -0.176565
v 0.090960 -2.040536 -0.153435
v 0.138321 -2.040372 -0.113515
v 0.163890 -2.040607 -0.067840
v 0.178072 -2.040373 -0.017539
v 0.173968 -2.040608 0.034607
v 0.157803 -2.040373 0.084350
v 0.125421 -2.040608 0.125427
v 0.091877 -2.040483 0.152288
v 0.044155 -2.040537 0.172815
v -0.017537 -2.040373 0.178070
v -0.077019 -2.040537 0.160883
v -0.125421 -2.040608 0.125427
v -0.157803 -2.040373 0.084350
v -0.176558 -2.040537 0.025338
v -0.173976 -2.040607 -0.034569
v -0.153433 -2.040536 -0.090963
v -0.113521 -2.040372 -0.138318
v -0.075516 -2.040483 -0.161028
v -0.034605 -2.040606 -0.173972
v 0.200576 -2.030374 -0.134020
v 0.226413 -2.031012 -0.068630
v -0.092308 -2.030374 -0.222871
v 0.012093 -2.030616 -0.238698
v -0.092515 -1.901614 -0.939327
v -0.273992 -1.901613 -0.903231
v -0.444941 -1.901612 -0.832423
v -0.598791 -1.901610 -0.729628
v -0.729616 -1.901618 -0.598783
v -0.832412 -1.901620 -0.444935
v -0.903223 -1.901618 -0.273990
v -0.939328 -1.901614 -0.092516
v -0.939328 -1.901614 0.092515
v -0.903231 -1.901613 0.273992
v -0.832423 -1.901613 0.444942
v -0.729629 -1.901612 0.598787
v -0.598784 -1.901616 0.729622
v -0.444942 -1.901611 0.832425
v -0.273993 -1.901613 0.903231
v -0.092516 -1.901614 0.939328
v 0.092515 -1.901614 0.939328
v 0.273994 -1.901613 0.903232
v 0.444940 -1.901612 0.832425
v 0.598787 -1.901614 0.729624
v 0.729625 -1.901614 0.598787
v 0.832420 -1.901615 0.444941
v 0.903231 -1.901614 0.273991
v 0.939328 -1.901614 0.092515
v 0.939329 -1.901613 -0.092517
v 0.903224 -1.901618 -0.273989
v 0.832413 -1.901620 -0.444934
v 0.729617 -1.901619 -0.598781
v 0.598783 -1.901616 -0.729622
v 0.444941 -1.901613 -0.832421
v 0.273991 -1.901613 -0.903230
v 0.092517 -1.901613 -0.939329
v 0.188048 -1.888417 -0.945381
v 0.368869 -1.888417 -0.890529
v 0.535515 -1.888417 -0.801455
v 0.681582 -1.888417 -0.681582
v 0.801455 -1.888417 -0.535515
v 0.890529 -1.888417 -0.368869
v 0.945381 -1.888417 -0.188048
v 0.963902 -1.888417 0.000000
v 0.945381 -1.888417 0.188048
v 0.890529 -1.888417 0.368869
v 0.801455 -1.888417 0.535515
v 0.681581 -1.888417 0.681581
v 0.535515 -1.888417 0.801455
v 0.368869 -1.888417 0.890529
v 0.188048 -1.888417 0.945380
v 0.000000 -1.888417 0.963902
v -0.188048 -1.888417 0.945380
v -0.368869 -1.888417 0.890529
v -0.535515 -1.888417 0.801455
v -0.681581 -1.888417 0.681581
v -0.801455 -1.888417 0.535515
v -0.890529 -1.888417 0.368869
v -0.945381 -1.888417 0.188048
v -0.963902 -1.888417 0.000000
v -0.945380 -1.888417 -0.188048
v -0.890529 -1.888417 -0.368869
v -0.801455 -1.888417 -0.535515
v -0.681581 -1.888417 -0.681582
v -0.535515 -1.888417 -0.801455
v -0.368869 -1.888416 -0.890529
v -0.188048 -1.888416 -0.945381
v 0.000000 -1.888417 -0.963902
v -0.094132 -1.890745 -0.955740
v -0.278779 -1.890745 -0.919011
v -0.452712 -1.890745 -0.846966
v -0.609248 -1.890745 -0.742372
v -0.742371 -1.890746 -0.609249
v -0.846965 -1.890746 -0.452713
v -0.919011 -1.890746 -0.278779
v -0.955740 -1.890746 -0.094132
v -0.955740 -1.890746 0.094132
v -0.919011 -1.890746 0.278779
v -0.846966 -1.890746 0.452712
v -0.742372 -1.890746 0.609248
v -0.609249 -1.890746 0.742371
v -0.452713 -1.890746 0.846965
v -0.278779 -1.890746 0.919011
v -0.094132 -1.890746 0.955740
v 0.094132 -1.890746 0.955740
v 0.278779 -1.890746 0.919011
v 0.452712 -1.890746 0.846965
v 0.609249 -1.890746 0.742372
v 0.742372 -1.890746 0.609249
v 0.846966 -1.890746 0.452713
v 0.919011 -1.890746 0.278779
v 0.955740 -1.890746 0.094132
v 0.955740 -1.890746 -0.094132
v 0.919011 -1.890746 -0.278779
v 0.846966 -1.890746 -0.452713
v 0.742372 -1.890746 -0.609249
v 0.609249 -1.890745 -0.742372
v 0.452713 -1.890745 -0.846966
v 0.278779 -1.890745 -0.919012
v 0.094132 -1.890745 -0.955740
v -0.071934 -1.956538 -0.730361
v -0.213038 -1.956538 -0.702292
v -0.345929 -1.956558 -0.647191
v -0.465554 -1.956553 -0.567277
v -0.567266 -1.956559 -0.465544
v -0.647201 -1.956554 -0.345935
v -0.702267 -1.956548 -0.213030
v -0.730345 -1.956545 -0.071928
v -0.730348 -1.956544 0.071933
v -0.702280 -1.956545 0.213035
v -0.647229 -1.956543 0.345950
v -0.567300 -1.956542 0.465573
v -0.465563 -1.956548 0.567289
v -0.345951 -1.956543 0.647229
v -0.213039 -1.956538 0.702296
v -0.071933 -1.956538 0.730363
v 0.071933 -1.956538 0.730363
v 0.213034 -1.956544 0.702282
v 0.345951 -1.956543 0.647228
v 0.465565 -1.956547 0.567292
v 0.567291 -1.956547 0.465566
v 0.647217 -1.956548 0.345943
v 0.702282 -1.956544 0.213035
v 0.730346 -1.956545 0.071933
v 0.730317 -1.956555 -0.071925
v 0.702252 -1.956555 -0.213025
v 0.647193 -1.956557 -0.345932
v 0.567269 -1.956557 -0.465546
v 0.465551 -1.956554 -0.567276
v 0.345935 -1.956554 -0.647200
v 0.213026 -1.956555 -0.702252
v 0.071930 -1.956555 -0.730317
v -0.067743 -1.972566 -0.687805
v -0.200625 -1.972566 -0.661373
v -0.325797 -1.972566 -0.609525
v -0.438451 -1.972566 -0.534253
v -0.534254 -1.972566 -0.438451
v -0.609525 -1.972566 -0.325798
v -0.687805 -1.972566 0.067743
v -0.609528 -1.972566 0.325795
v -0.438452 -1.972566 0.534255
v -0.325799 -1.972566 0.609526
v -0.200626 -1.972566 0.661375
v -0.067743 -1.972566 0.687806
v 0.200625 -1.972566 0.661375
v 0.325799 -1.972566 0.609527
v 0.438452 -1.972566 0.534255
v 0.609528 -1.972566 0.325795
v 0.609525 -1.972566 -0.325797
v 0.534253 -1.972566 -0.438451
v 0.438451 -1.972566 -0.534253
v 0.325798 -1.972566 -0.609525
v 0.200625 -1.972566 -0.661373
v 0.067743 -1.972566 -0.687806
v -0.581672 -1.975189 0.310910
v 0.189476 -1.882924 -0.952559
v 0.371670 -1.882924 -0.897290
v 0.539581 -1.882924 -0.807540
v 0.686756 -1.882924 -0.686756
v 0.807540 -1.882924 -0.539581
v 0.897290 -1.882924 -0.371670
v 0.952558 -1.882924 -0.189476
v 0.971220 -1.882924 0.000000
v 0.952558 -1.882924 0.189476
v 0.897290 -1.882924 0.371670
v 0.807540 -1.882924 0.539581
v 0.686756 -1.882924 0.686756
v 0.539581 -1.882924 0.807540
v 0.371670 -1.882925 0.897290
v 0.189475 -1.882925 0.952558
v 0.000000 -1.882925 0.971220
v -0.189476 -1.882925 0.952558
v -0.371670 -1.882924 0.897290
v -0.539581 -1.882924 0.807540
v -0.686756 -1.882924 0.686756
v -0.807540 -1.882924 0.539581
v -0.897290 -1.882924 0.371669
v -0.952558 -1.882924 0.189475
v -0.971220 -1.882924 0.000000
v -0.952558 -1.882924 -0.189476
v -0.897290 -1.882924 -0.371670
v -0.807540 -1.882924 -0.539581
v -0.686756 -1.882924 -0.686756
v -0.539581 -1.882924 -0.807540
v -0.371669 -1.882924 -0.897290
v -0.189475 -1.882924 -0.952558
v 0.000000 -1.882924 -0.971220
v -0.094825 -1.886087 -0.962774
v -0.280830 -1.886087 -0.925774
v -0.456044 -1.886087 -0.853199
v -0.613732 -1.886087 -0.747835
v -0.747835 -1.886087 -0.613732
v -0.853198 -1.886088 -0.456044
v -0.925774 -1.886088 -0.280831
v -0.962773 -1.886088 -0.094825
v -0.962773 -1.886088 0.094825
v -0.925775 -1.886088 0.280830
v -0.853199 -1.886088 0.456044
v -0.747835 -1.886088 0.613732
v -0.613732 -1.886088 0.747835
v -0.456044 -1.886088 0.853198
v -0.280831 -1.886088 0.925774
v -0.094825 -1.886088 0.962773
v 0.094825 -1.886088 0.962773
v 0.280831 -1.886088 0.925774
v 0.456044 -1.886088 0.853199
v 0.613732 -1.886088 0.747835
v 0.747835 -1.886088 0.613732
v 0.853199 -1.886088 0.456044
v 0.925775 -1.886088 0.280831
v 0.962773 -1.886088 0.094825
v 0.962774 -1.886088 -0.094825
v 0.925775 -1.886088 -0.280831
v 0.853199 -1.886088 -0.456044
v 0.747835 -1.886088 -0.613732
v 0.613732 -1.886087 -0.747835
v 0.456044 -1.886087 -0.853199
v 0.280831 -1.886087 -0.925775
v 0.094825 -1.886087 -0.962774
v -0.094133 -1.891967 -0.955740
v -0.278779 -1.891967 -0.919011
v -0.452709 -1.891967 -0.846965
v -0.609248 -1.891968 -0.742372
v -0.742371 -1.891968 -0.609249
v -0.846965 -1.891968 -0.452713
v -0.919011 -1.891968 -0.278779
v -0.955740 -1.891968 -0.094132
v -0.955740 -1.891968 0.094133
v -0.919011 -1.891968 0.278779
v -0.846966 -1.891968 0.452712
v -0.742362 -1.891968 0.609258
v -0.609249 -1.891968 0.742371
v -0.452713 -1.891968 0.846965
v -0.278779 -1.891968 0.919011
v -0.094133 -1.891968 0.955740
v 0.094119 -1.891968 0.955741
v 0.278779 -1.891968 0.919011
v 0.452712 -1.891968 0.846965
v 0.609251 -1.891968 0.742368
v 0.742370 -1.891968 0.609251
v 0.846966 -1.891968 0.452713
v 0.919011 -1.891968 0.278779
v 0.955740 -1.891968 0.094133
v 0.955740 -1.891968 -0.094132
v 0.919011 -1.891968 -0.278779
v 0.846966 -1.891968 -0.452713
v 0.742372 -1.891968 -0.609248
v 0.609249 -1.891968 -0.742372
v 0.452713 -1.891968 -0.846966
v 0.278776 -1.891968 -0.919012
v 0.094133 -1.891968 -0.955740
v -0.094814 -1.887310 -0.962772
v -0.280829 -1.887310 -0.925774
v -0.456044 -1.887310 -0.853199
v -0.613732 -1.887310 -0.747835
v -0.747835 -1.887310 -0.613732
v -0.853198 -1.887310 -0.456044
v -0.925774 -1.887310 -0.280831
v -0.962773 -1.887310 -0.094825
v -0.962774 -1.887310 0.094811
v -0.925772 -1.887310 0.280833
v -0.853199 -1.887310 0.456044
v -0.747835 -1.887310 0.613733
v -0.613738 -1.887310 0.747830
v -0.456044 -1.887310 0.853198
v -0.280830 -1.887311 0.925774
v -0.094825 -1.887311 0.962773
v 0.094825 -1.887311 0.962773
v 0.280831 -1.887311 0.925774
v 0.456044 -1.887311 0.853199
v 0.613732 -1.887310 0.747835
v 0.747835 -1.887310 0.613732
v 0.853199 -1.887310 0.456045
v 0.925775 -1.887310 0.280831
v 0.962773 -1.887310 0.094825
v 0.962772 -1.887310 -0.094825
v 0.925775 -1.887310 -0.280831
v 0.853199 -1.887310 -0.456044
v 0.747830 -1.887310 -0.613739
v 0.613732 -1.887310 -0.747835
v 0.456044 -1.887310 -0.853199
v 0.280831 -1.887310 -0.925775
v 0.094825 -1.887310 -0.962774
v 0.069940 -1.896061 0.710979
v 0.271486 -1.896081 0.894968
v 0.336846 -1.896061 0.630014
v -0.336509 -1.892596 -0.629565
v 0.070387 -1.892787 0.715923
v 0.272853 -1.892976 0.899477
v 0.339220 -1.892787 0.634373
v 0.452866 -1.892596 -0.551819
v -0.919594 -1.889739 -0.199272
v -0.940797 -1.889739 -0.016073
v -0.357797 -1.894273 0.863797
v -0.503639 -1.894257 0.786755
v -0.919579 -1.889739 0.199340
v -0.200194 -1.894257 0.912445
v -0.863019 -1.889739 0.374912
v -0.019244 -1.894253 0.934007
v -0.773296 -1.889739 0.536075
v 0.186073 -1.894317 0.928715
v -0.653853 -1.889739 0.676637
v 0.361252 -1.894317 0.875575
v -0.523263 -1.889737 0.783118
v 0.534907 -1.894253 0.765907
v -0.374919 -1.889739 0.863016
v 0.661122 -1.894273 0.661122
v -0.199328 -1.889739 0.919589
v 0.766379 -1.894257 0.534133
v -0.017053 -1.889734 0.940851
v 0.855859 -1.894257 0.374355
v 0.187394 -1.889853 0.935358
v 0.919601 -1.894257 0.164225
v 0.363844 -1.889853 0.881832
v 0.934968 -1.894273 0.000000
v 0.536925 -1.889733 0.772789
v 0.919609 -1.894256 -0.164216
v 0.676637 -1.889739 0.653853
v 0.869902 -1.894256 -0.340467
v 0.791196 -1.889739 0.509285
v 0.786788 -1.894256 -0.503598
v -0.164198 -1.894257 -0.919611
v 0.018370 -1.894256 -0.933977
v 0.875350 -1.889739 0.345144
v 0.673422 -1.894256 -0.647417
v -0.340450 -1.894256 -0.869907
v 0.925865 -1.889739 0.167739
v 0.534177 -1.894256 -0.766357
v -0.503604 -1.894256 -0.786781
v 0.940800 -1.889739 -0.016108
v 0.374404 -1.894256 -0.855844
v -0.647447 -1.894256 -0.673393
v 0.923751 -1.889737 -0.183746
v 0.200243 -1.894256 -0.912442
v -0.766379 -1.894256 -0.534144
v 0.875339 -1.889739 -0.345180
v -0.855859 -1.894256 -0.374368
v 0.791158 -1.889739 -0.509343
v 0.000000 -1.889737 -0.941849
v -0.167772 -1.889739 -0.925859
v -0.912449 -1.894256 -0.200205
v 0.676613 -1.889739 -0.653879
v -0.345173 -1.889739 -0.875338
v -0.933977 -1.894256 -0.018354
v 0.536047 -1.889739 -0.773316
v -0.509312 -1.889739 -0.791178
v -0.919601 -1.894257 0.164221
v 0.374881 -1.889739 -0.863034
v -0.676614 -1.889739 -0.653876
v -0.869893 -1.894257 0.340474
v 0.167772 -1.889739 -0.925859
v -0.791178 -1.889739 -0.509313
v -0.766379 -1.894257 0.534133
v -0.870154 -1.889737 -0.360430
v -0.647451 -1.894257 0.673381
v 0.255092 -1.895445 0.677668
v 0.164390 -1.895445 0.705182
v 0.159113 -1.927515 -0.799917
v 0.312112 -1.927515 -0.753505
v 0.453116 -1.927515 -0.678137
v 0.576708 -1.927515 -0.576708
v 0.678136 -1.927515 -0.453116
v 0.753505 -1.927515 -0.312112
v 0.799917 -1.927515 -0.159113
v 0.815588 -1.927515 0.000000
v 0.799916 -1.927515 0.159113
v 0.753505 -1.927515 0.312112
v 0.678136 -1.927515 0.453116
v 0.576708 -1.927515 0.576708
v 0.453116 -1.927515 0.678136
v 0.312112 -1.927515 0.753505
v 0.159113 -1.927515 0.799916
v 0.000000 -1.927515 0.815588
v -0.159113 -1.927515 0.799916
v -0.312112 -1.927515 0.753505
v -0.453116 -1.927515 0.678136
v -0.576708 -1.927515 0.576707
v -0.678136 -1.927515 0.453116
v -0.753505 -1.927515 0.312112
v -0.799916 -1.927515 0.159113
v -0.815588 -1.927515 0.000000
v -0.799916 -1.927515 -0.159113
v -0.753505 -1.927515 -0.312112
v -0.678136 -1.927515 -0.453116
v -0.576707 -1.927515 -0.576708
v -0.453116 -1.927515 -0.678136
v -0.312112 -1.927514 -0.753505
v -0.159113 -1.927514 -0.799916
v 0.000000 -1.927515 -0.815588
v -0.079723 -1.927997 -0.809480
v -0.236117 -1.927995 -0.778377
v -0.383437 -1.927995 -0.717354
v -0.516015 -1.927997 -0.628765
v -0.628763 -1.927997 -0.516014
v -0.717351 -1.927997 -0.383433
v -0.778374 -1.927997 -0.236117
v -0.809480 -1.927997 -0.079728
v -0.809480 -1.927997 0.079728
v -0.778372 -1.927997 0.236116
v -0.717353 -1.927997 0.383433
v -0.628765 -1.927997 0.516015
v -0.516014 -1.927997 0.628763
v -0.383433 -1.927997 0.717352
v -0.236117 -1.927997 0.778374
v -0.079727 -1.927997 0.809481
v 0.079727 -1.927997 0.809481
v 0.236116 -1.927997 0.778373
v 0.383433 -1.927997 0.717352
v 0.516014 -1.927997 0.628765
v 0.628765 -1.927997 0.516014
v 0.717353 -1.927997 0.383432
v 0.778372 -1.927997 0.236118
v 0.809480 -1.927997 0.079728
v 0.809480 -1.927997 -0.079727
v 0.778372 -1.927997 -0.236118
v 0.717353 -1.927997 -0.383434
v 0.628765 -1.927997 -0.516014
v 0.516014 -1.927997 -0.628764
v 0.383433 -1.927997 -0.717352
v 0.236117 -1.927997 -0.778373
v 0.079726 -1.927998 -0.809480
v 0.055458 -2.047133 -0.091747
v 0.094766 -2.046866 -0.056450
v 0.109156 -2.046866 -0.015888
v 0.106929 -2.046866 0.027090
v 0.088420 -2.046866 0.065949
v 0.056446 -2.046866 0.094768
v 0.004860 -2.047133 0.107095
v -0.047433 -2.046866 0.099584
v -0.081935 -2.046866 0.073850
v -0.103958 -2.046866 0.036875
v -0.110156 -2.046866 -0.005712
v -0.091745 -2.047133 -0.055458
v -0.056449 -2.046866 -0.094766
v -0.004861 -2.047133 -0.107093
v 0.085339 -1.727546 -0.866461
v 0.092598 -1.769015 -0.940165
v 0.096299 -1.813660 -0.977739
v 0.096400 -1.858202 -0.978765
v 0.095196 -1.882924 -0.966540
v 0.085490 -1.920678 -0.867994
v 0.061387 -1.665956 -0.623272
v 0.181802 -1.665956 -0.599320
v 0.252737 -1.727546 -0.833163
v 0.274236 -1.769015 -0.904035
v 0.285196 -1.813660 -0.940165
v 0.285495 -1.858202 -0.941151
v 0.281929 -1.882924 -0.929396
v 0.463133 -1.813660 -0.866461
v 0.463619 -1.858202 -0.867370
v 0.457828 -1.882924 -0.856537
v 0.295230 -1.665956 -0.552337
v 0.410423 -1.727546 -0.767848
v 0.445335 -1.769015 -0.833163
v 0.552337 -1.727546 -0.673024
v 0.599320 -1.769015 -0.730274
v 0.623272 -1.813660 -0.759459
v 0.623926 -1.858202 -0.760256
v 0.616133 -1.882924 -0.750760
v 0.295230 -1.614731 -0.359739
v 0.397313 -1.665956 -0.484127
v 0.760256 -1.858203 -0.623926
v 0.750760 -1.882924 -0.616133
v 0.484127 -1.665956 -0.397313
v 0.589911 -1.705281 -0.484127
v 0.673024 -1.727546 -0.552337
v 0.730274 -1.769015 -0.599320
v 0.759459 -1.813661 -0.623272
v 0.767848 -1.727546 -0.410423
v 0.833163 -1.769015 -0.445335
v 0.866461 -1.813661 -0.463133
v 0.867370 -1.858203 -0.463619
v 0.856536 -1.882924 -0.457828
v 0.552337 -1.665956 -0.295230
v 0.929396 -1.882924 -0.281929
v 0.599320 -1.665956 -0.181802
v 0.833163 -1.727546 -0.252737
v 0.904035 -1.769015 -0.274236
v 0.940165 -1.813661 -0.285196
v 0.941151 -1.858203 -0.285495
v 0.866461 -1.727546 -0.085339
v 0.940165 -1.769015 -0.092598
v 0.977739 -1.813661 -0.096299
v 0.978765 -1.858203 -0.096400
v 0.966540 -1.882924 -0.095196
v 0.623272 -1.665957 -0.061387
v 0.966540 -1.882924 0.095196
v 0.867994 -1.920679 0.085490
v 0.623272 -1.665957 0.061387
v 0.866461 -1.727546 0.085339
v 0.940165 -1.769015 0.092598
v 0.977739 -1.813661 0.096299
v 0.978764 -1.858203 0.096400
v 0.904035 -1.769015 0.274236
v 0.940165 -1.813661 0.285196
v 0.941151 -1.858203 0.285495
v 0.929396 -1.882924 0.281929
v 0.599320 -1.665957 0.181802
v 0.833163 -1.727546 0.252737
v 0.552337 -1.665957 0.295230
v 0.767848 -1.727546 0.410423
v 0.833163 -1.769015 0.445335
v 0.866461 -1.813661 0.463133
v 0.867370 -1.858203 0.463619
v 0.856536 -1.882924 0.457828
v 0.730274 -1.769015 0.599320
v 0.759459 -1.813661 0.623272
v 0.760256 -1.858203 0.623926
v 0.750760 -1.882924 0.616133
v 0.359739 -1.614731 0.295230
v 0.484127 -1.665957 0.397313
v 0.673024 -1.727546 0.552337
v 0.553314 -1.920679 0.674215
v 0.397313 -1.665957 0.484127
v 0.484127 -1.705282 0.589911
v 0.552337 -1.727546 0.673024
v 0.599320 -1.769016 0.730274
v 0.623272 -1.813661 0.759459
v 0.623926 -1.858203 0.760256
v 0.616133 -1.882924 0.750760
v 0.463133 -1.813661 0.866461
v 0.463619 -1.858203 0.867370
v 0.457828 -1.882924 0.856536
v 0.295230 -1.665957 0.552337
v 0.410423 -1.727546 0.767848
v 0.445335 -1.769016 0.833163
v 0.252737 -1.727546 0.833163
v 0.274236 -1.769016 0.904035
v 0.285196 -1.813661 0.940165
v 0.285495 -1.858203 0.941151
v 0.281929 -1.882925 0.929396
v 0.181802 -1.665957 0.599320
v 0.096400 -1.858203 0.978764
v 0.095196 -1.882925 0.966539
v 0.085490 -1.920679 0.867994
v 0.061387 -1.665957 0.623272
v 0.074800 -1.705282 0.759459
v 0.085339 -1.727546 0.866461
v 0.092598 -1.769016 0.940165
v 0.096299 -1.813661 0.977738
v -0.085339 -1.727546 0.866461
v -0.092598 -1.769016 0.940165
v -0.096299 -1.813661 0.977738
v -0.096400 -1.858203 0.978764
v -0.095196 -1.882925 0.966539
v -0.061387 -1.665957 0.623272
v -0.285495 -1.858203 0.941151
v -0.281929 -1.882924 0.929396
v -0.181802 -1.665957 0.599320
v -0.252737 -1.727546 0.833163
v -0.274236 -1.769016 0.904035
v -0.285196 -1.813661 0.940164
v -0.410423 -1.727546 0.767847
v -0.445335 -1.769016 0.833163
v -0.463133 -1.813661 0.866460
v -0.463619 -1.858203 0.867369
v -0.457828 -1.882924 0.856536
v -0.295230 -1.665957 0.552336
v -0.616133 -1.882924 0.750760
v -0.295230 -1.614731 0.359739
v -0.553314 -1.920679 0.674215
v -0.397313 -1.665957 0.484127
v -0.552336 -1.727546 0.673024
v -0.599320 -1.769015 0.730273
v -0.623272 -1.813661 0.759459
v -0.623926 -1.858203 0.760255
v -0.673024 -1.727546 0.552336
v -0.730274 -1.769015 0.599320
v -0.759459 -1.813661 0.623272
v -0.760256 -1.858203 0.623925
v -0.750760 -1.882924 0.616133
v -0.484127 -1.665957 0.397313
v -0.856536 -1.882924 0.457828
v -0.552336 -1.665957 0.295230
v -0.767847 -1.727546 0.410423
v -0.833163 -1.769015 0.445335
v -0.866461 -1.813661 0.463132
v -0.867370 -1.858203 0.463618
v -0.904035 -1.769015 0.274236
v -0.940165 -1.813661 0.285195
v -0.941151 -1.858203 0.285495
v -0.929396 -1.882924 0.281929
v -0.599320 -1.665957 0.181802
v -0.833163 -1.727546 0.252737
v -0.867994 -1.920679 0.085490
v -0.623272 -1.665957 0.061387
v -0.759459 -1.705281 0.074800
v -0.866461 -1.727546 0.085339
v -0.940165 -1.769015 0.092598
v -0.977738 -1.813661 0.096298
v -0.978764 -1.858203 0.096399
v -0.966539 -1.882924 0.095195
v -0.977738 -1.813661 -0.096299
v -0.978764 -1.858203 -0.096400
v -0.966539 -1.882924 -0.095196
v -0.623272 -1.665957 -0.061387
v -0.866461 -1.727546 -0.085339
v -0.940165 -1.769015 -0.092598
v -0.599320 -1.665956 -0.181802
v -0.833163 -1.727546 -0.252737
v -0.904034 -1.769015 -0.274236
v -0.940164 -1.813661 -0.285196
v -0.941150 -1.858203 -0.285495
v -0.929395 -1.882924 -0.281929
v -0.866460 -1.813661 -0.463133
v -0.867369 -1.858203 -0.463619
v -0.856536 -1.882924 -0.457828
v -0.552336 -1.665956 -0.295230
v -0.767847 -1.727546 -0.410423
v -0.833163 -1.769015 -0.445335
v -0.589910 -1.705281 -0.484127
v -0.673024 -1.727546 -0.552336
v -0.730273 -1.769015 -0.599320
v -0.759459 -1.813660 -0.623272
v -0.760255 -1.858202 -0.623926
v -0.750760 -1.882924 -0.616133
v -0.359739 -1.614731 -0.295230
v -0.484127 -1.665956 -0.397313
v -0.623925 -1.858202 -0.760256
v -0.616133 -1.882924 -0.750760
v -0.553313 -1.920679 -0.674215
v -0.397313 -1.665956 -0.484127
v -0.552336 -1.727546 -0.673024
v -0.599320 -1.769015 -0.730273
v -0.623272 -1.813660 -0.759459
v -0.410423 -1.727546 -0.767847
v -0.445335 -1.769015 -0.833163
v -0.463132 -1.813660 -0.866461
v -0.463618 -1.858202 -0.867370
v -0.457828 -1.882924 -0.856536
v -0.295230 -1.665956 -0.552336
v -0.285495 -1.858202 -0.941151
v -0.281929 -1.882924 -0.929396
v -0.135091 -1.614731 -0.445335
v -0.181802 -1.665956 -0.599320
v -0.252737 -1.727546 -0.833163
v -0.274236 -1.769015 -0.904035
v -0.285195 -1.813660 -0.940164
v -0.085339 -1.727546 -0.866461
v -0.092598 -1.769015 -0.940165
v -0.096299 -1.813660 -0.977739
v -0.096400 -1.858202 -0.978764
v -0.095196 -1.882924 -0.966540
v -0.061387 -1.665956 -0.623272
v -0.091202 -1.909275 -0.925995
v -0.270103 -1.909275 -0.890409
v -0.438623 -1.909275 -0.820606
v -0.590287 -1.909275 -0.719267
v -0.719267 -1.909275 -0.590287
v -0.820606 -1.909275 -0.438623
v -0.890409 -1.909275 -0.270103
v -0.925995 -1.909275 -0.091203
v -0.925995 -1.909275 0.091202
v -0.890409 -1.909275 0.270103
v -0.820606 -1.909275 0.438623
v -0.719267 -1.909275 0.590287
v -0.590287 -1.909275 0.719267
v -0.438623 -1.909276 0.820606
v -0.270103 -1.909276 0.890409
v -0.091203 -1.909276 0.925995
v 0.091203 -1.909276 0.925995
v 0.270103 -1.909276 0.890409
v 0.438623 -1.909276 0.820606
v 0.590287 -1.909276 0.719267
v 0.719267 -1.909275 0.590287
v 0.820606 -1.909275 0.438623
v 0.890409 -1.909275 0.270103
v 0.925995 -1.909275 0.091202
v 0.925995 -1.909275 -0.091203
v 0.890409 -1.909275 -0.270103
v 0.820606 -1.909275 -0.438623
v 0.719267 -1.909275 -0.590287
v 0.590287 -1.909275 -0.719267
v 0.438623 -1.909275 -0.820606
v 0.270103 -1.909275 -0.890410
v 0.091203 -1.909275 -0.925995
v -0.094478 -1.888416 -0.959257
v -0.279805 -1.888416 -0.922393
v -0.454378 -1.888416 -0.850082
v -0.611490 -1.888416 -0.745103
v -0.745103 -1.888416 -0.611491
v -0.850082 -1.888417 -0.454379
v -0.922393 -1.888417 -0.279805
v -0.959256 -1.888417 -0.094479
v -0.959256 -1.888417 0.094478
v -0.922393 -1.888417 0.279805
v -0.850082 -1.888417 0.454378
v -0.745103 -1.888417 0.611490
v -0.611490 -1.888417 0.745103
v -0.454378 -1.888417 0.850082
v -0.279805 -1.888417 0.922393
v -0.094479 -1.888417 0.959256
v 0.094478 -1.888417 0.959256
v 0.279805 -1.888417 0.922393
v 0.454378 -1.888417 0.850082
v 0.611490 -1.888417 0.745103
v 0.745103 -1.888417 0.611490
v 0.850082 -1.888417 0.454378
v 0.922393 -1.888417 0.279805
v 0.959257 -1.888417 0.094479
v 0.959257 -1.888417 -0.094479
v 0.922393 -1.888417 -0.279805
v 0.850082 -1.888417 -0.454378
v 0.745103 -1.888417 -0.611491
v 0.611491 -1.888416 -0.745103
v 0.454379 -1.888416 -0.850082
v 0.279805 -1.888416 -0.922393
v 0.094479 -1.888416 -0.959257
v -0.929948 -1.889794 0.091592
v 0.091354 -1.894304 0.924479
v 0.277867 -1.894316 0.916006
v 0.437655 -1.894304 0.819429
v 0.092017 -1.889822 0.931246
v 0.887678 -1.894294 0.269274
v 0.279833 -1.889853 0.922487
v 0.440863 -1.889822 0.825425
v -0.592807 -1.889794 -0.722338
v 0.271256 -1.889794 -0.894211
v -0.818089 -1.894294 0.437277
v 0.262625 -1.895446 0.865760
v 0.000013 -1.895678 0.000043
vn -0.0000 0.9320 -0.3624
vn 0.0485 0.8690 -0.4924
vn -0.0000 0.8690 -0.4947
vn -0.0011 0.9780 -0.2086
vn 0.0355 0.9320 -0.3606
vn 0.0409 0.9778 -0.2054
vn 0.0707 0.9320 -0.3554
vn 0.0965 0.8690 -0.4852
vn -0.0000 0.7849 -0.6197
vn 0.0758 0.6345 -0.7692
vn -0.0000 0.6345 -0.7730
vn 0.0607 0.7849 -0.6167
vn 0.1209 0.7849 -0.6078
vn 0.1508 0.6345 -0.7581
vn -0.0000 0.3720 -0.9282
vn 0.0980 0.0178 -0.9950
vn -0.0000 0.0178 -0.9998
vn 0.0910 0.3720 -0.9237
vn 0.1811 0.3720 -0.9104
vn 0.1951 0.0178 -0.9806
vn 0.0103 0.9992 -0.0374
vn -0.0005 0.9992 -0.0392
vn -0.0000 1.0000 -0.0000
vn 0.0055 0.9979 -0.0643
vn -0.0000 -0.4670 -0.8843
vn 0.0941 -0.2801 -0.9553
vn 0.0867 -0.4670 -0.8800
vn -0.0000 -0.2801 -0.9600
vn 0.1873 -0.2801 -0.9415
vn 0.1725 -0.4669 -0.8673
vn 0.0140 0.9958 -0.0903
vn 0.0378 0.9919 -0.1215
vn 0.0050 0.9919 -0.1269
vn -0.0000 -0.7672 -0.6414
vn 0.0736 -0.6604 -0.7473
vn 0.0629 -0.7673 -0.6382
vn -0.0000 -0.6604 -0.7510
vn 0.1465 -0.6604 -0.7365
vn 0.1251 -0.7673 -0.6290
vn -0.0005 0.9804 -0.1970
vn 0.0295 0.9520 -0.3048
vn -0.0000 0.9521 -0.3059
vn 0.0308 0.9803 -0.1951
vn 0.0605 0.9521 -0.2997
vn -0.0074 -0.9921 -0.1253
vn 0.0103 -0.9944 -0.1049
vn 0.0127 -0.9916 -0.1287
vn -0.0050 -0.9943 -0.1063
vn 0.0206 -0.9777 -0.2091
vn 0.0254 -0.9943 -0.1033
vn 0.0317 -0.9921 -0.1214
vn -0.0000 0.9340 -0.3572
vn 0.0279 0.9633 -0.2669
vn -0.0016 0.9632 -0.2687
vn 0.0350 0.9340 -0.3555
vn 0.0697 0.9340 -0.3503
vn 0.0524 0.9633 -0.2633
vn 0.0075 0.9875 -0.1574
vn 0.0212 0.9778 -0.2085
vn 0.0307 0.9875 -0.1543
vn 0.0764 0.9633 -0.2573
vn 0.1037 0.9340 -0.3418
vn 0.1178 0.9521 -0.2822
vn 0.1367 0.9340 -0.3300
vn 0.1043 0.9632 -0.2477
vn 0.0602 0.9778 -0.2007
vn 0.0533 0.9875 -0.1483
vn 0.0809 0.9780 -0.1923
vn 0.1436 0.8690 -0.4734
vn 0.1052 0.9320 -0.3468
vn 0.1387 0.9320 -0.3348
vn 0.1893 0.8690 -0.4571
vn 0.2244 0.6345 -0.7397
vn 0.1799 0.7849 -0.5930
vn 0.2371 0.7849 -0.5725
vn 0.2958 0.6344 -0.7141
vn 0.2902 0.0178 -0.9568
vn 0.2695 0.3720 -0.8882
vn 0.3552 0.3720 -0.8576
vn 0.3826 0.0178 -0.9237
vn 0.0222 0.9979 -0.0609
vn 0.0183 0.9993 -0.0331
vn 0.2787 -0.2801 -0.9186
vn 0.2567 -0.4670 -0.8462
vn 0.3674 -0.2801 -0.8869
vn 0.3384 -0.4670 -0.8170
vn 0.0474 0.9958 -0.0786
vn 0.2180 -0.6604 -0.7186
vn 0.1862 -0.7673 -0.6137
vn 0.2874 -0.6604 -0.6938
vn 0.2454 -0.7673 -0.5925
vn 0.0879 0.9522 -0.2927
vn 0.0681 0.9803 -0.1852
vn 0.0618 -0.9778 -0.2004
vn 0.0380 -0.9947 -0.0956
vn 0.0545 -0.9919 -0.1147
vn 0.4713 0.0178 -0.8818
vn 0.4376 0.3720 -0.8186
vn 0.4294 0.6344 -0.6427
vn 0.5157 0.3720 -0.7718
vn 0.5555 0.0178 -0.8313
vn 0.0369 0.9979 -0.0530
vn 0.4525 -0.2801 -0.8466
vn 0.4168 -0.4669 -0.7799
vn 0.5333 -0.2801 -0.7982
vn 0.4913 -0.4670 -0.7353
vn 0.0655 0.9918 -0.1100
vn 0.3540 -0.6604 -0.6622
vn 0.3025 -0.7671 -0.5657
vn 0.4172 -0.6603 -0.6244
vn 0.3563 -0.7672 -0.5333
vn 0.1433 0.9522 -0.2699
vn 0.1008 0.9804 -0.1695
vn 0.1706 0.9521 -0.2538
vn 0.0981 -0.9778 -0.1854
vn 0.0541 -0.9945 -0.0891
vn 0.0767 -0.9917 -0.1034
vn 0.1251 0.9633 -0.2374
vn 0.1684 0.9340 -0.3150
vn 0.1984 0.9340 -0.2970
vn 0.1506 0.9632 -0.2226
vn 0.0975 0.9779 -0.1847
vn 0.0806 0.9875 -0.1355
vn 0.1168 0.9780 -0.1728
vn 0.2332 0.8690 -0.4363
vn 0.1708 0.9320 -0.3196
vn 0.2013 0.9320 -0.3013
vn 0.2749 0.8690 -0.4114
vn 0.3644 0.6345 -0.6817
vn 0.2921 0.7848 -0.5465
vn 0.3443 0.7849 -0.5152
vn 0.1316 0.9779 -0.1622
vn 0.1052 0.9875 -0.1177
vn 0.1483 0.9780 -0.1467
vn 0.3139 0.8690 -0.3824
vn 0.2299 0.9320 -0.2801
vn 0.2562 0.9320 -0.2562
vn 0.3498 0.8690 -0.3498
vn 0.4904 0.6344 -0.5975
vn 0.3931 0.7849 -0.4790
vn 0.4382 0.7849 -0.4382
vn 0.5466 0.6345 -0.5466
vn 0.6343 0.0178 -0.7729
vn 0.5889 0.3720 -0.7175
vn 0.6564 0.3720 -0.6564
vn 0.7070 0.0178 -0.7070
vn 0.0277 0.9993 -0.0266
vn 0.6090 -0.2801 -0.7421
vn 0.5610 -0.4670 -0.6835
vn 0.6788 -0.2801 -0.6788
vn 0.6253 -0.4670 -0.6253
vn 0.0862 0.9919 -0.0929
vn 0.0697 0.9958 -0.0591
vn 0.4764 -0.6604 -0.5804
vn 0.4069 -0.7673 -0.4957
vn 0.5310 -0.6604 -0.5310
vn 0.4535 -0.7673 -0.4535
vn 0.1936 0.9523 -0.2359
vn 0.1254 0.9802 -0.1533
vn 0.1468 0.9803 -0.1325
vn 0.2156 0.9521 -0.2168
vn 0.1313 -0.9780 -0.1622
vn 0.0711 -0.9944 -0.0780
vn 0.0914 -0.9918 -0.0895
vn 0.1691 0.9633 -0.2085
vn 0.2266 0.9340 -0.2761
vn 0.2526 0.9340 -0.2526
vn 0.1899 0.9635 -0.1887
vn 0.7421 -0.2801 -0.6090
vn 0.6835 -0.4670 -0.5610
vn 0.7729 0.0178 -0.6343
vn 0.7982 -0.2801 -0.5333
vn 0.7352 -0.4670 -0.4913
vn 0.1068 0.9918 -0.0699
vn 0.5805 -0.6604 -0.4764
vn 0.4958 -0.7672 -0.4069
vn 0.6244 -0.6603 -0.4172
vn 0.5333 -0.7672 -0.3564
vn 0.2368 0.9522 -0.1932
vn 0.1691 0.9804 -0.1014
vn 0.2538 0.9521 -0.1706
vn 0.0859 -0.9943 -0.0626
vn 0.1005 -0.9921 -0.0747
vn 0.1604 -0.9780 -0.1335
vn 0.2069 0.9635 -0.1698
vn 0.2761 0.9340 -0.2266
vn 0.2970 0.9340 -0.1984
vn 0.2221 0.9635 -0.1495
vn 0.1614 0.9780 -0.1324
vn 0.1226 0.9873 -0.1006
vn 0.1359 0.9875 -0.0802
vn 0.1728 0.9780 -0.1168
vn 0.3824 0.8690 -0.3139
vn 0.2801 0.9320 -0.2299
vn 0.3013 0.9320 -0.2013
vn 0.4114 0.8690 -0.2749
vn 0.5975 0.6344 -0.4904
vn 0.4790 0.7849 -0.3931
vn 0.5152 0.7849 -0.3443
vn 0.6427 0.6344 -0.4294
vn 0.7175 0.3720 -0.5889
vn 0.7718 0.3720 -0.5157
vn 0.8313 0.0178 -0.5555
vn 0.4363 0.8690 -0.2332
vn 0.3196 0.9320 -0.1708
vn 0.1923 0.9780 -0.0809
vn 0.3348 0.9320 -0.1387
vn 0.4571 0.8690 -0.1893
vn 0.6817 0.6344 -0.3644
vn 0.5465 0.7849 -0.2921
vn 0.5725 0.7849 -0.2371
vn 0.7141 0.6344 -0.2958
vn 0.8818 0.0178 -0.4713
vn 0.8186 0.3720 -0.4376
vn 0.8576 0.3720 -0.3552
vn 0.9237 0.0178 -0.3826
vn 0.0349 0.9992 -0.0172
vn 0.8466 -0.2801 -0.4525
vn 0.7799 -0.4670 -0.4168
vn 0.8869 -0.2801 -0.3674
vn 0.8170 -0.4670 -0.3384
vn 0.0512 0.9979 -0.0391
vn 0.0830 0.9958 -0.0396
vn 0.1218 0.9918 -0.0382
vn 0.6623 -0.6603 -0.3540
vn 0.5657 -0.7671 -0.3024
vn 0.6938 -0.6603 -0.2874
vn 0.5926 -0.7671 -0.2455
vn 0.2699 0.9522 -0.1433
vn 0.1853 0.9803 -0.0681
vn 0.2822 0.9521 -0.1178
vn 0.0962 -0.9944 -0.0448
vn 0.1132 -0.9921 -0.0546
vn 0.1833 -0.9780 -0.0996
vn 0.2374 0.9633 -0.1251
vn 0.3150 0.9340 -0.1684
vn 0.3300 0.9340 -0.1367
vn 0.2477 0.9632 -0.1043
vn 0.1847 0.9779 -0.0975
vn 0.1486 0.9875 -0.0526
vn 0.0605 0.9979 -0.0226
vn 0.0906 0.9958 -0.0127
vn 0.7186 -0.6603 -0.2180
vn 0.6139 -0.7671 -0.1862
vn 0.8462 -0.4670 -0.2567
vn 0.7366 -0.6603 -0.1465
vn 0.6292 -0.7671 -0.1251
vn 0.2927 0.9522 -0.0879
vn 0.1951 0.9803 -0.0308
vn 0.2997 0.9521 -0.0605
vn 0.1021 -0.9945 -0.0254
vn 0.1258 -0.9912 -0.0403
vn 0.1992 -0.9780 -0.0620
vn 0.1274 -0.9917 -0.0186
vn 0.2573 0.9633 -0.0764
vn 0.3418 0.9340 -0.1037
vn 0.3503 0.9340 -0.0697
vn 0.2632 0.9632 -0.0540
vn 0.2002 0.9779 -0.0596
vn 0.1560 0.9875 -0.0226
vn 0.2044 0.9780 -0.0418
vn 0.4734 0.8690 -0.1436
vn 0.3468 0.9320 -0.1052
vn 0.3554 0.9320 -0.0707
vn 0.4852 0.8690 -0.0965
vn 0.7397 0.6344 -0.2244
vn 0.5930 0.7848 -0.1799
vn 0.6078 0.7849 -0.1209
vn 0.7581 0.6344 -0.1508
vn 0.9568 0.0178 -0.2902
vn 0.8882 0.3720 -0.2694
vn 0.9104 0.3720 -0.1811
vn 0.9806 0.0178 -0.1951
vn 0.0378 0.9993 -0.0060
vn 0.9186 -0.2801 -0.2787
vn 0.9415 -0.2801 -0.1873
vn 0.8673 -0.4670 -0.1725
vn 0.4924 0.8690 -0.0485
vn 0.3606 0.9320 -0.0355
vn 0.2086 0.9780 -0.0011
vn 0.3624 0.9320 -0.0000
vn 0.4947 0.8690 -0.0000
vn 0.7692 0.6344 -0.0758
vn 0.6167 0.7849 -0.0607
vn 0.6197 0.7849 -0.0000
vn 0.7730 0.6344 -0.0000
vn 0.9950 0.0178 -0.0980
vn 0.9238 0.3720 -0.0910
vn 0.9282 0.3720 -0.0000
vn 0.9998 0.0178 -0.0000
vn 0.9553 -0.2801 -0.0941
vn 0.8800 -0.4670 -0.0867
vn 0.9600 -0.2801 -0.0000
vn 0.8843 -0.4670 -0.0000
vn 0.1266 0.9919 -0.0048
vn 0.7474 -0.6603 -0.0736
vn 0.6384 -0.7672 -0.0629
vn 0.7510 -0.6603 -0.0000
vn 0.6415 -0.7672 -0.0000
vn 0.3048 0.9520 -0.0295
vn 0.1970 0.9804 0.0005
vn 0.3059 0.9521 -0.0000
vn 0.2075 -0.9780 -0.0219
vn 0.1055 -0.9944 -0.0051
vn 0.1269 -0.9919 0.0008
vn 0.2672 0.9633 -0.0248
vn 0.3555 0.9340 -0.0350
vn 0.3572 0.9340 -0.0000
vn 0.2687 0.9632 -0.0016
vn 0.2080 0.9779 -0.0194
vn 0.1574 0.9875 0.0082
vn 0.7473 -0.6604 0.0736
vn 0.6383 -0.7673 0.0629
vn 0.8800 -0.4669 0.0867
vn 0.7366 -0.6603 0.1465
vn 0.6292 -0.7671 0.1252
vn 0.3048 0.9520 0.0295
vn 0.1947 0.9804 0.0308
vn 0.2997 0.9521 0.0605
vn 0.1053 -0.9944 0.0097
vn 0.1252 -0.9920 0.0187
vn 0.2091 -0.9777 0.0206
vn 0.1013 -0.9945 0.0249
vn 0.2669 0.9633 0.0279
vn 0.3555 0.9340 0.0350
vn 0.3503 0.9340 0.0697
vn 0.2639 0.9632 0.0509
vn 0.2078 0.9779 0.0216
vn 0.1528 0.9875 0.0388
vn 0.2048 0.9780 0.0396
vn 0.4924 0.8690 0.0485
vn 0.3606 0.9320 0.0355
vn 0.3554 0.9320 0.0707
vn 0.4852 0.8690 0.0965
vn 0.7692 0.6344 0.0758
vn 0.6167 0.7849 0.0607
vn 0.6078 0.7849 0.1209
vn 0.7581 0.6344 0.1508
vn 0.9950 0.0178 0.0980
vn 0.9238 0.3720 0.0910
vn 0.9104 0.3720 0.1811
vn 0.9806 0.0178 0.1951
vn 0.0640 0.9979 -0.0056
vn 0.0386 0.9992 0.0076
vn 0.0644 0.9979 0.0089
vn 0.9553 -0.2801 0.0941
vn 0.9415 -0.2801 0.1873
vn 0.8673 -0.4670 0.1725
vn 0.0892 0.9958 0.0214
vn 0.1260 0.9918 0.0190
vn 0.7397 0.6344 0.2244
vn 0.5930 0.7849 0.1799
vn 0.4571 0.8690 0.1893
vn 0.5725 0.7849 0.2371
vn 0.7141 0.6344 0.2958
vn 0.9568 0.0178 0.2902
vn 0.8883 0.3720 0.2694
vn 0.8576 0.3720 0.3552
vn 0.9237 0.0178 0.3826
vn 0.0596 0.9979 0.0259
vn 0.0326 0.9993 0.0199
vn 0.9186 -0.2801 0.2787
vn 0.8462 -0.4670 0.2567
vn 0.8869 -0.2801 0.3674
vn 0.8170 -0.4670 0.3384
vn 0.1191 0.9919 0.0445
vn 0.7186 -0.6603 0.2180
vn 0.6139 -0.7671 0.1862
vn 0.6938 -0.6603 0.2874
vn 0.5926 -0.7672 0.2455
vn 0.2927 0.9522 0.0879
vn 0.1855 0.9803 0.0672
vn 0.2822 0.9521 0.1178
vn 0.1196 -0.9919 0.0426
vn 0.2004 -0.9778 0.0618
vn 0.0945 -0.9947 0.0407
vn 0.2564 0.9633 0.0794
vn 0.3418 0.9340 0.1037
vn 0.3300 0.9340 0.1367
vn 0.2489 0.9632 0.1014
vn 0.1996 0.9779 0.0617
vn 0.1426 0.9875 0.0672
vn 0.1932 0.9780 0.0788
vn 0.4734 0.8690 0.1436
vn 0.3468 0.9320 0.1052
vn 0.3348 0.9320 0.1387
vn 0.2699 0.9522 0.1433
vn 0.1696 0.9803 0.1012
vn 0.2538 0.9521 0.1706
vn 0.0905 -0.9944 0.0553
vn 0.1081 -0.9921 0.0639
vn 0.1854 -0.9778 0.0981
vn 0.2360 0.9633 0.1279
vn 0.3150 0.9340 0.1684
vn 0.2970 0.9340 0.1984
vn 0.2232 0.9633 0.1492
vn 0.1845 0.9778 0.0994
vn 0.1308 0.9875 0.0874
vn 0.1741 0.9778 0.1163
vn 0.4363 0.8690 0.2332
vn 0.3196 0.9320 0.1708
vn 0.3013 0.9320 0.2013
vn 0.4114 0.8690 0.2749
vn 0.6817 0.6344 0.3644
vn 0.5465 0.7849 0.2921
vn 0.5153 0.7848 0.3443
vn 0.6427 0.6345 0.4294
vn 0.8818 0.0178 0.4713
vn 0.8186 0.3720 0.4376
vn 0.7718 0.3720 0.5157
vn 0.8313 0.0178 0.5555
vn 0.8466 -0.2801 0.4525
vn 0.7799 -0.4670 0.4168
vn 0.7982 -0.2801 0.5333
vn 0.7352 -0.4670 0.4913
vn 0.0741 0.9958 0.0541
vn 0.1090 0.9919 0.0654
vn 0.6623 -0.6603 0.3540
vn 0.5657 -0.7671 0.3024
vn 0.6244 -0.6604 0.4172
vn 0.5333 -0.7672 0.3563
vn 0.5975 0.6344 0.4904
vn 0.4790 0.7848 0.3931
vn 0.3498 0.8690 0.3498
vn 0.4382 0.7848 0.4382
vn 0.5466 0.6345 0.5466
vn 0.7729 0.0178 0.6343
vn 0.7175 0.3720 0.5889
vn 0.6564 0.3720 0.6564
vn 0.7070 0.0178 0.7070
vn 0.0256 0.9992 0.0296
vn 0.0475 0.9979 0.0438
vn 0.7421 -0.2801 0.6090
vn 0.6836 -0.4670 0.5610
vn 0.6788 -0.2801 0.6788
vn 0.6253 -0.4670 0.6253
vn 0.0926 0.9920 0.0860
vn 0.5805 -0.6603 0.4764
vn 0.4958 -0.7672 0.4069
vn 0.5310 -0.6604 0.5310
vn 0.4536 -0.7672 0.4536
vn 0.2359 0.9523 0.1936
vn 0.1533 0.9802 0.1254
vn 0.1327 0.9802 0.1469
vn 0.2168 0.9521 0.2156
vn 0.0787 -0.9943 0.0716
vn 0.0936 -0.9921 0.0835
vn 0.1622 -0.9780 0.1313
vn 0.2085 0.9633 0.1691
vn 0.2761 0.9340 0.2266
vn 0.2526 0.9340 0.2526
vn 0.1887 0.9635 0.1899
vn 0.1624 0.9778 0.1325
vn 0.1172 0.9875 0.1057
vn 0.1467 0.9780 0.1483
vn 0.3824 0.8690 0.3139
vn 0.2801 0.9320 0.2299
vn 0.2562 0.9320 0.2562
vn 0.0674 -0.9945 0.0804
vn 0.0755 -0.9920 0.1016
vn 0.1333 -0.9777 0.1624
vn 0.0540 -0.9945 0.0892
vn 0.1698 0.9635 0.2069
vn 0.2266 0.9340 0.2761
vn 0.1706 0.9521 0.2538
vn 0.1984 0.9340 0.2970
vn 0.1495 0.9635 0.2221
vn 0.1324 0.9780 0.1614
vn 0.1006 0.9873 0.1226
vn 0.0808 0.9875 0.1356
vn 0.1168 0.9780 0.1728
vn 0.3139 0.8690 0.3824
vn 0.2299 0.9320 0.2801
vn 0.2013 0.9320 0.3013
vn 0.2749 0.8690 0.4114
vn 0.4904 0.6345 0.5975
vn 0.3931 0.7849 0.4790
vn 0.3443 0.7849 0.5152
vn 0.4294 0.6345 0.6427
vn 0.6343 0.0178 0.7729
vn 0.5889 0.3720 0.7175
vn 0.5157 0.3720 0.7718
vn 0.5555 0.0178 0.8313
vn 0.0178 0.9993 0.0329
vn 0.0284 0.9979 0.0581
vn 0.6090 -0.2801 0.7421
vn 0.5610 -0.4670 0.6835
vn 0.5333 -0.2801 0.7982
vn 0.4913 -0.4670 0.7352
vn 0.0480 0.9958 0.0780
vn 0.0747 0.9919 0.1024
vn 0.4764 -0.6603 0.5805
vn 0.4069 -0.7672 0.4958
vn 0.4172 -0.6603 0.6244
vn 0.3563 -0.7672 0.5333
vn 0.1932 0.9522 0.2368
vn 0.1023 0.9803 0.1691
vn 0.4713 0.0178 0.8818
vn 0.4376 0.3720 0.8186
vn 0.2958 0.6345 0.7141
vn 0.3552 0.3720 0.8576
vn 0.3826 0.0178 0.9237
vn 0.4525 -0.2801 0.8466
vn 0.4168 -0.4670 0.7799
vn 0.3674 -0.2801 0.8869
vn 0.3384 -0.4669 0.8170
vn 0.0481 0.9919 0.1174
vn 0.3540 -0.6603 0.6623
vn 0.3024 -0.7671 0.5657
vn 0.2874 -0.6604 0.6938
vn 0.2454 -0.7673 0.5925
vn 0.1433 0.9522 0.2699
vn 0.0670 0.9803 0.1859
vn 0.1178 0.9521 0.2822
vn 0.0546 -0.9919 0.1147
vn 0.0981 -0.9778 0.1854
vn 0.0380 -0.9947 0.0956
vn 0.1251 0.9633 0.2374
vn 0.1684 0.9340 0.3150
vn 0.1367 0.9340 0.3300
vn 0.1027 0.9633 0.2480
vn 0.0982 0.9778 0.1851
vn 0.0602 0.9875 0.1453
vn 0.0801 0.9778 0.1935
vn 0.2332 0.8690 0.4363
vn 0.1708 0.9320 0.3196
vn 0.1387 0.9320 0.3348
vn 0.1893 0.8690 0.4571
vn 0.3644 0.6345 0.6817
vn 0.2921 0.7849 0.5465
vn 0.2371 0.7849 0.5725
vn 0.0615 0.9778 0.2004
vn 0.0387 0.9875 0.1530
vn 0.0396 0.9780 0.2048
vn 0.1436 0.8690 0.4734
vn 0.1052 0.9320 0.3468
vn 0.0707 0.9320 0.3554
vn 0.0965 0.8690 0.4852
vn 0.2244 0.6345 0.7397
vn 0.1799 0.7849 0.5930
vn 0.1209 0.7849 0.6078
vn 0.1508 0.6344 0.7581
vn 0.2902 0.0178 0.9568
vn 0.2695 0.3720 0.8883
vn 0.1811 0.3720 0.9104
vn 0.1951 0.0178 0.9806
vn 0.0101 0.9993 0.0373
vn 0.2787 -0.2801 0.9186
vn 0.2567 -0.4669 0.8462
vn 0.1873 -0.2801 0.9415
vn 0.1725 -0.4670 0.8673
vn 0.0142 0.9958 0.0904
vn 0.0205 0.9918 0.1263
vn 0.2180 -0.6604 0.7186
vn 0.1861 -0.7673 0.6137
vn 0.1465 -0.6604 0.7365
vn 0.1251 -0.7673 0.6289
vn 0.0879 0.9522 0.2927
vn 0.0308 0.9804 0.1947
vn 0.0605 0.9521 0.2997
vn 0.0253 -0.9945 0.1021
vn 0.0403 -0.9912 0.1259
vn 0.0618 -0.9778 0.2004
vn 0.0182 -0.9919 0.1253
vn 0.0794 0.9633 0.2564
vn 0.1037 0.9340 0.3418
vn 0.0697 0.9340 0.3503
vn 0.0514 0.9635 0.2628
vn 0.0002 0.9992 0.0391
vn 0.0941 -0.2801 0.9553
vn 0.0867 -0.4670 0.8800
vn 0.0980 0.0178 0.9950
vn -0.0000 -0.2801 0.9600
vn -0.0000 -0.4669 0.8843
vn -0.0055 0.9919 0.1266
vn 0.0736 -0.6604 0.7473
vn 0.0629 -0.7673 0.6382
vn -0.0000 -0.6604 0.7509
vn -0.0000 -0.7674 0.6412
vn 0.0295 0.9520 0.3048
vn 0.0005 0.9804 0.1970
vn -0.0000 0.9521 0.3059
vn 0.0206 -0.9777 0.2091
vn 0.0092 -0.9945 0.1045
vn -0.0050 -0.9943 0.1063
vn -0.0072 -0.9921 0.1252
vn 0.0262 0.9635 0.2664
vn 0.0350 0.9340 0.3555
vn -0.0000 0.9340 0.3572
vn 0.0009 0.9635 0.2677
vn 0.0205 0.9780 0.2078
vn 0.0155 0.9873 0.1578
vn -0.0088 0.9875 0.1576
vn 0.0011 0.9780 0.2086
vn 0.0485 0.8690 0.4924
vn 0.0355 0.9320 0.3606
vn -0.0000 0.9320 0.3624
vn -0.0000 0.8690 0.4947
vn 0.0758 0.6344 0.7692
vn 0.0607 0.7849 0.6167
vn -0.0000 0.7849 0.6197
vn -0.0000 0.6345 0.7730
vn 0.0910 0.3720 0.9238
vn -0.0000 0.3720 0.9282
vn -0.0000 0.0178 0.9998
vn -0.0216 0.9779 0.2078
vn -0.0509 0.9632 0.2639
vn -0.0388 0.9875 0.1528
vn -0.0396 0.9780 0.2048
vn -0.0485 0.8690 0.4924
vn -0.0355 0.9320 0.3606
vn -0.0707 0.9320 0.3554
vn -0.0965 0.8690 0.4852
vn -0.0758 0.6344 0.7692
vn -0.0607 0.7849 0.6167
vn -0.1209 0.7849 0.6078
vn -0.1508 0.6344 0.7581
vn -0.0980 0.0178 0.9950
vn -0.0910 0.3720 0.9238
vn -0.1811 0.3720 0.9104
vn -0.1951 0.0178 0.9806
vn -0.0105 0.9992 0.0374
vn -0.0096 0.9979 0.0642
vn -0.0941 -0.2801 0.9553
vn -0.0867 -0.4670 0.8800
vn -0.1873 -0.2801 0.9415
vn -0.1725 -0.4669 0.8673
vn -0.0220 0.9958 0.0890
vn -0.0381 0.9919 0.1213
vn -0.0736 -0.6604 0.7473
vn -0.0629 -0.7673 0.6382
vn -0.1465 -0.6604 0.7365
vn -0.1251 -0.7673 0.6289
vn -0.0295 0.9520 0.3048
vn -0.0308 0.9803 0.1951
vn -0.0605 0.9521 0.2997
vn -0.0219 -0.9780 0.2075
vn -0.0247 -0.9943 0.1033
vn -0.0306 -0.9921 0.1215
vn -0.0279 0.9633 0.2669
vn -0.0350 0.9340 0.3555
vn -0.0697 0.9340 0.3503
vn -0.2787 -0.2801 0.9186
vn -0.2567 -0.4670 0.8462
vn -0.2902 0.0178 0.9568
vn -0.3674 -0.2801 0.8869
vn -0.3384 -0.4670 0.8170
vn -0.2180 -0.6604 0.7186
vn -0.1862 -0.7672 0.6138
vn -0.2874 -0.6603 0.6938
vn -0.2455 -0.7672 0.5926
vn -0.0879 0.9522 0.2927
vn -0.0681 0.9803 0.1853
vn -0.1178 0.9521 0.2822
vn -0.0618 -0.9778 0.2004
vn -0.0401 -0.9945 0.0969
vn -0.0486 -0.9919 0.1173
vn -0.0794 0.9633 0.2564
vn -0.1037 0.9340 0.3418
vn -0.1367 0.9340 0.3300
vn -0.1014 0.9632 0.2489
vn -0.0617 0.9779 0.1996
vn -0.0672 0.9875 0.1425
vn -0.0788 0.9780 0.1932
vn -0.1436 0.8690 0.4734
vn -0.1052 0.9320 0.3468
vn -0.1387 0.9320 0.3348
vn -0.1893 0.8690 0.4571
vn -0.2244 0.6344 0.7397
vn -0.1799 0.7849 0.5930
vn -0.2371 0.7849 0.5725
vn -0.2958 0.6345 0.7141
vn -0.2694 0.3720 0.8883
vn -0.3552 0.3720 0.8576
vn -0.3826 0.0178 0.9237
vn -0.0182 0.9993 0.0331
vn -0.0318 0.9979 0.0560
vn -0.2332 0.8690 0.4363
vn -0.1708 0.9320 0.3196
vn -0.1163 0.9778 0.1741
vn -0.2013 0.9320 0.3013
vn -0.2749 0.8690 0.4114
vn -0.3644 0.6344 0.6817
vn -0.2921 0.7849 0.5465
vn -0.3443 0.7849 0.5152
vn -0.4294 0.6344 0.6427
vn -0.4713 0.0178 0.8818
vn -0.4376 0.3720 0.8186
vn -0.5157 0.3720 0.7718
vn -0.5555 0.0178 0.8313
vn -0.4525 -0.2801 0.8466
vn -0.4168 -0.4670 0.7799
vn -0.5333 -0.2801 0.7982
vn -0.4913 -0.4670 0.7353
vn -0.0530 0.9958 0.0751
vn -0.0644 0.9919 0.1097
vn -0.3540 -0.6604 0.6623
vn -0.3024 -0.7672 0.5656
vn -0.4172 -0.6603 0.6244
vn -0.3564 -0.7672 0.5333
vn -0.1433 0.9522 0.2699
vn -0.1008 0.9804 0.1695
vn -0.1706 0.9521 0.2538
vn -0.0554 -0.9943 0.0910
vn -0.0638 -0.9921 0.1077
vn -0.0981 -0.9778 0.1854
vn -0.1279 0.9633 0.2360
vn -0.1684 0.9340 0.3150
vn -0.1984 0.9340 0.2970
vn -0.1492 0.9633 0.2232
vn -0.0994 0.9778 0.1845
vn -0.0874 0.9875 0.1308
vn -0.0862 0.9919 0.0934
vn -0.4764 -0.6603 0.5805
vn -0.4069 -0.7672 0.4958
vn -0.5610 -0.4670 0.6836
vn -0.5310 -0.6603 0.5310
vn -0.4536 -0.7672 0.4536
vn -0.1936 0.9523 0.2359
vn -0.1254 0.9802 0.1533
vn -0.1469 0.9802 0.1327
vn -0.2156 0.9521 0.2168
vn -0.0669 -0.9944 0.0815
vn -0.0821 -0.9916 0.1000
vn -0.1333 -0.9777 0.1624
vn -0.0787 -0.9943 0.0719
vn -0.0932 -0.9921 0.0835
vn -0.1691 0.9633 0.2084
vn -0.2266 0.9340 0.2761
vn -0.2526 0.9340 0.2526
vn -0.1911 0.9632 0.1889
vn -0.1325 0.9778 0.1624
vn -0.1060 0.9875 0.1167
vn -0.1483 0.9780 0.1467
vn -0.3139 0.8690 0.3824
vn -0.2299 0.9320 0.2801
vn -0.2562 0.9320 0.2562
vn -0.3498 0.8690 0.3498
vn -0.4904 0.6345 0.5975
vn -0.3931 0.7849 0.4790
vn -0.4382 0.7848 0.4382
vn -0.5466 0.6344 0.5466
vn -0.6343 0.0178 0.7729
vn -0.5889 0.3720 0.7175
vn -0.6564 0.3720 0.6564
vn -0.7070 0.0178 0.7070
vn -0.0283 0.9993 0.0263
vn -0.6090 -0.2801 0.7421
vn -0.6788 -0.2801 0.6788
vn -0.6253 -0.4670 0.6253
vn -0.3824 0.8690 0.3139
vn -0.2801 0.9320 0.2299
vn -0.1741 0.9780 0.1150
vn -0.3013 0.9320 0.2013
vn -0.4114 0.8690 0.2749
vn -0.5975 0.6344 0.4904
vn -0.4790 0.7848 0.3931
vn -0.5153 0.7848 0.3443
vn -0.6427 0.6344 0.4294
vn -0.7729 0.0178 0.6343
vn -0.7175 0.3720 0.5889
vn -0.7718 0.3720 0.5157
vn -0.8313 0.0178 0.5555
vn -0.7421 -0.2801 0.6090
vn -0.6836 -0.4670 0.5610
vn -0.7982 -0.2801 0.5333
vn -0.7353 -0.4670 0.4913
vn -0.0731 0.9958 0.0557
vn -0.1029 0.9919 0.0741
vn -0.0474 0.9979 0.0436
vn -0.5805 -0.6603 0.4764
vn -0.4958 -0.7672 0.4069
vn -0.6244 -0.6604 0.4172
vn -0.5333 -0.7672 0.3563
vn -0.2368 0.9522 0.1932
vn -0.1691 0.9803 0.1023
vn -0.2538 0.9521 0.1706
vn -0.1622 -0.9780 0.1313
vn -0.0902 -0.9944 0.0548
vn -0.1056 -0.9918 0.0722
vn -0.2065 0.9633 0.1715
vn -0.2761 0.9340 0.2266
vn -0.2970 0.9340 0.1984
vn -0.2243 0.9632 0.1480
vn -0.1608 0.9779 0.1334
vn -0.1263 0.9875 0.0943
vn -0.6623 -0.6603 0.3540
vn -0.5657 -0.7671 0.3024
vn -0.7799 -0.4670 0.4168
vn -0.6938 -0.6603 0.2874
vn -0.5926 -0.7671 0.2455
vn -0.2699 0.9522 0.1433
vn -0.1175 0.9919 0.0485
vn -0.1859 0.9803 0.0670
vn -0.2822 0.9521 0.1178
vn -0.1147 -0.9919 0.0545
vn -0.1854 -0.9778 0.0981
vn -0.0956 -0.9947 0.0380
vn -0.2360 0.9633 0.1279
vn -0.3150 0.9340 0.1684
vn -0.3300 0.9340 0.1367
vn -0.2489 0.9632 0.1014
vn -0.1837 0.9779 0.0995
vn -0.1423 0.9875 0.0678
vn -0.1932 0.9780 0.0788
vn -0.4363 0.8690 0.2332
vn -0.3196 0.9320 0.1708
vn -0.3348 0.9320 0.1387
vn -0.4571 0.8690 0.1893
vn -0.6817 0.6344 0.3644
vn -0.5465 0.7849 0.2921
vn -0.5725 0.7848 0.2371
vn -0.7141 0.6344 0.2958
vn -0.8818 0.0178 0.4713
vn -0.8186 0.3720 0.4376
vn -0.8576 0.3720 0.3552
vn -0.9237 0.0178 0.3826
vn -0.0360 0.9993 0.0137
vn -0.8466 -0.2801 0.4525
vn -0.8869 -0.2801 0.3674
vn -0.8170 -0.4670 0.3384
vn -0.0854 0.9957 0.0350
vn -0.0585 0.9979 0.0271
vn -0.7397 0.6344 0.2244
vn -0.5930 0.7849 0.1799
vn -0.4852 0.8690 0.0965
vn -0.6078 0.7849 0.1209
vn -0.7581 0.6344 0.1508
vn -0.9568 0.0178 0.2902
vn -0.8883 0.3720 0.2694
vn -0.9104 0.3720 0.1811
vn -0.9806 0.0178 0.1951
vn -0.9186 -0.2801 0.2787
vn -0.8462 -0.4670 0.2567
vn -0.9415 -0.2801 0.1873
vn -0.8673 -0.4670 0.1725
vn -0.0907 0.9958 0.0126
vn -0.1257 0.9919 0.0204
vn -0.7187 -0.6603 0.2180
vn -0.6138 -0.7672 0.1862
vn -0.7366 -0.6603 0.1465
vn -0.6292 -0.7671 0.1252
vn -0.2927 0.9522 0.0879
vn -0.1947 0.9804 0.0308
vn -0.2997 0.9521 0.0605
vn -0.1021 -0.9945 0.0253
vn -0.1258 -0.9912 0.0403
vn -0.2004 -0.9778 0.0618
vn -0.1253 -0.9919 0.0182
vn -0.2564 0.9633 0.0794
vn -0.3418 0.9340 0.1037
vn -0.3503 0.9340 0.0697
vn -0.2627 0.9635 0.0514
vn -0.1996 0.9779 0.0617
vn -0.1528 0.9875 0.0394
vn -0.2048 0.9780 0.0396
vn -0.4734 0.8690 0.1436
vn -0.3468 0.9320 0.1052
vn -0.3554 0.9320 0.0707
vn -0.2091 -0.9777 0.0206
vn -0.1045 -0.9945 0.0092
vn -0.1065 -0.9943 -0.0045
vn -0.1249 -0.9921 -0.0066
vn -0.2664 0.9635 0.0262
vn -0.3555 0.9340 0.0350
vn -0.3059 0.9521 -0.0000
vn -0.3572 0.9340 -0.0000
vn -0.2677 0.9635 0.0009
vn -0.2078 0.9780 0.0205
vn -0.1578 0.9873 0.0155
vn -0.1576 0.9875 -0.0088
vn -0.2086 0.9780 0.0011
vn -0.4924 0.8690 0.0485
vn -0.3606 0.9320 0.0355
vn -0.3624 0.9320 -0.0000
vn -0.4947 0.8690 -0.0000
vn -0.7693 0.6344 0.0758
vn -0.6167 0.7848 0.0607
vn -0.6197 0.7848 -0.0000
vn -0.7730 0.6345 -0.0000
vn -0.9950 0.0178 0.0980
vn -0.9238 0.3720 0.0910
vn -0.9282 0.3720 -0.0000
vn -0.9998 0.0178 -0.0000
vn -0.0396 0.9992 0.0002
vn -0.9553 -0.2801 0.0941
vn -0.8800 -0.4670 0.0867
vn -0.9600 -0.2801 -0.0000
vn -0.8843 -0.4670 -0.0000
vn -0.0643 0.9979 0.0040
vn -0.0908 0.9958 -0.0149
vn -0.1273 0.9919 -0.0044
vn -0.7473 -0.6603 0.0736
vn -0.6384 -0.7672 0.0629
vn -0.7510 -0.6603 -0.0000
vn -0.6415 -0.7672 -0.0000
vn -0.3048 0.9520 0.0295
vn -0.1970 0.9804 0.0005
vn -0.9950 0.0178 -0.0980
vn -0.9238 0.3720 -0.0910
vn -0.7581 0.6344 -0.1508
vn -0.9104 0.3720 -0.1811
vn -0.9806 0.0178 -0.1951
vn -0.0376 0.9992 -0.0100
vn -0.0606 0.9979 -0.0217
vn -0.9553 -0.2801 -0.0941
vn -0.8800 -0.4670 -0.0867
vn -0.9415 -0.2801 -0.1873
vn -0.8673 -0.4670 -0.1725
vn -0.1226 0.9920 -0.0314
vn -0.7473 -0.6603 -0.0736
vn -0.6384 -0.7672 -0.0629
vn -0.7366 -0.6603 -0.1465
vn -0.6291 -0.7672 -0.1251
vn -0.3048 0.9520 -0.0295
vn -0.1953 0.9803 -0.0309
vn -0.2997 0.9521 -0.0605
vn -0.2086 -0.9778 -0.0215
vn -0.1029 -0.9945 -0.0205
vn -0.1245 -0.9919 -0.0248
vn -0.2669 0.9633 -0.0279
vn -0.3555 0.9340 -0.0350
vn -0.3503 0.9340 -0.0697
vn -0.2639 0.9632 -0.0509
vn -0.2078 0.9779 -0.0216
vn -0.1529 0.9875 -0.0381
vn -0.2048 0.9780 -0.0396
vn -0.4924 0.8690 -0.0485
vn -0.3606 0.9320 -0.0355
vn -0.3554 0.9320 -0.0707
vn -0.4852 0.8690 -0.0965
vn -0.7692 0.6344 -0.0758
vn -0.6167 0.7848 -0.0607
vn -0.6078 0.7848 -0.1209
vn -0.2564 0.9633 -0.0794
vn -0.3418 0.9340 -0.1037
vn -0.2822 0.9521 -0.1178
vn -0.3300 0.9340 -0.1367
vn -0.2480 0.9633 -0.1027
vn -0.2004 0.9778 -0.0615
vn -0.1453 0.9876 -0.0602
vn -0.1935 0.9778 -0.0801
vn -0.4734 0.8690 -0.1436
vn -0.3468 0.9320 -0.1052
vn -0.3348 0.9320 -0.1387
vn -0.4571 0.8690 -0.1893
vn -0.7397 0.6344 -0.2244
vn -0.5930 0.7849 -0.1799
vn -0.5725 0.7849 -0.2371
vn -0.7141 0.6344 -0.2958
vn -0.9568 0.0178 -0.2902
vn -0.8883 0.3720 -0.2694
vn -0.8576 0.3720 -0.3552
vn -0.9237 0.0178 -0.3826
vn -0.0331 0.9993 -0.0184
vn -0.9186 -0.2801 -0.2787
vn -0.8462 -0.4670 -0.2567
vn -0.8869 -0.2801 -0.3674
vn -0.8170 -0.4670 -0.3384
vn -0.0830 0.9958 -0.0391
vn -0.1120 0.9919 -0.0596
vn -0.7186 -0.6603 -0.2180
vn -0.6139 -0.7671 -0.1862
vn -0.6938 -0.6603 -0.2874
vn -0.5924 -0.7673 -0.2456
vn -0.2927 0.9522 -0.0879
vn -0.1859 0.9803 -0.0673
vn -0.0997 -0.9943 -0.0369
vn -0.1180 -0.9921 -0.0421
vn -0.2010 -0.9778 -0.0600
vn -0.8818 0.0178 -0.4713
vn -0.8186 0.3720 -0.4376
vn -0.6427 0.6344 -0.4294
vn -0.7718 0.3720 -0.5157
vn -0.8313 0.0178 -0.5555
vn -0.8466 -0.2801 -0.4525
vn -0.7799 -0.4670 -0.4168
vn -0.7982 -0.2801 -0.5333
vn -0.7353 -0.4670 -0.4913
vn -0.0695 0.9959 -0.0587
vn -0.6623 -0.6604 -0.3540
vn -0.5656 -0.7672 -0.3023
vn -0.6244 -0.6604 -0.4172
vn -0.5332 -0.7673 -0.3563
vn -0.2699 0.9522 -0.1433
vn -0.1694 0.9802 -0.1020
vn -0.2538 0.9521 -0.1706
vn -0.0907 -0.9944 -0.0551
vn -0.1081 -0.9921 -0.0639
vn -0.1847 -0.9780 -0.0971
vn -0.2374 0.9633 -0.1251
vn -0.3150 0.9340 -0.1684
vn -0.2970 0.9340 -0.1984
vn -0.2221 0.9635 -0.1495
vn -0.1851 0.9778 -0.0982
vn -0.1356 0.9875 -0.0808
vn -0.1728 0.9780 -0.1168
vn -0.4363 0.8690 -0.2332
vn -0.3196 0.9320 -0.1708
vn -0.3013 0.9320 -0.2013
vn -0.4114 0.8690 -0.2749
vn -0.6817 0.6344 -0.3644
vn -0.5465 0.7849 -0.2921
vn -0.5153 0.7848 -0.3443
vn -0.1614 0.9780 -0.1324
vn -0.1226 0.9873 -0.1006
vn -0.1899 0.9635 -0.1887
vn -0.1052 0.9875 -0.1177
vn -0.1483 0.9780 -0.1467
vn -0.3824 0.8690 -0.3139
vn -0.2801 0.9320 -0.2299
vn -0.2562 0.9320 -0.2562
vn -0.3498 0.8690 -0.3498
vn -0.5975 0.6345 -0.4904
vn -0.4790 0.7849 -0.3931
vn -0.4382 0.7849 -0.4382
vn -0.5466 0.6345 -0.5466
vn -0.7729 0.0178 -0.6343
vn -0.7175 0.3720 -0.5889
vn -0.6564 0.3720 -0.6564
vn -0.7070 0.0178 -0.7070
vn -0.0263 0.9993 -0.0281
vn -0.7421 -0.2801 -0.6090
vn -0.6836 -0.4670 -0.5610
vn -0.6788 -0.2801 -0.6788
vn -0.6253 -0.4670 -0.6253
vn -0.0935 0.9920 -0.0852
vn -0.5805 -0.6604 -0.4764
vn -0.4957 -0.7673 -0.4068
vn -0.5310 -0.6604 -0.5310
vn -0.4535 -0.7673 -0.4535
vn -0.2359 0.9523 -0.1936
vn -0.1531 0.9803 -0.1249
vn -0.1335 0.9802 -0.1460
vn -0.2168 0.9521 -0.2156
vn -0.0787 -0.9943 -0.0716
vn -0.0938 -0.9921 -0.0833
vn -0.1622 -0.9780 -0.1313
vn -0.2069 0.9635 -0.1698
vn -0.2761 0.9340 -0.2266
vn -0.2526 0.9340 -0.2526
vn -0.0501 0.9979 -0.0410
vn -0.0333 0.9979 -0.0558
vn -0.6090 -0.2801 -0.7421
vn -0.5610 -0.4669 -0.6836
vn -0.6343 0.0178 -0.7729
vn -0.5333 -0.2801 -0.7982
vn -0.4913 -0.4669 -0.7353
vn -0.0477 0.9958 -0.0778
vn -0.0745 0.9919 -0.1027
vn -0.4764 -0.6604 -0.5805
vn -0.4068 -0.7673 -0.4957
vn -0.4172 -0.6604 -0.6244
vn -0.3563 -0.7673 -0.5332
vn -0.1939 0.9520 -0.2370
vn -0.1090 0.9804 -0.1641
vn -0.1699 0.9521 -0.2543
vn -0.0669 -0.9944 -0.0815
vn -0.0821 -0.9916 -0.1000
vn -0.1333 -0.9777 -0.1624
vn -0.0554 -0.9943 -0.0910
vn -0.0638 -0.9921 -0.1077
vn -0.1691 0.9633 -0.2085
vn -0.2266 0.9340 -0.2761
vn -0.1984 0.9340 -0.2970
vn -0.1506 0.9632 -0.2226
vn -0.1316 0.9779 -0.1622
vn -0.0806 0.9875 -0.1355
vn -0.1168 0.9780 -0.1728
vn -0.3139 0.8690 -0.3824
vn -0.2299 0.9320 -0.2801
vn -0.2013 0.9320 -0.3013
vn -0.2749 0.8690 -0.4114
vn -0.4904 0.6345 -0.5975
vn -0.3931 0.7849 -0.4790
vn -0.3443 0.7849 -0.5152
vn -0.4294 0.6344 -0.6427
vn -0.5889 0.3720 -0.7175
vn -0.5157 0.3720 -0.7718
vn -0.5555 0.0178 -0.8313
vn -0.0975 0.9779 -0.1847
vn -0.1043 0.9632 -0.2477
vn -0.0526 0.9875 -0.1486
vn -0.0809 0.9780 -0.1923
vn -0.2332 0.8690 -0.4363
vn -0.1708 0.9320 -0.3196
vn -0.1387 0.9320 -0.3348
vn -0.1893 0.8690 -0.4571
vn -0.3644 0.6345 -0.6817
vn -0.2921 0.7849 -0.5465
vn -0.2371 0.7849 -0.5725
vn -0.2958 0.6345 -0.7141
vn -0.4713 0.0178 -0.8818
vn -0.4376 0.3720 -0.8186
vn -0.3552 0.3720 -0.8576
vn -0.3826 0.0178 -0.9237
vn -0.0136 0.9993 -0.0358
vn -0.4525 -0.2801 -0.8466
vn -0.4168 -0.4669 -0.7799
vn -0.3674 -0.2801 -0.8869
vn -0.3384 -0.4670 -0.8170
vn -0.0486 0.9919 -0.1174
vn -0.3540 -0.6604 -0.6623
vn -0.3023 -0.7673 -0.5656
vn -0.2874 -0.6604 -0.6938
vn -0.2454 -0.7673 -0.5925
vn -0.1447 0.9520 -0.2698
vn -0.0842 0.9803 -0.1787
vn -0.1162 0.9521 -0.2828
vn -0.0981 -0.9778 -0.1854
vn -0.0401 -0.9945 -0.0969
vn -0.0486 -0.9919 -0.1173
vn -0.1251 0.9633 -0.2374
vn -0.1684 0.9340 -0.3150
vn -0.1367 0.9340 -0.3300
vn -0.2787 -0.2801 -0.9186
vn -0.2567 -0.4669 -0.8462
vn -0.2902 0.0178 -0.9568
vn -0.1873 -0.2801 -0.9415
vn -0.1725 -0.4670 -0.8673
vn -0.0130 0.9978 -0.0645
vn -0.0177 0.9958 -0.0899
vn -0.0198 0.9919 -0.1258
vn -0.2180 -0.6604 -0.7186
vn -0.1861 -0.7674 -0.6136
vn -0.1465 -0.6604 -0.7365
vn -0.1251 -0.7672 -0.6291
vn -0.0886 0.9523 -0.2920
vn -0.0571 0.9802 -0.1894
vn -0.0296 0.9803 -0.1951
vn -0.0605 0.9521 -0.2997
vn -0.0247 -0.9943 -0.1033
vn -0.0306 -0.9921 -0.1215
vn -0.0618 -0.9778 -0.2004
vn -0.0764 0.9633 -0.2573
vn -0.1037 0.9340 -0.3418
vn -0.0697 0.9340 -0.3503
vn -0.0540 0.9632 -0.2632
vn -0.0596 0.9779 -0.2002
vn -0.0226 0.9875 -0.1560
vn -0.0418 0.9780 -0.2044
vn -0.1436 0.8690 -0.4734
vn -0.1052 0.9320 -0.3468
vn -0.0707 0.9320 -0.3554
vn -0.0965 0.8690 -0.4852
vn -0.2244 0.6344 -0.7397
vn -0.1799 0.7849 -0.5930
vn -0.1209 0.7849 -0.6078
vn -0.1508 0.6344 -0.7581
vn -0.2694 0.3720 -0.8883
vn -0.1811 0.3720 -0.9104
vn -0.1951 0.0178 -0.9806
vn -0.0485 0.8690 -0.4924
vn -0.0355 0.9320 -0.3606
vn -0.0758 0.6345 -0.7692
vn -0.0607 0.7849 -0.6167
vn -0.0980 0.0178 -0.9950
vn -0.0910 0.3720 -0.9238
vn -0.0941 -0.2801 -0.9553
vn -0.0867 -0.4669 -0.8800
vn -0.0736 -0.6604 -0.7473
vn -0.0629 -0.7673 -0.6382
vn -0.0295 0.9520 -0.3048
vn -0.0219 -0.9780 -0.2075
vn -0.0248 0.9633 -0.2672
vn -0.0350 0.9340 -0.3555
vn -0.0194 0.9779 -0.2080
vn -0.0602 -0.9512 -0.3027
vn -0.0349 -0.9344 -0.3545
vn -0.0299 -0.9525 -0.3032
vn -0.0000 -0.9512 -0.3087
vn -0.1181 -0.9512 -0.2852
vn -0.1034 -0.9344 -0.3409
vn -0.0884 -0.9525 -0.2915
vn -0.1715 -0.9512 -0.2567
vn -0.1680 -0.9344 -0.3142
vn -0.1436 -0.9525 -0.2687
vn -0.2183 -0.9512 -0.2182
vn -0.2260 -0.9344 -0.2754
vn -0.1933 -0.9525 -0.2355
vn -0.2567 -0.9512 -0.1715
vn -0.2754 -0.9344 -0.2260
vn -0.2355 -0.9525 -0.1933
vn -0.2722 -0.9551 -0.1168
vn -0.3142 -0.9344 -0.1679
vn -0.2686 -0.9526 -0.1428
vn -0.3027 -0.9512 -0.0602
vn -0.3409 -0.9344 -0.1034
vn -0.2792 -0.9567 -0.0822
vn -0.2960 -0.9552 0.0037
vn -0.3545 -0.9344 -0.0349
vn -0.2894 -0.9567 -0.0309
vn -0.2999 -0.9521 0.0597
vn -0.3545 -0.9344 0.0349
vn -0.3026 -0.9527 0.0292
vn -0.2721 -0.9552 0.1167
vn -0.3409 -0.9344 0.1034
vn -0.2782 -0.9570 0.0817
vn -0.2566 -0.9512 0.1715
vn -0.3142 -0.9344 0.1679
vn -0.2685 -0.9526 0.1427
vn -0.2068 -0.9551 0.2120
vn -0.2754 -0.9344 0.2260
vn -0.2265 -0.9567 0.1828
vn -0.1715 -0.9512 0.2566
vn -0.2260 -0.9344 0.2754
vn -0.1935 -0.9526 0.2346
vn -0.1181 -0.9512 0.2851
vn -0.1679 -0.9344 0.3142
vn -0.1436 -0.9525 0.2686
vn -0.0602 -0.9512 0.3027
vn -0.1034 -0.9344 0.3409
vn -0.0884 -0.9525 0.2915
vn -0.0000 -0.9512 0.3087
vn -0.0349 -0.9344 0.3545
vn -0.0299 -0.9525 0.3031
vn 0.0614 -0.9552 0.2897
vn 0.0349 -0.9344 0.3545
vn 0.0262 -0.9567 0.2899
vn 0.1181 -0.9512 0.2851
vn 0.1034 -0.9344 0.3409
vn 0.0876 -0.9526 0.2912
vn 0.1715 -0.9512 0.2566
vn 0.1679 -0.9344 0.3142
vn 0.1436 -0.9525 0.2686
vn 0.2068 -0.9551 0.2120
vn 0.2260 -0.9344 0.2754
vn 0.1935 -0.9526 0.2346
vn 0.2566 -0.9512 0.1715
vn 0.2754 -0.9344 0.2260
vn 0.2265 -0.9567 0.1829
vn 0.2721 -0.9551 0.1167
vn 0.3142 -0.9344 0.1679
vn 0.2686 -0.9526 0.1427
vn 0.3027 -0.9512 0.0602
vn 0.3409 -0.9344 0.1034
vn 0.2792 -0.9567 0.0822
vn 0.2960 -0.9552 -0.0037
vn 0.3545 -0.9344 0.0349
vn 0.2894 -0.9567 0.0309
vn 0.2896 -0.9552 -0.0614
vn 0.3546 -0.9344 -0.0349
vn 0.2846 -0.9583 -0.0246
vn 0.2722 -0.9551 -0.1168
vn 0.3409 -0.9344 -0.1034
vn 0.2743 -0.9583 -0.0797
vn 0.2567 -0.9512 -0.1715
vn 0.3142 -0.9344 -0.1679
vn 0.2686 -0.9526 -0.1428
vn 0.2183 -0.9512 -0.2183
vn 0.2754 -0.9344 -0.2260
vn 0.2355 -0.9525 -0.1933
vn 0.1715 -0.9512 -0.2566
vn 0.2260 -0.9344 -0.2754
vn 0.1933 -0.9525 -0.2355
vn 0.1181 -0.9512 -0.2852
vn 0.1679 -0.9344 -0.3142
vn 0.1436 -0.9525 -0.2687
vn 0.0602 -0.9512 -0.3027
vn 0.1034 -0.9344 -0.3409
vn 0.0884 -0.9525 -0.2915
vn 0.0349 -0.9344 -0.3546
vn 0.0299 -0.9524 -0.3032
vn -0.1074 -0.8350 -0.5397
vn -0.0539 -0.8350 -0.5476
vn -0.0000 -0.8350 -0.5503
vn -0.0000 -0.8351 -0.5501
vn -0.2106 -0.8350 -0.5084
vn -0.1598 -0.8349 -0.5266
vn -0.1597 -0.8350 -0.5265
vn -0.1596 -0.8351 -0.5265
vn -0.3057 -0.8351 -0.4574
vn -0.2594 -0.8350 -0.4853
vn -0.2594 -0.8349 -0.4854
vn -0.3058 -0.8349 -0.4576
vn -0.3891 -0.8350 -0.3891
vn -0.3491 -0.8350 -0.4254
vn -0.3491 -0.8349 -0.4254
vn -0.3892 -0.8349 -0.3892
vn -0.4575 -0.8350 -0.3057
vn -0.4254 -0.8349 -0.3492
vn -0.4255 -0.8349 -0.3492
vn -0.4576 -0.8349 -0.3058
vn -0.4254 -0.8349 -0.3491
vn -0.5084 -0.8350 -0.2106
vn -0.4853 -0.8350 -0.2594
vn -0.4854 -0.8349 -0.2594
vn -0.5398 -0.8349 -0.1074
vn -0.5266 -0.8350 -0.1597
vn -0.5265 -0.8350 -0.1597
vn -0.5267 -0.8349 -0.1598
vn -0.5503 -0.8350 -0.0000
vn -0.5477 -0.8350 -0.0539
vn -0.5477 -0.8349 -0.0539
vn -0.5476 -0.8350 -0.0539
vn -0.5397 -0.8350 0.1073
vn -0.5477 -0.8350 0.0539
vn -0.5477 -0.8349 0.0539
vn -0.5397 -0.8350 0.1074
vn -0.5476 -0.8350 0.0539
vn -0.5084 -0.8350 0.2106
vn -0.5266 -0.8350 0.1597
vn -0.5265 -0.8350 0.1597
vn -0.4576 -0.8349 0.3057
vn -0.4853 -0.8350 0.2594
vn -0.4854 -0.8349 0.2594
vn -0.4576 -0.8349 0.3058
vn -0.4853 -0.8350 0.2593
vn -0.3891 -0.8349 0.3891
vn -0.4254 -0.8350 0.3491
vn -0.4254 -0.8349 0.3491
vn -0.3891 -0.8350 0.3891
vn -0.3057 -0.8349 0.4576
vn -0.3491 -0.8350 0.4254
vn -0.3491 -0.8349 0.4254
vn -0.3057 -0.8350 0.4576
vn -0.3491 -0.8350 0.4253
vn -0.2106 -0.8350 0.5084
vn -0.2594 -0.8350 0.4853
vn -0.2594 -0.8349 0.4853
vn -0.1074 -0.8349 0.5398
vn -0.1597 -0.8350 0.5266
vn -0.1598 -0.8349 0.5266
vn -0.0000 -0.8350 0.5503
vn -0.0539 -0.8350 0.5477
vn -0.0539 -0.8349 0.5477
vn -0.0000 -0.8349 0.5503
vn -0.0539 -0.8350 0.5476
vn 0.1074 -0.8349 0.5398
vn 0.0539 -0.8350 0.5477
vn 0.0539 -0.8349 0.5477
vn 0.0539 -0.8350 0.5476
vn 0.2106 -0.8350 0.5084
vn 0.1597 -0.8350 0.5266
vn 0.1597 -0.8350 0.5265
vn 0.1598 -0.8349 0.5266
vn 0.3057 -0.8349 0.4576
vn 0.2594 -0.8350 0.4853
vn 0.3892 -0.8349 0.3892
vn 0.3491 -0.8350 0.4254
vn 0.3492 -0.8349 0.4255
vn 0.3891 -0.8349 0.3891
vn 0.3491 -0.8350 0.4253
vn 0.4576 -0.8349 0.3057
vn 0.4254 -0.8349 0.3491
vn 0.4255 -0.8349 0.3492
vn 0.4576 -0.8349 0.3058
vn 0.4254 -0.8350 0.3491
vn 0.5084 -0.8350 0.2106
vn 0.4853 -0.8350 0.2594
vn 0.4854 -0.8349 0.2595
vn 0.4853 -0.8350 0.2593
vn 0.5397 -0.8350 0.1074
vn 0.5266 -0.8350 0.1597
vn 0.5265 -0.8350 0.1597
vn 0.5503 -0.8350 -0.0000
vn 0.5477 -0.8350 0.0539
vn 0.5476 -0.8350 0.0539
vn 0.5477 -0.8349 0.0539
vn 0.5397 -0.8350 -0.1074
vn 0.5476 -0.8350 -0.0539
vn 0.5084 -0.8350 -0.2106
vn 0.5266 -0.8350 -0.1597
vn 0.5265 -0.8350 -0.1597
vn 0.4576 -0.8349 -0.3057
vn 0.4853 -0.8350 -0.2594
vn 0.4854 -0.8349 -0.2595
vn 0.4576 -0.8350 -0.3057
vn 0.4853 -0.8350 -0.2593
vn 0.3891 -0.8350 -0.3891
vn 0.4254 -0.8349 -0.3491
vn 0.3892 -0.8349 -0.3892
vn 0.3058 -0.8350 -0.4576
vn 0.3491 -0.8349 -0.4254
vn 0.3491 -0.8349 -0.4255
vn 0.3058 -0.8349 -0.4576
vn 0.2106 -0.8349 -0.5085
vn 0.2594 -0.8349 -0.4854
vn 0.2594 -0.8350 -0.4853
vn 0.1074 -0.8350 -0.5397
vn 0.1597 -0.8349 -0.5266
vn 0.1598 -0.8349 -0.5267
vn 0.1074 -0.8349 -0.5398
vn 0.1597 -0.8350 -0.5266
vn 0.0539 -0.8350 -0.5476
vn 0.0539 -0.8350 -0.5477
vn -0.9952 0.0007 -0.0977
vn -0.7330 0.6642 -0.1468
vn -0.9808 0.0002 -0.1953
vn -0.7475 0.6642 -0.0010
vn -0.7411 0.6675 -0.0725
vn 0.2910 -0.0000 0.9567
vn 0.2967 -0.6325 0.7155
vn 0.3824 -0.0002 0.9240
vn 0.1520 -0.6321 0.7598
vn 0.2576 -0.4603 0.8496
vn -1.0000 -0.0000 -0.0000
vn -0.7410 0.6677 0.0718
vn -0.9808 0.0005 0.1952
vn -0.9952 -0.0040 0.0982
vn 0.5559 -0.0001 0.8313
vn 0.3540 -0.6680 0.6546
vn 0.4133 -0.6661 0.6209
vn 0.4711 -0.0000 0.8821
vn -0.9569 0.0005 0.2904
vn -0.7347 0.6624 0.1462
vn -0.9239 0.0005 0.3826
vn -0.7135 0.6664 0.2163
vn 0.7071 -0.0001 0.7071
vn 0.4731 -0.6677 0.5748
vn 0.5287 -0.6641 0.5287
vn 0.6343 0.0031 0.7730
vn -0.8822 -0.0001 0.4708
vn -0.6903 0.6642 0.2870
vn -0.6210 0.6642 0.4161
vn -0.6569 0.6676 0.3504
vn 0.7731 -0.0003 0.6343
vn 0.6209 -0.6659 0.4136
vn 0.8315 -0.0001 0.5556
vn 0.5752 -0.6679 0.4722
vn 0.0982 -0.0031 0.9952
vn -0.0002 0.6628 0.7488
vn 0.0003 0.0005 1.0000
vn 0.1950 -0.0034 0.9808
vn 0.0715 0.6675 0.7412
vn -0.8314 -0.0001 0.5556
vn -0.5760 0.6674 0.4720
vn -0.7066 0.0040 0.7076
vn -0.7733 0.0001 0.6341
vn 0.9238 -0.0002 0.3829
vn 0.6552 -0.6690 0.3510
vn 0.6897 -0.6659 0.2845
vn 0.8819 -0.0001 0.4714
vn 0.2901 0.0003 0.9570
vn 0.1465 0.6641 0.7332
vn 0.3825 0.0008 0.9240
vn 0.2155 0.6676 0.7127
vn -0.6354 0.0003 0.7722
vn -0.5272 0.6645 0.5296
vn -0.4143 0.6644 0.6221
vn -0.4729 0.6677 0.5750
vn 0.9572 -0.0000 0.2895
vn 0.7315 -0.6659 0.1466
vn 0.9807 -0.0002 0.1953
vn 0.7100 -0.6704 0.2154
vn 0.4718 0.0017 0.8817
vn 0.2870 0.6642 0.6902
vn 0.5562 -0.0000 0.8310
vn 0.3505 0.6673 0.6572
vn -0.5556 0.0009 0.8314
vn -0.3516 0.6676 0.6563
vn -0.4714 -0.0005 0.8819
vn -0.2849 0.6645 0.6909
vn 1.0000 -0.0001 -0.0000
vn 0.7408 -0.6678 0.0729
vn 0.7476 -0.6641 -0.0000
vn 0.9952 0.0001 0.0980
vn 0.6344 -0.0001 0.7730
vn 0.4161 0.6642 0.6210
vn 0.7071 -0.0000 0.7071
vn 0.4717 0.6688 0.5746
vn -0.3829 0.0015 0.9238
vn -0.2158 0.6689 0.7114
vn -0.2903 -0.0000 0.9569
vn -0.1468 0.6642 0.7330
vn 0.9952 0.0001 -0.0980
vn 0.7315 -0.6660 -0.1463
vn 0.9808 -0.0007 -0.1951
vn 0.7408 -0.6678 -0.0729
vn 0.7739 -0.0000 0.6333
vn 0.5279 0.6642 0.5292
vn 0.6212 0.6642 0.4159
vn 0.5759 0.6675 0.4720
vn -0.1951 -0.0000 0.9808
vn -0.0730 0.6665 0.7419
vn -0.0980 -0.0000 0.9952
vn 0.9569 -0.0000 -0.2903
vn 0.6888 -0.6659 -0.2865
vn 0.9240 -0.0005 -0.3823
vn 0.7115 -0.6689 -0.2151
vn 0.8319 0.0003 0.5549
vn 0.6575 0.6665 0.3514
vn 0.8820 0.0002 0.4712
vn 0.6920 0.6626 0.2866
vn 0.8316 0.0007 -0.5554
vn 0.6559 -0.6689 -0.3498
vn 0.6197 -0.6659 -0.4154
vn 0.8822 -0.0000 -0.4708
vn -0.0981 -0.0006 -0.9952
vn -0.1466 -0.6661 -0.7313
vn -0.1953 0.0010 -0.9807
vn -0.0000 -0.0010 -1.0000
vn -0.0722 -0.6689 -0.7398
vn 0.9238 0.0007 0.3829
vn 0.7134 0.6665 0.2165
vn 0.9569 0.0005 0.2904
vn 0.7334 0.6642 0.1449
vn 0.7071 -0.0000 -0.7071
vn 0.5751 -0.6689 -0.4710
vn 0.5268 -0.6659 -0.5283
vn 0.7730 -0.0000 -0.6344
vn -0.2902 -0.0005 -0.9570
vn -0.2865 -0.6659 -0.6888
vn -0.3827 -0.0000 -0.9239
vn -0.2151 -0.6689 -0.7115
vn 0.9808 -0.0000 0.1951
vn 0.7409 0.6675 0.0736
vn 0.9952 0.0007 0.0981
vn 0.7469 0.6649 0.0002
vn 0.5549 -0.0006 -0.8319
vn 0.4723 -0.6687 -0.5743
vn 0.4137 -0.6661 -0.6206
vn 0.6348 -0.0002 -0.7726
vn -0.4717 0.0029 -0.8818
vn -0.4154 -0.6661 -0.6195
vn -0.5559 -0.0000 -0.8313
vn -0.3490 -0.6706 -0.6546
vn 0.9952 0.0005 -0.0984
vn 1.0000 -0.0034 -0.0000
vn 0.9807 -0.0033 -0.1953
vn 0.7397 0.6690 -0.0726
vn 0.4714 -0.0000 -0.8819
vn 0.2846 -0.6659 -0.6896
vn 0.3824 -0.0001 -0.9240
vn 0.3510 -0.6689 -0.6552
vn -0.6341 -0.0010 -0.7732
vn -0.5282 -0.6659 -0.5268
vn -0.7073 0.0004 -0.7069
vn -0.4709 -0.6689 -0.5752
vn 0.9569 -0.0035 -0.2903
vn 0.7335 0.6642 -0.1443
vn 0.9239 0.0013 -0.3827
vn 0.7120 0.6683 -0.2155
vn 0.1950 -0.0011 -0.9808
vn 0.2165 -0.6693 -0.7108
vn 0.1448 -0.6660 -0.7318
vn 0.2907 -0.0000 -0.9568
vn 0.8820 -0.0004 -0.4713
vn 0.6910 0.6644 -0.2849
vn 0.6221 0.6642 -0.4145
vn 0.6564 0.6675 -0.3516
vn -0.7728 -0.0009 -0.6347
vn -0.6209 -0.6659 -0.4136
vn -0.8315 0.0008 -0.5556
vn -0.5742 -0.6689 -0.4721
vn 0.0736 -0.6689 -0.7397
vn -0.0009 -0.6660 -0.7459
vn 0.0980 -0.0000 -0.9952
vn 0.7725 0.0007 -0.6350
vn 0.8312 0.0009 -0.5560
vn 0.5751 0.6675 -0.4730
vn -0.9240 -0.0002 -0.3823
vn -0.6553 -0.6689 -0.3510
vn -0.6896 -0.6659 -0.2846
vn -0.8820 -0.0000 -0.4713
vn 0.6344 -0.0000 -0.7730
vn 0.5293 0.6642 -0.5279
vn 0.5552 -0.0020 -0.8317
vn 0.4729 0.6666 -0.5762
vn -0.9570 -0.0011 -0.2901
vn -0.7327 -0.6649 -0.1447
vn -0.9807 0.0041 -0.1953
vn -0.7110 -0.6690 -0.2167
vn 0.4717 0.0002 -0.8818
vn 0.4165 0.6628 -0.6222
vn 0.3827 -0.0000 -0.9239
vn 0.3515 0.6666 -0.6574
vn -0.7397 -0.6690 -0.0736
vn -0.7460 -0.6659 0.0010
vn -0.9952 -0.0006 -0.0978
vn 0.2167 0.6676 -0.7123
vn 0.2852 0.6642 -0.6910
vn 0.2903 0.0003 -0.9569
vn 0.1449 0.6642 -0.7334
vn -0.9952 0.0001 0.0980
vn -0.7315 -0.6660 0.1464
vn -0.9808 -0.0008 0.1951
vn -0.7398 -0.6689 0.0722
vn 0.1952 0.0003 -0.9808
vn -0.0010 0.6643 -0.7475
vn 0.0736 0.6675 -0.7409
vn -0.9571 -0.0001 0.2898
vn -0.6889 -0.6659 0.2864
vn -0.9239 -0.0000 0.3827
vn -0.7115 -0.6689 0.2151
vn -0.8315 -0.0005 0.5555
vn -0.6544 -0.6704 0.3498
vn -0.6210 -0.6660 0.4133
vn -0.8819 -0.0005 0.4714
vn -0.0980 -0.0000 -0.9952
vn -0.0000 0.0009 -1.0000
vn -0.1514 0.6287 -0.7628
vn -0.0692 0.6661 -0.7426
vn -0.7067 -0.0024 0.7075
vn -0.5736 -0.6688 0.4730
vn -0.5292 -0.6657 0.5261
vn -0.7731 0.0029 0.6343
vn -0.2900 0.0004 -0.9570
vn -0.1951 -0.0000 -0.9808
vn -0.2574 0.4621 -0.8486
vn -0.6353 0.0001 0.7723
vn -0.4155 -0.6660 0.6196
vn -0.5554 -0.0006 0.8316
vn -0.4712 -0.6688 0.5751
vn -0.3550 0.6661 -0.6559
vn -0.2979 0.6287 -0.7183
vn -0.5556 -0.0000 -0.8315
vn -0.4712 0.0004 -0.8820
vn -0.6347 0.0001 -0.7727
vn -0.4144 0.6643 -0.6221
vn -0.7065 0.0005 -0.7077
vn -0.4729 0.6674 -0.5753
vn -0.4714 -0.0000 0.8819
vn -0.2862 -0.6643 0.6905
vn -0.3821 -0.0009 0.9241
vn -0.3508 -0.6678 0.6565
vn -0.7733 0.0007 -0.6340
vn -0.5278 0.6643 -0.5292
vn -0.6209 0.6645 -0.4159
vn -0.5759 0.6675 -0.4719
vn -0.2162 -0.6678 0.7123
vn -0.1445 -0.6659 0.7319
vn -0.8313 0.0008 -0.5558
vn -0.6569 0.6676 -0.3505
vn -0.8819 -0.0007 -0.4714
vn -0.6901 0.6644 -0.2869
vn -0.0000 -0.0000 1.0000
vn -0.0736 -0.6689 0.7397
vn 0.0011 -0.6660 0.7460
vn -0.0983 -0.0000 0.9952
vn -0.9236 0.0007 -0.3834
vn -0.7126 0.6677 -0.2154
vn -0.9569 0.0003 -0.2903
vn 0.1950 0.0036 0.9808
vn 0.0691 -0.6682 0.7408
vn 0.0984 -0.0005 0.9952
vn 0.0533 0.9985 0.0117
vn 0.0545 0.9985 0.0012
vn 0.0100 0.9999 -0.0004
vn 0.0099 0.9999 0.0016
vn -0.0196 -0.9987 0.0475
vn -0.0269 -0.9987 0.0423
vn -0.0031 -1.0000 0.0043
vn -0.0022 -1.0000 0.0048
vn 0.0532 0.9985 -0.0118
vn 0.0449 0.9990 -0.0045
vn 0.0098 0.9999 -0.0024
vn -0.0109 -0.9987 0.0489
vn -0.0013 -1.0000 0.0053
vn 0.0498 0.9985 -0.0219
vn 0.0092 0.9999 -0.0042
vn -0.0013 -0.9987 0.0502
vn 0.0003 -1.0000 0.0056
vn 0.0446 0.9985 -0.0312
vn 0.0082 0.9999 -0.0059
vn 0.0144 -0.9948 0.1006
vn -0.0006 -0.9991 0.0419
vn 0.0017 -1.0000 0.0011
vn -0.0007 -1.0000 0.0048
vn 0.0377 0.9985 -0.0392
vn 0.0069 0.9999 -0.0074
vn 0.0440 -0.9948 0.0916
vn 0.1094 -0.9262 0.3608
vn 0.0110 -0.9993 0.0362
vn 0.0033 -1.0000 0.0036
vn 0.0310 0.9984 -0.0463
vn 0.0054 1.0000 -0.0083
vn 0.0289 -0.9987 0.0410
vn 0.0238 -0.9991 0.0345
vn -0.0008 -1.0000 0.0019
vn 0.0029 -1.0000 0.0048
vn 0.0222 0.9985 -0.0503
vn 0.0048 0.9999 -0.0111
vn 0.0363 -0.9987 0.0364
vn 0.0039 -1.0000 0.0036
vn 0.0116 0.9985 -0.0534
vn 0.0411 -0.9987 0.0288
vn 0.0014 0.9985 -0.0546
vn 0.0019 1.0000 -0.0096
vn 0.0459 -0.9987 0.0203
vn -0.0136 0.9934 -0.1141
vn 0.0020 0.9988 -0.0483
vn 0.0247 0.9993 -0.0265
vn 0.0133 0.9999 -0.0103
vn 0.0006 0.9999 -0.0105
vn 0.0494 -0.9987 0.0087
vn 0.0389 -0.9992 0.0118
vn 0.0053 -1.0000 0.0008
vn -0.0520 0.9934 -0.1024
vn -0.1146 0.9187 -0.3779
vn -0.0246 0.9964 -0.0810
vn 0.0514 -0.9987 0.0001
vn 0.0052 -1.0000 0.0001
vn -0.0315 0.9985 -0.0446
vn -0.0285 0.9988 -0.0390
vn -0.0064 0.9999 -0.0084
vn -0.0167 0.9999 -0.0012
vn -0.0353 0.9993 -0.0083
vn 0.0499 -0.9987 -0.0086
vn -0.0393 0.9985 -0.0377
vn -0.0074 0.9999 -0.0069
vn 0.0468 -0.9987 -0.0183
vn 0.0077 -1.0000 -0.0013
vn 0.0046 -1.0000 -0.0022
vn -0.0459 0.9985 -0.0293
vn -0.0086 0.9999 -0.0053
vn 0.0423 -0.9987 -0.0268
vn 0.0046 -1.0000 -0.0028
vn -0.0086 -0.9987 -0.0493
vn 0.0012 -0.9987 -0.0501
vn 0.0002 -1.0000 -0.0054
vn -0.0008 -1.0000 -0.0053
vn -0.0507 0.9985 -0.0197
vn -0.0095 0.9999 -0.0036
vn 0.0363 -0.9987 -0.0345
vn 0.0040 -1.0000 -0.0037
vn -0.0180 -0.9987 -0.0467
vn -0.0019 -1.0000 -0.0051
vn -0.0536 0.9985 -0.0095
vn -0.0100 0.9999 -0.0016
vn 0.0288 -0.9987 -0.0410
vn 0.0032 -1.0000 -0.0044
vn -0.0268 -0.9987 -0.0423
vn -0.0028 -1.0000 -0.0046
vn -0.0546 0.9985 0.0009
vn -0.0098 1.0000 -0.0000
vn 0.0203 -0.9987 -0.0458
vn 0.0023 -1.0000 -0.0049
vn -0.0345 -0.9987 -0.0363
vn -0.0037 -1.0000 -0.0040
vn -0.0554 0.9984 0.0110
vn -0.0116 0.9999 0.0023
vn 0.0110 -0.9987 -0.0489
vn 0.0013 -1.0000 -0.0053
vn -0.0410 -0.9987 -0.0288
vn -0.0044 -1.0000 -0.0032
vn -0.0508 0.9985 0.0201
vn -0.0458 -0.9987 -0.0203
vn -0.0049 -1.0000 -0.0023
vn -0.0459 0.9985 0.0293
vn -0.0090 1.0000 0.0038
vn -0.0000 0.9984 0.0564
vn 0.0098 0.9985 0.0537
vn -0.0000 0.9999 0.0118
vn -0.0489 -0.9987 -0.0110
vn -0.0053 -1.0000 -0.0013
vn -0.0393 0.9985 0.0377
vn -0.0086 0.9999 0.0053
vn 0.0198 0.9985 0.0507
vn 0.0019 1.0000 0.0096
vn -0.0501 -0.9987 -0.0012
vn -0.0054 -1.0000 -0.0002
vn -0.0312 0.9985 0.0443
vn -0.0066 0.9999 0.0083
vn -0.0044 1.0000 0.0056
vn -0.0072 0.9999 0.0074
vn 0.0290 0.9985 0.0458
vn 0.0051 0.9999 0.0093
vn 0.0035 1.0000 0.0062
vn 0.0040 0.9999 0.0095
vn -0.0493 -0.9987 0.0086
vn -0.0053 -1.0000 0.0008
vn -0.0220 0.9985 0.0499
vn -0.0035 0.9999 0.0094
vn 0.0393 0.9985 0.0377
vn 0.0287 0.9990 0.0348
vn 0.0074 0.9999 0.0069
vn -0.0467 -0.9987 0.0181
vn -0.0051 -1.0000 0.0018
vn -0.0098 0.9985 0.0538
vn -0.0130 0.9990 0.0432
vn -0.0019 1.0000 0.0096
vn 0.0458 0.9985 0.0293
vn 0.0086 0.9999 0.0053
vn -0.0410 -0.9987 0.0289
vn -0.0359 -0.9992 0.0191
vn -0.0046 -1.0000 0.0028
vn 0.0515 0.9984 0.0214
vn 0.0094 0.9999 0.0036
vn -0.0346 -0.9987 0.0363
vn -0.0039 -1.0000 0.0036
vn -0.2895 -0.0724 -0.9544
vn 0.8787 -0.0129 -0.4772
vn -0.9957 -0.0134 0.0913
vn -0.0645 -0.9438 -0.3240
vn -0.0284 -0.9662 -0.2563
vn -0.0000 -0.9438 -0.3304
vn -0.1264 -0.9438 -0.3052
vn -0.0779 -0.9662 -0.2458
vn -0.1835 -0.9438 -0.2747
vn -0.1187 -0.9662 -0.2289
vn -0.2336 -0.9438 -0.2336
vn -0.1610 -0.9673 -0.1961
vn -0.2747 -0.9438 -0.1835
vn -0.2013 -0.9662 -0.1611
vn -0.3052 -0.9438 -0.1264
vn -0.2289 -0.9662 -0.1187
vn -0.3240 -0.9438 -0.0645
vn -0.2477 -0.9662 -0.0718
vn -0.3304 -0.9438 -0.0000
vn -0.2563 -0.9662 -0.0284
vn -0.3240 -0.9438 0.0645
vn -0.2569 -0.9662 0.0221
vn -0.3052 -0.9438 0.1264
vn -0.2428 -0.9673 0.0736
vn -0.2747 -0.9438 0.1836
vn -0.2259 -0.9662 0.1244
vn -0.2336 -0.9438 0.2336
vn -0.2013 -0.9662 0.1611
vn -0.1836 -0.9438 0.2747
vn -0.1610 -0.9673 0.1961
vn -0.1264 -0.9438 0.3052
vn -0.1187 -0.9662 0.2289
vn -0.0645 -0.9438 0.3240
vn -0.0779 -0.9662 0.2458
vn -0.0000 -0.9438 0.3304
vn -0.0284 -0.9662 0.2563
vn 0.0645 -0.9438 0.3240
vn 0.0221 -0.9662 0.2569
vn 0.1264 -0.9438 0.3052
vn 0.0737 -0.9673 0.2428
vn 0.1836 -0.9438 0.2747
vn 0.1244 -0.9662 0.2259
vn 0.2336 -0.9438 0.2336
vn 0.1660 -0.9662 0.1973
vn 0.2747 -0.9438 0.1836
vn 0.2013 -0.9662 0.1611
vn 0.3052 -0.9438 0.1264
vn 0.2289 -0.9662 0.1187
vn 0.3240 -0.9438 0.0645
vn 0.2477 -0.9662 0.0718
vn 0.3304 -0.9438 -0.0000
vn 0.2569 -0.9662 0.0221
vn 0.3240 -0.9438 -0.0645
vn 0.2569 -0.9662 -0.0221
vn 0.3052 -0.9438 -0.1264
vn 0.2428 -0.9673 -0.0736
vn 0.2747 -0.9438 -0.1836
vn 0.2259 -0.9662 -0.1244
vn 0.2336 -0.9438 -0.2336
vn 0.1973 -0.9662 -0.1660
vn 0.1836 -0.9438 -0.2747
vn 0.1660 -0.9662 -0.1973
vn 0.1264 -0.9438 -0.3052
vn 0.1243 -0.9662 -0.2259
vn 0.0645 -0.9438 -0.3240
vn 0.0779 -0.9662 -0.2458
vn 0.0249 -0.9673 -0.2525
vn 0.0015 -0.9779 -0.2092
vn 0.0394 -0.9779 -0.2054
vn 0.0806 -0.9776 -0.1946
vn 0.1174 -0.9779 -0.1731
vn 0.1490 -0.9779 -0.1469
vn 0.1747 -0.9779 -0.1150
vn 0.1938 -0.9779 -0.0787
vn 0.2054 -0.9779 -0.0394
vn 0.2092 -0.9779 0.0015
vn 0.2055 -0.9779 0.0394
vn 0.1947 -0.9776 0.0806
vn 0.1731 -0.9779 0.1174
vn 0.1469 -0.9779 0.1490
vn 0.1174 -0.9779 0.1731
vn 0.0806 -0.9776 0.1946
vn 0.0102 0.9979 0.0639
vn 0.0394 -0.9779 0.2054
vn 0.0015 -0.9779 0.2092
vn -0.0394 -0.9779 0.2054
vn -0.0806 -0.9776 0.1946
vn -0.1174 -0.9779 0.1731
vn -0.1469 -0.9779 0.1490
vn -0.1731 -0.9779 0.1174
vn -0.1947 -0.9776 0.0806
vn -0.2055 -0.9779 0.0394
vn -0.2092 -0.9779 0.0015
vn -0.2066 -0.9776 -0.0411
vn -0.1927 -0.9779 -0.0814
vn -0.1731 -0.9779 -0.1174
vn -0.1469 -0.9779 -0.1490
vn -0.1174 -0.9779 -0.1731
vn -0.0806 -0.9776 -0.1946
vn -0.0394 -0.9779 -0.2054
vn -0.0701 -0.9333 -0.3522
vn -0.0000 -0.9333 -0.3591
vn -0.1374 -0.9333 -0.3318
vn -0.1995 -0.9333 -0.2986
vn -0.2539 -0.9333 -0.2539
vn -0.2986 -0.9333 -0.1995
vn -0.3318 -0.9333 -0.1374
vn -0.3522 -0.9333 -0.0701
vn -0.3591 -0.9333 -0.0000
vn -0.3522 -0.9333 0.0701
vn -0.3318 -0.9333 0.1374
vn -0.2986 -0.9333 0.1995
vn -0.2539 -0.9333 0.2539
vn -0.1995 -0.9333 0.2986
vn -0.1374 -0.9333 0.3318
vn -0.0701 -0.9333 0.3522
vn -0.0000 -0.9333 0.3591
vn 0.0701 -0.9333 0.3522
vn 0.1374 -0.9333 0.3318
vn 0.1995 -0.9333 0.2986
vn 0.2539 -0.9333 0.2539
vn 0.2986 -0.9333 0.1995
vn 0.3318 -0.9333 0.1374
vn 0.3522 -0.9333 0.0701
vn 0.3591 -0.9333 -0.0000
vn 0.3522 -0.9333 -0.0701
vn 0.3318 -0.9333 -0.1374
vn 0.2986 -0.9333 -0.1995
vn 0.2539 -0.9333 -0.2539
vn 0.1995 -0.9333 -0.2986
vn 0.1374 -0.9333 -0.3318
vn 0.0701 -0.9333 -0.3522
vn -0.0000 -0.8349 -0.5505
vn -0.3058 -0.8348 -0.4577
vn -0.3893 -0.8348 -0.3893
vn -0.4577 -0.8349 -0.3058
vn -0.5397 -0.8350 -0.1074
vn -0.3057 -0.8350 0.4575
vn -0.1074 -0.8350 0.5397
vn -0.0000 -0.8349 0.5504
vn 0.1074 -0.8350 0.5398
vn 0.3891 -0.8350 0.3891
vn 0.4575 -0.8350 -0.3058
vn 0.3893 -0.8348 -0.3893
vn 0.1074 -0.8349 -0.5399
vn 0.0045 -1.0000 0.0028
vn 0.0050 -1.0000 0.0018
vn 0.2944 -0.0499 0.9544
vn 0.0010 -0.9869 -0.1616
vn 0.0145 -0.9875 -0.1572
vn 0.0325 -0.9869 -0.1583
vn -0.0057 -0.9907 -0.1359
vn 0.0125 -0.9907 -0.1352
vn 0.0079 -0.9904 -0.1377
vn 0.0329 -0.9908 -0.1313
vn 0.0302 -0.9921 -0.1216
vn 0.0051 -0.9923 -0.1238
vn 0.0449 -0.9875 -0.1513
vn 0.0627 -0.9869 -0.1490
vn 0.0565 -0.9908 -0.1231
vn 0.0345 -0.9904 -0.1340
vn 0.0097 -0.9926 -0.1213
vn 0.0339 -0.9912 -0.1280
vn 0.0535 -0.9921 -0.1131
vn 0.0736 -0.9875 -0.1397
vn 0.0906 -0.9869 -0.1338
vn 0.0758 -0.9907 -0.1126
vn 0.0598 -0.9904 -0.1246
vn 0.0580 -0.9911 -0.1199
vn 0.0741 -0.9922 -0.1000
vn 0.0798 -0.9912 -0.1052
vn 0.0994 -0.9875 -0.1226
vn 0.1149 -0.9869 -0.1136
vn 0.0925 -0.9907 -0.0993
vn 0.0827 -0.9904 -0.1103
vn 0.0919 -0.9922 -0.0841
vn 0.0987 -0.9915 -0.0848
vn 0.1214 -0.9875 -0.1009
vn 0.1349 -0.9869 -0.0890
vn 0.1097 -0.9907 -0.0800
vn 0.1027 -0.9905 -0.0919
vn 0.1065 -0.9922 -0.0640
vn 0.1397 -0.9874 -0.0746
vn 0.1745 -0.9826 -0.0630
vn 0.1232 -0.9907 -0.0570
vn 0.1186 -0.9905 -0.0701
vn 0.1093 -0.9926 -0.0525
vn 0.1168 -0.9923 -0.0420
vn 0.1834 -0.9827 -0.0279
vn 0.1319 -0.9907 -0.0319
vn 0.1300 -0.9905 -0.0456
vn 0.1178 -0.9926 -0.0299
vn 0.1234 -0.9922 -0.0187
vn 0.1359 -0.9907 -0.0065
vn 0.1364 -0.9905 -0.0193
vn 0.1310 -0.9914 -0.0076
vn 0.1251 -0.9921 0.0059
vn 0.1853 -0.9826 0.0082
vn 0.1574 -0.9870 0.0326
vn 0.1352 -0.9907 0.0125
vn 0.1377 -0.9904 0.0080
vn 0.1313 -0.9908 0.0329
vn 0.1298 -0.9914 0.0189
vn 0.1215 -0.9921 0.0302
vn 0.1226 -0.9908 0.0570
vn 0.1340 -0.9904 0.0345
vn 0.1240 -0.9913 0.0435
vn 0.1133 -0.9921 0.0533
vn 0.1758 -0.9824 0.0637
vn 0.1405 -0.9874 0.0730
vn 0.1329 -0.9870 0.0906
vn 0.1091 -0.9908 0.0798
vn 0.1247 -0.9904 0.0600
vn 0.1129 -0.9913 0.0672
vn 0.1007 -0.9921 0.0744
vn 0.0972 -0.9913 0.0885
vn 0.1106 -0.9904 0.0832
vn 0.0843 -0.9921 0.0926
vn 0.1381 -0.9824 0.1261
vn 0.0915 -0.9908 0.0996
vn 0.1019 -0.9874 0.1212
vn 0.0890 -0.9869 0.1349
vn 0.0703 -0.9908 0.1155
vn 0.0922 -0.9904 0.1031
vn 0.0789 -0.9914 0.1047
vn 0.0646 -0.9921 0.1073
vn 0.0566 -0.9913 0.1187
vn 0.0703 -0.9904 0.1191
vn 0.0424 -0.9921 0.1178
vn 0.0752 -0.9875 0.1387
vn 0.0609 -0.9869 0.1497
vn 0.0471 -0.9908 0.1270
vn 0.0459 -0.9874 0.1515
vn 0.0280 -0.9826 0.1834
vn 0.0260 -0.9907 0.1332
vn 0.0458 -0.9904 0.1304
vn 0.0323 -0.9913 0.1278
vn 0.0186 -0.9921 0.1238
vn -0.0007 -0.9869 0.1615
vn 0.0057 -0.9907 0.1359
vn 0.0195 -0.9904 0.1365
vn 0.0069 -0.9913 0.1315
vn -0.0059 -0.9921 0.1251
vn -0.0145 -0.9875 0.1571
vn -0.0325 -0.9869 0.1583
vn -0.0125 -0.9907 0.1352
vn -0.0080 -0.9904 0.1377
vn -0.0323 -0.9908 0.1317
vn -0.0196 -0.9913 0.1300
vn -0.0302 -0.9921 0.1215
vn -0.0449 -0.9875 0.1513
vn -0.0629 -0.9868 0.1490
vn -0.0524 -0.9907 0.1252
vn -0.0343 -0.9904 0.1339
vn -0.0436 -0.9914 0.1234
vn -0.0533 -0.9921 0.1133
vn -0.0735 -0.9875 0.1396
vn -0.0906 -0.9869 0.1338
vn -0.0714 -0.9907 0.1154
vn -0.0596 -0.9904 0.1243
vn -0.0669 -0.9913 0.1131
vn -0.0744 -0.9921 0.1007
vn -0.1004 -0.9874 0.1223
vn -0.1370 -0.9826 0.1252
vn -0.0919 -0.9907 0.0998
vn -0.0828 -0.9905 0.1101
vn -0.0879 -0.9913 0.0976
vn -0.0926 -0.9921 0.0843
vn -0.1097 -0.9907 0.0800
vn -0.1027 -0.9905 0.0919
vn -0.1058 -0.9913 0.0780
vn -0.1073 -0.9921 0.0646
vn -0.1347 -0.9869 0.0892
vn -0.1403 -0.9873 0.0740
vn -0.1759 -0.9823 0.0638
vn -0.1231 -0.9907 0.0580
vn -0.1186 -0.9905 0.0701
vn -0.1181 -0.9914 0.0564
vn -0.1178 -0.9921 0.0424
vn -0.1297 -0.9907 0.0402
vn -0.1303 -0.9904 0.0453
vn -0.1339 -0.9908 0.0199
vn -0.1271 -0.9914 0.0322
vn -0.1238 -0.9921 0.0186
vn -0.1614 -0.9864 0.0317
vn -0.1570 -0.9875 0.0160
vn -0.1853 -0.9826 -0.0084
vn -0.1351 -0.9908 -0.0057
vn -0.1370 -0.9904 0.0194
vn -0.1309 -0.9914 0.0068
vn -0.1251 -0.9921 -0.0059
vn -0.1301 -0.9913 -0.0185
vn -0.1381 -0.9904 -0.0077
vn -0.1215 -0.9921 -0.0302
vn -0.1574 -0.9870 -0.0326
vn -0.1314 -0.9908 -0.0320
vn -0.1758 -0.9824 -0.0637
vn -0.1231 -0.9908 -0.0565
vn -0.1340 -0.9904 -0.0345
vn -0.1238 -0.9913 -0.0436
vn -0.1129 -0.9922 -0.0536
vn -0.1405 -0.9874 -0.0730
vn -0.1338 -0.9869 -0.0906
vn -0.1126 -0.9907 -0.0758
vn -0.1246 -0.9904 -0.0598
vn -0.1157 -0.9908 -0.0698
vn -0.0998 -0.9923 -0.0736
vn -0.1014 -0.9909 -0.0889
vn -0.1226 -0.9875 -0.0994
vn -0.1136 -0.9869 -0.1149
vn -0.0993 -0.9907 -0.0925
vn -0.1103 -0.9904 -0.0827
vn -0.0836 -0.9922 -0.0927
vn -0.0815 -0.9912 -0.1041
vn -0.1009 -0.9875 -0.1214
vn -0.0890 -0.9869 -0.1349
vn -0.0809 -0.9907 -0.1094
vn -0.0914 -0.9905 -0.1026
vn -0.0647 -0.9922 -0.1065
vn -0.0753 -0.9875 -0.1388
vn -0.0610 -0.9869 -0.1497
vn -0.0648 -0.9907 -0.1193
vn -0.0692 -0.9906 -0.1177
vn -0.0463 -0.9908 -0.1275
vn -0.0431 -0.9923 -0.1165
vn -0.0467 -0.9875 -0.1508
vn -0.0306 -0.9869 -0.1587
vn -0.0260 -0.9907 -0.1332
vn -0.0457 -0.9906 -0.1293
vn -0.0188 -0.9923 -0.1226
vn -0.0164 -0.9875 -0.1570
vn -0.0195 -0.9904 -0.1365
vn -0.0188 -0.9912 -0.1309
vn -0.0469 -0.9870 -0.1540
vn -0.0003 -0.9874 -0.1580
vn -0.0518 -0.9909 -0.1241
vn -0.0884 -0.9871 -0.1336
vn -0.1213 -0.9874 -0.1019
vn -0.1439 -0.9875 -0.0648
vn -0.1541 -0.9876 -0.0305
vn -0.1583 -0.9874 0.0040
vn -0.1540 -0.9872 0.0411
vn -0.1458 -0.9869 0.0687
vn -0.1237 -0.9872 0.1011
vn -0.0885 -0.9875 0.1301
vn -0.0514 -0.9872 0.1511
vn -0.0163 -0.9869 0.1606
vn 0.0203 -0.9873 0.1574
vn 0.0568 -0.9875 0.1471
vn 0.0881 -0.9874 0.1314
vn 0.1236 -0.9872 0.1011
vn 0.1464 -0.9874 0.0603
vn 0.1587 -0.9871 0.0226
vn 0.1611 -0.9869 -0.0065
vn 0.1554 -0.9871 -0.0388
vn 0.1459 -0.9867 -0.0713
vn 0.1318 -0.9905 -0.0402
vn 0.1226 -0.9871 -0.1027
vn 0.1197 -0.9901 -0.0736
vn 0.0898 -0.9873 -0.1311
vn 0.0464 -0.9875 -0.1505
vn 0.0075 -0.9904 -0.1383
vn -0.0228 -0.9957 -0.0903
vn -0.0048 -0.9957 -0.0930
vn -0.0400 -0.9957 -0.0841
vn -0.0557 -0.9957 -0.0747
vn -0.0692 -0.9957 -0.0624
vn -0.0800 -0.9957 -0.0477
vn -0.0878 -0.9957 -0.0305
vn -0.0930 -0.9956 -0.0137
vn -0.0937 -0.9956 0.0044
vn -0.0872 -0.9957 0.0315
vn -0.0753 -0.9955 0.0567
vn -0.0819 -0.9956 0.0445
vn -0.0627 -0.9956 0.0696
vn -0.0477 -0.9956 0.0800
vn -0.0312 -0.9956 0.0878
vn -0.0135 -0.9956 0.0922
vn 0.0049 -0.9956 0.0939
vn 0.0230 -0.9956 0.0908
vn 0.0400 -0.9956 0.0841
vn 0.0557 -0.9956 0.0747
vn 0.0695 -0.9957 0.0618
vn 0.0800 -0.9956 0.0479
vn 0.0879 -0.9957 0.0305
vn 0.0930 -0.9956 0.0137
vn 0.0952 -0.9954 -0.0050
vn 0.0924 -0.9954 -0.0234
vn 0.0846 -0.9956 -0.0403
vn 0.0747 -0.9957 -0.0557
vn 0.0624 -0.9957 -0.0692
vn 0.0477 -0.9957 -0.0800
vn 0.0312 -0.9957 -0.0878
vn 0.0135 -0.9957 -0.0922
vn 0.0163 -0.9934 -0.1138
vn -0.0057 -0.9934 -0.1146
vn 0.0385 -0.9934 -0.1081
vn 0.0591 -0.9934 -0.0986
vn 0.0770 -0.9934 -0.0851
vn 0.0918 -0.9934 -0.0684
vn 0.1034 -0.9934 -0.0492
vn 0.1110 -0.9934 -0.0281
vn 0.1144 -0.9934 -0.0059
vn 0.1138 -0.9934 0.0163
vn 0.1081 -0.9934 0.0385
vn 0.0986 -0.9934 0.0588
vn 0.0852 -0.9934 0.0769
vn 0.0685 -0.9934 0.0921
vn 0.0493 -0.9934 0.1037
vn 0.0279 -0.9934 0.1115
vn 0.0057 -0.9934 0.1146
vn -0.0163 -0.9934 0.1137
vn -0.0387 -0.9934 0.1082
vn -0.0589 -0.9934 0.0984
vn -0.0767 -0.9934 0.0850
vn -0.0914 -0.9935 0.0685
vn -0.1033 -0.9934 0.0493
vn -0.1085 -0.9937 0.0278
vn -0.1146 -0.9934 0.0059
vn -0.1136 -0.9934 -0.0166
vn -0.1081 -0.9934 -0.0385
vn -0.0986 -0.9934 -0.0591
vn -0.0851 -0.9934 -0.0770
vn -0.0684 -0.9934 -0.0918
vn -0.0496 -0.9934 -0.1037
vn -0.0279 -0.9934 -0.1115
vn -0.0099 -0.9989 -0.0461
vn -0.0002 -1.0000 0.0057
vn 0.0004 -1.0000 -0.0016
vn 0.0154 -0.9983 -0.0568
vn 0.0313 -0.9988 -0.0372
vn -0.0018 -1.0000 -0.0009
vn 0.0514 -0.9982 -0.0305
vn -0.0004 -1.0000 -0.0004
vn 0.0555 -0.9985 -0.0020
vn -0.0002 -1.0000 -0.0011
vn -0.0307 -0.9984 0.0477
vn -0.0008 -0.9984 0.0559
vn -0.0000 -1.0000 0.0005
vn 0.0013 -1.0000 -0.0000
vn -0.0492 -0.9985 0.0259
vn 0.0017 -1.0000 0.0008
vn -0.0533 -0.9985 -0.0161
vn -0.0379 -0.9983 -0.0437
vn -0.0020 -0.9978 -0.0665
vn 0.0428 -0.9946 -0.0948
vn 0.0333 -0.9978 -0.0577
vn 0.0442 -0.9972 -0.0606
vn 0.0038 -0.9973 -0.0740
vn 0.0774 -0.9946 -0.0698
vn 0.0572 -0.9977 -0.0353
vn 0.0702 -0.9973 -0.0217
vn 0.0979 -0.9946 -0.0340
vn 0.0665 -0.9977 -0.0089
vn 0.0645 -0.9978 0.0168
vn 0.0730 -0.9972 0.0184
vn 0.1041 -0.9946 0.0046
vn 0.0547 -0.9977 0.0404
vn 0.0546 -0.9972 0.0505
vn 0.0823 -0.9946 0.0626
vn 0.0519 -0.9947 0.0887
vn 0.0342 -0.9977 0.0586
vn 0.0249 -0.9972 0.0705
vn 0.0136 -0.9946 0.1033
vn 0.0032 -0.9978 0.0667
vn -0.0093 -0.9973 0.0734
vn -0.0260 -0.9945 0.1018
vn -0.0282 -0.9977 0.0611
vn -0.0402 -0.9973 0.0610
vn -0.0629 -0.9945 0.0838
vn -0.0502 -0.9977 0.0451
vn -0.0637 -0.9972 0.0379
vn -0.0900 -0.9946 0.0523
vn -0.0636 -0.9977 0.0225
vn -0.0740 -0.9972 0.0059
vn -0.1024 -0.9946 0.0149
vn -0.0669 -0.9977 -0.0044
vn -0.0649 -0.9973 -0.0349
vn -0.1006 -0.9946 -0.0258
vn -0.0564 -0.9978 -0.0346
vn -0.0343 -0.9978 -0.0571
vn -0.0358 -0.9972 -0.0659
vn -0.0695 -0.9946 -0.0776
vn -0.0344 -0.9947 -0.0970
vn 0.0054 -0.9947 -0.1028
vn 0.0244 -0.9875 -0.1560
vn 0.0791 -0.9878 -0.1344
vn 0.1212 -0.9876 -0.0997
vn 0.1417 -0.9881 -0.0605
vn 0.1543 -0.9879 -0.0155
vn 0.1521 -0.9879 0.0307
vn 0.0961 -0.9947 0.0358
vn 0.1391 -0.9874 0.0758
vn 0.1089 -0.9878 0.1109
vn 0.0781 -0.9874 0.1373
vn 0.0395 -0.9879 0.1501
vn -0.0147 -0.9879 0.1546
vn -0.0665 -0.9879 0.1402
vn -0.1094 -0.9879 0.1102
vn -0.1390 -0.9876 0.0724
vn -0.1539 -0.9878 0.0219
vn -0.1524 -0.9879 -0.0290
vn -0.1353 -0.9876 -0.0797
vn -0.0864 -0.9948 -0.0530
vn -0.1021 -0.9874 -0.1211
vn -0.0679 -0.9876 -0.1413
vn -0.0274 -0.9878 -0.1530
vn -0.0539 -0.9985 0.0034
vn 0.0317 -0.9985 0.0451
vn 0.0496 -0.9985 0.0233
vn 0.0019 -0.9696 -0.2446
vn 0.0458 -0.9696 -0.2403
vn 0.0919 -0.9689 -0.2300
vn 0.1349 -0.9689 -0.2076
vn 0.1707 -0.9704 -0.1707
vn 0.2076 -0.9689 -0.1349
vn 0.2267 -0.9696 -0.0918
vn 0.2395 -0.9696 -0.0496
vn 0.2414 -0.9704 -0.0000
vn 0.2422 -0.9689 0.0514
vn 0.2275 -0.9689 0.0977
vn 0.2041 -0.9689 0.1402
vn 0.1728 -0.9689 0.1773
vn 0.1349 -0.9689 0.2076
vn 0.0918 -0.9696 0.2267
vn 0.0496 -0.9696 0.2395
vn 0.0031 -0.9689 0.2476
vn -0.0452 -0.9689 0.2434
vn -0.0924 -0.9704 0.2230
vn -0.1375 -0.9696 0.2023
vn -0.1716 -0.9696 0.1743
vn -0.2007 -0.9704 0.1341
vn -0.2267 -0.9696 0.0918
vn -0.2395 -0.9696 0.0496
vn -0.2476 -0.9689 0.0031
vn -0.2367 -0.9704 -0.0471
vn -0.2275 -0.9689 -0.0976
vn -0.2041 -0.9689 -0.1402
vn -0.1716 -0.9696 -0.1743
vn -0.1375 -0.9696 -0.2023
vn -0.0924 -0.9704 -0.2230
vn -0.0452 -0.9689 -0.2434
vn -0.0392 -0.9167 -0.3976
vn -0.0779 -0.9167 -0.3919
vn -0.0514 -0.8515 -0.5218
vn -0.0000 -0.9167 -0.3995
vn -0.1160 -0.9167 -0.3823
vn -0.1529 -0.9167 -0.3691
vn -0.1522 -0.8515 -0.5018
vn -0.1883 -0.9167 -0.3523
vn -0.2220 -0.9167 -0.3322
vn -0.2472 -0.8515 -0.4624
vn -0.2535 -0.9167 -0.3088
vn -0.2825 -0.9167 -0.2825
vn -0.3326 -0.8515 -0.4053
vn -0.3088 -0.9167 -0.2534
vn -0.3322 -0.9167 -0.2219
vn -0.4053 -0.8515 -0.3326
vn -0.3523 -0.9167 -0.1883
vn -0.3691 -0.9167 -0.1529
vn -0.4624 -0.8515 -0.2472
vn -0.3823 -0.9167 -0.1160
vn -0.3918 -0.9167 -0.0779
vn -0.5017 -0.8515 -0.1522
vn -0.3976 -0.9167 -0.0392
vn -0.3995 -0.9167 -0.0000
vn -0.5218 -0.8515 -0.0514
vn -0.3976 -0.9167 0.0392
vn -0.3918 -0.9167 0.0779
vn -0.5218 -0.8515 0.0514
vn -0.3823 -0.9167 0.1160
vn -0.3691 -0.9167 0.1529
vn -0.5017 -0.8515 0.1522
vn -0.3523 -0.9167 0.1883
vn -0.3322 -0.9167 0.2220
vn -0.4624 -0.8515 0.2472
vn -0.3088 -0.9167 0.2534
vn -0.2825 -0.9167 0.2825
vn -0.4053 -0.8515 0.3326
vn -0.2534 -0.9167 0.3088
vn -0.2220 -0.9167 0.3322
vn -0.3326 -0.8515 0.4053
vn -0.1883 -0.9167 0.3523
vn -0.1529 -0.9167 0.3691
vn -0.2472 -0.8515 0.4624
vn -0.1160 -0.9167 0.3823
vn -0.0779 -0.9167 0.3919
vn -0.1522 -0.8515 0.5018
vn -0.0392 -0.9167 0.3976
vn -0.0000 -0.9167 0.3995
vn -0.0514 -0.8515 0.5218
vn 0.0392 -0.9167 0.3976
vn 0.0779 -0.9167 0.3919
vn 0.0514 -0.8515 0.5218
vn 0.1160 -0.9167 0.3823
vn 0.1529 -0.9167 0.3691
vn 0.1522 -0.8515 0.5018
vn 0.1883 -0.9167 0.3523
vn 0.2220 -0.9167 0.3322
vn 0.2472 -0.8515 0.4624
vn 0.2534 -0.9167 0.3088
vn 0.2825 -0.9167 0.2825
vn 0.3326 -0.8515 0.4053
vn 0.3088 -0.9167 0.2534
vn 0.3322 -0.9167 0.2220
vn 0.4053 -0.8515 0.3326
vn 0.3523 -0.9167 0.1883
vn 0.3691 -0.9167 0.1529
vn 0.4624 -0.8515 0.2472
vn 0.3823 -0.9167 0.1160
vn 0.3918 -0.9167 0.0779
vn 0.5017 -0.8515 0.1522
vn 0.3976 -0.9167 0.0392
vn 0.3995 -0.9167 -0.0000
vn 0.5218 -0.8515 0.0514
vn 0.3976 -0.9167 -0.0392
vn 0.3918 -0.9167 -0.0779
vn 0.5218 -0.8515 -0.0514
vn 0.3823 -0.9167 -0.1160
vn 0.3691 -0.9167 -0.1529
vn 0.5017 -0.8515 -0.1522
vn 0.3523 -0.9167 -0.1883
vn 0.3322 -0.9167 -0.2219
vn 0.4624 -0.8515 -0.2471
vn 0.3088 -0.9167 -0.2534
vn 0.2825 -0.9167 -0.2825
vn 0.4053 -0.8515 -0.3326
vn 0.2534 -0.9167 -0.3088
vn 0.2219 -0.9167 -0.3322
vn 0.3326 -0.8515 -0.4053
vn 0.1883 -0.9167 -0.3523
vn 0.1529 -0.9167 -0.3691
vn 0.2472 -0.8515 -0.4624
vn 0.1160 -0.9167 -0.3823
vn 0.0779 -0.9167 -0.3918
vn 0.1522 -0.8515 -0.5018
vn 0.0392 -0.9167 -0.3976
vn 0.0514 -0.8515 -0.5218
vn -0.1023 -0.8515 -0.5143
vn -0.0000 -0.8515 -0.5243
vn -0.2007 -0.8515 -0.4844
vn -0.1597 -0.8350 -0.5266
vn -0.2913 -0.8515 -0.4360
vn -0.3707 -0.8515 -0.3707
vn -0.4360 -0.8515 -0.2913
vn -0.4253 -0.8350 -0.3491
vn -0.4844 -0.8515 -0.2006
vn -0.5142 -0.8515 -0.1023
vn -0.5243 -0.8515 -0.0000
vn -0.5142 -0.8515 0.1023
vn -0.4844 -0.8515 0.2006
vn -0.4359 -0.8515 0.2913
vn -0.3708 -0.8515 0.3708
vn -0.2913 -0.8515 0.4360
vn -0.2007 -0.8515 0.4844
vn -0.1023 -0.8515 0.5143
vn -0.0000 -0.8515 0.5243
vn 0.1023 -0.8515 0.5143
vn 0.2007 -0.8515 0.4844
vn 0.2913 -0.8515 0.4360
vn 0.3707 -0.8515 0.3707
vn 0.4359 -0.8515 0.2913
vn 0.4844 -0.8515 0.2007
vn 0.5142 -0.8515 0.1023
vn 0.5243 -0.8515 -0.0000
vn 0.5142 -0.8515 -0.1023
vn 0.4844 -0.8515 -0.2006
vn 0.4359 -0.8515 -0.2913
vn 0.3707 -0.8515 -0.3707
vn 0.4253 -0.8350 -0.3491
vn 0.2913 -0.8515 -0.4359
vn 0.3491 -0.8350 -0.4254
vn 0.2006 -0.8515 -0.4844
vn 0.1023 -0.8515 -0.5142
vn -0.3057 -0.8350 -0.4575
vn -0.4575 -0.8350 0.3057
vn 0.1074 -0.8350 0.5397
vn 0.3057 -0.8350 0.4575
vn 0.4575 -0.8350 0.3057
vn 0.4575 -0.8350 -0.3057
vn 0.3057 -0.8350 -0.4575
vn 0.2106 -0.8350 -0.5083
vn 0.1073 -0.8350 -0.5397
vt 0.750000 0.656250
vt 0.734375 0.625000
vt 0.750000 0.625000
vt 0.750000 0.687500
vt 0.734375 0.656250
vt 0.718750 0.687500
vt 0.718750 0.656250
vt 0.718750 0.625000
vt 0.750000 0.593750
vt 0.734375 0.562500
vt 0.750000 0.562500
vt 0.734375 0.593750
vt 0.718750 0.593750
vt 0.718750 0.562500
vt 0.750000 0.531250
vt 0.734375 0.500000
vt 0.750000 0.500000
vt 0.734375 0.531250
vt 0.718750 0.531250
vt 0.718750 0.500000
vt 0.726563 0.968750
vt 0.737833 0.962702
vt 0.734375 1.000000
vt 0.734258 0.936978
vt 0.750000 0.446615
vt 0.734375 0.469889
vt 0.734375 0.446615
vt 0.750000 0.469889
vt 0.718750 0.469889
vt 0.718750 0.446615
vt 0.725342 0.906014
vt 0.703114 0.875000
vt 0.743498 0.875000
vt 0.750000 0.429688
vt 0.734375 0.434733
vt 0.734375 0.429688
vt 0.750000 0.434733
vt 0.718750 0.434733
vt 0.718750 0.429688
vt 0.750000 0.843750
vt 0.734375 0.812500
vt 0.750000 0.812500
vt 0.725896 0.843750
vt 0.718750 0.812500
vt 0.758630 0.321116
vt 0.734375 0.344176
vt 0.734375 0.321116
vt 0.757321 0.344176
vt 0.734375 0.369792
vt 0.711427 0.344176
vt 0.710111 0.321116
vt 0.750000 0.781250
vt 0.734375 0.750000
vt 0.750000 0.750000
vt 0.734375 0.781250
vt 0.718750 0.781250
vt 0.718750 0.750000
vt 0.741712 0.718750
vt 0.734375 0.687500
vt 0.718750 0.718750
vt 0.703125 0.750000
vt 0.703125 0.781250
vt 0.687500 0.812500
vt 0.687500 0.781250
vt 0.687500 0.750000
vt 0.703125 0.687500
vt 0.695789 0.718750
vt 0.687500 0.687500
vt 0.703125 0.625000
vt 0.703125 0.656250
vt 0.687500 0.656250
vt 0.687500 0.625000
vt 0.703125 0.562500
vt 0.703125 0.593750
vt 0.687500 0.593750
vt 0.687500 0.562500
vt 0.703125 0.500000
vt 0.703125 0.531250
vt 0.687500 0.531250
vt 0.687500 0.500000
vt 0.706583 0.962701
vt 0.693281 0.936643
vt 0.695313 0.968750
vt 0.703125 1.000000
vt 0.703125 0.469889
vt 0.703125 0.446615
vt 0.687500 0.469889
vt 0.687500 0.446615
vt 0.662843 0.906014
vt 0.703125 0.434733
vt 0.703125 0.429688
vt 0.687500 0.434733
vt 0.687500 0.429688
vt 0.703125 0.812500
vt 0.694646 0.843750
vt 0.703125 0.369792
vt 0.687500 0.344176
vt 0.678860 0.321116
vt 0.671875 0.500000
vt 0.671875 0.531250
vt 0.656250 0.562500
vt 0.656250 0.531250
vt 0.656250 0.500000
vt 0.672406 0.964273
vt 0.656168 0.936255
vt 0.671875 0.469889
vt 0.671875 0.446615
vt 0.656250 0.469889
vt 0.656250 0.446615
vt 0.662754 0.875000
vt 0.671875 0.434733
vt 0.671875 0.429688
vt 0.656250 0.434733
vt 0.656250 0.429688
vt 0.671875 0.812500
vt 0.663396 0.843750
vt 0.656250 0.812500
vt 0.671875 0.369792
vt 0.663578 0.344176
vt 0.647613 0.321116
vt 0.671875 0.750000
vt 0.671875 0.781250
vt 0.656250 0.781250
vt 0.656250 0.750000
vt 0.671875 0.687500
vt 0.664542 0.718750
vt 0.656250 0.687500
vt 0.671875 0.625000
vt 0.671875 0.656250
vt 0.656250 0.656250
vt 0.656250 0.625000
vt 0.671875 0.562500
vt 0.671875 0.593750
vt 0.656250 0.593750
vt 0.640625 0.687500
vt 0.633293 0.718750
vt 0.625000 0.687500
vt 0.640625 0.625000
vt 0.640625 0.656250
vt 0.625000 0.656250
vt 0.625000 0.625000
vt 0.640625 0.562500
vt 0.640625 0.593750
vt 0.625000 0.593750
vt 0.625000 0.562500
vt 0.640625 0.500000
vt 0.640625 0.531250
vt 0.625000 0.531250
vt 0.625000 0.500000
vt 0.637167 0.962702
vt 0.648438 0.968750
vt 0.640625 1.000000
vt 0.640625 0.469889
vt 0.640625 0.446615
vt 0.625000 0.469889
vt 0.625000 0.446615
vt 0.631504 0.875000
vt 0.609365 0.906039
vt 0.640625 0.434733
vt 0.640625 0.429688
vt 0.625000 0.434733
vt 0.625000 0.429688
vt 0.640625 0.812500
vt 0.640625 0.843750
vt 0.617852 0.843750
vt 0.625000 0.812500
vt 0.640625 0.369792
vt 0.632327 0.344176
vt 0.625000 0.321116
vt 0.640625 0.750000
vt 0.640625 0.781250
vt 0.625000 0.781250
vt 0.625000 0.750000
vt 0.609375 0.469889
vt 0.609375 0.446615
vt 0.609375 0.500000
vt 0.593750 0.469889
vt 0.593750 0.446615
vt 0.593755 0.875000
vt 0.609375 0.434733
vt 0.609375 0.429688
vt 0.593750 0.434733
vt 0.593750 0.429688
vt 0.609375 0.812500
vt 0.586601 0.843750
vt 0.593750 0.812500
vt 0.601071 0.344176
vt 0.602375 0.321116
vt 0.609375 0.369792
vt 0.609375 0.750000
vt 0.609375 0.781250
vt 0.593750 0.781250
vt 0.593750 0.750000
vt 0.609375 0.687500
vt 0.609375 0.718750
vt 0.585458 0.718750
vt 0.593750 0.687500
vt 0.609375 0.625000
vt 0.609375 0.656250
vt 0.593750 0.656250
vt 0.593750 0.625000
vt 0.609375 0.562500
vt 0.609375 0.593750
vt 0.593750 0.593750
vt 0.593750 0.562500
vt 0.609375 0.531250
vt 0.593750 0.531250
vt 0.593750 0.500000
vt 0.578125 0.625000
vt 0.578125 0.656250
vt 0.562500 0.687500
vt 0.562500 0.656250
vt 0.562500 0.625000
vt 0.578125 0.562500
vt 0.578125 0.593750
vt 0.562500 0.593750
vt 0.562500 0.562500
vt 0.578125 0.500000
vt 0.578125 0.531250
vt 0.562500 0.531250
vt 0.562500 0.500000
vt 0.574667 0.962702
vt 0.585938 0.968750
vt 0.578125 1.000000
vt 0.578125 0.469889
vt 0.578125 0.446615
vt 0.562500 0.469889
vt 0.562500 0.446615
vt 0.602524 0.936602
vt 0.572327 0.906014
vt 0.546886 0.875000
vt 0.578125 0.434733
vt 0.578125 0.429688
vt 0.562500 0.434733
vt 0.562500 0.429688
vt 0.578125 0.812500
vt 0.555351 0.843750
vt 0.562500 0.812500
vt 0.569820 0.344176
vt 0.571125 0.321116
vt 0.578125 0.369792
vt 0.578125 0.750000
vt 0.578125 0.781250
vt 0.562500 0.781250
vt 0.562500 0.750000
vt 0.578125 0.687500
vt 0.554209 0.718750
vt 0.556719 0.936643
vt 0.524658 0.906014
vt 0.546875 0.434733
vt 0.546875 0.429688
vt 0.546875 0.446615
vt 0.531250 0.434733
vt 0.531250 0.429688
vt 0.546875 0.812500
vt 0.524101 0.843750
vt 0.531250 0.812500
vt 0.538570 0.344176
vt 0.546875 0.321116
vt 0.546875 0.369792
vt 0.522625 0.321116
vt 0.546875 0.750000
vt 0.546875 0.781250
vt 0.531250 0.781250
vt 0.531250 0.750000
vt 0.546875 0.687500
vt 0.522960 0.718750
vt 0.531250 0.687500
vt 0.546875 0.625000
vt 0.546875 0.656250
vt 0.531250 0.656250
vt 0.531250 0.625000
vt 0.546875 0.562500
vt 0.546875 0.593750
vt 0.531250 0.593750
vt 0.531250 0.562500
vt 0.546875 0.500000
vt 0.546875 0.531250
vt 0.531250 0.531250
vt 0.531250 0.500000
vt 0.543418 0.962702
vt 0.554688 0.968750
vt 0.546875 1.000000
vt 0.546875 0.469889
vt 0.531250 0.469889
vt 0.531250 0.446615
vt 0.515625 0.625000
vt 0.515625 0.656250
vt 0.500000 0.687500
vt 0.500000 0.656250
vt 0.500000 0.625000
vt 0.515625 0.562500
vt 0.515625 0.593750
vt 0.500000 0.593750
vt 0.500000 0.562500
vt 0.515625 0.500000
vt 0.515625 0.531250
vt 0.500000 0.531250
vt 0.500000 0.500000
vt 0.515625 0.469889
vt 0.515625 0.446615
vt 0.500000 0.469889
vt 0.500000 0.446615
vt 0.506502 0.875000
vt 0.515625 0.434733
vt 0.515625 0.429688
vt 0.500000 0.434733
vt 0.500000 0.429688
vt 0.515625 0.812500
vt 0.500000 0.843750
vt 0.500000 0.812500
vt 0.515625 0.369792
vt 0.507322 0.344176
vt 0.500000 0.321116
vt 0.515625 0.750000
vt 0.515625 0.781250
vt 0.500000 0.781250
vt 0.500000 0.750000
vt 0.515625 0.687500
vt 0.491709 0.718750
vt 0.484375 0.434733
vt 0.484375 0.429688
vt 0.484375 0.446615
vt 0.468750 0.434733
vt 0.468750 0.429688
vt 0.484375 0.812500
vt 0.475898 0.843750
vt 0.468750 0.812500
vt 0.484375 0.344176
vt 0.477375 0.321116
vt 0.484375 0.369792
vt 0.461429 0.344176
vt 0.484375 0.750000
vt 0.484375 0.781250
vt 0.468750 0.781250
vt 0.468750 0.750000
vt 0.484375 0.687500
vt 0.460458 0.718750
vt 0.468750 0.687500
vt 0.484375 0.625000
vt 0.484375 0.656250
vt 0.468750 0.656250
vt 0.468750 0.625000
vt 0.484375 0.562500
vt 0.484375 0.593750
vt 0.468750 0.593750
vt 0.468750 0.562500
vt 0.484375 0.500000
vt 0.484375 0.531250
vt 0.468750 0.531250
vt 0.468750 0.500000
vt 0.515742 0.936978
vt 0.480917 0.962703
vt 0.474532 0.936643
vt 0.492188 0.968750
vt 0.484375 1.000000
vt 0.484375 0.469889
vt 0.468750 0.469889
vt 0.468750 0.446615
vt 0.462181 0.906014
vt 0.475251 0.875000
vt 0.453125 0.562500
vt 0.453125 0.593750
vt 0.437500 0.625000
vt 0.437500 0.593750
vt 0.437500 0.562500
vt 0.453125 0.500000
vt 0.453125 0.531250
vt 0.437500 0.531250
vt 0.437500 0.500000
vt 0.457998 0.964666
vt 0.437576 0.936254
vt 0.445313 0.968750
vt 0.453125 1.000000
vt 0.453125 0.469889
vt 0.453125 0.446615
vt 0.437500 0.469889
vt 0.437500 0.446615
vt 0.444008 0.875000
vt 0.453125 0.434733
vt 0.453125 0.429688
vt 0.437500 0.434733
vt 0.437500 0.429688
vt 0.453125 0.812500
vt 0.444649 0.843750
vt 0.437500 0.812500
vt 0.446126 0.321116
vt 0.453125 0.369792
vt 0.437500 0.344176
vt 0.453125 0.750000
vt 0.453125 0.781250
vt 0.437500 0.781250
vt 0.437500 0.750000
vt 0.453125 0.687500
vt 0.429209 0.718750
vt 0.437500 0.687500
vt 0.453125 0.625000
vt 0.453125 0.656250
vt 0.437500 0.656250
vt 0.421875 0.812500
vt 0.413399 0.843750
vt 0.406250 0.812500
vt 0.413571 0.344176
vt 0.414874 0.321116
vt 0.421875 0.369792
vt 0.421875 0.750000
vt 0.421875 0.781250
vt 0.406250 0.781250
vt 0.406250 0.750000
vt 0.421875 0.687500
vt 0.406250 0.718750
vt 0.406250 0.687500
vt 0.421875 0.625000
vt 0.421875 0.656250
vt 0.406250 0.656250
vt 0.406250 0.625000
vt 0.421875 0.562500
vt 0.421875 0.593750
vt 0.406250 0.593750
vt 0.406250 0.562500
vt 0.421875 0.500000
vt 0.421875 0.531250
vt 0.406250 0.531250
vt 0.406250 0.500000
vt 0.421875 0.469889
vt 0.421875 0.446615
vt 0.406250 0.469889
vt 0.406250 0.446615
vt 0.399681 0.906014
vt 0.412759 0.875000
vt 0.421875 0.434733
vt 0.421875 0.429687
vt 0.406250 0.434733
vt 0.406250 0.429688
vt 0.390625 0.562500
vt 0.390625 0.593750
vt 0.375000 0.625000
vt 0.375000 0.593750
vt 0.375000 0.562500
vt 0.390625 0.500000
vt 0.390625 0.531250
vt 0.375000 0.531250
vt 0.375000 0.500000
vt 0.382813 0.968750
vt 0.394083 0.962702
vt 0.390625 1.000000
vt 0.383589 0.936643
vt 0.390625 0.469889
vt 0.390625 0.446615
vt 0.375000 0.469889
vt 0.375000 0.446615
vt 0.381508 0.875000
vt 0.390625 0.434733
vt 0.390625 0.429688
vt 0.375000 0.434733
vt 0.375000 0.429688
vt 0.390625 0.812500
vt 0.390625 0.843750
vt 0.367849 0.843750
vt 0.375000 0.812500
vt 0.382323 0.344176
vt 0.383624 0.321116
vt 0.390625 0.369792
vt 0.390625 0.750000
vt 0.390625 0.781250
vt 0.375000 0.781250
vt 0.375000 0.750000
vt 0.390625 0.687500
vt 0.383289 0.718750
vt 0.375000 0.687500
vt 0.390625 0.625000
vt 0.390625 0.656250
vt 0.375000 0.656250
vt 0.359375 0.344176
vt 0.352374 0.321116
vt 0.359375 0.369792
vt 0.336429 0.344176
vt 0.359375 0.750000
vt 0.359375 0.781250
vt 0.343750 0.812500
vt 0.343750 0.781250
vt 0.343750 0.750000
vt 0.359375 0.687500
vt 0.359375 0.718750
vt 0.335458 0.718750
vt 0.343750 0.687500
vt 0.359375 0.625000
vt 0.359375 0.656250
vt 0.343750 0.656250
vt 0.343750 0.625000
vt 0.359375 0.562500
vt 0.359375 0.593750
vt 0.343750 0.593750
vt 0.343750 0.562500
vt 0.359375 0.500000
vt 0.359375 0.531250
vt 0.343750 0.531250
vt 0.343750 0.500000
vt 0.351563 0.968750
vt 0.362833 0.962702
vt 0.359375 1.000000
vt 0.321088 0.936643
vt 0.359375 0.469889
vt 0.359375 0.446615
vt 0.343750 0.469889
vt 0.343750 0.446615
vt 0.337182 0.906014
vt 0.350257 0.875000
vt 0.359375 0.434733
vt 0.359375 0.429688
vt 0.343750 0.434733
vt 0.343750 0.429688
vt 0.359375 0.812500
vt 0.336601 0.843750
vt 0.328125 0.500000
vt 0.328125 0.531250
vt 0.312500 0.562500
vt 0.312500 0.531250
vt 0.312500 0.500000
vt 0.328125 0.469889
vt 0.328125 0.446615
vt 0.312500 0.469889
vt 0.312500 0.446615
vt 0.312505 0.875000
vt 0.328125 0.434733
vt 0.328125 0.429688
vt 0.312500 0.434733
vt 0.312500 0.429688
vt 0.328125 0.812500
vt 0.305350 0.843750
vt 0.312500 0.812500
vt 0.321124 0.321116
vt 0.328125 0.369792
vt 0.312500 0.344176
vt 0.328125 0.750000
vt 0.328125 0.781250
vt 0.312500 0.781250
vt 0.312500 0.750000
vt 0.328125 0.687500
vt 0.312500 0.718750
vt 0.312500 0.687500
vt 0.328125 0.625000
vt 0.328125 0.656250
vt 0.312500 0.656250
vt 0.312500 0.625000
vt 0.328125 0.562500
vt 0.328125 0.593750
vt 0.312500 0.593750
vt 0.296875 0.687500
vt 0.289543 0.718750
vt 0.281250 0.687500
vt 0.296875 0.625000
vt 0.296875 0.656250
vt 0.281250 0.656250
vt 0.281250 0.625000
vt 0.296875 0.562500
vt 0.296875 0.593750
vt 0.281250 0.593750
vt 0.281250 0.562500
vt 0.296875 0.500000
vt 0.296875 0.531250
vt 0.281250 0.531250
vt 0.281250 0.500000
vt 0.293418 0.962702
vt 0.304688 0.968750
vt 0.296875 1.000000
vt 0.296875 0.469889
vt 0.296875 0.446615
vt 0.281250 0.469889
vt 0.281250 0.446615
vt 0.274682 0.906014
vt 0.274743 0.875000
vt 0.296875 0.434733
vt 0.296875 0.429688
vt 0.281250 0.434733
vt 0.281250 0.429688
vt 0.296875 0.812500
vt 0.274101 0.843750
vt 0.281250 0.812500
vt 0.288571 0.344176
vt 0.296875 0.321116
vt 0.296875 0.369792
vt 0.272625 0.321116
vt 0.296875 0.750000
vt 0.296875 0.781250
vt 0.281250 0.781250
vt 0.281250 0.750000
vt 0.260753 0.964667
vt 0.273438 0.968750
vt 0.265625 1.000000
vt 0.265625 0.469889
vt 0.265625 0.446615
vt 0.265625 0.500000
vt 0.250000 0.469889
vt 0.250000 0.446615
vt 0.243493 0.875000
vt 0.265625 0.434733
vt 0.265625 0.429688
vt 0.250000 0.434733
vt 0.250000 0.429688
vt 0.265625 0.812500
vt 0.250000 0.843750
vt 0.250000 0.812500
vt 0.265625 0.369792
vt 0.265625 0.344176
vt 0.242678 0.344176
vt 0.241375 0.321116
vt 0.265625 0.750000
vt 0.265625 0.781250
vt 0.250000 0.781250
vt 0.250000 0.750000
vt 0.265625 0.687500
vt 0.265625 0.718750
vt 0.241708 0.718750
vt 0.250000 0.687500
vt 0.265625 0.625000
vt 0.265625 0.656250
vt 0.250000 0.656250
vt 0.250000 0.625000
vt 0.265625 0.562500
vt 0.265625 0.593750
vt 0.250000 0.593750
vt 0.250000 0.562500
vt 0.265625 0.531250
vt 0.250000 0.531250
vt 0.250000 0.500000
vt 0.234375 0.687500
vt 0.218750 0.750000
vt 0.210457 0.718750
vt 0.218750 0.687500
vt 0.234375 0.625000
vt 0.234375 0.656250
vt 0.218750 0.656250
vt 0.218750 0.625000
vt 0.234375 0.562500
vt 0.234375 0.593750
vt 0.218750 0.593750
vt 0.218750 0.562500
vt 0.234375 0.500000
vt 0.234375 0.531250
vt 0.218750 0.531250
vt 0.218750 0.500000
vt 0.226563 0.968750
vt 0.237833 0.962702
vt 0.234375 1.000000
vt 0.227336 0.936642
vt 0.234375 0.469889
vt 0.234375 0.446615
vt 0.218750 0.469889
vt 0.218750 0.446615
vt 0.212182 0.906014
vt 0.203114 0.875000
vt 0.234375 0.434733
vt 0.234375 0.429688
vt 0.218750 0.434733
vt 0.218750 0.429688
vt 0.234375 0.812500
vt 0.225898 0.843750
vt 0.218750 0.812500
vt 0.234375 0.369792
vt 0.211429 0.344176
vt 0.210124 0.321116
vt 0.234375 0.750000
vt 0.234375 0.781250
vt 0.218750 0.781250
vt 0.203125 0.469889
vt 0.203125 0.446615
vt 0.203125 0.500000
vt 0.187500 0.469889
vt 0.187500 0.446615
vt 0.203125 0.434733
vt 0.203125 0.429688
vt 0.187500 0.434733
vt 0.187500 0.429688
vt 0.203125 0.812500
vt 0.194649 0.843750
vt 0.187500 0.812500
vt 0.203125 0.369792
vt 0.187500 0.344176
vt 0.187500 0.321116
vt 0.203125 0.750000
vt 0.203125 0.781250
vt 0.187500 0.781250
vt 0.187500 0.750000
vt 0.203125 0.687500
vt 0.179212 0.718750
vt 0.187500 0.687500
vt 0.203125 0.625000
vt 0.203125 0.656250
vt 0.187500 0.656250
vt 0.187500 0.625000
vt 0.203125 0.562500
vt 0.203125 0.593750
vt 0.187500 0.593750
vt 0.187500 0.562500
vt 0.203125 0.531250
vt 0.187500 0.531250
vt 0.187500 0.500000
vt 0.195313 0.968750
vt 0.206583 0.962701
vt 0.203125 1.000000
vt 0.164838 0.936643
vt 0.171875 0.625000
vt 0.171875 0.656250
vt 0.156250 0.687500
vt 0.156250 0.656250
vt 0.156250 0.625000
vt 0.171875 0.562500
vt 0.171875 0.593750
vt 0.156250 0.593750
vt 0.156250 0.562500
vt 0.171875 0.500000
vt 0.171875 0.531250
vt 0.156250 0.531250
vt 0.156250 0.500000
vt 0.171875 0.469889
vt 0.171875 0.446615
vt 0.156250 0.469889
vt 0.156250 0.446615
vt 0.149681 0.906014
vt 0.162759 0.875000
vt 0.171875 0.434733
vt 0.171875 0.429688
vt 0.156250 0.434733
vt 0.156250 0.429688
vt 0.171875 0.812500
vt 0.163399 0.843750
vt 0.156250 0.812500
vt 0.163571 0.344176
vt 0.164876 0.321116
vt 0.171875 0.369792
vt 0.171875 0.750000
vt 0.171875 0.781250
vt 0.156250 0.781250
vt 0.156250 0.750000
vt 0.171875 0.687500
vt 0.156250 0.718750
vt 0.131508 0.875000
vt 0.140625 0.434733
vt 0.140625 0.429688
vt 0.140625 0.446615
vt 0.125000 0.434733
vt 0.125000 0.429688
vt 0.140625 0.812500
vt 0.140625 0.843750
vt 0.117849 0.843750
vt 0.125000 0.812500
vt 0.140625 0.344176
vt 0.140625 0.321116
vt 0.140625 0.369792
vt 0.117678 0.344176
vt 0.116374 0.321116
vt 0.140625 0.750000
vt 0.140625 0.781250
vt 0.125000 0.781250
vt 0.125000 0.750000
vt 0.140625 0.687500
vt 0.133292 0.718750
vt 0.125000 0.687500
vt 0.140625 0.625000
vt 0.140625 0.656250
vt 0.125000 0.656250
vt 0.125000 0.625000
vt 0.140625 0.562500
vt 0.140625 0.593750
vt 0.125000 0.593750
vt 0.125000 0.562500
vt 0.140625 0.500000
vt 0.140625 0.531250
vt 0.125000 0.531250
vt 0.125000 0.500000
vt 0.137167 0.962702
vt 0.148438 0.968750
vt 0.140625 1.000000
vt 0.140625 0.469889
vt 0.125000 0.469889
vt 0.125000 0.446615
vt 0.109375 0.625000
vt 0.109375 0.656250
vt 0.093750 0.687500
vt 0.093750 0.656250
vt 0.093750 0.625000
vt 0.109375 0.562500
vt 0.109375 0.593750
vt 0.093750 0.593750
vt 0.093750 0.562500
vt 0.109375 0.500000
vt 0.109375 0.531250
vt 0.093750 0.531250
vt 0.093750 0.500000
vt 0.109375 0.469889
vt 0.109375 0.446615
vt 0.093750 0.469889
vt 0.093750 0.446615
vt 0.103653 0.906014
vt 0.100257 0.875000
vt 0.119213 0.936643
vt 0.109375 0.434733
vt 0.109375 0.429688
vt 0.093750 0.434733
vt 0.093750 0.429688
vt 0.109375 0.812500
vt 0.086601 0.843750
vt 0.093750 0.812500
vt 0.109375 0.369792
vt 0.086428 0.344176
vt 0.093750 0.321116
vt 0.109375 0.750000
vt 0.109375 0.781250
vt 0.093750 0.781250
vt 0.093750 0.750000
vt 0.109375 0.687500
vt 0.102043 0.718750
vt 0.078125 0.434733
vt 0.078125 0.429687
vt 0.078125 0.446615
vt 0.062500 0.434733
vt 0.062500 0.429688
vt 0.078125 0.812500
vt 0.062505 0.875000
vt 0.055349 0.843750
vt 0.062500 0.812500
vt 0.071125 0.321116
vt 0.078125 0.369792
vt 0.062500 0.344176
vt 0.078125 0.750000
vt 0.078125 0.781250
vt 0.062500 0.781250
vt 0.062500 0.750000
vt 0.078125 0.687500
vt 0.070792 0.718750
vt 0.062500 0.687500
vt 0.078125 0.625000
vt 0.078125 0.656250
vt 0.062500 0.656250
vt 0.062500 0.625000
vt 0.078125 0.562500
vt 0.078125 0.593750
vt 0.062500 0.593750
vt 0.062500 0.562500
vt 0.078125 0.500000
vt 0.078125 0.531250
vt 0.062500 0.531250
vt 0.062500 0.500000
vt 0.074668 0.962701
vt 0.085938 0.968750
vt 0.078125 1.000000
vt 0.078125 0.469889
vt 0.062500 0.469889
vt 0.062500 0.446615
vt 0.062492 0.905993
vt 0.071094 0.936643
vt 0.046875 0.562500
vt 0.046875 0.593750
vt 0.031250 0.625000
vt 0.031250 0.593750
vt 0.031250 0.562500
vt 0.046875 0.500000
vt 0.046875 0.531250
vt 0.031250 0.531250
vt 0.031250 0.500000
vt 0.046875 0.469889
vt 0.046875 0.446615
vt 0.031250 0.469889
vt 0.031250 0.446615
vt 0.021422 0.906014
vt 0.024747 0.875000
vt 0.046875 0.434733
vt 0.046875 0.429688
vt 0.031250 0.434733
vt 0.031250 0.429688
vt 0.046875 0.812500
vt 0.024099 0.843750
vt 0.031250 0.812500
vt 0.038571 0.344176
vt 0.046875 0.321116
vt 0.046875 0.369792
vt 0.022624 0.320720
vt 0.046875 0.750000
vt 0.046875 0.781250
vt 0.031250 0.781250
vt 0.031250 0.750000
vt 0.046875 0.687500
vt 0.039541 0.718750
vt 0.031250 0.687500
vt 0.046875 0.625000
vt 0.046875 0.656250
vt 0.031250 0.656250
vt 0.015625 0.370226
vt 0.015625 0.344105
vt 0.000000 0.343750
vt 0.000000 0.312500
vt 0.015625 0.750000
vt 0.015625 0.781250
vt 0.000000 0.812500
vt 0.000000 0.781250
vt 0.000000 0.750000
vt 0.015625 0.687500
vt 0.015625 0.718750
vt 0.000000 0.718750
vt 0.000000 0.687500
vt 0.015625 0.625000
vt 0.015625 0.656250
vt 0.000000 0.656250
vt 0.000000 0.625000
vt 0.015625 0.562500
vt 0.015625 0.593750
vt 0.000000 0.593750
vt 0.000000 0.562500
vt 0.015625 0.500000
vt 0.015625 0.531250
vt 0.000000 0.531250
vt 0.000000 0.500000
vt 0.010753 0.964667
vt 0.023438 0.968750
vt 0.015625 1.000000
vt 0.015625 0.469699
vt 0.015625 0.445855
vt 0.000000 0.468750
vt 0.000000 0.437500
vt 0.011713 0.937106
vt 0.000000 0.906250
vt 0.000000 0.875000
vt 0.015625 0.434543
vt 0.015625 0.429688
vt 0.000000 0.433594
vt 0.000000 0.429688
vt 0.015625 0.812500
vt 0.000000 0.843750
vt 1.000000 0.531250
vt 0.984375 0.500000
vt 1.000000 0.500000
vt 1.000000 0.562500
vt 0.984375 0.531250
vt 0.968750 0.562500
vt 0.968750 0.531250
vt 0.968750 0.500000
vt 0.976563 0.968750
vt 0.987833 0.962702
vt 0.984375 1.000000
vt 0.946091 0.936644
vt 1.000000 0.437500
vt 0.984375 0.469699
vt 0.984375 0.445855
vt 1.000000 0.468750
vt 0.968750 0.469889
vt 0.968750 0.446615
vt 0.975342 0.906043
vt 0.962246 0.875000
vt 0.993498 0.875000
vt 1.000000 0.429688
vt 0.984375 0.434543
vt 0.984375 0.429688
vt 1.000000 0.433594
vt 0.968750 0.434733
vt 0.968750 0.429688
vt 1.000000 0.843750
vt 0.984375 0.812500
vt 1.000000 0.812500
vt 0.975901 0.843750
vt 0.968750 0.812500
vt 0.984375 0.370226
vt 0.968750 0.344176
vt 0.992678 0.343916
vt 0.968750 0.321116
vt 0.991375 0.316860
vt 1.000000 0.781250
vt 0.984375 0.750000
vt 1.000000 0.750000
vt 0.984375 0.781250
vt 0.968750 0.781250
vt 0.968750 0.750000
vt 0.991709 0.718750
vt 0.984375 0.687500
vt 1.000000 0.687500
vt 0.960459 0.718750
vt 0.968750 0.687500
vt 1.000000 0.656250
vt 0.984375 0.625000
vt 1.000000 0.625000
vt 0.984375 0.656250
vt 0.968750 0.656250
vt 0.968750 0.625000
vt 1.000000 0.593750
vt 0.984375 0.562500
vt 0.984375 0.593750
vt 0.968750 0.593750
vt 0.953125 0.750000
vt 0.953125 0.781250
vt 0.937500 0.812500
vt 0.937500 0.781250
vt 0.937500 0.750000
vt 0.953125 0.687500
vt 0.937500 0.718750
vt 0.937500 0.687500
vt 0.953125 0.625000
vt 0.953125 0.656250
vt 0.937500 0.656250
vt 0.937500 0.625000
vt 0.953125 0.562500
vt 0.953125 0.593750
vt 0.937500 0.593750
vt 0.937500 0.562500
vt 0.953125 0.500000
vt 0.953125 0.531250
vt 0.937500 0.531250
vt 0.937500 0.500000
vt 0.945313 0.968750
vt 0.956583 0.962701
vt 0.953125 1.000000
vt 0.953125 0.469889
vt 0.953125 0.446615
vt 0.937500 0.469889
vt 0.937500 0.446615
vt 0.927675 0.906014
vt 0.921863 0.875000
vt 0.953125 0.434733
vt 0.953125 0.429688
vt 0.937500 0.434733
vt 0.937500 0.429688
vt 0.953125 0.812500
vt 0.944650 0.843750
vt 0.944820 0.344176
vt 0.946124 0.321116
vt 0.953125 0.369792
vt 0.921875 0.500000
vt 0.921875 0.531250
vt 0.906250 0.562500
vt 0.906250 0.531250
vt 0.906250 0.500000
vt 0.921875 0.469889
vt 0.921875 0.446615
vt 0.906250 0.469889
vt 0.906250 0.446615
vt 0.890636 0.906039
vt 0.921875 0.434733
vt 0.921875 0.429688
vt 0.906250 0.434733
vt 0.906250 0.429688
vt 0.921875 0.812500
vt 0.913401 0.843750
vt 0.906250 0.812500
vt 0.913571 0.344176
vt 0.914876 0.321116
vt 0.921875 0.369792
vt 0.921875 0.750000
vt 0.921875 0.781250
vt 0.906250 0.781250
vt 0.906250 0.750000
vt 0.921875 0.687500
vt 0.914541 0.718750
vt 0.906250 0.687500
vt 0.921875 0.625000
vt 0.921875 0.656250
vt 0.906250 0.656250
vt 0.906250 0.625000
vt 0.921875 0.562500
vt 0.921875 0.593750
vt 0.906250 0.593750
vt 0.890625 0.687500
vt 0.890625 0.718750
vt 0.875000 0.750000
vt 0.866709 0.718750
vt 0.875000 0.687500
vt 0.890625 0.625000
vt 0.890625 0.656250
vt 0.875000 0.656250
vt 0.875000 0.625000
vt 0.890625 0.562500
vt 0.890625 0.593750
vt 0.875000 0.593750
vt 0.875000 0.562500
vt 0.890625 0.500000
vt 0.890625 0.531250
vt 0.875000 0.531250
vt 0.875000 0.500000
vt 0.887167 0.962702
vt 0.898438 0.968750
vt 0.890625 1.000000
vt 0.890625 0.469889
vt 0.890625 0.446615
vt 0.875000 0.469889
vt 0.875000 0.446615
vt 0.881504 0.875000
vt 0.890625 0.434733
vt 0.890625 0.429688
vt 0.875000 0.434733
vt 0.875000 0.429688
vt 0.890625 0.812500
vt 0.890625 0.843750
vt 0.867852 0.843750
vt 0.875000 0.812500
vt 0.882322 0.344176
vt 0.883626 0.321116
vt 0.890625 0.369792
vt 0.890625 0.750000
vt 0.890625 0.781250
vt 0.875000 0.781250
vt 0.890742 0.936978
vt 0.861524 0.965711
vt 0.835160 0.936644
vt 0.859375 0.469889
vt 0.859375 0.446615
vt 0.859375 0.500000
vt 0.843750 0.469889
vt 0.843750 0.446615
vt 0.837159 0.906014
vt 0.850253 0.875000
vt 0.859375 0.434733
vt 0.859375 0.429688
vt 0.843750 0.434733
vt 0.843750 0.429688
vt 0.859375 0.812500
vt 0.843750 0.843750
vt 0.843750 0.812500
vt 0.859375 0.344176
vt 0.859375 0.321116
vt 0.859375 0.369792
vt 0.836425 0.344176
vt 0.835124 0.321116
vt 0.859375 0.750000
vt 0.859375 0.781250
vt 0.843750 0.781250
vt 0.843750 0.750000
vt 0.859375 0.687500
vt 0.835458 0.718750
vt 0.843750 0.687500
vt 0.859375 0.625000
vt 0.859375 0.656250
vt 0.843750 0.656250
vt 0.843750 0.625000
vt 0.859375 0.562500
vt 0.859375 0.593750
vt 0.843750 0.593750
vt 0.843750 0.562500
vt 0.859375 0.531250
vt 0.843750 0.531250
vt 0.843750 0.500000
vt 0.828125 0.687500
vt 0.812500 0.750000
vt 0.804211 0.718750
vt 0.812500 0.687500
vt 0.828125 0.625000
vt 0.828125 0.656250
vt 0.812500 0.656250
vt 0.812500 0.625000
vt 0.828125 0.562500
vt 0.828125 0.593750
vt 0.812500 0.593750
vt 0.812500 0.562500
vt 0.828125 0.500000
vt 0.828125 0.531250
vt 0.812500 0.531250
vt 0.812500 0.500000
vt 0.824668 0.962701
vt 0.835938 0.968750
vt 0.828125 1.000000
vt 0.828125 0.469889
vt 0.828125 0.446615
vt 0.812500 0.469889
vt 0.812500 0.446615
vt 0.812505 0.875000
vt 0.828125 0.434733
vt 0.828125 0.429688
vt 0.812500 0.434733
vt 0.812500 0.429688
vt 0.828125 0.812500
vt 0.819646 0.843750
vt 0.812500 0.812500
vt 0.828125 0.369792
vt 0.812500 0.344176
vt 0.812500 0.321116
vt 0.828125 0.750000
vt 0.828125 0.781250
vt 0.812500 0.781250
vt 0.796875 0.469889
vt 0.796875 0.446615
vt 0.796875 0.500000
vt 0.781250 0.469889
vt 0.781250 0.446615
vt 0.781334 0.936255
vt 0.781272 0.905994
vt 0.774747 0.875000
vt 0.796875 0.434733
vt 0.796875 0.429688
vt 0.781250 0.434733
vt 0.781250 0.429688
vt 0.796875 0.812500
vt 0.796875 0.843750
vt 0.774101 0.843750
vt 0.781250 0.812500
vt 0.788570 0.344176
vt 0.789876 0.321116
vt 0.796875 0.369792
vt 0.796875 0.750000
vt 0.796875 0.781250
vt 0.781250 0.781250
vt 0.781250 0.750000
vt 0.796875 0.687500
vt 0.772961 0.718750
vt 0.781250 0.687500
vt 0.796875 0.625000
vt 0.796875 0.656250
vt 0.781250 0.656250
vt 0.781250 0.625000
vt 0.796875 0.562500
vt 0.796875 0.593750
vt 0.781250 0.593750
vt 0.781250 0.562500
vt 0.796875 0.531250
vt 0.781250 0.531250
vt 0.781250 0.500000
vt 0.799025 0.965711
vt 0.765625 0.625000
vt 0.765625 0.656250
vt 0.765625 0.562500
vt 0.765625 0.593750
vt 0.765625 0.500000
vt 0.765625 0.531250
vt 0.760753 0.964667
vt 0.773438 0.968750
vt 0.765625 1.000000
vt 0.765625 0.469889
vt 0.765625 0.446615
vt 0.765625 0.434733
vt 0.765625 0.429688
vt 0.765625 0.812500
vt 0.765625 0.369792
vt 0.765625 0.750000
vt 0.765625 0.781250
vt 0.765625 0.687500
vt 0.781250 0.248391
vt 0.765625 0.265852
vt 0.765625 0.248295
vt 0.750000 0.248392
vt 0.812500 0.248392
vt 0.796875 0.265852
vt 0.796875 0.248296
vt 0.843750 0.248393
vt 0.828125 0.265826
vt 0.828125 0.248296
vt 0.875000 0.248391
vt 0.859375 0.265833
vt 0.859375 0.248296
vt 0.906250 0.248393
vt 0.890625 0.265825
vt 0.890625 0.248296
vt 0.937500 0.248393
vt 0.921875 0.265831
vt 0.921875 0.248296
vt 0.968750 0.248389
vt 0.953125 0.265839
vt 0.953125 0.248292
vt 1.000000 0.248233
vt 0.984375 0.265407
vt 0.984375 0.248274
vt 0.031250 0.248389
vt 0.015625 0.265409
vt 0.015625 0.248274
vt 0.000000 0.248233
vt 0.062500 0.248389
vt 0.046875 0.265845
vt 0.046875 0.248292
vt 0.093750 0.248390
vt 0.078125 0.265847
vt 0.078125 0.248293
vt 0.125000 0.248393
vt 0.109375 0.265848
vt 0.109375 0.248295
vt 0.156250 0.248394
vt 0.140625 0.265840
vt 0.140625 0.248297
vt 0.187500 0.248392
vt 0.171875 0.265848
vt 0.171875 0.248295
vt 0.218750 0.248393
vt 0.203125 0.265854
vt 0.203125 0.248296
vt 0.250000 0.248393
vt 0.234375 0.265853
vt 0.234375 0.248295
vt 0.281250 0.248393
vt 0.265625 0.265853
vt 0.265625 0.248295
vt 0.312500 0.248394
vt 0.296875 0.265846
vt 0.296875 0.248295
vt 0.343750 0.248394
vt 0.328125 0.265848
vt 0.328125 0.248296
vt 0.375000 0.248393
vt 0.359375 0.265842
vt 0.359375 0.248296
vt 0.406250 0.248394
vt 0.390625 0.265842
vt 0.390625 0.248296
vt 0.437500 0.248393
vt 0.421875 0.265841
vt 0.421875 0.248296
vt 0.468750 0.248389
vt 0.453125 0.265846
vt 0.453125 0.248293
vt 0.500000 0.248388
vt 0.484375 0.265845
vt 0.484375 0.248292
vt 0.531250 0.248389
vt 0.515625 0.265830
vt 0.515625 0.248292
vt 0.562500 0.248393
vt 0.546875 0.265830
vt 0.546875 0.248292
vt 0.593750 0.248393
vt 0.578125 0.265827
vt 0.578125 0.248296
vt 0.625000 0.248393
vt 0.609375 0.265827
vt 0.609375 0.248296
vt 0.656250 0.248392
vt 0.640625 0.265831
vt 0.640625 0.248296
vt 0.687500 0.248392
vt 0.671875 0.265831
vt 0.671875 0.248296
vt 0.718750 0.248392
vt 0.703125 0.265830
vt 0.703125 0.248295
vt 0.734375 0.265830
vt 0.734375 0.248296
vt 0.781250 0.421875
vt 0.765625 0.425781
vt 0.765625 0.421875
vt 0.781250 0.425781
vt 0.750000 0.425781
vt 0.750000 0.421875
vt 0.812500 0.421875
vt 0.796875 0.425781
vt 0.796875 0.421875
vt 0.812500 0.425781
vt 0.843750 0.421875
vt 0.828125 0.425781
vt 0.828125 0.421875
vt 0.843750 0.425781
vt 0.875000 0.421875
vt 0.859375 0.425781
vt 0.859375 0.421875
vt 0.875000 0.425781
vt 0.906250 0.421875
vt 0.890625 0.425781
vt 0.890625 0.421875
vt 0.906250 0.425781
vt 0.937500 0.421875
vt 0.921875 0.425781
vt 0.921875 0.421875
vt 0.937500 0.425781
vt 0.968750 0.421875
vt 0.953125 0.425781
vt 0.953125 0.421875
vt 0.968750 0.425781
vt 1.000000 0.421875
vt 0.984375 0.425781
vt 0.984375 0.421875
vt 1.000000 0.425781
vt 0.031250 0.421875
vt 0.015625 0.425781
vt 0.015625 0.421875
vt 0.031250 0.425781
vt 0.000000 0.425781
vt 0.000000 0.421875
vt 0.062500 0.421875
vt 0.046875 0.425781
vt 0.046875 0.421875
vt 0.062500 0.425781
vt 0.093750 0.421875
vt 0.078125 0.425781
vt 0.078125 0.421875
vt 0.093750 0.425781
vt 0.125000 0.421875
vt 0.109375 0.425781
vt 0.109375 0.421875
vt 0.125000 0.425781
vt 0.156250 0.421875
vt 0.140625 0.425781
vt 0.140625 0.421875
vt 0.156250 0.425781
vt 0.187500 0.421875
vt 0.171875 0.425781
vt 0.171875 0.421875
vt 0.187500 0.425781
vt 0.218750 0.421875
vt 0.203125 0.425781
vt 0.203125 0.421875
vt 0.218750 0.425781
vt 0.250000 0.421875
vt 0.234375 0.425781
vt 0.234375 0.421875
vt 0.250000 0.425781
vt 0.281250 0.421875
vt 0.265625 0.425781
vt 0.265625 0.421875
vt 0.281250 0.425781
vt 0.312500 0.421875
vt 0.296875 0.425781
vt 0.296875 0.421875
vt 0.312500 0.425781
vt 0.343750 0.421875
vt 0.328125 0.425781
vt 0.328125 0.421875
vt 0.343750 0.425781
vt 0.375000 0.421875
vt 0.359375 0.425781
vt 0.359375 0.421875
vt 0.375000 0.425781
vt 0.406250 0.421875
vt 0.390625 0.425781
vt 0.390625 0.421875
vt 0.406250 0.425781
vt 0.437500 0.421875
vt 0.421875 0.425781
vt 0.421875 0.421875
vt 0.437500 0.425781
vt 0.468750 0.421875
vt 0.453125 0.425781
vt 0.453125 0.421875
vt 0.468750 0.425781
vt 0.500000 0.421875
vt 0.484375 0.425781
vt 0.484375 0.421875
vt 0.500000 0.425781
vt 0.531250 0.421875
vt 0.515625 0.425781
vt 0.515625 0.421875
vt 0.531250 0.425781
vt 0.562500 0.421875
vt 0.546875 0.425781
vt 0.546875 0.421875
vt 0.562500 0.425781
vt 0.593750 0.421875
vt 0.578125 0.425781
vt 0.578125 0.421875
vt 0.593750 0.425781
vt 0.625000 0.421875
vt 0.609375 0.425781
vt 0.609375 0.421875
vt 0.625000 0.425781
vt 0.656250 0.421875
vt 0.640625 0.425781
vt 0.640625 0.421875
vt 0.656250 0.425781
vt 0.687500 0.421875
vt 0.671875 0.425781
vt 0.671875 0.421875
vt 0.687500 0.425781
vt 0.718750 0.421875
vt 0.703125 0.425781
vt 0.703125 0.421875
vt 0.718750 0.425781
vt 0.734375 0.425781
vt 0.734375 0.421875
vt 0.468750 0.429688
vt 0.500000 0.429688
vt 0.296875 0.421875
vt 0.515625 0.429688
vt 0.531250 0.429688
vt 0.359375 0.421875
vt 0.375000 0.421875
vt 0.562500 0.429688
vt 0.593750 0.429688
vt 0.406250 0.421875
vt 0.390625 0.421875
vt 0.750000 0.429688
vt 0.765625 0.429688
vt 0.437500 0.421875
vt 0.781250 0.429688
vt 0.656250 0.429688
vt 0.468750 0.421875
vt 0.453125 0.421875
vt 0.812500 0.429688
vt 0.687500 0.429688
vt 0.484375 0.421875
vt 0.500000 0.421875
vt 0.843750 0.429688
vt 0.718750 0.429688
vt 0.531250 0.421875
vt 0.515625 0.421875
vt 0.875000 0.429688
vt 0.906250 0.429688
vt 0.562500 0.421875
vt 0.546875 0.421875
vt 0.937500 0.429688
vt 0.578125 0.421875
vt 0.593750 0.421875
vt 0.781250 0.421875
vt 0.968750 0.429688
vt 0.609375 0.421875
vt 0.625000 0.421875
vt 0.812500 0.421875
vt 0.796875 0.421875
vt 0.640625 0.421875
vt 0.656250 0.421875
vt 0.843750 0.421875
vt 0.828125 0.421875
vt 0.015625 0.429688
vt 0.687500 0.421875
vt 0.671875 0.421875
vt 0.875000 0.421875
vt 0.859375 0.421875
vt 0.031250 0.429688
vt 0.046875 0.429688
vt 0.703125 0.421875
vt 0.718750 0.421875
vt 0.062500 0.429688
vt 0.093750 0.429688
vt 0.078125 0.429688
vt 0.906250 0.421875
vt 0.890625 0.421875
vt 0.734375 0.421875
vt 0.750000 0.421875
vt 0.921875 0.421875
vt 0.937500 0.421875
vt 0.125000 0.429688
vt 0.140625 0.429688
vt 0.968750 0.421875
vt 0.953125 0.421875
vt 0.156250 0.429688
vt 0.984375 0.421875
vt 1.000000 0.421875
vt 0.203125 0.429688
vt 0.187500 0.429688
vt 0.218750 0.429688
vt 0.031250 0.421875
vt 0.015625 0.421875
vt 0.250000 0.429688
vt 0.062500 0.421875
vt 0.046875 0.421875
vt 0.078125 0.421875
vt 0.093750 0.421875
vt 0.109375 0.421875
vt 0.328125 0.429688
vt 0.343750 0.429688
vt 0.187500 0.421875
vt 0.375000 0.429688
vt 0.406250 0.429688
vt 0.203125 0.421875
vt 0.218750 0.421875
vt 0.421875 0.429688
vt 0.437500 0.429688
vt 0.234375 0.421875
vt 0.250000 0.421875
vt 0.265625 0.421875
vt 0.953203 0.429580
vt 0.994687 0.429667
vt 0.839738 0.429688
vt 0.878445 0.428940
vt 0.195698 0.421978
vt 0.168813 0.421984
vt 0.220782 0.422654
vt 0.245799 0.422654
vt 0.039004 0.429644
vt 0.077087 0.429376
vt 0.005170 0.429688
vt 0.223547 0.421984
vt 0.270818 0.422654
vt 0.077200 0.429580
vt 0.152864 0.428915
vt 0.253801 0.421984
vt 0.295961 0.422658
vt 0.107588 0.429580
vt 0.177933 0.428915
vt 0.282878 0.421902
vt 0.272907 0.421995
vt 0.322205 0.422927
vt 0.137976 0.429580
vt 0.203001 0.428915
vt 0.313694 0.421902
vt 0.165268 0.429585
vt 0.228070 0.428915
vt 0.351264 0.421984
vt 0.333382 0.421995
vt 0.369659 0.422927
vt 0.379200 0.422658
vt 0.193485 0.429580
vt 0.239583 0.429037
vt 0.378279 0.421978
vt 0.403945 0.422654
vt 0.223876 0.429580
vt 0.405839 0.421984
vt 0.254130 0.429579
vt 0.270570 0.428915
vt 0.436222 0.421984
vt 0.282878 0.429660
vt 0.272907 0.429567
vt 0.322205 0.428636
vt 0.296047 0.428903
vt 0.472633 0.421984
vt 0.454716 0.422007
vt 0.479000 0.422654
vt 0.313694 0.429660
vt 0.500000 0.421978
vt 0.504024 0.422654
vt 0.350864 0.429579
vt 0.333382 0.429567
vt 0.379394 0.428902
vt 0.369659 0.428636
vt 0.527366 0.421984
vt 0.381080 0.429580
vt 0.403548 0.428915
vt 0.557748 0.421984
vt 0.526042 0.422526
vt 0.546019 0.422654
vt 0.411468 0.429580
vt 0.428616 0.428915
vt 0.588123 0.421984
vt 0.571047 0.422654
vt 0.770419 0.421984
vt 0.740035 0.421984
vt 0.696140 0.422654
vt 0.721160 0.422654
vt 0.441857 0.429580
vt 0.453685 0.428915
vt 0.618505 0.421984
vt 0.596064 0.422654
vt 0.800801 0.421984
vt 0.746179 0.422654
vt 0.472245 0.429580
vt 0.478753 0.428915
vt 0.648887 0.421984
vt 0.621082 0.422654
vt 0.831179 0.421984
vt 0.771194 0.422654
vt 0.502633 0.429580
vt 0.503821 0.428915
vt 0.679269 0.421984
vt 0.646102 0.422654
vt 0.861567 0.421984
vt 0.796193 0.422654
vt 0.530430 0.429585
vt 0.526042 0.429037
vt 0.709650 0.421984
vt 0.671122 0.422654
vt 0.891949 0.421984
vt 0.821219 0.422654
vt 0.558149 0.429580
vt 0.922331 0.421984
vt 0.846237 0.422654
vt 0.588544 0.429580
vt 0.546299 0.428915
vt 0.743441 0.429585
vt 0.770866 0.429580
vt 0.708333 0.429037
vt 0.960324 0.421921
vt 0.920554 0.422203
vt 0.618926 0.429580
vt 0.571377 0.428915
vt 0.801254 0.429580
vt 0.721792 0.428915
vt 0.996876 0.421875
vt 0.994558 0.421875
vt 0.649314 0.429580
vt 0.629163 0.428915
vt 0.603950 0.428669
vt 0.596455 0.428915
vt 0.831643 0.429580
vt 0.779572 0.428915
vt 0.742549 0.428669
vt 0.746861 0.428915
vt 0.040946 0.421981
vt 0.168706 0.421875
vt 0.122148 0.422628
vt 0.679702 0.429580
vt 0.654231 0.428915
vt 0.867286 0.429580
vt 0.847174 0.429555
vt 0.804641 0.428915
vt 0.071637 0.421984
vt 0.145727 0.422654
vt 0.715345 0.429580
vt 0.696229 0.429555
vt 0.679300 0.428915
vt 0.897674 0.429580
vt 0.829714 0.428915
vt 0.108049 0.421984
vt 0.092448 0.422007
vt 0.170745 0.422654
vt 0.926022 0.429585
vt 0.854768 0.428915
vt 0.138430 0.421984
vt 0.195763 0.422654
vt 0.781250 0.294732
vt 0.765625 0.306393
vt 0.750000 0.294718
vt 0.812500 0.294729
vt 0.796875 0.306395
vt 0.843750 0.294721
vt 0.828125 0.306395
vt 0.875000 0.294714
vt 0.859375 0.306393
vt 0.906250 0.294719
vt 0.890625 0.306393
vt 0.937500 0.294718
vt 0.921875 0.306392
vt 0.968750 0.294716
vt 0.953125 0.306394
vt 1.000000 0.299632
vt 0.984375 0.306378
vt 0.031250 0.294710
vt 0.015625 0.306378
vt 0.000000 0.299632
vt 0.062500 0.294709
vt 0.046875 0.306392
vt 0.093750 0.294714
vt 0.078125 0.306393
vt 0.125000 0.294707
vt 0.109375 0.306394
vt 0.156250 0.294712
vt 0.140625 0.306392
vt 0.187500 0.294712
vt 0.171875 0.306393
vt 0.218750 0.294710
vt 0.203125 0.306394
vt 0.250000 0.294707
vt 0.234375 0.306393
vt 0.281250 0.294710
vt 0.265625 0.306393
vt 0.312500 0.294712
vt 0.296875 0.306392
vt 0.343750 0.294712
vt 0.328125 0.306393
vt 0.375000 0.294707
vt 0.359375 0.306393
vt 0.406250 0.294714
vt 0.390625 0.306393
vt 0.437500 0.294708
vt 0.421875 0.306393
vt 0.468750 0.294711
vt 0.453125 0.306393
vt 0.500000 0.294714
vt 0.484375 0.306393
vt 0.531250 0.294717
vt 0.515625 0.306393
vt 0.562500 0.294714
vt 0.546875 0.306393
vt 0.593750 0.294713
vt 0.578125 0.306393
vt 0.625000 0.294709
vt 0.609375 0.306394
vt 0.656250 0.294714
vt 0.640625 0.306392
vt 0.687500 0.294714
vt 0.671875 0.306393
vt 0.718750 0.294713
vt 0.703125 0.306393
vt 0.734375 0.306392
vt 0.750000 0.369792
vt 0.718750 0.369792
vt 0.687500 0.369792
vt 0.656250 0.369792
vt 0.625000 0.369792
vt 0.593750 0.369792
vt 0.562500 0.369792
vt 0.531250 0.369792
vt 0.500000 0.369792
vt 0.468750 0.369792
vt 0.437500 0.369792
vt 0.406250 0.369792
vt 0.419726 0.965711
vt 0.375000 0.369792
vt 0.343750 0.369792
vt 0.312500 0.369792
vt 0.275461 0.936642
vt 0.281250 0.369792
vt 0.250000 0.369792
vt 0.218750 0.369792
vt 0.187500 0.369792
vt 0.156250 0.369792
vt 0.125000 0.369792
vt 0.111524 0.965711
vt 0.093750 0.369792
vt 0.062500 0.369792
vt 0.049024 0.965711
vt 0.031250 0.369792
vt 0.000000 0.375000
vt 0.994217 0.936643
vt 1.000000 0.375000
vt 0.968750 0.369792
vt 0.937500 0.369792
vt 0.922406 0.964272
vt 0.906250 0.369792
vt 0.875000 0.369792
vt 0.843750 0.369792
vt 0.812500 0.369792
vt 0.781250 0.369792
vt 0.781250 0.264118
vt 0.750000 0.264118
vt 0.812500 0.264118
vt 0.843750 0.264118
vt 0.875000 0.264118
vt 0.906250 0.264118
vt 0.937500 0.264118
vt 0.968750 0.264118
vt 1.000000 0.258253
vt 0.031250 0.264118
vt 0.000000 0.258253
vt 0.062500 0.264118
vt 0.093750 0.264118
vt 0.125000 0.264118
vt 0.156250 0.264118
vt 0.187500 0.264118
vt 0.218750 0.264118
vt 0.250000 0.264118
vt 0.281250 0.264118
vt 0.312500 0.264118
vt 0.343750 0.264118
vt 0.375000 0.264118
vt 0.406250 0.264118
vt 0.437500 0.264118
vt 0.468750 0.264118
vt 0.500000 0.264118
vt 0.531250 0.264118
vt 0.562500 0.264118
vt 0.593750 0.264118
vt 0.625000 0.264118
vt 0.656250 0.264118
vt 0.687500 0.264118
vt 0.718750 0.264118
vt 0.000000 0.421875
vt 0.428964 0.422654
vt 0.453982 0.422654
vt 0.499888 0.425782
vt 0.750000 0.245244
vt 0.734375 0.245251
vt 0.718750 0.245244
vt 0.756671 0.185328
vt 0.734375 0.185833
vt 0.741201 0.129884
vt 0.712081 0.185328
vt 0.711149 0.110406
vt 0.742398 0.110406
vt 0.703125 0.245251
vt 0.687500 0.245244
vt 0.680830 0.185328
vt 0.709949 0.129883
vt 0.734358 0.096790
vt 0.707622 0.089650
vt 0.679897 0.110406
vt 0.671875 0.245251
vt 0.656250 0.245244
vt 0.656250 0.184952
vt 0.678698 0.129883
vt 0.678362 0.089124
vt 0.648645 0.110406
vt 0.648213 0.090274
vt 0.640625 0.245251
vt 0.625000 0.245244
vt 0.631670 0.185327
vt 0.647449 0.129883
vt 0.617397 0.110406
vt 0.615263 0.093346
vt 0.609375 0.245251
vt 0.593750 0.245244
vt 0.600421 0.185329
vt 0.616197 0.129883
vt 0.586147 0.110406
vt 0.578125 0.245251
vt 0.555542 0.245247
vt 0.569172 0.185327
vt 0.584950 0.129883
vt 0.570495 0.096790
vt 0.554898 0.110406
vt 0.524291 0.245247
vt 0.537933 0.185328
vt 0.553687 0.129888
vt 0.539242 0.096790
vt 0.523647 0.110406
vt 0.506699 0.185329
vt 0.522438 0.129887
vt 0.507990 0.090277
vt 0.492397 0.110406
vt 0.493040 0.245247
vt 0.468750 0.245244
vt 0.484375 0.185833
vt 0.491189 0.129887
vt 0.462052 0.185330
vt 0.476741 0.090278
vt 0.461147 0.110406
vt 0.430806 0.185329
vt 0.459937 0.129886
vt 0.445491 0.090276
vt 0.429895 0.110406
vt 0.444461 0.245247
vt 0.421875 0.245251
vt 0.406250 0.245245
vt 0.399569 0.185323
vt 0.428689 0.129887
vt 0.414239 0.090277
vt 0.398645 0.110406
vt 0.382992 0.090278
vt 0.397438 0.129886
vt 0.367399 0.110406
vt 0.381961 0.245248
vt 0.368319 0.185322
vt 0.359375 0.245251
vt 0.343750 0.245245
vt 0.337070 0.185324
vt 0.366186 0.129886
vt 0.351739 0.090278
vt 0.336144 0.110406
vt 0.320490 0.090276
vt 0.334936 0.129886
vt 0.304896 0.110406
vt 0.328125 0.245251
vt 0.312500 0.245245
vt 0.305820 0.185322
vt 0.296875 0.245251
vt 0.274288 0.245248
vt 0.281250 0.184939
vt 0.303690 0.129887
vt 0.289237 0.090277
vt 0.273647 0.110406
vt 0.250000 0.245245
vt 0.256679 0.185323
vt 0.272439 0.129886
vt 0.257989 0.090277
vt 0.242397 0.110406
vt 0.234375 0.245251
vt 0.218750 0.245245
vt 0.234375 0.185833
vt 0.241187 0.129886
vt 0.212068 0.185322
vt 0.226742 0.090277
vt 0.211147 0.110406
vt 0.203125 0.245251
vt 0.187500 0.245245
vt 0.187500 0.184941
vt 0.209941 0.129887
vt 0.195492 0.090277
vt 0.179894 0.110406
vt 0.171875 0.245251
vt 0.156250 0.245245
vt 0.162930 0.185323
vt 0.178690 0.129886
vt 0.164241 0.090276
vt 0.148648 0.110406
vt 0.140625 0.245251
vt 0.118039 0.245248
vt 0.131682 0.185322
vt 0.147439 0.129886
vt 0.132992 0.090278
vt 0.117397 0.110406
vt 0.100431 0.185322
vt 0.116189 0.129887
vt 0.101741 0.090278
vt 0.086145 0.110406
vt 0.093750 0.245245
vt 0.078125 0.245251
vt 0.055539 0.245247
vt 0.069193 0.185329
vt 0.084940 0.129887
vt 0.070489 0.090276
vt 0.054897 0.110406
vt 0.046875 0.185833
vt 0.053689 0.129887
vt 0.024553 0.185388
vt 0.039242 0.090277
vt 0.023647 0.110322
vt 0.031250 0.245361
vt 0.015625 0.245260
vt 0.000000 0.245359
vt 0.000000 0.186554
vt 0.022439 0.129637
vt 0.008013 0.089587
vt 0.000000 0.109375
vt 1.000000 0.089014
vt 0.992396 0.109793
vt 0.976750 0.090209
vt 0.991185 0.127368
vt 0.961147 0.110406
vt 0.968750 0.245245
vt 0.993040 0.245315
vt 0.993318 0.186305
vt 0.962071 0.185326
vt 0.944460 0.245247
vt 0.930829 0.185327
vt 0.959938 0.129888
vt 0.945532 0.090275
vt 0.929897 0.110406
vt 0.921875 0.245251
vt 0.906250 0.245244
vt 0.906250 0.184952
vt 0.928699 0.129883
vt 0.915388 0.089123
vt 0.898650 0.110406
vt 0.886128 0.089650
vt 0.890625 0.245251
vt 0.875000 0.245244
vt 0.881671 0.185328
vt 0.897448 0.129882
vt 0.867397 0.110406
vt 0.854876 0.089650
vt 0.859375 0.245251
vt 0.843750 0.245244
vt 0.850420 0.185328
vt 0.866198 0.129883
vt 0.836002 0.105430
vt 0.828125 0.245251
vt 0.812500 0.245244
vt 0.828125 0.185833
vt 0.834951 0.129884
vt 0.805830 0.185327
vt 0.804752 0.105430
vt 0.796875 0.245251
vt 0.781250 0.245244
vt 0.781250 0.184952
vt 0.803698 0.129883
vt 0.773645 0.110406
vt 0.765625 0.245251
vt 0.772451 0.129883
vt 0.773210 0.090275
vt 0.796904 0.082472
vt 0.750035 0.082472
vt 0.812531 0.087841
vt 0.843720 0.082472
vt 0.890653 0.082472
vt 0.929359 0.082472
vt 0.968760 0.082423
vt 1.000000 0.080739
vt 0.039337 0.082472
vt 0.008084 0.081561
vt 0.070594 0.082472
vt 0.109348 0.082472
vt 0.156283 0.082472
vt 0.195594 0.082472
vt 0.234402 0.082472
vt 0.273158 0.082472
vt 0.304406 0.082472
vt 0.343717 0.082472
vt 0.390652 0.082472
vt 0.437467 0.082472
vt 0.476848 0.082472
vt 0.508099 0.082472
vt 0.539356 0.082472
vt 0.570641 0.082472
vt 0.546807 0.087841
vt 0.609347 0.082472
vt 0.593786 0.087841
vt 0.656279 0.082472
vt 0.703096 0.082472
vt 0.741944 0.087841
vt 0.789396 0.232141
vt 0.758144 0.232141
vt 0.820645 0.232141
vt 0.851895 0.232141
vt 0.883146 0.232141
vt 0.914397 0.232141
vt 0.945646 0.232141
vt 0.976896 0.232482
vt 1.000000 0.239998
vt 0.008146 0.236243
vt 0.054349 0.232141
vt 0.101893 0.232141
vt 0.078125 0.232141
vt 0.133146 0.232141
vt 0.164396 0.232141
vt 0.195645 0.232141
vt 0.226895 0.232141
vt 0.258145 0.232141
vt 0.289395 0.232141
vt 0.320644 0.232141
vt 0.351894 0.232141
vt 0.383144 0.232141
vt 0.414400 0.232141
vt 0.445651 0.232141
vt 0.476895 0.232141
vt 0.508144 0.232141
vt 0.539396 0.232141
vt 0.570645 0.232141
vt 0.601896 0.232141
vt 0.633145 0.232141
vt 0.664395 0.232141
vt 0.695645 0.232141
vt 0.726893 0.232141
vt 0.726838 0.212559
vt 0.758087 0.212559
vt 0.695588 0.212559
vt 0.664337 0.212559
vt 0.633088 0.212559
vt 0.601839 0.212559
vt 0.570589 0.212559
vt 0.539338 0.212559
vt 0.508091 0.212559
vt 0.476841 0.212559
vt 0.445594 0.212559
vt 0.414340 0.212559
vt 0.383087 0.212559
vt 0.351837 0.212559
vt 0.320587 0.212559
vt 0.289337 0.212559
vt 0.258087 0.212559
vt 0.226837 0.212559
vt 0.195587 0.212559
vt 0.164337 0.212559
vt 0.133087 0.212559
vt 0.101837 0.212559
vt 0.070589 0.212559
vt 0.039341 0.212559
vt 0.008091 0.213235
vt 1.000000 0.213749
vt 0.976837 0.212661
vt 0.945588 0.212559
vt 0.914338 0.212559
vt 0.883088 0.212559
vt 0.851837 0.212559
vt 0.820589 0.212559
vt 0.789337 0.212559
vt 0.000000 0.125000
vt 0.742188 0.031250
vt 0.731543 0.037345
vt 0.734375 0.000000
vt 0.714756 0.060451
vt 0.648438 0.031250
vt 0.645973 0.055498
vt 0.640625 0.000000
vt 0.585938 0.031250
vt 0.575293 0.037344
vt 0.578125 0.000000
vt 0.588802 0.059299
vt 0.460938 0.031250
vt 0.450293 0.037344
vt 0.453125 0.000000
vt 0.508032 0.059730
vt 0.330966 0.037334
vt 0.320313 0.031250
vt 0.328125 0.000000
vt 0.156226 0.060396
vt 0.205598 0.034287
vt 0.249956 0.059225
vt 0.179688 0.031250
vt 0.169019 0.037316
vt 0.171875 0.000000
vt 0.085938 0.031250
vt 0.075270 0.037316
vt 0.078125 0.000000
vt 0.073515 0.059892
vt 0.929688 0.031250
vt 0.919020 0.037316
vt 0.921875 0.000000
vt 0.953157 0.059122
vt 0.858883 0.060219
vt 0.833327 0.034445
vt 0.820313 0.031250
vt 0.828125 0.000000
vt 0.757150 0.070627
vt 0.678478 0.076047
vt 0.663398 0.070627
vt 0.651057 0.065309
vt 0.744531 0.065466
vt 0.615977 0.076047
vt 0.585504 0.070627
vt 0.546855 0.065466
vt 0.553488 0.076047
vt 0.523005 0.070627
vt 0.460510 0.070627
vt 0.458818 0.065466
vt 0.490985 0.076047
vt 0.398007 0.070627
vt 0.380424 0.065466
vt 0.397233 0.076047
vt 0.334735 0.076047
vt 0.335498 0.070627
vt 0.302572 0.065466
vt 0.272235 0.076047
vt 0.257148 0.070627
vt 0.234357 0.065466
vt 0.209733 0.076047
vt 0.179254 0.070627
vt 0.156286 0.065466
vt 0.147234 0.076047
vt 0.116748 0.070627
vt 0.083812 0.065466
vt 0.084736 0.076047
vt 0.054252 0.070627
vt 0.018432 0.064436
vt 0.022234 0.076673
vt 0.007582 0.070601
vt 0.988014 0.070604
vt 0.921860 0.065466
vt 0.993212 0.064008
vt 0.959724 0.076085
vt 0.913397 0.070627
vt 0.835503 0.070627
vt 0.828106 0.065466
vt 0.865978 0.076047
vt 0.803481 0.076047
vt 0.740981 0.076047
vt 0.727333 0.079389
vt 0.664834 0.079389
vt 0.609403 0.079389
vt 0.562451 0.079389
vt 0.515654 0.079389
vt 0.468736 0.079389
vt 0.444555 0.076047
vt 0.421903 0.079389
vt 0.374985 0.079389
vt 0.336398 0.079389
vt 0.289815 0.079389
vt 0.234347 0.079389
vt 0.178938 0.079389
vt 0.125015 0.079389
vt 0.078098 0.079389
vt 0.022683 0.079402
vt 1.000000 0.078125
vt 0.968794 0.079391
vt 1.000000 0.079432
vt 0.914831 0.079389
vt 0.913293 0.076047
vt 0.859350 0.079389
vt 0.819790 0.079389
vt 0.781239 0.079389
vt 0.779428 0.055602
vt 1.000000 0.062503
vt 0.008846 0.058899
vt 0.351776 0.059729
vt 0.428939 0.059845
vt 0.640913 0.054904
vt 0.674360 0.034301
vt 0.549360 0.034301
vt 0.388737 0.034634
vt 0.293285 0.033661
vt 0.113640 0.033268
vt 0.016995 0.034913
vt 0.986848 0.034286
vt 0.750000 0.307495
vt 0.718750 0.307495
vt 0.687500 0.307495
vt 0.656250 0.307495
vt 0.625000 0.307495
vt 0.593750 0.307495
vt 0.562500 0.307495
vt 0.531250 0.307495
vt 0.500000 0.307495
vt 0.468750 0.307495
vt 0.437500 0.307495
vt 0.406250 0.307495
vt 0.375000 0.307495
vt 0.343750 0.307495
vt 0.312500 0.307495
vt 0.281250 0.307495
vt 0.250000 0.307495
vt 0.218750 0.307495
vt 0.187500 0.307495
vt 0.156250 0.307495
vt 0.125000 0.307495
vt 0.093750 0.307495
vt 0.062500 0.307495
vt 0.031250 0.307495
vt 0.000000 0.307098
vt 1.000000 0.307098
vt 0.968750 0.307495
vt 0.937500 0.307495
vt 0.906250 0.307495
vt 0.875000 0.307495
vt 0.843750 0.307495
vt 0.812500 0.307495
vt 0.781250 0.307495
vt 0.765625 0.389648
vt 0.781250 0.389648
vt 0.765625 0.403645
vt 0.750000 0.389648
vt 0.796875 0.389648
vt 0.812500 0.389648
vt 0.796875 0.403647
vt 0.828125 0.389648
vt 0.843750 0.389648
vt 0.828125 0.403649
vt 0.859375 0.389648
vt 0.875000 0.389648
vt 0.859375 0.403652
vt 0.890625 0.389648
vt 0.906250 0.389648
vt 0.890625 0.403638
vt 0.921875 0.389648
vt 0.937500 0.389648
vt 0.921875 0.403636
vt 0.953125 0.389648
vt 0.968750 0.389648
vt 0.953125 0.403638
vt 0.984375 0.389811
vt 1.000000 0.390625
vt 0.984375 0.403863
vt 0.015625 0.389811
vt 0.031250 0.389648
vt 0.015625 0.403863
vt 0.000000 0.390625
vt 0.046875 0.389648
vt 0.062500 0.389648
vt 0.046875 0.403647
vt 0.078125 0.389648
vt 0.093750 0.389648
vt 0.078125 0.403649
vt 0.109375 0.389648
vt 0.125000 0.389648
vt 0.109375 0.403651
vt 0.140625 0.389648
vt 0.156250 0.389648
vt 0.140625 0.403642
vt 0.171875 0.389648
vt 0.187500 0.389648
vt 0.171875 0.403651
vt 0.203125 0.389648
vt 0.218750 0.389648
vt 0.203125 0.403648
vt 0.234375 0.389648
vt 0.250000 0.389648
vt 0.234375 0.403646
vt 0.265625 0.389648
vt 0.281250 0.389648
vt 0.265625 0.403645
vt 0.296875 0.389648
vt 0.312500 0.389648
vt 0.296875 0.403648
vt 0.328125 0.389648
vt 0.343750 0.389648
vt 0.328125 0.403649
vt 0.359375 0.389648
vt 0.375000 0.389648
vt 0.359375 0.403646
vt 0.390625 0.389648
vt 0.406250 0.389648
vt 0.390625 0.403647
vt 0.421875 0.389648
vt 0.437500 0.389648
vt 0.421875 0.403645
vt 0.453125 0.389648
vt 0.468750 0.389648
vt 0.453125 0.403647
vt 0.484375 0.389648
vt 0.500000 0.389648
vt 0.484375 0.403645
vt 0.515625 0.389648
vt 0.531250 0.389648
vt 0.515625 0.403647
vt 0.546875 0.389648
vt 0.562500 0.389648
vt 0.546875 0.403639
vt 0.578125 0.389648
vt 0.593750 0.389648
vt 0.578125 0.403635
vt 0.609375 0.389648
vt 0.625000 0.389648
vt 0.609375 0.403637
vt 0.640625 0.389648
vt 0.656250 0.389648
vt 0.640625 0.403641
vt 0.671875 0.389648
vt 0.687500 0.389648
vt 0.671875 0.403646
vt 0.703125 0.389648
vt 0.718750 0.389648
vt 0.703125 0.403646
vt 0.734375 0.389648
vt 0.734375 0.403647
vt 0.781250 0.403649
vt 0.750000 0.403648
vt 0.812500 0.403652
vt 0.843750 0.403644
vt 0.875000 0.403642
vt 0.906250 0.403645
vt 0.937500 0.403646
vt 0.968750 0.403648
vt 1.000000 0.406252
vt 0.031250 0.403650
vt 0.000000 0.406252
vt 0.062500 0.403653
vt 0.093750 0.403645
vt 0.125000 0.403652
vt 0.156250 0.403647
vt 0.187500 0.403649
vt 0.218750 0.403649
vt 0.250000 0.403648
vt 0.281250 0.403649
vt 0.312500 0.403648
vt 0.343750 0.403647
vt 0.375000 0.403648
vt 0.406250 0.403647
vt 0.437500 0.403654
vt 0.468750 0.403650
vt 0.500000 0.403649
vt 0.531250 0.403645
vt 0.562500 0.403648
vt 0.593750 0.403644
vt 0.625000 0.403646
vt 0.656250 0.403643
vt 0.687500 0.403644
vt 0.718750 0.403642
s 1
usemtl Material.002
f 1510/1/1 1518/2/2 442/3/3
f 2/4/4 2036/5/5 1510/1/1
f 2036/5/5 11/6/6 889/7/7
f 1518/2/2 889/7/7 12/8/8
f 1511/9/9 897/10/10 3/11/11
f 442/3/3 2037/12/12 1511/9/9
f 2037/12/12 12/8/8 890/13/13
f 897/10/10 890/13/13 13/14/14
f 883/15/15 898/16/16 4/17/17
f 3/11/11 2038/18/18 883/15/15
f 2038/18/18 13/14/14 891/19/19
f 898/16/16 891/19/19 14/20/20
f 1514/21/21 1506/22/22 77/23/23
f 7/24/24 1506/22/22 1514/21/21
f 5/25/25 2039/26/26 899/27/27
f 884/28/28 898/16/16 2039/26/26
f 898/16/16 892/29/29 2039/26/26
f 2039/26/26 15/30/30 899/27/27
f 885/31/31 8/32/32 440/33/33
f 710/34/34 2040/35/35 1819/36/36
f 1787/37/37 899/27/27 2040/35/35
f 899/27/27 1756/38/38 2040/35/35
f 2040/35/35 679/39/39 1819/36/36
f 1507/40/40 900/41/41 1/42/42
f 440/33/33 886/43/43 1507/40/40
f 900/41/41 886/43/43 9/44/44
f 6/45/45 2041/46/46 901/47/47
f 1513/48/48 1519/49/49 2041/46/46
f 1519/49/49 894/50/50 2041/46/46
f 2041/46/46 17/51/51 901/47/47
f 1508/52/52 1520/53/53 441/54/54
f 1/42/42 2042/55/55 1508/52/52
f 2042/55/55 9/44/44 887/56/56
f 1520/53/53 887/56/56 10/57/57
f 1509/58/58 896/59/59 2/4/4
f 1509/58/58 10/57/57 888/60/60
f 896/59/59 888/60/60 11/6/6
f 887/56/56 912/61/61 10/57/57
f 9/44/44 2043/62/62 887/56/56
f 2043/62/62 22/63/63 903/64/64
f 912/61/61 903/64/64 23/65/65
f 888/60/60 915/66/66 11/6/6
f 10/57/57 904/67/67 888/60/60
f 915/66/66 904/67/67 24/68/68
f 889/7/7 916/69/69 12/8/8
f 11/6/6 2044/70/70 889/7/7
f 2044/70/70 24/68/68 905/71/71
f 916/69/69 905/71/71 25/72/72
f 890/13/13 917/73/73 13/14/14
f 12/8/8 2045/74/74 890/13/13
f 2045/74/74 25/72/72 906/75/75
f 917/73/73 906/75/75 26/76/76
f 891/19/19 918/77/77 14/20/20
f 13/14/14 2046/78/78 891/19/19
f 2046/78/78 26/76/76 907/79/79
f 918/77/77 907/79/79 27/80/80
f 7/24/24 1514/81/21 21/82/81
f 1521/83/82 1514/81/21 77/84/23
f 21/82/81 1514/81/21 1521/83/82
f 15/30/30 2047/85/83 919/86/84
f 892/29/29 918/77/77 2047/85/83
f 918/77/77 908/87/85 2047/85/83
f 2047/85/83 28/88/86 919/86/84
f 21/82/81 921/89/87 885/31/31
f 679/39/39 2048/90/88 1818/91/89
f 1756/38/38 919/86/84 2048/90/88
f 919/86/84 1757/92/90 2048/90/88
f 2048/90/88 680/93/91 1818/91/89
f 886/43/43 913/94/92 9/44/44
f 8/32/32 902/95/93 886/43/43
f 913/94/92 902/95/93 22/63/63
f 920/96/94 910/97/95 894/50/50
f 894/50/50 30/98/96 17/51/51
f 907/79/79 932/99/97 27/80/80
f 26/76/76 2049/100/98 907/79/79
f 2049/100/98 40/101/99 927/102/100
f 932/99/97 927/102/100 41/103/101
f 21/82/81 1521/104/82 34/105/102
f 28/88/86 2050/106/103 934/107/104
f 908/87/85 932/99/97 2050/106/103
f 932/99/97 928/108/105 2050/106/103
f 2050/106/103 42/109/106 934/107/104
f 8/32/32 921/89/87 35/110/107
f 680/93/91 2051/111/108 1817/112/109
f 1757/92/90 934/107/104 2051/111/108
f 934/107/104 1758/113/110 2051/111/108
f 2051/111/108 681/114/111 1817/112/109
f 902/95/93 936/115/112 22/63/63
f 8/32/32 922/116/113 902/95/93
f 936/115/112 922/116/113 36/117/114
f 910/97/95 935/118/115 930/119/116
f 930/119/116 44/120/117 30/98/96
f 903/64/64 937/121/118 23/65/65
f 22/63/63 2052/122/119 903/64/64
f 2052/122/119 36/117/114 923/123/120
f 937/121/118 923/123/120 37/124/121
f 904/67/67 939/125/122 24/68/68
f 23/65/65 924/126/123 904/67/67
f 939/125/122 924/126/123 38/127/124
f 905/71/71 940/128/125 25/72/72
f 24/68/68 2053/129/126 905/71/71
f 2053/129/126 38/127/124 925/130/127
f 940/128/125 925/130/127 39/131/128
f 906/75/75 933/132/129 26/76/76
f 25/72/72 2054/133/130 906/75/75
f 2054/133/130 39/131/128 926/134/131
f 933/132/129 926/134/131 40/101/99
f 924/126/123 952/135/132 38/127/124
f 37/124/121 943/136/133 924/126/123
f 952/135/132 943/136/133 53/137/134
f 925/130/127 954/138/135 39/131/128
f 38/127/124 2055/139/136 925/130/127
f 2055/139/136 53/137/134 944/140/137
f 954/138/135 944/140/137 54/141/138
f 926/134/131 955/142/139 40/101/99
f 39/131/128 2056/143/140 926/134/131
f 2056/143/140 54/141/138 945/144/141
f 955/142/139 945/144/141 55/145/142
f 927/102/100 956/146/143 41/103/101
f 40/101/99 2057/147/144 927/102/100
f 2057/147/144 55/145/142 946/148/145
f 956/146/143 946/148/145 56/149/146
f 1522/150/147 1521/151/82 77/152/23
f 42/109/106 2058/153/148 957/154/149
f 928/108/105 956/146/143 2058/153/148
f 956/146/143 947/155/150 2058/153/148
f 2058/153/148 57/156/151 957/154/149
f 35/110/107 921/89/87 50/157/152
f 34/105/102 960/158/153 921/89/87
f 681/114/111 2059/159/154 1816/160/155
f 1758/113/110 957/154/149 2059/159/154
f 957/154/149 1759/161/156 2059/159/154
f 2059/159/154 682/162/157 1816/160/155
f 922/116/113 959/163/158 36/117/114
f 35/110/107 2060/164/159 922/116/113
f 2060/164/159 50/157/152 941/165/160
f 959/163/158 941/165/160 51/166/161
f 930/119/116 958/167/162 949/168/163
f 949/168/163 59/169/164 44/120/117
f 923/123/120 953/170/165 37/124/121
f 36/117/114 2061/171/166 923/123/120
f 2061/171/166 51/166/161 942/172/167
f 953/170/165 942/172/167 52/173/168
f 57/156/151 2062/174/169 971/175/170
f 947/155/150 972/176/171 2062/174/169
f 972/176/171 967/177/172 2062/174/169
f 2062/174/169 70/178/173 971/175/170
f 50/157/152 960/158/153 63/179/174
f 682/162/157 2063/180/175 1815/181/176
f 1759/161/156 971/175/170 2063/180/175
f 971/175/170 1760/182/177 2063/180/175
f 2063/180/175 683/183/178 1815/181/176
f 941/165/160 974/184/179 51/166/161
f 941/165/160 63/179/174 961/185/180
f 974/184/179 961/185/180 64/186/181
f 59/169/164 969/187/182 72/188/183
f 949/168/163 973/189/184 969/187/182
f 942/172/167 975/190/185 52/173/168
f 51/166/161 2064/191/186 942/172/167
f 2064/191/186 64/186/181 962/192/187
f 975/190/185 962/192/187 65/193/188
f 943/136/133 977/194/189 53/137/134
f 52/173/168 2065/195/190 943/136/133
f 2065/195/190 65/193/188 963/196/191
f 977/194/189 963/196/191 66/197/192
f 944/140/137 978/198/193 54/141/138
f 53/137/134 2066/199/194 944/140/137
f 2066/199/194 66/197/192 964/200/195
f 978/198/193 964/200/195 67/201/196
f 945/144/141 979/202/197 55/145/142
f 54/141/138 2067/203/198 945/144/141
f 2067/203/198 67/201/196 965/204/199
f 979/202/197 965/204/199 68/205/200
f 946/148/145 972/176/171 56/149/146
f 55/145/142 2068/206/201 946/148/145
f 2068/206/201 68/205/200 966/207/202
f 972/176/171 966/207/202 69/208/203
f 964/200/195 993/209/204 67/201/196
f 66/197/192 2069/210/205 964/200/195
f 2069/210/205 81/211/206 985/212/207
f 993/209/204 985/212/207 82/213/208
f 965/204/199 995/214/209 68/205/200
f 67/201/196 2070/215/210 965/204/199
f 2070/215/210 82/213/208 986/216/211
f 995/214/209 986/216/211 83/217/212
f 966/207/202 996/218/213 69/208/203
f 68/205/200 2071/219/214 966/207/202
f 2071/219/214 83/217/212 987/220/215
f 996/218/213 987/220/215 84/221/216
f 980/222/217 1522/223/147 77/224/23
f 70/178/173 2072/225/218 997/226/219
f 967/177/172 996/218/213 2072/225/218
f 996/218/213 988/227/220 2072/225/218
f 2072/225/218 85/228/221 997/226/219
f 960/158/153 49/229/222 981/230/223
f 981/230/223 92/231/224 63/179/174
f 683/183/178 2073/232/225 1814/233/226
f 1760/182/177 997/226/219 2073/232/225
f 997/226/219 1761/234/227 2073/232/225
f 2073/232/225 684/235/228 1814/233/226
f 961/185/180 999/236/229 64/186/181
f 961/185/180 92/231/224 982/237/230
f 999/236/229 982/237/230 79/238/231
f 72/188/183 990/239/232 87/240/233
f 969/187/182 998/241/234 990/239/232
f 962/192/187 1000/242/235 65/193/188
f 64/186/181 2074/243/236 962/192/187
f 2074/243/236 79/238/231 983/244/237
f 1000/242/235 983/244/237 80/245/238
f 963/196/191 994/246/239 66/197/192
f 963/196/191 80/245/238 984/247/240
f 994/246/239 984/247/240 81/211/206
f 981/230/223 78/248/241 1001/249/242
f 684/235/228 2075/250/243 1813/251/244
f 1761/234/227 1013/252/245 2075/250/243
f 1013/252/245 1762/253/246 2075/250/243
f 2075/250/243 685/254/247 1813/251/244
f 982/237/230 1014/255/248 79/238/231
f 982/237/230 92/231/224 1002/256/249
f 1014/255/248 1002/256/249 93/257/250
f 87/240/233 1010/258/251 1015/259/252
f 990/239/232 1012/260/253 1010/258/251
f 1010/258/251 101/261/254 1015/259/252
f 983/244/237 1016/262/255 80/245/238
f 79/238/231 2076/263/256 983/244/237
f 2076/263/256 93/257/250 1003/264/257
f 1016/262/255 1003/264/257 94/265/258
f 984/247/240 1018/266/259 81/211/206
f 984/247/240 94/265/258 1004/267/260
f 1018/266/259 1004/267/260 95/268/261
f 985/212/207 1019/269/262 82/213/208
f 81/211/206 2077/270/263 985/212/207
f 2077/270/263 95/268/261 1005/271/264
f 1019/269/262 1005/271/264 96/272/265
f 986/216/211 1020/273/266 83/217/212
f 82/213/208 2078/274/267 986/216/211
f 2078/274/267 96/272/265 1006/275/268
f 1020/273/266 1006/275/268 97/276/269
f 987/220/215 1021/277/270 84/221/216
f 83/217/212 2079/278/271 987/220/215
f 2079/278/271 97/276/269 1007/279/272
f 1021/277/270 1007/279/272 98/280/273
f 1524/281/274 980/282/217 77/283/23
f 85/228/221 2080/284/275 1013/252/245
f 988/227/220 1021/277/270 2080/284/275
f 1021/277/270 1008/285/276 2080/284/275
f 2080/284/275 99/286/277 1013/252/245
f 1005/271/264 1032/287/278 96/272/265
f 95/268/261 2081/288/279 1005/271/264
f 2081/288/279 108/289/280 1025/290/281
f 1032/287/278 1025/290/281 109/291/282
f 1006/275/268 1034/292/283 97/276/269
f 96/272/265 2082/293/284 1006/275/268
f 2082/293/284 109/291/282 1026/294/285
f 1034/292/283 1026/294/285 110/295/286
f 1007/279/272 1035/296/287 98/280/273
f 97/276/269 2083/297/288 1007/279/272
f 2083/297/288 110/295/286 1027/298/289
f 1035/296/287 1027/298/289 111/299/290
f 99/286/277 2084/300/291 1036/301/292
f 1008/285/276 1035/296/287 2084/300/291
f 1035/296/287 1028/302/293 2084/300/291
f 2084/300/291 112/303/294 1036/301/292
f 92/231/224 1001/249/242 105/304/295
f 685/254/247 2085/305/296 1812/306/297
f 1762/253/246 1036/301/292 2085/305/296
f 1036/301/292 1763/307/298 2085/305/296
f 2085/305/296 686/308/299 1812/306/297
f 1002/256/249 1038/309/300 93/257/250
f 1002/256/249 105/304/295 1022/310/301
f 1038/309/300 1022/310/301 106/311/302
f 1010/258/251 1037/312/303 1030/313/304
f 1030/313/304 114/314/305 101/261/254
f 1003/264/257 1039/315/306 94/265/258
f 93/257/250 2086/316/307 1003/264/257
f 2086/316/307 106/311/302 1023/317/308
f 1039/315/306 1023/317/308 107/318/309
f 1004/267/260 1033/319/310 95/268/261
f 1004/267/260 107/318/309 1024/320/311
f 1033/319/310 1024/320/311 108/289/280
f 686/308/299 2087/321/312 1811/322/313
f 1763/307/298 1053/323/314 2087/321/312
f 1053/323/314 1764/324/315 2087/321/312
f 2087/321/312 687/325/316 1811/322/313
f 1022/310/301 1054/326/317 106/311/302
f 105/304/295 1042/327/318 1022/310/301
f 1054/326/317 1042/327/318 121/328/319
f 114/314/305 2088/329/320 129/330/321
f 1030/313/304 1052/331/322 2088/329/320
f 1052/331/322 1050/332/323 2088/329/320
f 1023/317/308 1055/333/324 107/318/309
f 106/311/302 2089/334/325 1023/317/308
f 2089/334/325 121/328/319 1043/335/326
f 1055/333/324 1043/335/326 122/336/327
f 1024/320/311 1057/337/328 108/289/280
f 1024/320/311 122/336/327 1044/338/329
f 1057/337/328 1044/338/329 123/339/330
f 1025/290/281 1059/340/331 109/291/282
f 108/289/280 2090/341/332 1025/290/281
f 2090/341/332 123/339/330 1045/342/333
f 1059/340/331 1045/342/333 124/343/334
f 1026/294/285 1060/344/335 110/295/286
f 109/291/282 2091/345/336 1026/294/285
f 2091/345/336 124/343/334 1046/346/337
f 1060/344/335 1046/346/337 125/347/338
f 1027/298/289 1061/348/339 111/299/290
f 110/295/286 2092/349/340 1027/298/289
f 2092/349/340 125/347/338 1047/350/341
f 1061/348/339 1047/350/341 126/351/342
f 91/352/343 1525/353/344 119/354/345
f 1525/353/344 1524/355/274 77/356/23
f 112/303/294 2093/357/346 1053/323/314
f 1028/302/293 1061/348/339 2093/357/346
f 1061/348/339 1048/358/347 2093/357/346
f 2093/357/346 127/359/348 1053/323/314
f 105/304/295 1041/360/349 120/361/350
f 1001/249/242 119/354/345 1041/360/349
f 1046/346/337 1072/362/351 125/347/338
f 124/343/334 2094/363/352 1046/346/337
f 2094/363/352 138/364/353 1066/365/354
f 1072/362/351 1066/365/354 139/366/355
f 1047/350/341 1074/367/356 126/351/342
f 125/347/338 2095/368/357 1047/350/341
f 2095/368/357 139/366/355 1067/369/358
f 1074/367/356 1067/369/358 140/370/359
f 119/354/345 1525/371/344 133/372/360
f 1526/373/361 1525/371/344 77/374/23
f 133/372/360 1525/371/344 1526/373/361
f 127/359/348 2096/375/362 1075/376/363
f 1048/358/347 1074/367/356 2096/375/362
f 1074/367/356 1068/377/364 2096/375/362
f 2096/375/362 141/378/365 1075/376/363
f 120/361/350 1041/360/349 134/379/366
f 687/325/316 2097/380/367 1810/381/368
f 1764/324/315 1075/376/363 2097/380/367
f 1075/376/363 1765/382/369 2097/380/367
f 2097/380/367 688/383/370 1810/381/368
f 1042/327/318 1077/384/371 121/328/319
f 120/361/350 1062/385/372 1042/327/318
f 1077/384/371 1062/385/372 135/386/373
f 129/330/321 1050/332/323 143/387/374
f 1076/388/375 1070/389/376 1050/332/323
f 1043/335/326 1078/390/377 122/336/327
f 121/328/319 2098/391/378 1043/335/326
f 2098/391/378 135/386/373 1063/392/379
f 1078/390/377 1063/392/379 136/393/380
f 1044/338/329 1080/394/381 123/339/330
f 1044/338/329 136/393/380 1064/395/382
f 1080/394/381 1064/395/382 137/396/383
f 1045/342/333 1073/397/384 124/343/334
f 123/339/330 2099/398/385 1045/342/333
f 2099/398/385 137/396/383 1065/399/386
f 1073/397/384 1065/399/386 138/364/353
f 1062/385/372 1092/400/387 135/386/373
f 134/379/366 1082/401/388 1062/385/372
f 1092/400/387 1082/401/388 149/402/389
f 143/387/374 1090/403/390 157/404/391
f 1070/389/376 1093/405/392 1090/403/390
f 1063/392/379 1094/406/393 136/393/380
f 135/386/373 2100/407/394 1063/392/379
f 2100/407/394 149/402/389 1083/408/395
f 1094/406/393 1083/408/395 150/409/396
f 1064/395/382 1096/410/397 137/396/383
f 1064/395/382 150/409/396 1084/411/398
f 1096/410/397 1084/411/398 151/412/399
f 1065/399/386 1097/413/400 138/364/353
f 137/396/383 2101/414/401 1065/399/386
f 2101/414/401 151/412/399 1085/415/402
f 1097/413/400 1085/415/402 152/416/403
f 1066/365/354 1098/417/404 139/366/355
f 138/364/353 2102/418/405 1066/365/354
f 2102/418/405 152/416/403 1086/419/406
f 1098/417/404 1086/419/406 153/420/407
f 1067/369/358 1099/421/408 140/370/359
f 139/366/355 2103/422/409 1067/369/358
f 2103/422/409 153/420/407 1087/423/410
f 1099/421/408 1087/423/410 154/424/411
f 141/378/365 2104/425/412 1100/426/413
f 1068/377/364 1099/421/408 2104/425/412
f 1099/421/408 1088/427/414 2104/425/412
f 2104/425/412 155/428/415 1100/426/413
f 134/379/366 1081/429/416 148/430/417
f 1041/360/349 133/372/360 1081/429/416
f 688/383/370 2105/431/418 1809/432/419
f 1765/382/369 1100/426/413 2105/431/418
f 1100/426/413 1766/433/420 2105/431/418
f 2105/431/418 689/434/421 1809/432/419
f 1086/419/406 1111/435/422 153/420/407
f 152/416/403 2106/436/423 1086/419/406
f 2106/436/423 166/437/424 1105/438/425
f 1111/435/422 1105/438/425 167/439/426
f 1087/423/410 1113/440/427 154/424/411
f 153/420/407 2107/441/428 1087/423/410
f 2107/441/428 167/439/426 1106/442/429
f 1113/440/427 1106/442/429 168/443/430
f 1528/444/431 1526/445/361 77/446/23
f 161/447/432 1526/445/361 1528/444/431
f 155/428/415 2108/448/433 1114/449/434
f 1088/427/414 1113/440/427 2108/448/433
f 1113/440/427 1107/450/435 2108/448/433
f 2108/448/433 169/451/436 1114/449/434
f 148/430/417 1081/429/416 162/452/437
f 689/434/421 2109/453/438 1808/454/439
f 1766/433/420 1114/449/434 2109/453/438
f 1114/449/434 1767/455/440 2109/453/438
f 2109/453/438 690/456/441 1808/454/439
f 1082/401/388 1116/457/442 149/402/389
f 148/430/417 2110/458/443 1082/401/388
f 2110/458/443 162/452/437 1101/459/444
f 1116/457/442 1101/459/444 163/460/445
f 157/404/391 1109/461/446 171/462/447
f 1090/403/390 1115/463/448 1109/461/446
f 1083/408/395 1117/464/449 150/409/396
f 149/402/389 2111/465/450 1083/408/395
f 2111/465/450 163/460/445 1102/466/451
f 1117/464/449 1102/466/451 164/467/452
f 1084/411/398 1119/468/453 151/412/399
f 150/409/396 1103/469/454 1084/411/398
f 1119/468/453 1103/469/454 165/470/455
f 1085/415/402 1112/471/456 152/416/403
f 151/412/399 2112/472/457 1085/415/402
f 2112/472/457 165/470/455 1104/473/458
f 1112/471/456 1104/473/458 166/437/424
f 171/462/447 2113/474/459 184/475/460
f 1109/461/446 1131/476/461 2113/474/459
f 1131/476/461 1129/477/462 2113/474/459
f 1102/466/451 1132/478/463 164/467/452
f 163/460/445 2114/479/464 1102/466/451
f 2114/479/464 176/480/465 1122/481/466
f 1132/478/463 1122/481/466 177/482/467
f 1103/469/454 1135/483/468 165/470/455
f 164/467/452 2115/484/469 1103/469/454
f 2115/484/469 177/482/467 1123/485/470
f 1135/483/468 1123/485/470 178/486/471
f 1104/473/458 1136/487/472 166/437/424
f 165/470/455 2116/488/473 1104/473/458
f 2116/488/473 178/486/471 1124/489/474
f 1136/487/472 1124/489/474 179/490/475
f 1105/438/425 1137/491/476 167/439/426
f 166/437/424 2117/492/477 1105/438/425
f 2117/492/477 179/490/475 1125/493/478
f 1137/491/476 1125/493/478 180/494/479
f 1106/442/429 1138/495/480 168/443/430
f 167/439/426 2118/496/481 1106/442/429
f 2118/496/481 180/494/479 1126/497/482
f 1138/495/480 1126/497/482 181/498/483
f 1529/499/484 1528/500/431 77/501/23
f 189/502/485 1528/500/431 1529/499/484
f 169/451/436 2119/503/486 1139/504/487
f 1107/450/435 1138/495/480 2119/503/486
f 1138/495/480 1127/505/488 2119/503/486
f 2119/503/486 182/506/489 1139/504/487
f 162/452/437 1120/507/490 175/508/491
f 1081/429/416 161/447/432 1120/507/490
f 690/456/441 2120/509/492 1807/510/493
f 1767/455/440 1139/504/487 2120/509/492
f 1139/504/487 1768/511/494 2120/509/492
f 2120/509/492 691/512/495 1807/510/493
f 1101/459/444 1133/513/496 163/460/445
f 1101/459/444 175/508/491 1121/514/497
f 1133/513/496 1121/514/497 176/480/465
f 1126/497/482 1150/515/498 181/498/483
f 180/494/479 2121/516/499 1126/497/482
f 2121/516/499 195/517/500 1145/518/501
f 1150/515/498 1145/518/501 196/519/502
f 182/506/489 2122/520/503 1152/521/504
f 1127/505/488 1150/515/498 2122/520/503
f 1150/515/498 1146/522/505 2122/520/503
f 2122/520/503 197/523/506 1152/521/504
f 175/508/491 1120/507/490 190/524/507
f 691/512/495 2123/525/508 1806/526/509
f 1768/511/494 1152/521/504 2123/525/508
f 1152/521/504 1769/527/510 2123/525/508
f 2123/525/508 692/528/511 1806/526/509
f 1121/514/497 1154/529/512 176/480/465
f 1121/514/497 190/524/507 1140/530/513
f 1154/529/512 1140/530/513 191/531/514
f 184/475/460 1129/477/462 199/532/515
f 1153/533/516 1148/534/517 1129/477/462
f 1122/481/466 1155/535/518 177/482/467
f 176/480/465 2124/536/519 1122/481/466
f 2124/536/519 191/531/514 1141/537/520
f 1155/535/518 1141/537/520 192/538/521
f 1123/485/470 1157/539/522 178/486/471
f 1123/485/470 192/538/521 1142/540/523
f 1157/539/522 1142/540/523 193/541/524
f 1124/489/474 1158/542/525 179/490/475
f 178/486/471 2125/543/526 1124/489/474
f 2125/543/526 193/541/524 1143/544/527
f 1158/542/525 1143/544/527 194/545/528
f 1125/493/478 1151/546/529 180/494/479
f 179/490/475 2126/547/530 1125/493/478
f 2126/547/530 194/545/528 1144/548/531
f 1151/546/529 1144/548/531 195/517/500
f 1142/540/523 1172/549/532 193/541/524
f 192/538/521 1162/550/533 1142/540/523
f 1172/549/532 1162/550/533 207/551/534
f 1143/544/527 1174/552/535 194/545/528
f 193/541/524 2127/553/536 1143/544/527
f 2127/553/536 207/551/534 1163/554/537
f 1174/552/535 1163/554/537 208/555/538
f 1144/548/531 1175/556/539 195/517/500
f 194/545/528 2128/557/540 1144/548/531
f 2128/557/540 208/555/538 1164/558/541
f 1175/556/539 1164/558/541 209/559/542
f 1145/518/501 1176/560/543 196/519/502
f 195/517/500 2129/561/544 1145/518/501
f 2129/561/544 209/559/542 1165/562/545
f 1176/560/543 1165/562/545 210/563/546
f 1531/564/547 1529/565/484 77/566/23
f 197/523/506 2130/567/548 1177/568/549
f 1146/522/505 1176/560/543 2130/567/548
f 1176/560/543 1166/569/550 2130/567/548
f 2130/567/548 211/570/551 1177/568/549
f 1120/507/490 189/502/485 1159/571/552
f 1159/571/552 204/572/553 190/524/507
f 692/528/511 2131/573/554 1805/574/555
f 1769/527/510 1177/568/549 2131/573/554
f 1177/568/549 1770/575/556 2131/573/554
f 2131/573/554 693/576/557 1805/574/555
f 1140/530/513 1179/577/558 191/531/514
f 1140/530/513 204/572/553 1160/578/559
f 1179/577/558 1160/578/559 205/579/560
f 199/532/515 1168/580/561 1171/581/562
f 1148/534/517 1178/582/563 1168/580/561
f 1168/580/561 213/583/564 1171/581/562
f 1141/537/520 1173/584/565 192/538/521
f 191/531/514 2132/585/566 1141/537/520
f 2132/585/566 205/579/560 1161/586/567
f 1173/584/565 1161/586/567 206/587/568
f 1532/588/569 1531/589/547 77/590/23
f 211/570/551 2133/591/570 1190/592/571
f 1166/569/550 1191/593/572 2133/591/570
f 1191/593/572 1186/594/573 2133/591/570
f 2133/591/570 224/595/574 1190/592/571
f 1159/571/552 217/596/575 204/572/553
f 693/576/557 2134/597/576 1804/598/577
f 1770/575/556 1190/592/571 2134/597/576
f 1190/592/571 1771/599/578 2134/597/576
f 2134/597/576 694/600/579 1804/598/577
f 1160/578/559 1193/601/580 205/579/560
f 1160/578/559 217/596/575 1180/602/581
f 1193/601/580 1180/602/581 218/603/582
f 1168/580/561 1192/604/583 2135/605/584
f 1192/604/583 1188/606/585 2135/605/584
f 2135/605/584 226/607/586 213/583/564
f 1161/586/567 1194/608/587 206/587/568
f 205/579/560 2136/609/588 1161/586/567
f 2136/609/588 218/603/582 1181/610/589
f 1194/608/587 1181/610/589 219/611/590
f 1162/550/533 1196/612/591 207/551/534
f 206/587/568 2137/613/592 1162/550/533
f 2137/613/592 219/611/590 1182/614/593
f 1196/612/591 1182/614/593 220/615/594
f 1163/554/537 1197/616/595 208/555/538
f 207/551/534 2138/617/596 1163/554/537
f 2138/617/596 220/615/594 1183/618/597
f 1197/616/595 1183/618/597 221/619/598
f 1164/558/541 1198/620/599 209/559/542
f 208/555/538 2139/621/600 1164/558/541
f 2139/621/600 221/619/598 1184/622/601
f 1198/620/599 1184/622/601 222/623/602
f 1165/562/545 1191/593/572 210/563/546
f 209/559/542 2140/624/603 1165/562/545
f 2140/624/603 222/623/602 1185/625/604
f 1191/593/572 1185/625/604 223/626/605
f 1182/614/593 1210/627/606 220/615/594
f 1182/614/593 234/628/607 1202/629/608
f 1210/627/606 1202/629/608 235/630/609
f 1183/618/597 1214/631/610 221/619/598
f 220/615/594 2141/632/611 1183/618/597
f 2141/632/611 235/630/609 1203/633/612
f 1214/631/610 1203/633/612 236/634/613
f 1184/622/601 1215/635/614 222/623/602
f 221/619/598 2142/636/615 1184/622/601
f 2142/636/615 236/634/613 1204/637/616
f 1215/635/614 1204/637/616 237/638/617
f 1185/625/604 1216/639/618 223/626/605
f 222/623/602 2143/640/619 1185/625/604
f 2143/640/619 237/638/617 1205/641/620
f 1216/639/618 1205/641/620 238/642/621
f 1533/643/622 1532/644/569 77/645/23
f 231/646/623 1532/644/569 1533/643/622
f 224/595/574 2144/647/624 1217/648/625
f 1186/594/573 1216/639/618 2144/647/624
f 1216/639/618 1206/649/626 2144/647/624
f 2144/647/624 239/650/627 1217/648/625
f 1159/571/552 231/646/623 1199/651/628
f 1199/651/628 232/652/629 217/596/575
f 694/600/579 2145/653/630 1803/654/631
f 1771/599/578 1217/648/625 2145/653/630
f 1217/648/625 1772/655/632 2145/653/630
f 2145/653/630 695/656/633 1803/654/631
f 1180/602/581 1219/657/634 218/603/582
f 217/596/575 1200/658/635 1180/602/581
f 1219/657/634 1200/658/635 233/659/636
f 1218/660/637 1208/661/638 1188/606/585
f 1188/606/585 241/662/639 226/607/586
f 1181/610/589 1211/663/640 219/611/590
f 218/603/582 2146/664/641 1181/610/589
f 2146/664/641 233/659/636 1201/665/642
f 1211/663/640 1201/665/642 234/628/607
f 239/650/627 2147/666/643 1230/667/644
f 1206/649/626 1231/668/645 2147/666/643
f 1231/668/645 1226/669/646 2147/666/643
f 2147/666/643 251/670/647 1230/667/644
f 695/656/633 2148/671/648 1802/672/649
f 1772/655/632 1230/667/644 2148/671/648
f 1230/667/644 1773/673/650 2148/671/648
f 2148/671/648 696/674/651 1802/672/649
f 1200/658/635 1233/675/652 233/659/636
f 232/652/629 1220/676/653 1200/658/635
f 1233/675/652 1220/676/653 245/677/654
f 1232/678/655 1228/679/656 1208/661/638
f 1208/661/638 253/680/657 241/662/639
f 1201/665/642 1234/681/658 234/628/607
f 233/659/636 2149/682/659 1201/665/642
f 2149/682/659 245/677/654 1221/683/660
f 1234/681/658 1221/683/660 246/684/661
f 1202/629/608 1236/685/662 235/630/609
f 1202/629/608 246/684/661 1222/686/663
f 1236/685/662 1222/686/663 247/687/664
f 1203/633/612 1237/688/665 236/634/613
f 235/630/609 2150/689/666 1203/633/612
f 2150/689/666 247/687/664 1223/690/667
f 1237/688/665 1223/690/667 248/691/668
f 1204/637/616 1238/692/669 237/638/617
f 236/634/613 2151/693/670 1204/637/616
f 2151/693/670 248/691/668 1224/694/671
f 1238/692/669 1224/694/671 249/695/672
f 1205/641/620 1231/668/645 238/642/621
f 237/638/617 2152/696/673 1205/641/620
f 2152/696/673 249/695/672 1225/697/674
f 1231/668/645 1225/697/674 250/698/675
f 1534/699/676 1533/700/622 77/701/23
f 257/702/677 1533/700/622 1534/699/676
f 1223/690/667 1251/703/678 248/691/668
f 247/687/664 2153/704/679 1223/690/667
f 2153/704/679 261/705/680 1243/706/681
f 1251/703/678 1243/706/681 262/707/682
f 1224/694/671 1253/708/683 249/695/672
f 248/691/668 2154/709/684 1224/694/671
f 2154/709/684 262/707/682 1244/710/685
f 1253/708/683 1244/710/685 263/711/686
f 1225/697/674 1254/712/687 250/698/675
f 249/695/672 2155/713/688 1225/697/674
f 2155/713/688 263/711/686 1245/714/689
f 1254/712/687 1245/714/689 264/715/690
f 251/670/647 2156/716/691 1255/717/692
f 1226/669/646 1254/712/687 2156/716/691
f 1254/712/687 1246/718/693 2156/716/691
f 2156/716/691 265/719/694 1255/717/692
f 232/652/629 1239/720/695 258/721/696
f 1199/651/628 257/702/677 1239/720/695
f 696/674/651 2157/722/697 1801/723/698
f 1773/673/650 1255/717/692 2157/722/697
f 1255/717/692 1774/724/699 2157/722/697
f 2157/722/697 697/725/700 1801/723/698
f 1220/676/653 1257/726/701 245/677/654
f 232/652/629 1240/727/702 1220/676/653
f 1257/726/701 1240/727/702 259/728/703
f 253/680/657 1248/729/704 267/730/705
f 1228/679/656 1256/731/706 1248/729/704
f 1221/683/660 1258/732/707 246/684/661
f 245/677/654 2158/733/708 1221/683/660
f 2158/733/708 259/728/703 1241/734/709
f 1258/732/707 1241/734/709 260/735/710
f 1222/686/663 1252/736/711 247/687/664
f 1222/686/663 260/735/710 1242/737/712
f 1252/736/711 1242/737/712 261/705/680
f 258/721/696 1239/720/695 273/738/713
f 697/725/700 2159/739/714 1800/740/715
f 1774/724/699 1271/741/716 2159/739/714
f 1271/741/716 1775/742/717 2159/739/714
f 2159/739/714 698/743/718 1800/740/715
f 1240/727/702 1272/744/719 259/728/703
f 258/721/696 2160/745/720 1240/727/702
f 2160/745/720 273/738/713 1259/746/721
f 1272/744/719 1259/746/721 274/747/722
f 267/730/705 2161/748/723 1273/749/724
f 1248/729/704 1270/750/725 2161/748/723
f 1270/750/725 1267/751/726 2161/748/723
f 2161/748/723 282/752/727 1273/749/724
f 1241/734/709 1274/753/728 260/735/710
f 259/728/703 2162/754/729 1241/734/709
f 2162/754/729 274/747/722 1260/755/730
f 1274/753/728 1260/755/730 275/756/731
f 1242/737/712 1276/757/732 261/705/680
f 260/735/710 1261/758/733 1242/737/712
f 1276/757/732 1261/758/733 276/759/734
f 1243/706/681 1277/760/735 262/707/682
f 261/705/680 2163/761/736 1243/706/681
f 2163/761/736 276/759/734 1262/762/737
f 1277/760/735 1262/762/737 277/763/738
f 1244/710/685 1278/764/739 263/711/686
f 262/707/682 2164/765/740 1244/710/685
f 2164/765/740 277/763/738 1263/766/741
f 1278/764/739 1263/766/741 278/767/742
f 1245/714/689 1279/768/743 264/715/690
f 263/711/686 2165/769/744 1245/714/689
f 2165/769/744 278/767/742 1264/770/745
f 1279/768/743 1264/770/745 279/771/746
f 1535/772/747 1534/773/676 77/774/23
f 265/719/694 2166/775/748 1271/741/716
f 1246/718/693 1279/768/743 2166/775/748
f 1279/768/743 1265/776/749 2166/775/748
f 2166/775/748 280/777/750 1271/741/716
f 1262/762/737 1291/778/751 277/763/738
f 276/759/734 2167/779/752 1262/762/737
f 2167/779/752 290/780/753 1284/781/754
f 1291/778/751 1284/781/754 291/782/755
f 1263/766/741 1293/783/756 278/767/742
f 277/763/738 2168/784/757 1263/766/741
f 2168/784/757 291/782/755 1285/785/758
f 1293/783/756 1285/785/758 292/786/759
f 1264/770/745 1294/787/760 279/771/746
f 278/767/742 2169/788/761 1264/770/745
f 2169/788/761 292/786/759 1286/789/762
f 1294/787/760 1286/789/762 293/790/763
f 280/777/750 2170/791/764 1295/792/765
f 1265/776/749 1294/787/760 2170/791/764
f 1294/787/760 1287/793/766 2170/791/764
f 2170/791/764 294/794/767 1295/792/765
f 273/738/713 1280/795/768 287/796/769
f 1239/720/695 272/797/770 1280/795/768
f 698/743/718 2171/798/771 1799/799/772
f 1775/742/717 1295/792/765 2171/798/771
f 1295/792/765 1776/800/773 2171/798/771
f 2171/798/771 699/801/774 1799/799/772
f 1259/746/721 1297/802/775 274/747/722
f 1259/746/721 287/796/769 1281/803/776
f 1297/802/775 1281/803/776 288/804/777
f 1296/805/778 1289/806/779 1267/751/726
f 1267/751/726 296/807/780 282/752/727
f 1260/755/730 1298/808/781 275/756/731
f 274/747/722 2172/809/782 1260/755/730
f 2172/809/782 288/804/777 1282/810/783
f 1298/808/781 1282/810/783 289/811/784
f 1261/758/733 1292/812/785 276/759/734
f 275/756/731 1283/813/786 1261/758/733
f 1292/812/785 1283/813/786 290/780/753
f 699/801/774 2173/814/787 1798/815/788
f 1776/800/773 1312/816/789 2173/814/787
f 1312/816/789 1777/817/790 2173/814/787
f 2173/814/787 700/818/791 1798/815/788
f 1281/803/776 1313/819/792 288/804/777
f 1281/803/776 302/820/793 1301/821/794
f 1313/819/792 1301/821/794 303/822/795
f 296/807/780 1289/806/779 311/823/796
f 1311/824/797 1309/825/798 1289/806/779
f 1282/810/783 1314/826/799 289/811/784
f 288/804/777 2174/827/800 1282/810/783
f 2174/827/800 303/822/795 1302/828/801
f 1314/826/799 1302/828/801 304/829/802
f 1283/813/786 1316/830/803 290/780/753
f 289/811/784 1303/831/804 1283/813/786
f 1316/830/803 1303/831/804 305/832/805
f 1284/781/754 1317/833/806 291/782/755
f 290/780/753 2175/834/807 1284/781/754
f 2175/834/807 305/832/805 1304/835/808
f 1317/833/806 1304/835/808 306/836/809
f 1285/785/758 1318/837/810 292/786/759
f 291/782/755 2176/838/811 1285/785/758
f 2176/838/811 306/836/809 1305/839/812
f 1318/837/810 1305/839/812 307/840/813
f 1286/789/762 1319/841/814 293/790/763
f 292/786/759 2177/842/815 1286/789/762
f 2177/842/815 307/840/813 1306/843/816
f 1319/841/814 1306/843/816 308/844/817
f 1536/845/818 1535/846/747 77/847/23
f 294/794/767 2178/848/819 1312/816/789
f 1287/793/766 1319/841/814 2178/848/819
f 1319/841/814 1307/849/820 2178/848/819
f 2178/848/819 309/850/821 1312/816/789
f 287/796/769 1300/851/822 302/820/793
f 1280/795/768 301/852/823 1300/851/822
f 1305/839/812 1332/853/824 307/840/813
f 306/836/809 2179/854/825 1305/839/812
f 2179/854/825 319/855/826 1325/856/827
f 1332/853/824 1325/856/827 320/857/828
f 1306/843/816 1334/858/829 308/844/817
f 307/840/813 2180/859/830 1306/843/816
f 2180/859/830 320/857/828 1326/860/831
f 1334/858/829 1326/860/831 321/861/832
f 309/850/821 2181/862/833 1335/863/834
f 1307/849/820 1334/858/829 2181/862/833
f 1334/858/829 1327/864/835 2181/862/833
f 2181/862/833 322/865/836 1335/863/834
f 301/852/823 1320/866/837 1300/851/822
f 1300/851/822 315/867/838 302/820/793
f 700/818/791 2182/868/839 1797/869/840
f 1777/817/790 1335/863/834 2182/868/839
f 1335/863/834 1778/870/841 2182/868/839
f 2182/868/839 701/871/842 1797/869/840
f 1301/821/794 1337/872/843 303/822/795
f 1301/821/794 315/867/838 1321/873/844
f 1337/872/843 1321/873/844 316/874/845
f 311/823/796 1329/875/846 1338/876/847
f 1309/825/798 1336/877/848 1329/875/846
f 1329/875/846 324/878/849 1338/876/847
f 1302/828/801 1339/879/850 304/829/802
f 303/822/795 2183/880/851 1302/828/801
f 2183/880/851 316/874/845 1322/881/852
f 1339/879/850 1322/881/852 317/882/853
f 1303/831/804 1341/883/854 305/832/805
f 304/829/802 1323/884/855 1303/831/804
f 1341/883/854 1323/884/855 318/885/856
f 1304/835/808 1333/886/857 306/836/809
f 305/832/805 2184/887/858 1304/835/808
f 2184/887/858 318/885/856 1324/888/859
f 1333/886/857 1324/888/859 319/855/826
f 1329/875/846 1352/889/860 2185/890/861
f 1352/889/860 1350/891/862 2185/890/861
f 2185/890/861 338/892/863 324/878/849
f 1322/881/852 1353/893/864 317/882/853
f 316/874/845 2186/894/865 1322/881/852
f 2186/894/865 330/895/866 1343/896/867
f 1353/893/864 1343/896/867 331/897/868
f 1323/884/855 1356/898/869 318/885/856
f 317/882/853 2187/899/870 1323/884/855
f 2187/899/870 331/897/868 1344/900/871
f 1356/898/869 1344/900/871 332/901/872
f 1324/888/859 1357/902/873 319/855/826
f 318/885/856 2188/903/874 1324/888/859
f 2188/903/874 332/901/872 1345/904/875
f 1357/902/873 1345/904/875 333/905/876
f 1325/856/827 1358/906/877 320/857/828
f 319/855/826 2189/907/878 1325/856/827
f 2189/907/878 333/905/876 1346/908/879
f 1358/906/877 1346/908/879 334/909/880
f 1326/860/831 1359/910/881 321/861/832
f 320/857/828 2190/911/882 1326/860/831
f 2190/911/882 334/909/880 1347/912/883
f 1359/910/881 1347/912/883 335/913/884
f 1538/914/885 1536/915/818 77/916/23
f 322/865/836 2191/917/886 1360/918/887
f 1327/864/835 1359/910/881 2191/917/886
f 1359/910/881 1348/919/888 2191/917/886
f 2191/917/886 336/920/889 1360/918/887
f 328/921/890 1361/922/891 1320/866/837
f 1320/866/837 329/923/892 315/867/838
f 701/871/842 2192/924/893 1796/925/894
f 1778/870/841 1360/918/887 2192/924/893
f 1360/918/887 1779/926/895 2192/924/893
f 2192/924/893 702/927/896 1796/925/894
f 1321/873/844 1354/928/897 316/874/845
f 1321/873/844 329/923/892 1342/929/898
f 1354/928/897 1342/929/898 330/895/866
f 1347/930/883 1372/931/899 335/932/884
f 334/933/880 2193/934/900 1347/930/883
f 2193/934/900 348/935/901 1367/936/902
f 1372/931/899 1367/936/902 349/937/903
f 1539/938/904 1538/939/885 77/940/23
f 356/941/905 1538/939/885 1539/938/904
f 336/942/889 2194/943/906 1374/944/907
f 1348/945/888 1372/931/899 2194/943/906
f 1372/931/899 1368/946/908 2194/943/906
f 2194/943/906 350/947/909 1374/944/907
f 1361/948/891 343/949/910 329/950/892
f 702/951/896 2195/952/911 1795/953/912
f 1779/954/895 1374/944/907 2195/952/911
f 1374/944/907 1780/955/913 2195/952/911
f 2195/952/911 703/956/914 1795/953/912
f 1342/957/898 1376/958/915 330/959/866
f 329/950/892 1362/960/916 1342/957/898
f 1376/958/915 1362/960/916 344/961/917
f 1375/962/918 1370/963/919 1350/964/862
f 1350/964/862 352/965/920 338/966/863
f 1343/967/867 1377/968/921 331/969/868
f 330/959/866 2196/970/922 1343/967/867
f 2196/970/922 344/961/917 1363/971/923
f 1377/968/921 1363/971/923 345/972/924
f 1344/973/871 1379/974/925 332/975/872
f 1344/973/871 345/972/924 1364/976/926
f 1379/974/925 1364/976/926 346/977/927
f 1345/978/875 1380/979/928 333/980/876
f 332/975/872 2197/981/929 1345/978/875
f 2197/981/929 346/977/927 1365/982/930
f 1380/979/928 1365/982/930 347/983/931
f 1346/984/879 1373/985/932 334/933/880
f 333/980/876 2198/986/933 1346/984/879
f 2198/986/933 347/983/931 1366/987/934
f 1373/985/932 1366/987/934 348/935/901
f 1363/971/923 1392/988/935 345/972/924
f 344/961/917 2199/989/936 1363/971/923
f 2199/989/936 358/990/937 1383/991/938
f 1392/988/935 1383/991/938 359/992/939
f 1364/976/926 1395/993/940 346/977/927
f 1364/976/926 359/992/939 1384/994/941
f 1395/993/940 1384/994/941 360/995/942
f 1365/982/930 1396/996/943 347/983/931
f 346/977/927 2200/997/944 1365/982/930
f 2200/997/944 360/995/942 1385/998/945
f 1396/996/943 1385/998/945 361/999/946
f 1366/987/934 1397/1000/947 348/935/901
f 347/983/931 2201/1001/948 1366/987/934
f 2201/1001/948 361/999/946 1386/1002/949
f 1397/1000/947 1386/1002/949 362/1003/950
f 1367/936/902 1398/1004/951 349/937/903
f 348/935/901 2202/1005/952 1367/936/902
f 2202/1005/952 362/1003/950 1387/1006/953
f 1398/1004/951 1387/1006/953 363/1007/954
f 1540/1008/955 1539/1009/904 77/1010/23
f 356/941/905 1539/1009/904 1540/1008/955
f 350/947/909 2203/1011/956 1399/1012/957
f 1368/946/908 1398/1004/951 2203/1011/956
f 1398/1004/951 1388/1013/958 2203/1011/956
f 2203/1011/956 364/1014/959 1399/1012/957
f 356/941/905 1381/1015/960 1361/948/891
f 1361/948/891 357/1016/961 343/949/910
f 703/956/914 2204/1017/962 1794/1018/963
f 1780/955/913 1399/1012/957 2204/1017/962
f 1399/1012/957 1781/1019/964 2204/1017/962
f 2204/1017/962 704/1020/965 1794/1018/963
f 1362/960/916 1393/1021/966 344/961/917
f 343/949/910 1382/1022/967 1362/960/916
f 1393/1021/966 1382/1022/967 358/990/937
f 352/965/920 1390/1023/968 366/1024/969
f 1370/963/919 1400/1025/970 1390/1023/968
f 1387/1006/953 1412/1026/971 363/1007/954
f 362/1003/950 2205/1027/972 1387/1006/953
f 2205/1027/972 376/1028/973 1407/1029/974
f 1412/1026/971 1407/1029/974 377/1030/975
f 364/1014/959 2206/1031/976 1414/1032/977
f 1388/1013/958 1412/1026/971 2206/1031/976
f 1412/1026/971 1408/1033/978 2206/1031/976
f 2206/1031/976 378/1034/979 1414/1032/977
f 356/941/905 1401/1035/980 1381/1015/960
f 704/1020/965 2207/1036/981 1793/1037/982
f 1781/1019/964 1414/1032/977 2207/1036/981
f 1414/1032/977 1782/1038/983 2207/1036/981
f 2207/1036/981 705/1039/984 1793/1037/982
f 1382/1022/967 1416/1040/985 358/990/937
f 357/1016/961 1402/1041/986 1382/1022/967
f 1416/1040/985 1402/1041/986 372/1042/987
f 366/1024/969 1410/1043/988 380/1044/989
f 1390/1023/968 1415/1045/990 1410/1043/988
f 1383/991/938 1417/1046/991 359/992/939
f 358/990/937 2208/1047/992 1383/991/938
f 2208/1047/992 372/1042/987 1403/1048/993
f 1417/1046/991 1403/1048/993 373/1049/994
f 1384/994/941 1419/1050/995 360/995/942
f 359/992/939 1404/1051/996 1384/994/941
f 1419/1050/995 1404/1051/996 374/1052/997
f 1385/998/945 1420/1053/998 361/999/946
f 360/995/942 2209/1054/999 1385/998/945
f 2209/1054/999 374/1052/997 1405/1055/1000
f 1420/1053/998 1405/1055/1000 375/1056/1001
f 1386/1002/949 1413/1057/1002 362/1003/950
f 361/999/946 2210/1058/1003 1386/1002/949
f 2210/1058/1003 375/1056/1001 1406/1059/1004
f 1413/1057/1002 1406/1059/1004 376/1028/973
f 1404/1051/996 1432/1060/1005 374/1052/997
f 373/1049/994 2211/1061/1006 1404/1051/996
f 2211/1061/1006 387/1062/1007 1423/1063/1008
f 1432/1060/1005 1423/1063/1008 388/1064/1009
f 1405/1055/1000 1434/1065/1010 375/1056/1001
f 374/1052/997 2212/1066/1011 1405/1055/1000
f 2212/1066/1011 388/1064/1009 1424/1067/1012
f 1434/1065/1010 1424/1067/1012 389/1068/1013
f 1406/1059/1004 1435/1069/1014 376/1028/973
f 375/1056/1001 2213/1070/1015 1406/1059/1004
f 2213/1070/1015 389/1068/1013 1425/1071/1016
f 1435/1069/1014 1425/1071/1016 390/1072/1017
f 1407/1029/974 1436/1073/1018 377/1030/975
f 376/1028/973 2214/1074/1019 1407/1029/974
f 2214/1074/1019 390/1072/1017 1426/1075/1020
f 1436/1073/1018 1426/1075/1020 391/1076/1021
f 1542/1077/1022 1540/1078/955 77/1079/23
f 378/1034/979 2215/1080/1023 1437/1081/1024
f 1408/1033/978 1436/1073/1018 2215/1080/1023
f 1436/1073/1018 1427/1082/1025 2215/1080/1023
f 2215/1080/1023 392/1083/1026 1437/1081/1024
f 357/1016/961 1401/1035/980 385/1084/1027
f 705/1039/984 2216/1085/1028 1792/1086/1029
f 1782/1038/983 1437/1081/1024 2216/1085/1028
f 1437/1081/1024 1783/1087/1030 2216/1085/1028
f 2216/1085/1028 706/1088/1031 1792/1086/1029
f 1402/1041/986 1439/1089/1032 372/1042/987
f 357/1016/961 2217/1090/1033 1402/1041/986
f 2217/1090/1033 385/1084/1027 1421/1091/1034
f 1439/1089/1032 1421/1091/1034 386/1092/1035
f 380/1044/989 1429/1093/1036 394/1094/1037
f 1410/1043/988 1438/1095/1038 1429/1093/1036
f 1403/1048/993 1433/1096/1039 373/1049/994
f 372/1042/987 2218/1097/1040 1403/1048/993
f 2218/1097/1040 386/1092/1035 1422/1098/1041
f 1433/1096/1039 1422/1098/1041 387/1062/1007
f 371/1099/1042 1542/1100/1022 398/1101/1043
f 392/1083/1026 2219/1102/1044 1451/1103/1045
f 1427/1082/1025 1452/1104/1046 2219/1102/1044
f 1452/1104/1046 1447/1105/1047 2219/1102/1044
f 2219/1102/1044 406/1106/1048 1451/1103/1045
f 385/1084/1027 1440/1107/1049 399/1108/1050
f 1401/1035/980 398/1101/1043 1440/1107/1049
f 706/1088/1031 2220/1109/1051 1791/1110/1052
f 1783/1087/1030 1451/1103/1045 2220/1109/1051
f 1451/1103/1045 1784/1111/1053 2220/1109/1051
f 2220/1109/1051 707/1112/1054 1791/1110/1052
f 1421/1091/1034 1454/1113/1055 386/1092/1035
f 1421/1091/1034 399/1108/1050 1441/1114/1056
f 1454/1113/1055 1441/1114/1056 400/1115/1057
f 394/1094/1037 2221/1116/1058 1455/1117/1059
f 1429/1093/1036 1453/1118/1060 2221/1116/1058
f 1453/1118/1060 1449/1119/1061 2221/1116/1058
f 2221/1116/1058 408/1120/1062 1455/1117/1059
f 1422/1098/1041 1456/1121/1063 387/1062/1007
f 386/1092/1035 2222/1122/1064 1422/1098/1041
f 2222/1122/1064 400/1115/1057 1442/1123/1065
f 1456/1121/1063 1442/1123/1065 401/1124/1066
f 1423/1063/1008 1458/1125/1067 388/1064/1009
f 1423/1063/1008 401/1124/1066 1443/1126/1068
f 1458/1125/1067 1443/1126/1068 402/1127/1069
f 1424/1067/1012 1459/1128/1070 389/1068/1013
f 388/1064/1009 2223/1129/1071 1424/1067/1012
f 2223/1129/1071 402/1127/1069 1444/1130/1072
f 1459/1128/1070 1444/1130/1072 403/1131/1073
f 1425/1071/1016 1460/1132/1074 390/1072/1017
f 389/1068/1013 2224/1133/1075 1425/1071/1016
f 2224/1133/1075 403/1131/1073 1445/1134/1076
f 1460/1132/1074 1445/1134/1076 404/1135/1077
f 1426/1075/1020 1452/1104/1046 391/1076/1021
f 390/1072/1017 2225/1136/1078 1426/1075/1020
f 2225/1136/1078 404/1135/1077 1446/1137/1079
f 1452/1104/1046 1446/1137/1079 405/1138/1080
f 1443/1126/1068 1471/1139/1081 402/1127/1069
f 1443/1126/1068 414/1140/1082 1463/1141/1083
f 1471/1139/1081 1463/1141/1083 415/1142/1084
f 1444/1130/1072 1475/1143/1085 403/1131/1073
f 402/1127/1069 2226/1144/1086 1444/1130/1072
f 2226/1144/1086 415/1142/1084 1464/1145/1087
f 1475/1143/1085 1464/1145/1087 416/1146/1088
f 1445/1134/1076 1476/1147/1089 404/1135/1077
f 403/1131/1073 2227/1148/1090 1445/1134/1076
f 2227/1148/1090 416/1146/1088 1465/1149/1091
f 1476/1147/1089 1465/1149/1091 417/1150/1092
f 1446/1137/1079 1477/1151/1093 405/1138/1080
f 404/1135/1077 2228/1152/1094 1446/1137/1079
f 2228/1152/1094 417/1150/1092 1466/1153/1095
f 1477/1151/1093 1466/1153/1095 418/1154/1096
f 1543/1155/1097 1542/1156/1022 77/1157/23
f 406/1106/1048 2229/1158/1098 1478/1159/1099
f 1447/1105/1047 1477/1151/1093 2229/1158/1098
f 1477/1151/1093 1467/1160/1100 2229/1158/1098
f 2229/1158/1098 419/1161/1101 1478/1159/1099
f 399/1108/1050 1440/1107/1049 412/1162/1102
f 707/1112/1054 2230/1163/1103 1790/1164/1104
f 1784/1111/1053 1478/1159/1099 2230/1163/1103
f 1478/1159/1099 1785/1165/1105 2230/1163/1103
f 2230/1163/1103 708/1166/1106 1790/1164/1104
f 1441/1114/1056 1480/1167/1107 400/1115/1057
f 399/1108/1050 1461/1168/1108 1441/1114/1056
f 1480/1167/1107 1461/1168/1108 413/1169/1109
f 1479/1170/1110 1469/1171/1111 1449/1119/1061
f 1449/1119/1061 421/1172/1112 408/1120/1062
f 1442/1123/1065 1472/1173/1113 401/1124/1066
f 400/1115/1057 2231/1174/1114 1442/1123/1065
f 2231/1174/1114 413/1169/1109 1462/1175/1115
f 1472/1173/1113 1462/1175/1115 414/1140/1082
f 419/1161/1101 2232/1176/1116 1492/1177/1117
f 1467/1160/1100 1493/1178/1118 2232/1176/1116
f 1493/1178/1118 1488/1179/1119 2232/1176/1116
f 2232/1176/1116 433/1180/1120 1492/1177/1117
f 1440/1107/1049 425/1181/1121 1481/1182/1122
f 1481/1182/1122 426/1183/1123 412/1162/1102
f 708/1166/1106 2233/1184/1124 1789/1185/1125
f 1785/1165/1105 1492/1177/1117 2233/1184/1124
f 1492/1177/1117 1786/1186/1126 2233/1184/1124
f 2233/1184/1124 709/1187/1127 1789/1185/1125
f 1461/1168/1108 1495/1188/1128 413/1169/1109
f 412/1162/1102 2234/1189/1129 1461/1168/1108
f 2234/1189/1129 426/1183/1123 1482/1190/1130
f 1495/1188/1128 1482/1190/1130 427/1191/1131
f 421/1172/1112 1490/1192/1132 435/1193/1133
f 1469/1171/1111 1494/1194/1134 1490/1192/1132
f 1462/1175/1115 1496/1195/1135 414/1140/1082
f 413/1169/1109 2235/1196/1136 1462/1175/1115
f 2235/1196/1136 427/1191/1131 1483/1197/1137
f 1496/1195/1135 1483/1197/1137 428/1198/1138
f 1463/1141/1083 1498/1199/1139 415/1142/1084
f 1463/1141/1083 428/1198/1138 1484/1200/1140
f 1498/1199/1139 1484/1200/1140 429/1201/1141
f 1464/1145/1087 1499/1202/1142 416/1146/1088
f 415/1142/1084 2236/1203/1143 1464/1145/1087
f 2236/1203/1143 429/1201/1141 1485/1204/1144
f 1499/1202/1142 1485/1204/1144 430/1205/1145
f 1465/1149/1091 1500/1206/1146 417/1150/1092
f 416/1146/1088 2237/1207/1147 1465/1149/1091
f 2237/1207/1147 430/1205/1145 1486/1208/1148
f 1500/1206/1146 1486/1208/1148 431/1209/1149
f 1466/1153/1095 1493/1178/1118 418/1154/1096
f 417/1150/1092 2238/1210/1150 1466/1153/1095
f 2238/1210/1150 431/1209/1149 1487/1211/1151
f 1493/1178/1118 1487/1211/1151 432/1212/1152
f 398/1101/1043 1543/1213/1097 425/1181/1121
f 1485/1204/1144 1503/1214/1153 430/1205/1145
f 429/1201/1141 2239/1215/1154 1485/1204/1144
f 2239/1215/1154 2/4/4 1510/1/1
f 1503/1214/1153 1510/1/1 442/3/3
f 1486/1208/1148 1545/1216/1155 431/1209/1149
f 430/1205/1145 2240/1217/1156 1486/1208/1148
f 2240/1217/1156 442/3/3 1511/9/9
f 1545/1216/1155 1511/9/9 3/11/11
f 1487/1211/1151 1546/1218/1157 432/1212/1152
f 431/1209/1149 2241/1219/1158 1487/1211/1151
f 2241/1219/1158 3/11/11 883/15/15
f 1546/1218/1157 883/15/15 4/17/17
f 1506/1220/22 1543/1221/1097 77/1222/23
f 433/1180/1120 2242/1223/1159 1547/1224/1160
f 1488/1179/1119 1546/1218/1157 2242/1223/1159
f 1546/1218/1157 884/28/28 2242/1223/1159
f 2242/1223/1159 5/25/25 1547/1224/1160
f 425/1181/1121 885/31/31 1481/1182/1122
f 1481/1182/1122 440/33/33 426/1183/1123
f 709/1187/1127 2243/1225/1161 1788/1226/1162
f 1786/1186/1126 1547/1224/1160 2243/1225/1161
f 1547/1224/1160 1787/37/37 2243/1225/1161
f 2243/1225/1161 710/34/34 1788/1226/1162
f 1482/1190/1130 1548/1227/1163 427/1191/1131
f 1482/1190/1130 440/33/33 1507/40/40
f 1548/1227/1163 1507/40/40 1/42/42
f 435/1193/1133 1513/48/48 6/45/45
f 1490/1192/1132 1504/1228/1164 1513/48/48
f 1483/1197/1137 1505/1229/1165 428/1198/1138
f 427/1191/1131 2244/1230/1166 1483/1197/1137
f 2244/1230/1166 1/42/42 1508/52/52
f 1505/1229/1165 1508/52/52 441/54/54
f 1484/1200/1140 1544/1231/1167 429/1201/1141
f 1484/1200/1140 441/54/54 1509/58/58
f 1544/1231/1167 1509/58/58 2/4/4
f 436/1232/1168 1701/1233/1169 1502/1234/1170
f 1701/1233/1169 444/1235/1171 1502/1234/1170
f 422/1236/1172 1702/1237/1173 1497/1238/1174
f 1702/1237/1173 436/1232/1168 1497/1238/1174
f 409/1239/1175 1703/1240/1176 1474/1241/1177
f 1703/1240/1176 422/1236/1172 1474/1241/1177
f 395/1242/1178 1704/1243/1179 1457/1244/1180
f 1704/1243/1179 409/1239/1175 1457/1244/1180
f 381/1245/1181 1705/1246/1182 1431/1247/1183
f 1705/1246/1182 395/1242/1178 1431/1247/1183
f 367/1248/1184 1706/1249/1185 1418/1250/1186
f 1706/1249/1185 381/1245/1181 1418/1250/1186
f 353/1251/1187 1707/1252/1188 1394/1253/1189
f 1707/1252/1188 367/1248/1184 1394/1253/1189
f 339/1254/1190 1708/1255/1191 1378/1256/1192
f 1708/1255/1191 353/1251/1187 1378/1256/1192
f 325/1257/1193 1709/1258/1194 1355/1259/1195
f 1709/1258/1194 339/1260/1190 1355/1259/1195
f 312/1261/1196 1710/1262/1197 1340/1263/1198
f 1710/1262/1197 325/1257/1193 1340/1263/1198
f 297/1264/1199 1711/1265/1200 1315/1266/1201
f 1711/1265/1200 312/1261/1196 1315/1266/1201
f 283/1267/1202 1712/1268/1203 1299/1269/1204
f 1712/1268/1203 297/1264/1199 1299/1269/1204
f 268/1270/1205 1713/1271/1206 1275/1272/1207
f 1713/1271/1206 283/1267/1202 1275/1272/1207
f 254/1273/1208 1714/1274/1209 1250/1275/1210
f 1714/1274/1209 268/1270/1205 1250/1275/1210
f 242/1276/1211 1715/1277/1212 1235/1278/1213
f 1715/1277/1212 254/1273/1208 1235/1278/1213
f 227/1279/1214 1716/1280/1215 1213/1281/1216
f 1716/1280/1215 242/1276/1211 1213/1281/1216
f 214/1282/1217 1717/1283/1218 1195/1284/1219
f 1717/1283/1218 227/1279/1214 1195/1284/1219
f 200/1285/1220 1718/1286/1221 1170/1287/1222
f 1718/1286/1221 214/1282/1217 1170/1287/1222
f 185/1288/1223 1719/1289/1224 1156/1290/1225
f 1719/1289/1224 200/1285/1220 1156/1290/1225
f 172/1291/1226 1720/1292/1227 1134/1293/1228
f 1720/1292/1227 185/1288/1223 1134/1293/1228
f 158/1294/1229 1721/1295/1230 1118/1296/1231
f 1721/1295/1230 172/1291/1226 1118/1296/1231
f 144/1297/1232 1722/1298/1233 1095/1299/1234
f 1722/1298/1233 158/1294/1229 1095/1299/1234
f 130/1300/1235 1723/1301/1236 1079/1302/1237
f 1723/1301/1236 144/1297/1232 1079/1302/1237
f 115/1303/1238 1724/1304/1239 1056/1305/1240
f 1724/1304/1239 130/1300/1235 1056/1305/1240
f 102/1306/1241 1725/1307/1242 1040/1308/1243
f 1725/1307/1242 115/1303/1238 1040/1308/1243
f 88/1309/1244 1726/1310/1245 1017/1311/1246
f 1726/1310/1245 102/1306/1241 1017/1311/1246
f 73/1312/1247 1727/1313/1248 992/1314/1249
f 1727/1313/1248 88/1309/1244 992/1314/1249
f 60/1315/1250 1728/1316/1251 976/1317/1252
f 1728/1316/1251 73/1312/1247 976/1317/1252
f 45/1318/1253 1729/1319/1254 951/1320/1255
f 1729/1319/1254 60/1315/1250 951/1320/1255
f 31/1321/1256 1730/1322/1257 938/1323/1258
f 1730/1322/1257 45/1318/1253 938/1323/1258
f 18/1324/1259 1731/1325/1260 914/1326/1261
f 1731/1325/1260 31/1321/1256 914/1326/1261
f 444/1235/1171 1732/1327/1262 1517/1328/1263
f 1732/1327/1262 18/1324/1259 1517/1328/1263
f 582/1329/1264 2277/1330/1265 1669/1331/1265
f 1667/1332/1264 1788/1226/1265 2277/1330/1265
f 1788/1226/1265 1668/1333/1266 2277/1330/1265
f 2277/1330/1265 583/1334/1267 1669/1331/1265
f 581/1335/1268 2278/1336/1269 1670/1337/1270
f 1666/1338/1268 1789/1185/1271 2278/1336/1269
f 1789/1185/1271 1667/1332/1264 2278/1336/1269
f 2278/1336/1269 582/1329/1264 1670/1337/1270
f 580/1339/1272 2279/1340/1273 1671/1341/1274
f 1665/1342/1275 1790/1164/1273 2279/1340/1273
f 1790/1164/1273 1666/1338/1268 2279/1340/1273
f 2279/1340/1273 581/1335/1268 1671/1341/1274
f 579/1343/1276 2280/1344/1277 1672/1345/1278
f 1664/1346/1279 1791/1110/1277 2280/1344/1277
f 1791/1110/1277 1665/1342/1275 2280/1344/1277
f 2280/1344/1277 580/1339/1272 1672/1345/1278
f 578/1347/1280 2281/1348/1281 1673/1349/1282
f 1663/1350/1283 1792/1086/1284 2281/1348/1281
f 1792/1086/1284 1664/1346/1279 2281/1348/1281
f 2281/1348/1281 579/1343/1276 1673/1349/1282
f 577/1351/1285 2282/1352/1286 1674/1353/1286
f 1662/1354/1285 1793/1037/1287 2282/1352/1286
f 1793/1037/1287 1663/1350/1283 2282/1352/1286
f 2282/1352/1286 578/1347/1280 1674/1353/1286
f 576/1355/1288 2283/1356/1289 1675/1357/1290
f 1661/1358/1288 1794/1018/1291 2283/1356/1289
f 1794/1018/1291 1662/1354/1285 2283/1356/1289
f 2283/1356/1289 577/1351/1285 1675/1357/1290
f 575/1359/1292 2284/1360/1293 1676/1361/1294
f 1660/1362/1292 1795/953/1295 2284/1360/1293
f 1795/953/1295 1661/1358/1288 2284/1360/1293
f 2284/1360/1293 576/1355/1288 1676/1361/1294
f 574/1363/1296 2285/1364/1297 1677/1365/1298
f 1659/1366/1299 1796/925/1300 2285/1364/1297
f 1796/925/1300 1660/1367/1292 2285/1364/1297
f 2285/1364/1297 575/1368/1292 1677/1365/1298
f 573/1369/1301 2286/1370/1302 1678/1371/1303
f 1658/1372/1301 1797/869/1302 2286/1370/1302
f 1797/869/1302 1659/1366/1299 2286/1370/1302
f 2286/1370/1302 574/1363/1296 1678/1371/1303
f 572/1373/1304 2287/1374/1305 1679/1375/1306
f 1657/1376/1307 1798/815/1308 2287/1374/1305
f 1798/815/1308 1658/1372/1301 2287/1374/1305
f 2287/1374/1305 573/1369/1301 1679/1375/1306
f 571/1377/1309 2288/1378/1310 1680/1379/1311
f 1656/1380/1312 1799/799/1310 2288/1378/1310
f 1799/799/1310 1657/1376/1307 2288/1378/1310
f 2288/1378/1310 572/1373/1304 1680/1379/1311
f 570/1381/1313 2289/1382/1314 1681/1383/1315
f 1655/1384/1316 1800/740/1317 2289/1382/1314
f 1800/740/1317 1656/1380/1312 2289/1382/1314
f 2289/1382/1314 571/1377/1309 1681/1383/1315
f 569/1385/1318 2290/1386/1319 1682/1387/1319
f 1654/1388/1318 1801/723/1320 2290/1386/1319
f 1801/723/1320 1655/1384/1316 2290/1386/1319
f 2290/1386/1319 570/1381/1313 1682/1387/1319
f 568/1389/1321 2291/1390/1322 1683/1391/1322
f 1653/1392/1321 1802/672/1323 2291/1390/1322
f 1802/672/1323 1654/1388/1318 2291/1390/1322
f 2291/1390/1322 569/1385/1318 1683/1391/1322
f 567/1393/1324 2292/1394/1325 1684/1395/1326
f 1652/1396/1327 1803/654/1328 2292/1394/1325
f 1803/654/1328 1653/1392/1321 2292/1394/1325
f 2292/1394/1325 568/1389/1321 1684/1395/1326
f 566/1397/1329 2293/1398/1330 1685/1399/1331
f 1651/1400/1329 1804/598/1332 2293/1398/1330
f 1804/598/1332 1652/1396/1327 2293/1398/1330
f 2293/1398/1330 567/1393/1324 1685/1399/1331
f 565/1401/1333 2294/1402/1334 1686/1403/1335
f 1650/1404/1333 1805/574/1336 2294/1402/1334
f 1805/574/1336 1651/1400/1329 2294/1402/1334
f 2294/1402/1334 566/1397/1329 1686/1403/1335
f 564/1405/1337 2295/1406/1338 1687/1407/1338
f 1649/1408/1337 1806/526/1338 2295/1406/1338
f 1806/526/1338 1650/1404/1333 2295/1406/1338
f 2295/1406/1338 565/1401/1333 1687/1407/1338
f 563/1409/1339 2296/1410/1340 1688/1411/1341
f 1648/1412/1342 1807/510/1343 2296/1410/1340
f 1807/510/1343 1649/1408/1337 2296/1410/1340
f 2296/1410/1340 564/1405/1337 1688/1411/1341
f 562/1413/1344 2297/1414/1345 1689/1415/1346
f 1647/1416/1347 1808/454/1348 2297/1414/1345
f 1808/454/1348 1648/1412/1342 2297/1414/1345
f 2297/1414/1345 563/1409/1339 1689/1415/1346
f 561/1417/1349 2298/1418/1350 1690/1419/1351
f 1646/1420/1349 1809/432/1352 2298/1418/1350
f 1809/432/1352 1647/1416/1347 2298/1418/1350
f 2298/1418/1350 562/1413/1344 1690/1419/1351
f 560/1421/1353 2299/1422/1354 1691/1423/1355
f 1645/1424/1353 1810/381/1354 2299/1422/1354
f 1810/381/1354 1646/1420/1349 2299/1422/1354
f 2299/1422/1354 561/1417/1349 1691/1423/1355
f 559/1425/1356 2300/1426/1357 1692/1427/1358
f 1644/1428/1356 1811/322/1359 2300/1426/1357
f 1811/322/1359 1645/1424/1353 2300/1426/1357
f 2300/1426/1357 560/1421/1353 1692/1427/1358
f 558/1429/1360 2301/1430/1361 1693/1431/1361
f 1643/1432/1360 1812/306/1361 2301/1430/1361
f 1812/306/1361 1644/1428/1356 2301/1430/1361
f 2301/1430/1361 559/1425/1356 1693/1431/1361
f 557/1433/1362 2302/1434/1363 1694/1435/1364
f 1642/1436/1362 1813/251/1363 2302/1434/1363
f 1813/251/1363 1643/1432/1360 2302/1434/1363
f 2302/1434/1363 558/1429/1360 1694/1435/1364
f 556/1437/1365 2303/1438/1366 1695/1439/1367
f 1641/1440/1368 1814/233/1369 2303/1438/1366
f 1814/233/1369 1642/1436/1362 2303/1438/1366
f 2303/1438/1366 557/1433/1362 1695/1439/1367
f 555/1441/1370 2304/1442/1371 1696/1443/1371
f 1640/1444/1372 1815/181/1371 2304/1442/1371
f 1815/181/1371 1641/1440/1368 2304/1442/1371
f 2304/1442/1371 556/1437/1365 1696/1443/1371
f 554/1445/1373 2305/1446/1374 1697/1447/1375
f 1639/1448/1376 1816/160/1374 2305/1446/1374
f 1816/160/1374 1640/1444/1372 2305/1446/1374
f 2305/1446/1374 555/1441/1370 1697/1447/1375
f 553/1449/1377 2306/1450/1378 1698/1451/1378
f 1638/1452/1377 1817/112/1379 2306/1450/1378
f 1817/112/1379 1639/1448/1376 2306/1450/1378
f 2306/1450/1378 554/1445/1373 1698/1451/1378
f 552/1453/1380 2307/1454/1381 1699/1455/1382
f 1637/1456/1383 1818/91/1384 2307/1454/1381
f 1818/91/1384 1638/1452/1377 2307/1454/1381
f 2307/1454/1381 553/1449/1377 1699/1455/1382
f 583/1334/1267 2308/1457/1385 1700/1458/1385
f 1668/1333/1266 1819/36/1386 2308/1457/1385
f 1819/36/1386 1637/1456/1383 2308/1457/1385
f 2308/1457/1385 552/1453/1380 1700/1458/1385
f 1811/322/1387 751/1459/1388 687/325/1389
f 1811/322/1387 750/1460/1390 1875/322/1391
f 1686/1403/1392 724/1401/1393 565/1401/1394
f 1686/1403/1392 725/1397/1395 1837/1461/1396
f 686/308/1397 1876/1462/1398 750/1460/1390
f 685/254/1399 1876/1462/1398 1812/306/1400
f 564/1405/1401 1838/1407/1402 723/1405/1403
f 565/1401/1394 1838/1407/1402 1687/1407/1404
f 1813/251/1405 749/1463/1406 685/254/1399
f 684/235/1407 1877/251/1408 1813/251/1405
f 563/1409/1409 1839/1464/1410 722/1465/1411
f 1688/1411/1412 723/1405/1403 1839/1464/1410
f 1814/233/1413 748/1466/1414 684/235/1407
f 1814/233/1413 747/1467/1415 1878/233/1416
f 1689/1415/1417 721/1468/1418 562/1413/1419
f 563/1409/1409 1840/1469/1420 1689/1415/1417
f 1788/1226/1421 774/1470/1422 710/34/1423
f 709/1187/1424 1852/1471/1425 1788/1226/1421
f 683/183/1426 1879/181/1427 747/1467/1415
f 682/162/1428 1879/181/1427 1815/181/1429
f 561/1417/1430 1841/1419/1431 720/1472/1432
f 562/1413/1419 1841/1419/1431 1690/1419/1433
f 1789/1185/1434 773/1473/1435 709/1187/1424
f 708/1166/1436 1853/1185/1437 1789/1185/1434
f 1816/160/1438 746/162/1439 682/162/1428
f 1816/160/1438 745/1474/1440 1880/160/1441
f 1691/1423/1442 719/1475/1443 560/1421/1444
f 1691/1423/1442 720/1472/1432 1842/1476/1445
f 1790/1164/1446 772/1477/1447 708/1166/1436
f 707/1112/1448 1854/1164/1449 1790/1164/1446
f 681/114/1450 1881/112/1451 745/1474/1440
f 1817/112/1452 744/1478/1453 1881/112/1451
f 559/1425/1454 1843/1479/1455 718/1480/1456
f 1692/1427/1457 719/1475/1443 1843/1479/1455
f 1791/1110/1458 771/1481/1459 707/1112/1448
f 706/1088/1460 1855/1110/1461 1791/1110/1458
f 680/93/1462 1882/91/1463 744/1478/1453
f 1818/91/1464 743/1482/1465 1882/91/1463
f 1693/1431/1466 717/1483/1467 558/1429/1468
f 1693/1431/1466 718/1480/1456 1844/1484/1469
f 1792/1086/1470 770/1485/1471 706/1088/1460
f 1792/1086/1470 769/1486/1472 1856/1086/1473
f 679/39/1474 1883/36/1475 743/1482/1465
f 710/34/1423 1883/36/1475 1819/36/1476
f 1694/1435/1477 716/1487/1478 557/1433/1479
f 558/1429/1468 1845/1488/1480 1694/1435/1477
f 705/1039/1481 1857/1037/1482 769/1486/1472
f 1793/1037/1483 768/1489/1484 1857/1037/1482
f 556/1437/1485 1846/1490/1486 715/1491/1487
f 1695/1439/1488 716/1487/1478 1846/1490/1486
f 1669/1331/1489 741/1492/1490 582/1329/1491
f 583/1334/1492 1820/1331/1493 1669/1331/1489
f 704/1020/1494 1858/1018/1495 768/1489/1484
f 1794/1018/1496 767/1493/1497 1858/1018/1495
f 555/1441/1498 1847/1494/1499 714/1495/1500
f 1696/1443/1501 715/1491/1487 1847/1494/1499
f 1670/1337/1502 740/1496/1503 581/1335/1504
f 582/1329/1491 1821/1497/1505 1670/1337/1502
f 703/956/1506 1859/953/1507 767/1493/1497
f 1795/953/1508 766/951/1509 1859/953/1507
f 554/1445/1510 1848/1498/1511 713/1499/1512
f 1697/1447/1513 714/1495/1500 1848/1498/1511
f 1671/1341/1514 739/1500/1515 580/1339/1516
f 581/1335/1504 1822/1501/1517 1671/1341/1514
f 1796/925/1518 766/927/1509 702/927/1519
f 701/871/1520 1860/1502/1521 1796/925/1518
f 1698/1451/1522 712/1503/1523 553/1449/1524
f 1698/1451/1522 713/1499/1512 1849/1504/1525
f 1672/1345/1526 738/1505/1527 579/1343/1528
f 580/1339/1516 1823/1506/1529 1672/1345/1526
f 1797/869/1530 765/1507/1531 701/871/1520
f 700/818/1532 1861/1508/1533 1797/869/1530
f 552/1453/1534 1850/1509/1535 711/1510/1536
f 1699/1455/1537 712/1503/1523 1850/1509/1535
f 1798/815/1538 764/1511/1539 700/818/1532
f 1798/815/1538 763/1512/1540 1862/1513/1541
f 1673/1349/1542 737/1514/1543 578/1347/1544
f 579/1343/1528 1824/1515/1545 1673/1349/1542
f 583/1334/1492 1851/1516/1546 742/1517/1547
f 1700/1458/1548 711/1510/1536 1851/1516/1546
f 1799/799/1549 763/1512/1540 699/801/1550
f 698/743/1498 1863/799/1551 1799/799/1549
f 577/1351/1552 1825/1518/1553 736/1519/1554
f 1674/1353/1555 737/1514/1543 1825/1518/1553
f 1800/740/1556 762/1520/1557 698/743/1498
f 697/725/1558 1864/1521/1559 1800/740/1556
f 1675/1357/1560 735/1522/1561 576/1355/1562
f 577/1351/1552 1826/1523/1563 1675/1357/1560
f 1801/723/1564 761/1524/1565 697/725/1558
f 696/674/1566 1865/723/1567 1801/723/1564
f 575/1359/1397 1827/1525/1568 734/1526/1569
f 1676/1361/1570 735/1522/1561 1827/1525/1568
f 696/674/1566 1866/1527/1571 760/1528/1572
f 1802/672/1573 759/1529/1574 1866/1527/1571
f 1677/1365/1575 733/1530/1576 574/1363/1577
f 575/1368/1397 1828/1531/1578 1677/1365/1575
f 1803/654/1548 759/1529/1574 695/656/1579
f 1803/654/1548 758/1532/1580 1867/654/1581
f 1678/1371/1582 732/1533/1583 573/1369/1584
f 1678/1371/1582 733/1530/1576 1829/1534/1585
f 572/1373/1586 1830/1535/1587 731/1536/1588
f 573/1369/1584 1830/1535/1587 1679/1375/1589
f 1804/598/1590 758/1532/1580 694/600/1591
f 1804/598/1590 757/576/1592 1868/598/1593
f 571/1377/1594 1831/1537/1595 730/1377/1596
f 1680/1379/1597 731/1536/1588 1831/1537/1595
f 1805/574/1598 757/576/1592 693/576/1599
f 692/528/1504 1869/574/1600 1805/574/1598
f 1681/1383/1601 729/1381/1602 570/1381/1603
f 1681/1383/1601 730/1377/1596 1832/1383/1604
f 692/528/1504 1870/1538/1605 756/528/1606
f 691/512/1607 1870/1538/1605 1806/526/1608
f 1807/510/1609 755/1539/1610 691/512/1607
f 690/456/1611 1871/510/1612 1807/510/1609
f 1682/1387/1613 728/1540/1614 569/1385/1615
f 570/1381/1603 1833/1387/1616 1682/1387/1613
f 1808/454/1617 754/1541/1618 690/456/1611
f 1808/454/1617 753/1542/1619 1872/454/1620
f 568/1389/1474 1834/1543/1621 727/1544/1622
f 1683/1391/1464 728/1540/1614 1834/1543/1621
f 689/434/1623 1873/1545/1624 753/1542/1619
f 1809/432/1625 752/1546/1626 1873/1545/1624
f 567/1393/1627 1835/1547/1628 726/1548/1629
f 1684/1395/1630 727/1544/1622 1835/1547/1628
f 688/383/1631 1874/381/1632 752/1546/1626
f 687/325/1389 1874/381/1632 1810/381/1633
f 566/1397/1634 1836/1549/1635 725/1397/1395
f 1685/1399/1636 726/1548/1629 1836/1549/1635
f 1859/953/1507 1892/1550/1637 767/1493/1497
f 1893/1551/1638 830/1552/1639 831/1553/1640
f 1893/1551/1638 831/1553/1640 1892/1550/1637
f 1833/1387/1616 1894/1554/1641 728/1540/1614
f 1895/1555/1642 793/1556/1643 792/1557/1644
f 1895/1555/1642 792/1557/1644 1894/1554/1641
f 1860/1502/1521 1893/927/1638 766/927/1509
f 1860/1502/1521 1896/1558/1645 2309/925/1646
f 2309/925/1646 829/1559/1647 830/1560/1639
f 2309/925/1646 830/1560/1639 1893/927/1638
f 1834/1543/1621 1897/1561/1648 727/1544/1622
f 1834/1543/1621 1894/1554/1641 1897/1561/1648
f 1897/1561/1648 792/1557/1644 791/1562/1649
f 1861/1508/1533 1896/1558/1645 765/1507/1531
f 1861/1508/1533 1898/1563/1650 1896/1558/1645
f 1896/1558/1645 828/1564/1651 829/1559/1647
f 1835/1547/1628 1899/1565/1652 726/1548/1629
f 1835/1547/1628 1897/1561/1648 1899/1565/1652
f 1899/1565/1652 791/1562/1649 790/1566/1653
f 1862/1513/1541 1898/1563/1650 764/1511/1539
f 1862/1513/1541 1900/1567/1654 1898/1563/1650
f 1898/1563/1650 827/1568/1655 828/1564/1651
f 1836/1549/1635 1901/1569/1656 725/1397/1395
f 1836/1549/1635 1899/1565/1652 2310/1570/1657
f 2310/1570/1657 790/1566/1653 1884/1571/1658
f 2310/1570/1657 789/1397/1659 1901/1569/1656
f 1863/799/1551 1900/1567/1654 763/1512/1540
f 1863/799/1551 1902/1572/1660 1900/1567/1654
f 1900/1567/1654 826/1573/1661 827/1568/1655
f 1837/1461/1396 1903/1574/1662 724/1401/1393
f 1837/1461/1396 1901/1569/1656 2311/1403/1663
f 1901/1569/1656 1885/1403/1664 2311/1403/1663
f 1903/1574/1662 1885/1403/1664 788/1401/1665
f 1864/1521/1559 1902/1572/1660 762/1520/1557
f 1864/1521/1559 1904/1575/1666 1902/1572/1660
f 1902/1572/1660 825/1576/1667 826/1573/1661
f 1838/1407/1402 1905/1577/1668 723/1405/1403
f 1838/1407/1402 1903/1574/1662 2312/1578/1669
f 2312/1578/1669 788/1401/1665 1886/1579/1670
f 2312/1578/1669 787/1580/1671 1905/1577/1668
f 1865/723/1567 1904/1575/1666 761/1524/1565
f 1906/1581/1672 824/1582/1673 825/1576/1667
f 1906/1581/1672 825/1576/1667 1904/1575/1666
f 1839/1464/1410 1907/1583/1674 722/1465/1411
f 1905/1577/1668 786/1584/1675 1907/1583/1674
f 1866/1527/1571 1906/1581/1672 760/1528/1572
f 1908/1585/1676 824/1582/1673 1906/1581/1672
f 1840/1469/1420 1909/1586/1677 721/1468/1418
f 1840/1469/1420 1907/1583/1674 1909/1586/1677
f 1867/654/1581 1908/1585/1676 759/1529/1574
f 1910/1587/1678 823/1588/1679 1908/1585/1676
f 1841/1419/1431 1911/1589/1680 720/1472/1432
f 1841/1419/1431 1909/1586/1677 1911/1589/1680
f 1868/598/1593 1910/1587/1678 758/1532/1580
f 1868/598/1593 1912/1590/1681 2313/1591/1682
f 2313/1591/1682 821/576/1683 1888/1592/1684
f 2313/1591/1682 822/1593/1685 1910/1587/1678
f 1842/1476/1445 1913/1594/1686 719/1475/1443
f 1842/1476/1445 1911/1589/1680 2314/1595/1687
f 2314/1595/1687 783/1596/1688 1913/1594/1686
f 1869/574/1600 1912/1590/1681 757/576/1592
f 1869/574/1600 1914/1597/1689 2315/574/1690
f 1914/1597/1689 1889/574/1691 2315/574/1690
f 1912/1590/1681 1889/574/1691 821/576/1683
f 1843/1479/1455 1915/1598/1692 718/1480/1456
f 1913/1594/1686 782/1599/1693 1915/1598/1692
f 1870/1538/1605 1914/1597/1689 756/528/1606
f 1870/1538/1605 1916/1600/1694 2316/1601/1695
f 2316/1601/1695 819/1602/1696 1890/1603/1697
f 2316/1601/1695 820/528/1698 1914/1597/1689
f 1844/1484/1469 1917/1604/1699 717/1483/1467
f 1844/1484/1469 1915/1598/1692 1917/1604/1699
f 1871/510/1612 1916/1600/1694 755/1539/1610
f 1871/510/1612 1918/1605/1700 1916/1600/1694
f 1916/1600/1694 818/1606/1701 819/1602/1696
f 1845/1488/1480 1919/1607/1702 716/1487/1478
f 1845/1488/1480 1917/1604/1699 1919/1607/1702
f 1919/1607/1702 781/1608/1703 780/1609/1704
f 1872/454/1620 1918/1605/1700 754/1541/1618
f 1872/454/1620 1920/1610/1705 1918/1605/1700
f 1918/1605/1700 817/1611/1706 818/1606/1701
f 1846/1490/1486 1921/1612/1707 715/1491/1487
f 1846/1490/1486 1919/1607/1702 1921/1612/1707
f 1921/1612/1707 780/1609/1704 779/1613/1708
f 1820/1331/1493 1922/1614/1709 741/1492/1490
f 1820/1331/1493 1923/1615/1710 1922/1614/1709
f 1922/1614/1709 806/1616/1711 805/1617/1712
f 1873/1545/1624 1920/1610/1705 753/1542/1619
f 1873/1545/1624 1924/1618/1713 1920/1610/1705
f 1920/1610/1705 816/1619/1714 817/1611/1706
f 1847/1494/1499 1925/1620/1715 714/1495/1500
f 1847/1494/1499 1921/1612/1707 1925/1620/1715
f 1925/1620/1715 779/1613/1708 778/1621/1716
f 1821/1497/1505 1926/1622/1717 740/1496/1503
f 1821/1497/1505 1922/1614/1709 1926/1622/1717
f 1926/1622/1717 805/1617/1712 804/1623/1718
f 1874/381/1632 1924/1618/1713 752/1546/1626
f 1874/381/1632 1927/1624/1719 1924/1618/1713
f 1924/1618/1713 815/1625/1720 816/1619/1714
f 1848/1498/1511 1928/1626/1721 713/1499/1512
f 1848/1498/1511 1925/1620/1715 1928/1626/1721
f 1928/1626/1721 778/1621/1716 777/1627/1722
f 1822/1501/1517 1929/1628/1723 739/1500/1515
f 1822/1501/1517 1926/1622/1717 1929/1628/1723
f 1929/1628/1723 804/1623/1718 803/1629/1724
f 1875/322/1391 1927/1624/1719 751/1459/1388
f 1875/322/1391 1930/1630/1725 1927/1624/1719
f 1927/1624/1719 814/1631/1726 815/1625/1720
f 1849/1504/1525 1931/1632/1727 712/1503/1523
f 1849/1504/1525 1928/1626/1721 1931/1632/1727
f 1931/1632/1727 777/1627/1722 776/1633/1728
f 1823/1506/1529 1932/1634/1729 738/1505/1527
f 1823/1506/1529 1929/1628/1723 1932/1634/1729
f 1932/1634/1729 803/1629/1724 802/1635/1730
f 1876/1462/1398 1930/1630/1725 750/1460/1390
f 1876/1462/1398 1933/1636/1731 1930/1630/1725
f 1930/1630/1725 813/1637/1732 814/1631/1726
f 1850/1509/1535 1934/1638/1733 711/1510/1536
f 1850/1509/1535 1931/1632/1727 1934/1638/1733
f 1934/1638/1733 776/1633/1728 775/1639/1734
f 1824/1515/1545 1935/1640/1735 737/1514/1543
f 1824/1515/1545 1932/1634/1729 1935/1640/1735
f 1935/1640/1735 802/1635/1730 801/1641/1736
f 1877/251/1408 1933/1636/1731 749/1463/1406
f 1936/1642/1737 813/1637/1732 1933/1636/1731
f 1851/1516/1546 1923/1615/1710 742/1517/1547
f 1851/1516/1546 1934/1638/1733 1923/1615/1710
f 1923/1615/1710 775/1639/1734 806/1616/1711
f 1825/1518/1553 1937/1643/1738 736/1519/1554
f 1825/1518/1553 1935/1640/1735 1937/1643/1738
f 1937/1643/1738 801/1641/1736 800/1644/1739
f 1878/233/1416 1936/1642/1737 748/1466/1414
f 1938/1645/1740 812/1646/1741 1936/1642/1737
f 1852/1471/1425 1939/1647/1742 774/1470/1422
f 1940/1648/1743 838/1649/1744 1939/1647/1742
f 1826/1523/1563 1941/1650/1745 735/1522/1561
f 1826/1523/1563 1937/1643/1738 1941/1650/1745
f 1941/1650/1745 800/1644/1739 799/1651/1746
f 1879/181/1427 1938/1645/1740 747/1467/1415
f 1942/1652/1747 811/1653/1748 1938/1645/1740
f 1853/1185/1437 1940/1648/1743 773/1473/1435
f 1943/1654/1749 837/1655/1750 1940/1648/1743
f 1827/1525/1568 1944/1656/1751 734/1526/1569
f 1827/1525/1568 1941/1650/1745 1944/1656/1751
f 1944/1656/1751 799/1651/1746 798/1657/1752
f 1880/160/1441 1942/1652/1747 746/162/1439
f 1945/1658/1753 809/1659/1754 1891/1660/1755
f 1945/1658/1753 810/1661/1756 1942/1652/1747
f 1854/1164/1449 1943/1654/1749 772/1477/1447
f 1946/1662/1757 835/1663/1758 1887/1664/1759
f 1946/1662/1757 836/1665/1760 1943/1654/1749
f 1828/1531/1578 1947/1666/1761 733/1530/1576
f 1828/1531/1578 1944/1368/1751 1947/1666/1761
f 1947/1666/1761 798/1667/1752 797/1668/1762
f 1881/112/1451 1945/1658/1753 745/1474/1440
f 1948/1669/1763 808/1670/1764 809/1659/1754
f 1948/1669/1763 809/1659/1754 1945/1658/1753
f 1855/1110/1461 1946/1662/1757 771/1481/1459
f 1855/1110/1461 1949/1671/1765 2317/1672/1766
f 2317/1672/1766 834/1673/1767 835/1663/1758
f 2317/1672/1766 835/1663/1758 1946/1662/1757
f 1829/1534/1585 1950/1674/1768 732/1533/1583
f 1829/1534/1585 1947/1666/1761 1950/1674/1768
f 1950/1674/1768 797/1668/1762 796/1675/1769
f 1882/91/1463 1948/1669/1763 744/1478/1453
f 1882/91/1463 1951/1676/1770 2318/1677/1771
f 2318/1677/1771 807/1678/1772 808/1670/1764
f 2318/1677/1771 808/1670/1764 1948/1669/1763
f 1856/1086/1473 1949/1671/1765 770/1485/1471
f 1856/1086/1473 1952/1679/1773 1949/1671/1765
f 1949/1671/1765 833/1680/1774 834/1673/1767
f 1830/1535/1587 1953/1681/1775 731/1536/1588
f 1830/1535/1587 1950/1674/1768 2319/1682/1776
f 2319/1682/1776 796/1675/1769 795/1683/1777
f 2319/1682/1776 795/1683/1777 1953/1681/1775
f 1883/36/1475 1951/1676/1770 743/1482/1465
f 1883/36/1475 1939/1647/1742 1951/1676/1770
f 1951/1676/1770 838/1649/1744 807/1678/1772
f 1857/1037/1482 1952/1679/1773 769/1486/1472
f 1857/1037/1482 1954/1684/1778 1952/1679/1773
f 1952/1679/1773 832/1685/1779 833/1680/1774
f 1831/1537/1595 1955/1686/1780 730/1377/1596
f 1953/1681/1775 795/1683/1777 794/1687/1781
f 1953/1681/1775 794/1687/1781 1955/1686/1780
f 1858/1018/1495 1954/1684/1778 768/1489/1484
f 1892/1550/1637 831/1553/1640 832/1685/1779
f 1892/1550/1637 832/1685/1779 1954/1684/1778
f 1832/1383/1604 1895/1555/1642 729/1381/1602
f 1955/1686/1780 794/1687/1781 793/1556/1643
f 1955/1686/1780 793/1556/1643 1895/1555/1642
f 789/1397/1659 2320/1402/1782 1885/1403/1664
f 821/576/1683 2320/1402/1782 1957/1400/1783
f 2320/1402/1782 820/528/1698 1956/1404/1784
f 2320/1402/1782 788/1401/1665 1885/1403/1664
f 782/1599/1693 780/1609/1704 781/1608/1703
f 1956/1404/1784 1886/1579/1670 788/1401/1665
f 1890/1603/1697 1956/1404/1784 820/528/1698
f 812/1646/1741 814/1631/1726 813/1637/1732
f 837/1655/1750 807/1678/1772 838/1649/1744
f 823/1588/1679 825/1576/1667 824/1582/1673
f 1957/1400/1783 1888/1592/1684 821/576/1683
f 1884/1571/1658 1957/1400/1783 789/1397/1659
f 869/1688/1785 1990/1689/1786 1701/1233/1169
f 1990/1689/1786 870/1690/1787 1701/1233/1169
f 868/1691/1788 1991/1692/1789 1702/1237/1173
f 1991/1692/1789 869/1688/1785 1702/1237/1173
f 867/1693/1790 1992/1694/1791 1703/1240/1176
f 1992/1694/1791 868/1691/1788 1703/1240/1176
f 866/1695/1792 1993/1696/1793 1704/1243/1179
f 1993/1696/1793 867/1693/1790 1704/1243/1179
f 865/1697/1794 1994/1698/1795 1705/1246/1182
f 1994/1698/1795 866/1695/1792 1705/1246/1182
f 864/1699/1796 1995/1700/1797 1706/1249/1185
f 1995/1700/1797 865/1697/1794 1706/1249/1185
f 863/1701/1798 1996/1702/1799 1707/1252/1188
f 1996/1702/1799 864/1699/1796 1707/1252/1188
f 862/1703/1800 1997/1704/1801 1708/1255/1191
f 1997/1704/1801 863/1701/1798 1708/1255/1191
f 861/1705/1802 1998/1706/1803 1709/1258/1194
f 1998/1706/1803 862/1707/1800 1709/1258/1194
f 860/1708/1804 1999/1709/1805 1710/1262/1197
f 1999/1709/1805 861/1705/1802 1710/1262/1197
f 859/1710/1806 2000/1711/1807 1711/1265/1200
f 2000/1711/1807 860/1708/1804 1711/1265/1200
f 858/1712/1808 2001/1713/1809 1712/1268/1203
f 2001/1713/1809 859/1710/1806 1712/1268/1203
f 857/1714/1810 2002/1715/1811 1713/1271/1206
f 2002/1715/1811 858/1712/1808 1713/1271/1206
f 856/1716/1812 2003/1717/1813 1714/1274/1209
f 2003/1717/1813 857/1714/1810 1714/1274/1209
f 855/1718/1814 2004/1719/1815 1715/1277/1212
f 2004/1719/1815 856/1716/1812 1715/1277/1212
f 854/1720/1816 2005/1721/1817 1716/1280/1215
f 2005/1721/1817 855/1718/1814 1716/1280/1215
f 853/1722/1818 2006/1723/1819 1717/1283/1218
f 2006/1723/1819 854/1720/1816 1717/1283/1218
f 852/1724/1820 2007/1725/1821 1718/1286/1221
f 2007/1725/1821 853/1722/1818 1718/1286/1221
f 851/1726/1822 2008/1727/1823 1719/1289/1224
f 2008/1727/1823 852/1724/1820 1719/1289/1224
f 850/1728/1824 2009/1729/1825 1720/1292/1227
f 2009/1729/1825 851/1726/1822 1720/1292/1227
f 849/1730/1826 2010/1731/1827 1721/1295/1230
f 2010/1731/1827 850/1728/1824 1721/1295/1230
f 848/1732/1828 2011/1733/1829 1722/1298/1233
f 2011/1733/1829 849/1730/1826 1722/1298/1233
f 847/1734/1830 2012/1735/1831 1723/1301/1236
f 2012/1735/1831 848/1732/1828 1723/1301/1236
f 846/1736/1832 2013/1737/1833 1724/1304/1239
f 2013/1737/1833 847/1734/1830 1724/1304/1239
f 845/1738/1834 2014/1739/1835 1725/1307/1242
f 2014/1739/1835 846/1736/1832 1725/1307/1242
f 844/1740/1836 2015/1741/1837 1726/1310/1245
f 2015/1741/1837 845/1738/1834 1726/1310/1245
f 843/1742/1838 2016/1743/1839 1727/1313/1248
f 2016/1743/1839 844/1740/1836 1727/1313/1248
f 842/1744/1840 2017/1745/1841 1728/1316/1251
f 2017/1745/1841 843/1742/1838 1728/1316/1251
f 841/1746/1842 2018/1747/1843 1729/1319/1254
f 2018/1747/1843 842/1744/1840 1729/1319/1254
f 840/1748/1844 2019/1749/1845 1730/1322/1257
f 2019/1749/1845 841/1746/1842 1730/1322/1257
f 839/1750/1846 2020/1751/1847 1731/1325/1260
f 2020/1751/1847 840/1748/1844 1731/1325/1260
f 870/1690/1787 2021/1752/1848 1732/1327/1262
f 2021/1752/1848 839/1750/1846 1732/1327/1262
f 1510/1/1 2036/5/5 1518/2/2
f 2/4/4 896/59/59 2036/5/5
f 2036/5/5 896/59/59 11/6/6
f 1518/2/2 2036/5/5 889/7/7
f 1511/9/9 2037/12/12 897/10/10
f 442/3/3 1518/2/2 2037/12/12
f 2037/12/12 1518/2/2 12/8/8
f 897/10/10 2037/12/12 890/13/13
f 883/15/15 2038/18/18 898/16/16
f 3/11/11 897/10/10 2038/18/18
f 2038/18/18 897/10/10 13/14/14
f 898/16/16 2038/18/18 891/19/19
f 5/25/25 884/28/28 2039/26/26
f 884/28/28 4/17/17 898/16/16
f 898/16/16 14/20/20 892/29/29
f 2039/26/26 892/29/29 15/30/30
f 710/34/34 1787/37/37 2040/35/35
f 1787/37/37 5/25/25 899/27/27
f 899/27/27 15/30/30 1756/38/38
f 2040/35/35 1756/38/38 679/39/39
f 1507/40/40 886/43/43 900/41/41
f 886/43/43 440/33/33 8/32/32
f 6/45/45 1513/48/48 2041/46/46
f 1513/48/48 443/1753/1849 1519/49/49
f 1519/49/49 16/1754/1850 894/50/50
f 2041/46/46 894/50/50 17/51/51
f 1508/52/52 2042/55/55 1520/53/53
f 1/42/42 900/41/41 2042/55/55
f 2042/55/55 900/41/41 9/44/44
f 1520/53/53 2042/55/55 887/56/56
f 441/54/54 1520/53/53 1509/58/58
f 1509/58/58 1520/53/53 10/57/57
f 896/59/59 1509/58/58 888/60/60
f 887/56/56 2043/62/62 912/61/61
f 9/44/44 913/94/92 2043/62/62
f 2043/62/62 913/94/92 22/63/63
f 912/61/61 2043/62/62 903/64/64
f 888/60/60 904/67/67 915/66/66
f 10/57/57 912/61/61 904/67/67
f 904/67/67 912/61/61 23/65/65
f 889/7/7 2044/70/70 916/69/69
f 11/6/6 915/66/66 2044/70/70
f 2044/70/70 915/66/66 24/68/68
f 916/69/69 2044/70/70 905/71/71
f 890/13/13 2045/74/74 917/73/73
f 12/8/8 916/69/69 2045/74/74
f 2045/74/74 916/69/69 25/72/72
f 917/73/73 2045/74/74 906/75/75
f 891/19/19 2046/78/78 918/77/77
f 13/14/14 917/73/73 2046/78/78
f 2046/78/78 917/73/73 26/76/76
f 918/77/77 2046/78/78 907/79/79
f 15/30/30 892/29/29 2047/85/83
f 892/29/29 14/20/20 918/77/77
f 918/77/77 27/80/80 908/87/85
f 2047/85/83 908/87/85 28/88/86
f 885/31/31 7/24/24 21/82/81
f 885/31/31 921/89/87 8/32/32
f 679/39/39 1756/38/38 2048/90/88
f 1756/38/38 15/30/30 919/86/84
f 919/86/84 28/88/86 1757/92/90
f 2048/90/88 1757/92/90 680/93/91
f 886/43/43 902/95/93 913/94/92
f 894/50/50 16/1754/1850 920/96/94
f 920/96/94 29/1755/1851 910/97/95
f 894/50/50 910/97/95 30/98/96
f 907/79/79 2049/100/98 932/99/97
f 26/76/76 933/132/129 2049/100/98
f 2049/100/98 933/132/129 40/101/99
f 932/99/97 2049/100/98 927/102/100
f 28/88/86 908/87/85 2050/106/103
f 908/87/85 27/80/80 932/99/97
f 932/99/97 41/103/101 928/108/105
f 2050/106/103 928/108/105 42/109/106
f 921/89/87 21/82/81 34/105/102
f 680/93/91 1757/92/90 2051/111/108
f 1757/92/90 28/88/86 934/107/104
f 934/107/104 42/109/106 1758/113/110
f 2051/111/108 1758/113/110 681/114/111
f 902/95/93 922/116/113 936/115/112
f 8/32/32 35/110/107 922/116/113
f 30/98/96 910/97/95 930/119/116
f 910/97/95 29/1755/1851 935/118/115
f 935/118/115 43/1756/1852 930/119/116
f 903/64/64 2052/122/119 937/121/118
f 22/63/63 936/115/112 2052/122/119
f 2052/122/119 936/115/112 36/117/114
f 937/121/118 2052/122/119 923/123/120
f 904/67/67 924/126/123 939/125/122
f 23/65/65 937/121/118 924/126/123
f 924/126/123 937/121/118 37/124/121
f 905/71/71 2053/129/126 940/128/125
f 24/68/68 939/125/122 2053/129/126
f 2053/129/126 939/125/122 38/127/124
f 940/128/125 2053/129/126 925/130/127
f 906/75/75 2054/133/130 933/132/129
f 25/72/72 940/128/125 2054/133/130
f 2054/133/130 940/128/125 39/131/128
f 933/132/129 2054/133/130 926/134/131
f 924/126/123 943/136/133 952/135/132
f 37/124/121 953/170/165 943/136/133
f 943/136/133 953/170/165 52/173/168
f 925/130/127 2055/139/136 954/138/135
f 38/127/124 952/135/132 2055/139/136
f 2055/139/136 952/135/132 53/137/134
f 954/138/135 2055/139/136 944/140/137
f 926/134/131 2056/143/140 955/142/139
f 39/131/128 954/138/135 2056/143/140
f 2056/143/140 954/138/135 54/141/138
f 955/142/139 2056/143/140 945/144/141
f 927/102/100 2057/147/144 956/146/143
f 40/101/99 955/142/139 2057/147/144
f 2057/147/144 955/142/139 55/145/142
f 956/146/143 2057/147/144 946/148/145
f 34/105/102 1521/151/82 1522/150/147
f 49/229/222 34/105/102 1522/150/147
f 42/109/106 928/108/105 2058/153/148
f 928/108/105 41/103/101 956/146/143
f 956/146/143 56/149/146 947/155/150
f 2058/153/148 947/155/150 57/156/151
f 34/105/102 49/229/222 960/158/153
f 921/89/87 960/158/153 50/157/152
f 681/114/111 1758/113/110 2059/159/154
f 1758/113/110 42/109/106 957/154/149
f 957/154/149 57/156/151 1759/161/156
f 2059/159/154 1759/161/156 682/162/157
f 922/116/113 2060/164/159 959/163/158
f 35/110/107 50/157/152 2060/164/159
f 959/163/158 2060/164/159 941/165/160
f 44/120/117 930/119/116 949/168/163
f 930/119/116 43/1756/1852 958/167/162
f 958/167/162 58/1757/1853 949/168/163
f 923/123/120 2061/171/166 953/170/165
f 36/117/114 959/163/158 2061/171/166
f 2061/171/166 959/163/158 51/166/161
f 953/170/165 2061/171/166 942/172/167
f 57/156/151 947/155/150 2062/174/169
f 947/155/150 56/149/146 972/176/171
f 972/176/171 69/208/203 967/177/172
f 2062/174/169 967/177/172 70/178/173
f 682/162/157 1759/161/156 2063/180/175
f 1759/161/156 57/156/151 971/175/170
f 971/175/170 70/178/173 1760/182/177
f 2063/180/175 1760/182/177 683/183/178
f 50/157/152 63/179/174 941/165/160
f 974/184/179 941/165/160 961/185/180
f 59/169/164 949/168/163 969/187/182
f 949/168/163 58/1757/1853 973/189/184
f 973/189/184 71/1758/1854 969/187/182
f 942/172/167 2064/191/186 975/190/185
f 51/166/161 974/184/179 2064/191/186
f 2064/191/186 974/184/179 64/186/181
f 975/190/185 2064/191/186 962/192/187
f 943/136/133 2065/195/190 977/194/189
f 52/173/168 975/190/185 2065/195/190
f 2065/195/190 975/190/185 65/193/188
f 977/194/189 2065/195/190 963/196/191
f 944/140/137 2066/199/194 978/198/193
f 53/137/134 977/194/189 2066/199/194
f 2066/199/194 977/194/189 66/197/192
f 978/198/193 2066/199/194 964/200/195
f 945/144/141 2067/203/198 979/202/197
f 54/141/138 978/198/193 2067/203/198
f 2067/203/198 978/198/193 67/201/196
f 979/202/197 2067/203/198 965/204/199
f 946/148/145 2068/206/201 972/176/171
f 55/145/142 979/202/197 2068/206/201
f 2068/206/201 979/202/197 68/205/200
f 972/176/171 2068/206/201 966/207/202
f 964/200/195 2069/210/205 993/209/204
f 66/197/192 994/246/239 2069/210/205
f 2069/210/205 994/246/239 81/211/206
f 993/209/204 2069/210/205 985/212/207
f 965/204/199 2070/215/210 995/214/209
f 67/201/196 993/209/204 2070/215/210
f 2070/215/210 993/209/204 82/213/208
f 995/214/209 2070/215/210 986/216/211
f 966/207/202 2071/219/214 996/218/213
f 68/205/200 995/214/209 2071/219/214
f 2071/219/214 995/214/209 83/217/212
f 996/218/213 2071/219/214 987/220/215
f 49/229/222 1522/223/147 980/222/217
f 78/248/241 49/229/222 980/222/217
f 70/178/173 967/177/172 2072/225/218
f 967/177/172 69/208/203 996/218/213
f 996/218/213 84/221/216 988/227/220
f 2072/225/218 988/227/220 85/228/221
f 63/179/174 960/158/153 981/230/223
f 49/229/222 78/248/241 981/230/223
f 683/183/178 1760/182/177 2073/232/225
f 1760/182/177 70/178/173 997/226/219
f 997/226/219 85/228/221 1761/234/227
f 2073/232/225 1761/234/227 684/235/228
f 961/185/180 63/179/174 92/231/224
f 999/236/229 961/185/180 982/237/230
f 72/188/183 969/187/182 990/239/232
f 969/187/182 71/1758/1854 998/241/234
f 998/241/234 86/1759/1855 990/239/232
f 962/192/187 2074/243/236 1000/242/235
f 64/186/181 999/236/229 2074/243/236
f 2074/243/236 999/236/229 79/238/231
f 1000/242/235 2074/243/236 983/244/237
f 65/193/188 1000/242/235 963/196/191
f 963/196/191 1000/242/235 80/245/238
f 994/246/239 963/196/191 984/247/240
f 92/231/224 981/230/223 1001/249/242
f 78/248/241 91/352/343 1001/249/242
f 684/235/228 1761/234/227 2075/250/243
f 1761/234/227 85/228/221 1013/252/245
f 1013/252/245 99/286/277 1762/253/246
f 2075/250/243 1762/253/246 685/254/247
f 1014/255/248 982/237/230 1002/256/249
f 87/240/233 990/239/232 1010/258/251
f 990/239/232 86/1759/1855 1012/260/253
f 1012/260/253 100/1760/1856 1010/258/251
f 983/244/237 2076/263/256 1016/262/255
f 79/238/231 1014/255/248 2076/263/256
f 2076/263/256 1014/255/248 93/257/250
f 1016/262/255 2076/263/256 1003/264/257
f 80/245/238 1016/262/255 984/247/240
f 984/247/240 1016/262/255 94/265/258
f 1018/266/259 984/247/240 1004/267/260
f 985/212/207 2077/270/263 1019/269/262
f 81/211/206 1018/266/259 2077/270/263
f 2077/270/263 1018/266/259 95/268/261
f 1019/269/262 2077/270/263 1005/271/264
f 986/216/211 2078/274/267 1020/273/266
f 82/213/208 1019/269/262 2078/274/267
f 2078/274/267 1019/269/262 96/272/265
f 1020/273/266 2078/274/267 1006/275/268
f 987/220/215 2079/278/271 1021/277/270
f 83/217/212 1020/273/266 2079/278/271
f 2079/278/271 1020/273/266 97/276/269
f 1021/277/270 2079/278/271 1007/279/272
f 78/248/241 980/282/217 1524/281/274
f 91/352/343 78/248/241 1524/281/274
f 85/228/221 988/227/220 2080/284/275
f 988/227/220 84/221/216 1021/277/270
f 1021/277/270 98/280/273 1008/285/276
f 2080/284/275 1008/285/276 99/286/277
f 1005/271/264 2081/288/279 1032/287/278
f 95/268/261 1033/319/310 2081/288/279
f 2081/288/279 1033/319/310 108/289/280
f 1032/287/278 2081/288/279 1025/290/281
f 1006/275/268 2082/293/284 1034/292/283
f 96/272/265 1032/287/278 2082/293/284
f 2082/293/284 1032/287/278 109/291/282
f 1034/292/283 2082/293/284 1026/294/285
f 1007/279/272 2083/297/288 1035/296/287
f 97/276/269 1034/292/283 2083/297/288
f 2083/297/288 1034/292/283 110/295/286
f 1035/296/287 2083/297/288 1027/298/289
f 99/286/277 1008/285/276 2084/300/291
f 1008/285/276 98/280/273 1035/296/287
f 1035/296/287 111/299/290 1028/302/293
f 2084/300/291 1028/302/293 112/303/294
f 685/254/247 1762/253/246 2085/305/296
f 1762/253/246 99/286/277 1036/301/292
f 1036/301/292 112/303/294 1763/307/298
f 2085/305/296 1763/307/298 686/308/299
f 92/231/224 105/304/295 1002/256/249
f 1038/309/300 1002/256/249 1022/310/301
f 101/261/254 1010/258/251 1030/313/304
f 1010/258/251 100/1760/1856 1037/312/303
f 1037/312/303 113/1761/1857 1030/313/304
f 1003/264/257 2086/316/307 1039/315/306
f 93/257/250 1038/309/300 2086/316/307
f 2086/316/307 1038/309/300 106/311/302
f 1039/315/306 2086/316/307 1023/317/308
f 94/265/258 1039/315/306 1004/267/260
f 1004/267/260 1039/315/306 107/318/309
f 1033/319/310 1004/267/260 1024/320/311
f 686/308/299 1763/307/298 2087/321/312
f 1763/307/298 112/303/294 1053/323/314
f 1053/323/314 127/359/348 1764/324/315
f 2087/321/312 1764/324/315 687/325/316
f 1022/310/301 1042/327/318 1054/326/317
f 105/304/295 120/361/350 1042/327/318
f 114/314/305 1030/313/304 2088/329/320
f 1030/313/304 113/1761/1857 1052/331/322
f 1052/331/322 128/1762/1858 1050/332/323
f 2088/329/320 1050/332/323 129/330/321
f 1023/317/308 2089/334/325 1055/333/324
f 106/311/302 1054/326/317 2089/334/325
f 2089/334/325 1054/326/317 121/328/319
f 1055/333/324 2089/334/325 1043/335/326
f 107/318/309 1055/333/324 1024/320/311
f 1024/320/311 1055/333/324 122/336/327
f 1057/337/328 1024/320/311 1044/338/329
f 1025/290/281 2090/341/332 1059/340/331
f 108/289/280 1057/337/328 2090/341/332
f 2090/341/332 1057/337/328 123/339/330
f 1059/340/331 2090/341/332 1045/342/333
f 1026/294/285 2091/345/336 1060/344/335
f 109/291/282 1059/340/331 2091/345/336
f 2091/345/336 1059/340/331 124/343/334
f 1060/344/335 2091/345/336 1046/346/337
f 1027/298/289 2092/349/340 1061/348/339
f 110/295/286 1060/344/335 2092/349/340
f 2092/349/340 1060/344/335 125/347/338
f 1061/348/339 2092/349/340 1047/350/341
f 91/352/343 1524/355/274 1525/353/344
f 112/303/294 1028/302/293 2093/357/346
f 1028/302/293 111/299/290 1061/348/339
f 1061/348/339 126/351/342 1048/358/347
f 2093/357/346 1048/358/347 127/359/348
f 105/304/295 1001/249/242 1041/360/349
f 1001/249/242 91/352/343 119/354/345
f 1046/346/337 2094/363/352 1072/362/351
f 124/343/334 1073/397/384 2094/363/352
f 2094/363/352 1073/397/384 138/364/353
f 1072/362/351 2094/363/352 1066/365/354
f 1047/350/341 2095/368/357 1074/367/356
f 125/347/338 1072/362/351 2095/368/357
f 2095/368/357 1072/362/351 139/366/355
f 1074/367/356 2095/368/357 1067/369/358
f 127/359/348 1048/358/347 2096/375/362
f 1048/358/347 126/351/342 1074/367/356
f 1074/367/356 140/370/359 1068/377/364
f 2096/375/362 1068/377/364 141/378/365
f 1041/360/349 119/354/345 133/372/360
f 687/325/316 1764/324/315 2097/380/367
f 1764/324/315 127/359/348 1075/376/363
f 1075/376/363 141/378/365 1765/382/369
f 2097/380/367 1765/382/369 688/383/370
f 1042/327/318 1062/385/372 1077/384/371
f 120/361/350 134/379/366 1062/385/372
f 1050/332/323 128/1762/1858 1076/388/375
f 1076/388/375 142/1763/1859 1070/389/376
f 1050/332/323 1070/389/376 143/387/374
f 1043/335/326 2098/391/378 1078/390/377
f 121/328/319 1077/384/371 2098/391/378
f 2098/391/378 1077/384/371 135/386/373
f 1078/390/377 2098/391/378 1063/392/379
f 122/336/327 1078/390/377 1044/338/329
f 1044/338/329 1078/390/377 136/393/380
f 1080/394/381 1044/338/329 1064/395/382
f 1045/342/333 2099/398/385 1073/397/384
f 123/339/330 1080/394/381 2099/398/385
f 2099/398/385 1080/394/381 137/396/383
f 1073/397/384 2099/398/385 1065/399/386
f 1062/385/372 1082/401/388 1092/400/387
f 134/379/366 148/430/417 1082/401/388
f 143/387/374 1070/389/376 1090/403/390
f 1070/389/376 142/1763/1859 1093/405/392
f 1093/405/392 156/1764/1860 1090/403/390
f 1063/392/379 2100/407/394 1094/406/393
f 135/386/373 1092/400/387 2100/407/394
f 2100/407/394 1092/400/387 149/402/389
f 1094/406/393 2100/407/394 1083/408/395
f 136/393/380 1094/406/393 1064/395/382
f 1064/395/382 1094/406/393 150/409/396
f 1096/410/397 1064/395/382 1084/411/398
f 1065/399/386 2101/414/401 1097/413/400
f 137/396/383 1096/410/397 2101/414/401
f 2101/414/401 1096/410/397 151/412/399
f 1097/413/400 2101/414/401 1085/415/402
f 1066/365/354 2102/418/405 1098/417/404
f 138/364/353 1097/413/400 2102/418/405
f 2102/418/405 1097/413/400 152/416/403
f 1098/417/404 2102/418/405 1086/419/406
f 1067/369/358 2103/422/409 1099/421/408
f 139/366/355 1098/417/404 2103/422/409
f 2103/422/409 1098/417/404 153/420/407
f 1099/421/408 2103/422/409 1087/423/410
f 161/447/432 133/372/360 1526/1765/361
f 141/378/365 1068/377/364 2104/425/412
f 1068/377/364 140/370/359 1099/421/408
f 1099/421/408 154/424/411 1088/427/414
f 2104/425/412 1088/427/414 155/428/415
f 134/379/366 1041/360/349 1081/429/416
f 133/372/360 161/447/432 1081/429/416
f 688/383/370 1765/382/369 2105/431/418
f 1765/382/369 141/378/365 1100/426/413
f 1100/426/413 155/428/415 1766/433/420
f 2105/431/418 1766/433/420 689/434/421
f 1086/419/406 2106/436/423 1111/435/422
f 152/416/403 1112/471/456 2106/436/423
f 2106/436/423 1112/471/456 166/437/424
f 1111/435/422 2106/436/423 1105/438/425
f 1087/423/410 2107/441/428 1113/440/427
f 153/420/407 1111/435/422 2107/441/428
f 2107/441/428 1111/435/422 167/439/426
f 1113/440/427 2107/441/428 1106/442/429
f 155/428/415 1088/427/414 2108/448/433
f 1088/427/414 154/424/411 1113/440/427
f 1113/440/427 168/443/430 1107/450/435
f 2108/448/433 1107/450/435 169/451/436
f 689/434/421 1766/433/420 2109/453/438
f 1766/433/420 155/428/415 1114/449/434
f 1114/449/434 169/451/436 1767/455/440
f 2109/453/438 1767/455/440 690/456/441
f 1082/401/388 2110/458/443 1116/457/442
f 148/430/417 162/452/437 2110/458/443
f 1116/457/442 2110/458/443 1101/459/444
f 157/404/391 1090/403/390 1109/461/446
f 1090/403/390 156/1764/1860 1115/463/448
f 1115/463/448 170/1766/1861 1109/461/446
f 1083/408/395 2111/465/450 1117/464/449
f 149/402/389 1116/457/442 2111/465/450
f 2111/465/450 1116/457/442 163/460/445
f 1117/464/449 2111/465/450 1102/466/451
f 1084/411/398 1103/469/454 1119/468/453
f 150/409/396 1117/464/449 1103/469/454
f 1103/469/454 1117/464/449 164/467/452
f 1085/415/402 2112/472/457 1112/471/456
f 151/412/399 1119/468/453 2112/472/457
f 2112/472/457 1119/468/453 165/470/455
f 1112/471/456 2112/472/457 1104/473/458
f 171/462/447 1109/461/446 2113/474/459
f 1109/461/446 170/1766/1861 1131/476/461
f 1131/476/461 183/1767/1862 1129/477/462
f 2113/474/459 1129/477/462 184/475/460
f 1102/466/451 2114/479/464 1132/478/463
f 163/460/445 1133/513/496 2114/479/464
f 2114/479/464 1133/513/496 176/480/465
f 1132/478/463 2114/479/464 1122/481/466
f 1103/469/454 2115/484/469 1135/483/468
f 164/467/452 1132/478/463 2115/484/469
f 2115/484/469 1132/478/463 177/482/467
f 1135/483/468 2115/484/469 1123/485/470
f 1104/473/458 2116/488/473 1136/487/472
f 165/470/455 1135/483/468 2116/488/473
f 2116/488/473 1135/483/468 178/486/471
f 1136/487/472 2116/488/473 1124/489/474
f 1105/438/425 2117/492/477 1137/491/476
f 166/437/424 1136/487/472 2117/492/477
f 2117/492/477 1136/487/472 179/490/475
f 1137/491/476 2117/492/477 1125/493/478
f 1106/442/429 2118/496/481 1138/495/480
f 167/439/426 1137/491/476 2118/496/481
f 2118/496/481 1137/491/476 180/494/479
f 1138/495/480 2118/496/481 1126/497/482
f 189/502/485 161/447/432 1528/500/431
f 169/451/436 1107/450/435 2119/503/486
f 1107/450/435 168/443/430 1138/495/480
f 1138/495/480 181/498/483 1127/505/488
f 2119/503/486 1127/505/488 182/506/489
f 162/452/437 1081/429/416 1120/507/490
f 161/447/432 189/502/485 1120/507/490
f 690/456/441 1767/455/440 2120/509/492
f 1767/455/440 169/451/436 1139/504/487
f 1139/504/487 182/506/489 1768/511/494
f 2120/509/492 1768/511/494 691/512/495
f 162/452/437 175/508/491 1101/459/444
f 1133/513/496 1101/459/444 1121/514/497
f 1126/497/482 2121/516/499 1150/515/498
f 180/494/479 1151/546/529 2121/516/499
f 2121/516/499 1151/546/529 195/517/500
f 1150/515/498 2121/516/499 1145/518/501
f 182/506/489 1127/505/488 2122/520/503
f 1127/505/488 181/498/483 1150/515/498
f 1150/515/498 196/519/502 1146/522/505
f 2122/520/503 1146/522/505 197/523/506
f 691/512/495 1768/511/494 2123/525/508
f 1768/511/494 182/506/489 1152/521/504
f 1152/521/504 197/523/506 1769/527/510
f 2123/525/508 1769/527/510 692/528/511
f 175/508/491 190/524/507 1121/514/497
f 1154/529/512 1121/514/497 1140/530/513
f 1129/477/462 183/1767/1862 1153/533/516
f 1153/533/516 198/1768/1863 1148/534/517
f 1129/477/462 1148/534/517 199/532/515
f 1122/481/466 2124/536/519 1155/535/518
f 176/480/465 1154/529/512 2124/536/519
f 2124/536/519 1154/529/512 191/531/514
f 1155/535/518 2124/536/519 1141/537/520
f 177/482/467 1155/535/518 1123/485/470
f 1123/485/470 1155/535/518 192/538/521
f 1157/539/522 1123/485/470 1142/540/523
f 1124/489/474 2125/543/526 1158/542/525
f 178/486/471 1157/539/522 2125/543/526
f 2125/543/526 1157/539/522 193/541/524
f 1158/542/525 2125/543/526 1143/544/527
f 1125/493/478 2126/547/530 1151/546/529
f 179/490/475 1158/542/525 2126/547/530
f 2126/547/530 1158/542/525 194/545/528
f 1151/546/529 2126/547/530 1144/548/531
f 1142/540/523 1162/550/533 1172/549/532
f 192/538/521 1173/584/565 1162/550/533
f 1162/550/533 1173/584/565 206/587/568
f 1143/544/527 2127/553/536 1174/552/535
f 193/541/524 1172/549/532 2127/553/536
f 2127/553/536 1172/549/532 207/551/534
f 1174/552/535 2127/553/536 1163/554/537
f 1144/548/531 2128/557/540 1175/556/539
f 194/545/528 1174/552/535 2128/557/540
f 2128/557/540 1174/552/535 208/555/538
f 1175/556/539 2128/557/540 1164/558/541
f 1145/518/501 2129/561/544 1176/560/543
f 195/517/500 1175/556/539 2129/561/544
f 2129/561/544 1175/556/539 209/559/542
f 1176/560/543 2129/561/544 1165/562/545
f 189/502/485 1529/565/484 1531/564/547
f 203/1769/1864 189/502/485 1531/564/547
f 197/523/506 1146/522/505 2130/567/548
f 1146/522/505 196/519/502 1176/560/543
f 1176/560/543 210/563/546 1166/569/550
f 2130/567/548 1166/569/550 211/570/551
f 190/524/507 1120/507/490 1159/571/552
f 189/502/485 203/1769/1864 1159/571/552
f 692/528/511 1769/527/510 2131/573/554
f 1769/527/510 197/523/506 1177/568/549
f 1177/568/549 211/570/551 1770/575/556
f 2131/573/554 1770/575/556 693/576/557
f 1140/530/513 190/524/507 204/572/553
f 1179/577/558 1140/530/513 1160/578/559
f 199/532/515 1148/534/517 1168/580/561
f 1148/534/517 198/1768/1863 1178/582/563
f 1178/582/563 212/1770/1865 1168/580/561
f 1141/537/520 2132/585/566 1173/584/565
f 191/531/514 1179/577/558 2132/585/566
f 2132/585/566 1179/577/558 205/579/560
f 1173/584/565 2132/585/566 1161/586/567
f 203/1769/1864 1531/589/547 1532/588/569
f 231/646/623 203/1769/1864 1532/588/569
f 211/570/551 1166/569/550 2133/591/570
f 1166/569/550 210/563/546 1191/593/572
f 1191/593/572 223/626/605 1186/594/573
f 2133/591/570 1186/594/573 224/595/574
f 203/1769/1864 231/646/623 1159/571/552
f 693/576/557 1770/575/556 2134/597/576
f 1770/575/556 211/570/551 1190/592/571
f 1190/592/571 224/595/574 1771/599/578
f 2134/597/576 1771/599/578 694/600/579
f 1160/578/559 204/572/553 217/596/575
f 1193/601/580 1160/578/559 1180/602/581
f 213/583/564 1168/580/561 2135/605/584
f 1168/580/561 212/1770/1865 1192/604/583
f 1192/604/583 225/1771/1866 1188/606/585
f 2135/605/584 1188/606/585 226/607/586
f 1161/586/567 2136/609/588 1194/608/587
f 205/579/560 1193/601/580 2136/609/588
f 2136/609/588 1193/601/580 218/603/582
f 1194/608/587 2136/609/588 1181/610/589
f 1162/550/533 2137/613/592 1196/612/591
f 206/587/568 1194/608/587 2137/613/592
f 2137/613/592 1194/608/587 219/611/590
f 1196/612/591 2137/613/592 1182/614/593
f 1163/554/537 2138/617/596 1197/616/595
f 207/551/534 1196/612/591 2138/617/596
f 2138/617/596 1196/612/591 220/615/594
f 1197/616/595 2138/617/596 1183/618/597
f 1164/558/541 2139/621/600 1198/620/599
f 208/555/538 1197/616/595 2139/621/600
f 2139/621/600 1197/616/595 221/619/598
f 1198/620/599 2139/621/600 1184/622/601
f 1165/562/545 2140/624/603 1191/593/572
f 209/559/542 1198/620/599 2140/624/603
f 2140/624/603 1198/620/599 222/623/602
f 1191/593/572 2140/624/603 1185/625/604
f 219/611/590 1211/663/640 1182/614/593
f 1182/614/593 1211/663/640 234/628/607
f 1210/627/606 1182/614/593 1202/629/608
f 1183/618/597 2141/632/611 1214/631/610
f 220/615/594 1210/627/606 2141/632/611
f 2141/632/611 1210/627/606 235/630/609
f 1214/631/610 2141/632/611 1203/633/612
f 1184/622/601 2142/636/615 1215/635/614
f 221/619/598 1214/631/610 2142/636/615
f 2142/636/615 1214/631/610 236/634/613
f 1215/635/614 2142/636/615 1204/637/616
f 1185/625/604 2143/640/619 1216/639/618
f 222/623/602 1215/635/614 2143/640/619
f 2143/640/619 1215/635/614 237/638/617
f 1216/639/618 2143/640/619 1205/641/620
f 224/595/574 1186/594/573 2144/647/624
f 1186/594/573 223/626/605 1216/639/618
f 1216/639/618 238/642/621 1206/649/626
f 2144/647/624 1206/649/626 239/650/627
f 217/596/575 1159/571/552 1199/651/628
f 694/600/579 1771/599/578 2145/653/630
f 1771/599/578 224/595/574 1217/648/625
f 1217/648/625 239/650/627 1772/655/632
f 2145/653/630 1772/655/632 695/656/633
f 1180/602/581 1200/658/635 1219/657/634
f 1200/658/635 217/596/575 232/652/629
f 1188/606/585 225/1771/1866 1218/660/637
f 1218/660/637 240/1772/1867 1208/661/638
f 1188/606/585 1208/661/638 241/662/639
f 1181/610/589 2146/664/641 1211/663/640
f 218/603/582 1219/657/634 2146/664/641
f 2146/664/641 1219/657/634 233/659/636
f 1211/663/640 2146/664/641 1201/665/642
f 239/650/627 1206/649/626 2147/666/643
f 1206/649/626 238/642/621 1231/668/645
f 1231/668/645 250/698/675 1226/669/646
f 2147/666/643 1226/669/646 251/670/647
f 231/646/623 257/702/677 1199/651/628
f 695/656/633 1772/655/632 2148/671/648
f 1772/655/632 239/650/627 1230/667/644
f 1230/667/644 251/670/647 1773/673/650
f 2148/671/648 1773/673/650 696/674/651
f 1200/658/635 1220/676/653 1233/675/652
f 1208/661/638 240/1772/1867 1232/678/655
f 1232/678/655 252/1773/1868 1228/679/656
f 1208/661/638 1228/679/656 253/680/657
f 1201/665/642 2149/682/659 1234/681/658
f 233/659/636 1233/675/652 2149/682/659
f 2149/682/659 1233/675/652 245/677/654
f 1234/681/658 2149/682/659 1221/683/660
f 234/628/607 1234/681/658 1202/629/608
f 1202/629/608 1234/681/658 246/684/661
f 1236/685/662 1202/629/608 1222/686/663
f 1203/633/612 2150/689/666 1237/688/665
f 235/630/609 1236/685/662 2150/689/666
f 2150/689/666 1236/685/662 247/687/664
f 1237/688/665 2150/689/666 1223/690/667
f 1204/637/616 2151/693/670 1238/692/669
f 236/634/613 1237/688/665 2151/693/670
f 2151/693/670 1237/688/665 248/691/668
f 1238/692/669 2151/693/670 1224/694/671
f 1205/641/620 2152/696/673 1231/668/645
f 237/638/617 1238/692/669 2152/696/673
f 2152/696/673 1238/692/669 249/695/672
f 1231/668/645 2152/696/673 1225/697/674
f 257/702/677 231/646/623 1533/700/622
f 1223/690/667 2153/704/679 1251/703/678
f 247/687/664 1252/736/711 2153/704/679
f 2153/704/679 1252/736/711 261/705/680
f 1251/703/678 2153/704/679 1243/706/681
f 1224/694/671 2154/709/684 1253/708/683
f 248/691/668 1251/703/678 2154/709/684
f 2154/709/684 1251/703/678 262/707/682
f 1253/708/683 2154/709/684 1244/710/685
f 1225/697/674 2155/713/688 1254/712/687
f 249/695/672 1253/708/683 2155/713/688
f 2155/713/688 1253/708/683 263/711/686
f 1254/712/687 2155/713/688 1245/714/689
f 251/670/647 1226/669/646 2156/716/691
f 1226/669/646 250/698/675 1254/712/687
f 1254/712/687 264/715/690 1246/718/693
f 2156/716/691 1246/718/693 265/719/694
f 232/652/629 1199/651/628 1239/720/695
f 696/674/651 1773/673/650 2157/722/697
f 1773/673/650 251/670/647 1255/717/692
f 1255/717/692 265/719/694 1774/724/699
f 2157/722/697 1774/724/699 697/725/700
f 1220/676/653 1240/727/702 1257/726/701
f 232/652/629 258/721/696 1240/727/702
f 253/680/657 1228/679/656 1248/729/704
f 1228/679/656 252/1773/1868 1256/731/706
f 1256/731/706 266/1774/1869 1248/729/704
f 1221/683/660 2158/733/708 1258/732/707
f 245/677/654 1257/726/701 2158/733/708
f 2158/733/708 1257/726/701 259/728/703
f 1258/732/707 2158/733/708 1241/734/709
f 246/684/661 1258/732/707 1222/686/663
f 1222/686/663 1258/732/707 260/735/710
f 1252/736/711 1222/686/663 1242/737/712
f 257/702/677 272/797/770 1239/720/695
f 697/725/700 1774/724/699 2159/739/714
f 1774/724/699 265/719/694 1271/741/716
f 1271/741/716 280/777/750 1775/742/717
f 2159/739/714 1775/742/717 698/743/718
f 1240/727/702 2160/745/720 1272/744/719
f 258/721/696 273/738/713 2160/745/720
f 1272/744/719 2160/745/720 1259/746/721
f 267/730/705 1248/729/704 2161/748/723
f 1248/729/704 266/1774/1869 1270/750/725
f 1270/750/725 281/1775/1870 1267/751/726
f 2161/748/723 1267/751/726 282/752/727
f 1241/734/709 2162/754/729 1274/753/728
f 259/728/703 1272/744/719 2162/754/729
f 2162/754/729 1272/744/719 274/747/722
f 1274/753/728 2162/754/729 1260/755/730
f 1242/737/712 1261/758/733 1276/757/732
f 260/735/710 1274/753/728 1261/758/733
f 1261/758/733 1274/753/728 275/756/731
f 1243/706/681 2163/761/736 1277/760/735
f 261/705/680 1276/757/732 2163/761/736
f 2163/761/736 1276/757/732 276/759/734
f 1277/760/735 2163/761/736 1262/762/737
f 1244/710/685 2164/765/740 1278/764/739
f 262/707/682 1277/760/735 2164/765/740
f 2164/765/740 1277/760/735 277/763/738
f 1278/764/739 2164/765/740 1263/766/741
f 1245/714/689 2165/769/744 1279/768/743
f 263/711/686 1278/764/739 2165/769/744
f 2165/769/744 1278/764/739 278/767/742
f 1279/768/743 2165/769/744 1264/770/745
f 257/702/677 1534/773/676 1535/772/747
f 272/797/770 257/702/677 1535/772/747
f 265/719/694 1246/718/693 2166/775/748
f 1246/718/693 264/715/690 1279/768/743
f 1279/768/743 279/771/746 1265/776/749
f 2166/775/748 1265/776/749 280/777/750
f 1262/762/737 2167/779/752 1291/778/751
f 276/759/734 1292/812/785 2167/779/752
f 2167/779/752 1292/812/785 290/780/753
f 1291/778/751 2167/779/752 1284/781/754
f 1263/766/741 2168/784/757 1293/783/756
f 277/763/738 1291/778/751 2168/784/757
f 2168/784/757 1291/778/751 291/782/755
f 1293/783/756 2168/784/757 1285/785/758
f 1264/770/745 2169/788/761 1294/787/760
f 278/767/742 1293/783/756 2169/788/761
f 2169/788/761 1293/783/756 292/786/759
f 1294/787/760 2169/788/761 1286/789/762
f 301/852/823 272/797/770 1535/1776/747
f 280/777/750 1265/776/749 2170/791/764
f 1265/776/749 279/771/746 1294/787/760
f 1294/787/760 293/790/763 1287/793/766
f 2170/791/764 1287/793/766 294/794/767
f 273/738/713 1239/720/695 1280/795/768
f 272/797/770 301/852/823 1280/795/768
f 698/743/718 1775/742/717 2171/798/771
f 1775/742/717 280/777/750 1295/792/765
f 1295/792/765 294/794/767 1776/800/773
f 2171/798/771 1776/800/773 699/801/774
f 273/738/713 287/796/769 1259/746/721
f 1297/802/775 1259/746/721 1281/803/776
f 1267/751/726 281/1775/1870 1296/805/778
f 1296/805/778 295/1777/1871 1289/806/779
f 1267/751/726 1289/806/779 296/807/780
f 1260/755/730 2172/809/782 1298/808/781
f 274/747/722 1297/802/775 2172/809/782
f 2172/809/782 1297/802/775 288/804/777
f 1298/808/781 2172/809/782 1282/810/783
f 1261/758/733 1283/813/786 1292/812/785
f 275/756/731 1298/808/781 1283/813/786
f 1283/813/786 1298/808/781 289/811/784
f 699/801/774 1776/800/773 2173/814/787
f 1776/800/773 294/794/767 1312/816/789
f 1312/816/789 309/850/821 1777/817/790
f 2173/814/787 1777/817/790 700/818/791
f 287/796/769 302/820/793 1281/803/776
f 1313/819/792 1281/803/776 1301/821/794
f 1289/806/779 295/1777/1871 1311/824/797
f 1311/824/797 310/1778/1872 1309/825/798
f 1289/806/779 1309/825/798 311/823/796
f 1282/810/783 2174/827/800 1314/826/799
f 288/804/777 1313/819/792 2174/827/800
f 2174/827/800 1313/819/792 303/822/795
f 1314/826/799 2174/827/800 1302/828/801
f 1283/813/786 1303/831/804 1316/830/803
f 289/811/784 1314/826/799 1303/831/804
f 1303/831/804 1314/826/799 304/829/802
f 1284/781/754 2175/834/807 1317/833/806
f 290/780/753 1316/830/803 2175/834/807
f 2175/834/807 1316/830/803 305/832/805
f 1317/833/806 2175/834/807 1304/835/808
f 1285/785/758 2176/838/811 1318/837/810
f 291/782/755 1317/833/806 2176/838/811
f 2176/838/811 1317/833/806 306/836/809
f 1318/837/810 2176/838/811 1305/839/812
f 1286/789/762 2177/842/815 1319/841/814
f 292/786/759 1318/837/810 2177/842/815
f 2177/842/815 1318/837/810 307/840/813
f 1319/841/814 2177/842/815 1306/843/816
f 301/852/823 1535/846/747 1536/845/818
f 294/794/767 1287/793/766 2178/848/819
f 1287/793/766 293/790/763 1319/841/814
f 1319/841/814 308/844/817 1307/849/820
f 2178/848/819 1307/849/820 309/850/821
f 287/796/769 1280/795/768 1300/851/822
f 1305/839/812 2179/854/825 1332/853/824
f 306/836/809 1333/886/857 2179/854/825
f 2179/854/825 1333/886/857 319/855/826
f 1332/853/824 2179/854/825 1325/856/827
f 1306/843/816 2180/859/830 1334/858/829
f 307/840/813 1332/853/824 2180/859/830
f 2180/859/830 1332/853/824 320/857/828
f 1334/858/829 2180/859/830 1326/860/831
f 328/921/890 301/852/823 1536/1779/818
f 309/850/821 1307/849/820 2181/862/833
f 1307/849/820 308/844/817 1334/858/829
f 1334/858/829 321/861/832 1327/864/835
f 2181/862/833 1327/864/835 322/865/836
f 301/852/823 328/921/890 1320/866/837
f 1300/851/822 1320/866/837 315/867/838
f 700/818/791 1777/817/790 2182/868/839
f 1777/817/790 309/850/821 1335/863/834
f 1335/863/834 322/865/836 1778/870/841
f 2182/868/839 1778/870/841 701/871/842
f 1301/821/794 302/820/793 315/867/838
f 1337/872/843 1301/821/794 1321/873/844
f 311/823/796 1309/825/798 1329/875/846
f 1309/825/798 310/1778/1872 1336/877/848
f 1336/877/848 323/1780/1873 1329/875/846
f 1302/828/801 2183/880/851 1339/879/850
f 303/822/795 1337/872/843 2183/880/851
f 2183/880/851 1337/872/843 316/874/845
f 1339/879/850 2183/880/851 1322/881/852
f 1303/831/804 1323/884/855 1341/883/854
f 304/829/802 1339/879/850 1323/884/855
f 1323/884/855 1339/879/850 317/882/853
f 1304/835/808 2184/887/858 1333/886/857
f 305/832/805 1341/883/854 2184/887/858
f 2184/887/858 1341/883/854 318/885/856
f 1333/886/857 2184/887/858 1324/888/859
f 324/878/849 1329/875/846 2185/890/861
f 1329/875/846 323/1780/1873 1352/889/860
f 1352/889/860 337/1781/1874 1350/891/862
f 2185/890/861 1350/891/862 338/892/863
f 1322/881/852 2186/894/865 1353/893/864
f 316/874/845 1354/928/897 2186/894/865
f 2186/894/865 1354/928/897 330/895/866
f 1353/893/864 2186/894/865 1343/896/867
f 1323/884/855 2187/899/870 1356/898/869
f 317/882/853 1353/893/864 2187/899/870
f 2187/899/870 1353/893/864 331/897/868
f 1356/898/869 2187/899/870 1344/900/871
f 1324/888/859 2188/903/874 1357/902/873
f 318/885/856 1356/898/869 2188/903/874
f 2188/903/874 1356/898/869 332/901/872
f 1357/902/873 2188/903/874 1345/904/875
f 1325/856/827 2189/907/878 1358/906/877
f 319/855/826 1357/902/873 2189/907/878
f 2189/907/878 1357/902/873 333/905/876
f 1358/906/877 2189/907/878 1346/908/879
f 1326/860/831 2190/911/882 1359/910/881
f 320/857/828 1358/906/877 2190/911/882
f 2190/911/882 1358/906/877 334/909/880
f 1359/910/881 2190/911/882 1347/912/883
f 328/921/890 1536/915/818 1538/914/885
f 322/865/836 1327/864/835 2191/917/886
f 1327/864/835 321/861/832 1359/910/881
f 1359/910/881 335/913/884 1348/919/888
f 2191/917/886 1348/919/888 336/920/889
f 1320/866/837 1361/922/891 329/923/892
f 701/871/842 1778/870/841 2192/924/893
f 1778/870/841 322/865/836 1360/918/887
f 1360/918/887 336/920/889 1779/926/895
f 2192/924/893 1779/926/895 702/927/896
f 1321/873/844 315/867/838 329/923/892
f 1354/928/897 1321/873/844 1342/929/898
f 1347/930/883 2193/934/900 1372/931/899
f 334/933/880 1373/985/932 2193/934/900
f 2193/934/900 1373/985/932 348/935/901
f 1372/931/899 2193/934/900 1367/936/902
f 356/941/905 328/1782/890 1538/939/885
f 336/942/889 1348/945/888 2194/943/906
f 1348/945/888 335/932/884 1372/931/899
f 1372/931/899 349/937/903 1368/946/908
f 2194/943/906 1368/946/908 350/947/909
f 328/1782/890 356/941/905 1361/948/891
f 702/951/896 1779/954/895 2195/952/911
f 1779/954/895 336/942/889 1374/944/907
f 1374/944/907 350/947/909 1780/955/913
f 2195/952/911 1780/955/913 703/956/914
f 1342/957/898 1362/960/916 1376/958/915
f 1362/960/916 329/950/892 343/949/910
f 1350/964/862 337/1783/1874 1375/962/918
f 1375/962/918 351/1784/1875 1370/963/919
f 1350/964/862 1370/963/919 352/965/920
f 1343/967/867 2196/970/922 1377/968/921
f 330/959/866 1376/958/915 2196/970/922
f 2196/970/922 1376/958/915 344/961/917
f 1377/968/921 2196/970/922 1363/971/923
f 331/969/868 1377/968/921 1344/973/871
f 1344/973/871 1377/968/921 345/972/924
f 1379/974/925 1344/973/871 1364/976/926
f 1345/978/875 2197/981/929 1380/979/928
f 332/975/872 1379/974/925 2197/981/929
f 2197/981/929 1379/974/925 346/977/927
f 1380/979/928 2197/981/929 1365/982/930
f 1346/984/879 2198/986/933 1373/985/932
f 333/980/876 1380/979/928 2198/986/933
f 2198/986/933 1380/979/928 347/983/931
f 1373/985/932 2198/986/933 1366/987/934
f 1363/971/923 2199/989/936 1392/988/935
f 344/961/917 1393/1021/966 2199/989/936
f 2199/989/936 1393/1021/966 358/990/937
f 1392/988/935 2199/989/936 1383/991/938
f 345/972/924 1392/988/935 1364/976/926
f 1364/976/926 1392/988/935 359/992/939
f 1395/993/940 1364/976/926 1384/994/941
f 1365/982/930 2200/997/944 1396/996/943
f 346/977/927 1395/993/940 2200/997/944
f 2200/997/944 1395/993/940 360/995/942
f 1396/996/943 2200/997/944 1385/998/945
f 1366/987/934 2201/1001/948 1397/1000/947
f 347/983/931 1396/996/943 2201/1001/948
f 2201/1001/948 1396/996/943 361/999/946
f 1397/1000/947 2201/1001/948 1386/1002/949
f 1367/936/902 2202/1005/952 1398/1004/951
f 348/935/901 1397/1000/947 2202/1005/952
f 2202/1005/952 1397/1000/947 362/1003/950
f 1398/1004/951 2202/1005/952 1387/1006/953
f 350/947/909 1368/946/908 2203/1011/956
f 1368/946/908 349/937/903 1398/1004/951
f 1398/1004/951 363/1007/954 1388/1013/958
f 2203/1011/956 1388/1013/958 364/1014/959
f 1361/948/891 1381/1015/960 357/1016/961
f 703/956/914 1780/955/913 2204/1017/962
f 1780/955/913 350/947/909 1399/1012/957
f 1399/1012/957 364/1014/959 1781/1019/964
f 2204/1017/962 1781/1019/964 704/1020/965
f 1362/960/916 1382/1022/967 1393/1021/966
f 1382/1022/967 343/949/910 357/1016/961
f 352/965/920 1370/963/919 1390/1023/968
f 1370/963/919 351/1784/1875 1400/1025/970
f 1400/1025/970 365/1785/1876 1390/1023/968
f 1387/1006/953 2205/1027/972 1412/1026/971
f 362/1003/950 1413/1057/1002 2205/1027/972
f 2205/1027/972 1413/1057/1002 376/1028/973
f 1412/1026/971 2205/1027/972 1407/1029/974
f 371/1099/1042 356/941/905 1540/1786/955
f 364/1014/959 1388/1013/958 2206/1031/976
f 1388/1013/958 363/1007/954 1412/1026/971
f 1412/1026/971 377/1030/975 1408/1033/978
f 2206/1031/976 1408/1033/978 378/1034/979
f 356/941/905 371/1099/1042 1401/1035/980
f 1381/1015/960 1401/1035/980 357/1016/961
f 704/1020/965 1781/1019/964 2207/1036/981
f 1781/1019/964 364/1014/959 1414/1032/977
f 1414/1032/977 378/1034/979 1782/1038/983
f 2207/1036/981 1782/1038/983 705/1039/984
f 1382/1022/967 1402/1041/986 1416/1040/985
f 366/1024/969 1390/1023/968 1410/1043/988
f 1390/1023/968 365/1785/1876 1415/1045/990
f 1415/1045/990 379/1787/1877 1410/1043/988
f 1383/991/938 2208/1047/992 1417/1046/991
f 358/990/937 1416/1040/985 2208/1047/992
f 2208/1047/992 1416/1040/985 372/1042/987
f 1417/1046/991 2208/1047/992 1403/1048/993
f 1384/994/941 1404/1051/996 1419/1050/995
f 359/992/939 1417/1046/991 1404/1051/996
f 1404/1051/996 1417/1046/991 373/1049/994
f 1385/998/945 2209/1054/999 1420/1053/998
f 360/995/942 1419/1050/995 2209/1054/999
f 2209/1054/999 1419/1050/995 374/1052/997
f 1420/1053/998 2209/1054/999 1405/1055/1000
f 1386/1002/949 2210/1058/1003 1413/1057/1002
f 361/999/946 1420/1053/998 2210/1058/1003
f 2210/1058/1003 1420/1053/998 375/1056/1001
f 1413/1057/1002 2210/1058/1003 1406/1059/1004
f 1404/1051/996 2211/1061/1006 1432/1060/1005
f 373/1049/994 1433/1096/1039 2211/1061/1006
f 2211/1061/1006 1433/1096/1039 387/1062/1007
f 1432/1060/1005 2211/1061/1006 1423/1063/1008
f 1405/1055/1000 2212/1066/1011 1434/1065/1010
f 374/1052/997 1432/1060/1005 2212/1066/1011
f 2212/1066/1011 1432/1060/1005 388/1064/1009
f 1434/1065/1010 2212/1066/1011 1424/1067/1012
f 1406/1059/1004 2213/1070/1015 1435/1069/1014
f 375/1056/1001 1434/1065/1010 2213/1070/1015
f 2213/1070/1015 1434/1065/1010 389/1068/1013
f 1435/1069/1014 2213/1070/1015 1425/1071/1016
f 1407/1029/974 2214/1074/1019 1436/1073/1018
f 376/1028/973 1435/1069/1014 2214/1074/1019
f 2214/1074/1019 1435/1069/1014 390/1072/1017
f 1436/1073/1018 2214/1074/1019 1426/1075/1020
f 371/1099/1042 1540/1078/955 1542/1077/1022
f 378/1034/979 1408/1033/978 2215/1080/1023
f 1408/1033/978 377/1030/975 1436/1073/1018
f 1436/1073/1018 391/1076/1021 1427/1082/1025
f 2215/1080/1023 1427/1082/1025 392/1083/1026
f 705/1039/984 1782/1038/983 2216/1085/1028
f 1782/1038/983 378/1034/979 1437/1081/1024
f 1437/1081/1024 392/1083/1026 1783/1087/1030
f 2216/1085/1028 1783/1087/1030 706/1088/1031
f 1402/1041/986 2217/1090/1033 1439/1089/1032
f 357/1016/961 385/1084/1027 2217/1090/1033
f 1439/1089/1032 2217/1090/1033 1421/1091/1034
f 380/1044/989 1410/1043/988 1429/1093/1036
f 1410/1043/988 379/1787/1877 1438/1095/1038
f 1438/1095/1038 393/1788/1878 1429/1093/1036
f 1403/1048/993 2218/1097/1040 1433/1096/1039
f 372/1042/987 1439/1089/1032 2218/1097/1040
f 2218/1097/1040 1439/1089/1032 386/1092/1035
f 1433/1096/1039 2218/1097/1040 1422/1098/1041
f 392/1083/1026 1427/1082/1025 2219/1102/1044
f 1427/1082/1025 391/1076/1021 1452/1104/1046
f 1452/1104/1046 405/1138/1080 1447/1105/1047
f 2219/1102/1044 1447/1105/1047 406/1106/1048
f 385/1084/1027 1401/1035/980 1440/1107/1049
f 1401/1035/980 371/1099/1042 398/1101/1043
f 706/1088/1031 1783/1087/1030 2220/1109/1051
f 1783/1087/1030 392/1083/1026 1451/1103/1045
f 1451/1103/1045 406/1106/1048 1784/1111/1053
f 2220/1109/1051 1784/1111/1053 707/1112/1054
f 385/1084/1027 399/1108/1050 1421/1091/1034
f 1454/1113/1055 1421/1091/1034 1441/1114/1056
f 394/1094/1037 1429/1093/1036 2221/1116/1058
f 1429/1093/1036 393/1788/1878 1453/1118/1060
f 1453/1118/1060 407/1789/1879 1449/1119/1061
f 2221/1116/1058 1449/1119/1061 408/1120/1062
f 1422/1098/1041 2222/1122/1064 1456/1121/1063
f 386/1092/1035 1454/1113/1055 2222/1122/1064
f 2222/1122/1064 1454/1113/1055 400/1115/1057
f 1456/1121/1063 2222/1122/1064 1442/1123/1065
f 387/1062/1007 1456/1121/1063 1423/1063/1008
f 1423/1063/1008 1456/1121/1063 401/1124/1066
f 1458/1125/1067 1423/1063/1008 1443/1126/1068
f 1424/1067/1012 2223/1129/1071 1459/1128/1070
f 388/1064/1009 1458/1125/1067 2223/1129/1071
f 2223/1129/1071 1458/1125/1067 402/1127/1069
f 1459/1128/1070 2223/1129/1071 1444/1130/1072
f 1425/1071/1016 2224/1133/1075 1460/1132/1074
f 389/1068/1013 1459/1128/1070 2224/1133/1075
f 2224/1133/1075 1459/1128/1070 403/1131/1073
f 1460/1132/1074 2224/1133/1075 1445/1134/1076
f 1426/1075/1020 2225/1136/1078 1452/1104/1046
f 390/1072/1017 1460/1132/1074 2225/1136/1078
f 2225/1136/1078 1460/1132/1074 404/1135/1077
f 1452/1104/1046 2225/1136/1078 1446/1137/1079
f 401/1124/1066 1472/1173/1113 1443/1126/1068
f 1443/1126/1068 1472/1173/1113 414/1140/1082
f 1471/1139/1081 1443/1126/1068 1463/1141/1083
f 1444/1130/1072 2226/1144/1086 1475/1143/1085
f 402/1127/1069 1471/1139/1081 2226/1144/1086
f 2226/1144/1086 1471/1139/1081 415/1142/1084
f 1475/1143/1085 2226/1144/1086 1464/1145/1087
f 1445/1134/1076 2227/1148/1090 1476/1147/1089
f 403/1131/1073 1475/1143/1085 2227/1148/1090
f 2227/1148/1090 1475/1143/1085 416/1146/1088
f 1476/1147/1089 2227/1148/1090 1465/1149/1091
f 1446/1137/1079 2228/1152/1094 1477/1151/1093
f 404/1135/1077 1476/1147/1089 2228/1152/1094
f 2228/1152/1094 1476/1147/1089 417/1150/1092
f 1477/1151/1093 2228/1152/1094 1466/1153/1095
f 398/1101/1043 1542/1156/1022 1543/1155/1097
f 406/1106/1048 1447/1105/1047 2229/1158/1098
f 1447/1105/1047 405/1138/1080 1477/1151/1093
f 1477/1151/1093 418/1154/1096 1467/1160/1100
f 2229/1158/1098 1467/1160/1100 419/1161/1101
f 707/1112/1054 1784/1111/1053 2230/1163/1103
f 1784/1111/1053 406/1106/1048 1478/1159/1099
f 1478/1159/1099 419/1161/1101 1785/1165/1105
f 2230/1163/1103 1785/1165/1105 708/1166/1106
f 1441/1114/1056 1461/1168/1108 1480/1167/1107
f 399/1108/1050 412/1162/1102 1461/1168/1108
f 1449/1119/1061 407/1789/1879 1479/1170/1110
f 1479/1170/1110 420/1790/1880 1469/1171/1111
f 1449/1119/1061 1469/1171/1111 421/1172/1112
f 1442/1123/1065 2231/1174/1114 1472/1173/1113
f 400/1115/1057 1480/1167/1107 2231/1174/1114
f 2231/1174/1114 1480/1167/1107 413/1169/1109
f 1472/1173/1113 2231/1174/1114 1462/1175/1115
f 419/1161/1101 1467/1160/1100 2232/1176/1116
f 1467/1160/1100 418/1154/1096 1493/1178/1118
f 1493/1178/1118 432/1212/1152 1488/1179/1119
f 2232/1176/1116 1488/1179/1119 433/1180/1120
f 412/1162/1102 1440/1107/1049 1481/1182/1122
f 1440/1107/1049 398/1101/1043 425/1181/1121
f 708/1166/1106 1785/1165/1105 2233/1184/1124
f 1785/1165/1105 419/1161/1101 1492/1177/1117
f 1492/1177/1117 433/1180/1120 1786/1186/1126
f 2233/1184/1124 1786/1186/1126 709/1187/1127
f 1461/1168/1108 2234/1189/1129 1495/1188/1128
f 2234/1189/1129 412/1162/1102 426/1183/1123
f 1495/1188/1128 2234/1189/1129 1482/1190/1130
f 421/1172/1112 1469/1171/1111 1490/1192/1132
f 1469/1171/1111 420/1790/1880 1494/1194/1134
f 1494/1194/1134 434/1791/1881 1490/1192/1132
f 1462/1175/1115 2235/1196/1136 1496/1195/1135
f 413/1169/1109 1495/1188/1128 2235/1196/1136
f 2235/1196/1136 1495/1188/1128 427/1191/1131
f 1496/1195/1135 2235/1196/1136 1483/1197/1137
f 414/1140/1082 1496/1195/1135 1463/1141/1083
f 1463/1141/1083 1496/1195/1135 428/1198/1138
f 1498/1199/1139 1463/1141/1083 1484/1200/1140
f 1464/1145/1087 2236/1203/1143 1499/1202/1142
f 415/1142/1084 1498/1199/1139 2236/1203/1143
f 2236/1203/1143 1498/1199/1139 429/1201/1141
f 1499/1202/1142 2236/1203/1143 1485/1204/1144
f 1465/1149/1091 2237/1207/1147 1500/1206/1146
f 416/1146/1088 1499/1202/1142 2237/1207/1147
f 2237/1207/1147 1499/1202/1142 430/1205/1145
f 1500/1206/1146 2237/1207/1147 1486/1208/1148
f 1466/1153/1095 2238/1210/1150 1493/1178/1118
f 417/1150/1092 1500/1206/1146 2238/1210/1150
f 2238/1210/1150 1500/1206/1146 431/1209/1149
f 1493/1178/1118 2238/1210/1150 1487/1211/1151
f 1485/1204/1144 2239/1215/1154 1503/1214/1153
f 429/1201/1141 1544/1231/1167 2239/1215/1154
f 2239/1215/1154 1544/1231/1167 2/4/4
f 1503/1214/1153 2239/1215/1154 1510/1/1
f 1486/1208/1148 2240/1217/1156 1545/1216/1155
f 430/1205/1145 1503/1214/1153 2240/1217/1156
f 2240/1217/1156 1503/1214/1153 442/3/3
f 1545/1216/1155 2240/1217/1156 1511/9/9
f 1487/1211/1151 2241/1219/1158 1546/1218/1157
f 431/1209/1149 1545/1216/1155 2241/1219/1158
f 2241/1219/1158 1545/1216/1155 3/11/11
f 1546/1218/1157 2241/1219/1158 883/15/15
f 425/1181/1121 1543/1221/1097 1506/1220/22
f 7/24/24 425/1181/1121 1506/1220/22
f 433/1180/1120 1488/1179/1119 2242/1223/1159
f 1488/1179/1119 432/1212/1152 1546/1218/1157
f 1546/1218/1157 4/17/17 884/28/28
f 2242/1223/1159 884/28/28 5/25/25
f 425/1181/1121 7/24/24 885/31/31
f 1481/1182/1122 885/31/31 440/33/33
f 709/1187/1127 1786/1186/1126 2243/1225/1161
f 1786/1186/1126 433/1180/1120 1547/1224/1160
f 1547/1224/1160 5/25/25 1787/37/37
f 2243/1225/1161 1787/37/37 710/34/34
f 1482/1190/1130 426/1183/1123 440/33/33
f 1548/1227/1163 1482/1190/1130 1507/40/40
f 435/1193/1133 1490/1192/1132 1513/48/48
f 1490/1192/1132 434/1791/1881 1504/1228/1164
f 1504/1228/1164 443/1753/1849 1513/48/48
f 1483/1197/1137 2244/1230/1166 1505/1229/1165
f 427/1191/1131 1548/1227/1163 2244/1230/1166
f 2244/1230/1166 1548/1227/1163 1/42/42
f 1505/1229/1165 2244/1230/1166 1508/52/52
f 428/1198/1138 1505/1229/1165 1484/1200/1140
f 1484/1200/1140 1505/1229/1165 441/54/54
f 1544/1231/1167 1484/1200/1140 1509/58/58
f 436/1232/1168 614/1792/1882 1701/1233/1169
f 1701/1233/1169 615/1793/1883 444/1235/1171
f 422/1236/1172 613/1794/1884 1702/1237/1173
f 1702/1237/1173 614/1792/1882 436/1232/1168
f 409/1239/1175 612/1795/1885 1703/1240/1176
f 1703/1240/1176 613/1794/1884 422/1236/1172
f 395/1242/1178 611/1796/1886 1704/1243/1179
f 1704/1243/1179 612/1795/1885 409/1239/1175
f 381/1245/1181 610/1797/1887 1705/1246/1182
f 1705/1246/1182 611/1796/1886 395/1242/1178
f 367/1248/1184 609/1798/1888 1706/1249/1185
f 1706/1249/1185 610/1797/1887 381/1245/1181
f 353/1251/1187 608/1799/1889 1707/1252/1188
f 1707/1252/1188 609/1798/1888 367/1248/1184
f 339/1254/1190 607/1800/1890 1708/1255/1191
f 1708/1255/1191 608/1799/1889 353/1251/1187
f 325/1257/1193 606/1801/1891 1709/1258/1194
f 1709/1258/1194 607/1802/1890 339/1260/1190
f 312/1261/1196 605/1803/1892 1710/1262/1197
f 1710/1262/1197 606/1801/1891 325/1257/1193
f 297/1264/1199 604/1804/1893 1711/1265/1200
f 1711/1265/1200 605/1803/1892 312/1261/1196
f 283/1267/1202 603/1805/1894 1712/1268/1203
f 1712/1268/1203 604/1804/1893 297/1264/1199
f 268/1270/1205 602/1806/1895 1713/1271/1206
f 1713/1271/1206 603/1805/1894 283/1267/1202
f 254/1273/1208 601/1807/1896 1714/1274/1209
f 1714/1274/1209 602/1806/1895 268/1270/1205
f 242/1276/1211 600/1808/1897 1715/1277/1212
f 1715/1277/1212 601/1807/1896 254/1273/1208
f 227/1279/1214 599/1809/1898 1716/1280/1215
f 1716/1280/1215 600/1808/1897 242/1276/1211
f 214/1282/1217 598/1810/1899 1717/1283/1218
f 1717/1283/1218 599/1809/1898 227/1279/1214
f 200/1285/1220 597/1811/1900 1718/1286/1221
f 1718/1286/1221 598/1810/1899 214/1282/1217
f 185/1288/1223 596/1812/1901 1719/1289/1224
f 1719/1289/1224 597/1811/1900 200/1285/1220
f 172/1291/1226 595/1813/1902 1720/1292/1227
f 1720/1292/1227 596/1812/1901 185/1288/1223
f 158/1294/1229 594/1814/1903 1721/1295/1230
f 1721/1295/1230 595/1813/1902 172/1291/1226
f 144/1297/1232 593/1815/1904 1722/1298/1233
f 1722/1298/1233 594/1814/1903 158/1294/1229
f 130/1300/1235 592/1816/1905 1723/1301/1236
f 1723/1301/1236 593/1815/1904 144/1297/1232
f 115/1303/1238 591/1817/1906 1724/1304/1239
f 1724/1304/1239 592/1816/1905 130/1300/1235
f 102/1306/1241 590/1818/1907 1725/1307/1242
f 1725/1307/1242 591/1817/1906 115/1303/1238
f 88/1309/1244 589/1819/1908 1726/1310/1245
f 1726/1310/1245 590/1818/1907 102/1306/1241
f 73/1312/1247 588/1820/1909 1727/1313/1248
f 1727/1313/1248 589/1819/1908 88/1309/1244
f 60/1315/1250 587/1821/1910 1728/1316/1251
f 1728/1316/1251 588/1820/1909 73/1312/1247
f 45/1318/1253 586/1822/1911 1729/1319/1254
f 1729/1319/1254 587/1821/1910 60/1315/1250
f 31/1321/1256 585/1823/1912 1730/1322/1257
f 1730/1322/1257 586/1822/1911 45/1318/1253
f 18/1324/1259 584/1824/1913 1731/1325/1260
f 1731/1325/1260 585/1823/1912 31/1321/1256
f 444/1235/1171 615/1793/1883 1732/1327/1262
f 1732/1327/1262 584/1824/1913 18/1324/1259
f 582/1329/1264 1667/1332/1264 2277/1330/1265
f 1667/1332/1264 709/1187/1264 1788/1226/1265
f 1788/1226/1265 710/34/1914 1668/1333/1266
f 2277/1330/1265 1668/1333/1266 583/1334/1267
f 581/1335/1268 1666/1338/1268 2278/1336/1269
f 1666/1338/1268 708/1166/1268 1789/1185/1271
f 1789/1185/1271 709/1187/1264 1667/1332/1264
f 2278/1336/1269 1667/1332/1264 582/1329/1264
f 580/1339/1272 1665/1342/1275 2279/1340/1273
f 1665/1342/1275 707/1112/1915 1790/1164/1273
f 1790/1164/1273 708/1166/1268 1666/1338/1268
f 2279/1340/1273 1666/1338/1268 581/1335/1268
f 579/1343/1276 1664/1346/1279 2280/1344/1277
f 1664/1346/1279 706/1088/1916 1791/1110/1277
f 1791/1110/1277 707/1112/1915 1665/1342/1275
f 2280/1344/1277 1665/1342/1275 580/1339/1272
f 578/1347/1280 1663/1350/1283 2281/1348/1281
f 1663/1350/1283 705/1039/1917 1792/1086/1284
f 1792/1086/1284 706/1088/1916 1664/1346/1279
f 2281/1348/1281 1664/1346/1279 579/1343/1276
f 577/1351/1285 1662/1354/1285 2282/1352/1286
f 1662/1354/1285 704/1020/1285 1793/1037/1287
f 1793/1037/1287 705/1039/1917 1663/1350/1283
f 2282/1352/1286 1663/1350/1283 578/1347/1280
f 576/1355/1288 1661/1358/1288 2283/1356/1289
f 1661/1358/1288 703/956/1918 1794/1018/1291
f 1794/1018/1291 704/1020/1285 1662/1354/1285
f 2283/1356/1289 1662/1354/1285 577/1351/1285
f 575/1359/1292 1660/1362/1292 2284/1360/1293
f 1660/1362/1292 702/951/1292 1795/953/1295
f 1795/953/1295 703/956/1918 1661/1358/1288
f 2284/1360/1293 1661/1358/1288 576/1355/1288
f 574/1363/1296 1659/1366/1299 2285/1364/1297
f 1659/1366/1299 701/871/1299 1796/925/1300
f 1796/925/1300 702/927/1292 1660/1367/1292
f 2285/1364/1297 1660/1367/1292 575/1368/1292
f 573/1369/1301 1658/1372/1301 2286/1370/1302
f 1658/1372/1301 700/818/1301 1797/869/1302
f 1797/869/1302 701/871/1299 1659/1366/1299
f 2286/1370/1302 1659/1366/1299 574/1363/1296
f 572/1373/1304 1657/1376/1307 2287/1374/1305
f 1657/1376/1307 699/801/1307 1798/815/1308
f 1798/815/1308 700/818/1301 1658/1372/1301
f 2287/1374/1305 1658/1372/1301 573/1369/1301
f 571/1377/1309 1656/1380/1312 2288/1378/1310
f 1656/1380/1312 698/743/1312 1799/799/1310
f 1799/799/1310 699/801/1307 1657/1376/1307
f 2288/1378/1310 1657/1376/1307 572/1373/1304
f 570/1381/1313 1655/1384/1316 2289/1382/1314
f 1655/1384/1316 697/725/1919 1800/740/1317
f 1800/740/1317 698/743/1312 1656/1380/1312
f 2289/1382/1314 1656/1380/1312 571/1377/1309
f 569/1385/1318 1654/1388/1318 2290/1386/1319
f 1654/1388/1318 696/674/1318 1801/723/1320
f 1801/723/1320 697/725/1919 1655/1384/1316
f 2290/1386/1319 1655/1384/1316 570/1381/1313
f 568/1389/1321 1653/1392/1321 2291/1390/1322
f 1653/1392/1321 695/656/1920 1802/672/1323
f 1802/672/1323 696/674/1318 1654/1388/1318
f 2291/1390/1322 1654/1388/1318 569/1385/1318
f 567/1393/1324 1652/1396/1327 2292/1394/1325
f 1652/1396/1327 694/600/1921 1803/654/1328
f 1803/654/1328 695/656/1920 1653/1392/1321
f 2292/1394/1325 1653/1392/1321 568/1389/1321
f 566/1397/1329 1651/1400/1329 2293/1398/1330
f 1651/1400/1329 693/576/1922 1804/598/1332
f 1804/598/1332 694/600/1921 1652/1396/1327
f 2293/1398/1330 1652/1396/1327 567/1393/1324
f 565/1401/1333 1650/1404/1333 2294/1402/1334
f 1650/1404/1333 692/528/1333 1805/574/1336
f 1805/574/1336 693/576/1922 1651/1400/1329
f 2294/1402/1334 1651/1400/1329 566/1397/1329
f 564/1405/1337 1649/1408/1337 2295/1406/1338
f 1649/1408/1337 691/512/1337 1806/526/1338
f 1806/526/1338 692/528/1333 1650/1404/1333
f 2295/1406/1338 1650/1404/1333 565/1401/1333
f 563/1409/1339 1648/1412/1342 2296/1410/1340
f 1648/1412/1342 690/456/1923 1807/510/1343
f 1807/510/1343 691/512/1337 1649/1408/1337
f 2296/1410/1340 1649/1408/1337 564/1405/1337
f 562/1413/1344 1647/1416/1347 2297/1414/1345
f 1647/1416/1347 689/434/1347 1808/454/1348
f 1808/454/1348 690/456/1923 1648/1412/1342
f 2297/1414/1345 1648/1412/1342 563/1409/1339
f 561/1417/1349 1646/1420/1349 2298/1418/1350
f 1646/1420/1349 688/383/1349 1809/432/1352
f 1809/432/1352 689/434/1347 1647/1416/1347
f 2298/1418/1350 1647/1416/1347 562/1413/1344
f 560/1421/1353 1645/1424/1353 2299/1422/1354
f 1645/1424/1353 687/325/1353 1810/381/1354
f 1810/381/1354 688/383/1349 1646/1420/1349
f 2299/1422/1354 1646/1420/1349 561/1417/1349
f 559/1425/1356 1644/1428/1356 2300/1426/1357
f 1644/1428/1356 686/308/1356 1811/322/1359
f 1811/322/1359 687/325/1353 1645/1424/1353
f 2300/1426/1357 1645/1424/1353 560/1421/1353
f 558/1429/1360 1643/1432/1360 2301/1430/1361
f 1643/1432/1360 685/254/1360 1812/306/1361
f 1812/306/1361 686/308/1356 1644/1428/1356
f 2301/1430/1361 1644/1428/1356 559/1425/1356
f 557/1433/1362 1642/1436/1362 2302/1434/1363
f 1642/1436/1362 684/235/1362 1813/251/1363
f 1813/251/1363 685/254/1360 1643/1432/1360
f 2302/1434/1363 1643/1432/1360 558/1429/1360
f 556/1437/1365 1641/1440/1368 2303/1438/1366
f 1641/1440/1368 683/183/1924 1814/233/1369
f 1814/233/1369 684/235/1362 1642/1436/1362
f 2303/1438/1366 1642/1436/1362 557/1433/1362
f 555/1441/1370 1640/1444/1372 2304/1442/1371
f 1640/1444/1372 682/162/1925 1815/181/1371
f 1815/181/1371 683/183/1924 1641/1440/1368
f 2304/1442/1371 1641/1440/1368 556/1437/1365
f 554/1445/1373 1639/1448/1376 2305/1446/1374
f 1639/1448/1376 681/114/1376 1816/160/1374
f 1816/160/1374 682/162/1925 1640/1444/1372
f 2305/1446/1374 1640/1444/1372 555/1441/1370
f 553/1449/1377 1638/1452/1377 2306/1450/1378
f 1638/1452/1377 680/93/1377 1817/112/1379
f 1817/112/1379 681/114/1376 1639/1448/1376
f 2306/1450/1378 1639/1448/1376 554/1445/1373
f 552/1453/1380 1637/1456/1383 2307/1454/1381
f 1637/1456/1383 679/39/1926 1818/91/1384
f 1818/91/1384 680/93/1377 1638/1452/1377
f 2307/1454/1381 1638/1452/1377 553/1449/1377
f 583/1334/1267 1668/1333/1266 2308/1457/1385
f 1668/1333/1266 710/34/1914 1819/36/1386
f 1819/36/1386 679/39/1926 1637/1456/1383
f 2308/1457/1385 1637/1456/1383 552/1453/1380
f 1811/322/1387 1875/322/1391 751/1459/1388
f 1811/322/1387 686/308/1397 750/1460/1390
f 1686/1403/1392 1837/1461/1396 724/1401/1393
f 1686/1403/1392 566/1397/1634 725/1397/1395
f 686/308/1397 1812/306/1400 1876/1462/1398
f 685/254/1399 749/1463/1406 1876/1462/1398
f 564/1405/1401 1687/1407/1404 1838/1407/1402
f 565/1401/1394 724/1401/1393 1838/1407/1402
f 1813/251/1405 1877/251/1408 749/1463/1406
f 684/235/1407 748/1466/1414 1877/251/1408
f 563/1409/1409 1688/1411/1412 1839/1464/1410
f 1688/1411/1412 564/1405/1401 723/1405/1403
f 1814/233/1413 1878/233/1416 748/1466/1414
f 1814/233/1413 683/183/1426 747/1467/1415
f 1689/1415/1417 1840/1469/1420 721/1468/1418
f 563/1409/1409 722/1465/1411 1840/1469/1420
f 1788/1226/1421 1852/1471/1425 774/1470/1422
f 709/1187/1424 773/1473/1435 1852/1471/1425
f 683/183/1426 1815/181/1429 1879/181/1427
f 682/162/1428 746/162/1439 1879/181/1427
f 561/1417/1430 1690/1419/1433 1841/1419/1431
f 562/1413/1419 721/1468/1418 1841/1419/1431
f 1789/1185/1434 1853/1185/1437 773/1473/1435
f 708/1166/1436 772/1477/1447 1853/1185/1437
f 1816/160/1438 1880/160/1441 746/162/1439
f 1816/160/1438 681/114/1450 745/1474/1440
f 1691/1423/1442 1842/1476/1445 719/1475/1443
f 1691/1423/1442 561/1417/1430 720/1472/1432
f 1790/1164/1446 1854/1164/1449 772/1477/1447
f 707/1112/1448 771/1481/1459 1854/1164/1449
f 681/114/1450 1817/112/1452 1881/112/1451
f 1817/112/1452 680/93/1462 744/1478/1453
f 559/1425/1454 1692/1427/1457 1843/1479/1455
f 1692/1427/1457 560/1421/1444 719/1475/1443
f 1791/1110/1458 1855/1110/1461 771/1481/1459
f 706/1088/1460 770/1485/1471 1855/1110/1461
f 680/93/1462 1818/91/1464 1882/91/1463
f 1818/91/1464 679/39/1474 743/1482/1465
f 1693/1431/1466 1844/1484/1469 717/1483/1467
f 1693/1431/1466 559/1425/1454 718/1480/1456
f 1792/1086/1470 1856/1086/1473 770/1485/1471
f 1792/1086/1470 705/1039/1481 769/1486/1472
f 679/39/1474 1819/36/1476 1883/36/1475
f 710/34/1423 774/1470/1422 1883/36/1475
f 1694/1435/1477 1845/1488/1480 716/1487/1478
f 558/1429/1468 717/1483/1467 1845/1488/1480
f 705/1039/1481 1793/1037/1483 1857/1037/1482
f 1793/1037/1483 704/1020/1494 768/1489/1484
f 556/1437/1485 1695/1439/1488 1846/1490/1486
f 1695/1439/1488 557/1433/1479 716/1487/1478
f 1669/1331/1489 1820/1331/1493 741/1492/1490
f 583/1334/1492 742/1517/1547 1820/1331/1493
f 704/1020/1494 1794/1018/1496 1858/1018/1495
f 1794/1018/1496 703/956/1506 767/1493/1497
f 555/1441/1498 1696/1443/1501 1847/1494/1499
f 1696/1443/1501 556/1437/1485 715/1491/1487
f 1670/1337/1502 1821/1497/1505 740/1496/1503
f 582/1329/1491 741/1492/1490 1821/1497/1505
f 703/956/1506 1795/953/1508 1859/953/1507
f 1795/953/1508 702/951/1519 766/951/1509
f 554/1445/1510 1697/1447/1513 1848/1498/1511
f 1697/1447/1513 555/1441/1498 714/1495/1500
f 1671/1341/1514 1822/1501/1517 739/1500/1515
f 581/1335/1504 740/1496/1503 1822/1501/1517
f 1796/925/1518 1860/1502/1521 766/927/1509
f 701/871/1520 765/1507/1531 1860/1502/1521
f 1698/1451/1522 1849/1504/1525 712/1503/1523
f 1698/1451/1522 554/1445/1510 713/1499/1512
f 1672/1345/1526 1823/1506/1529 738/1505/1527
f 580/1339/1516 739/1500/1515 1823/1506/1529
f 1797/869/1530 1861/1508/1533 765/1507/1531
f 700/818/1532 764/1511/1539 1861/1508/1533
f 552/1453/1534 1699/1455/1537 1850/1509/1535
f 1699/1455/1537 553/1449/1524 712/1503/1523
f 1798/815/1538 1862/1513/1541 764/1511/1539
f 1798/815/1538 699/801/1550 763/1512/1540
f 1673/1349/1542 1824/1515/1545 737/1514/1543
f 579/1343/1528 738/1505/1527 1824/1515/1545
f 583/1334/1492 1700/1458/1548 1851/1516/1546
f 1700/1458/1548 552/1453/1534 711/1510/1536
f 1799/799/1549 1863/799/1551 763/1512/1540
f 698/743/1498 762/1520/1557 1863/799/1551
f 577/1351/1552 1674/1353/1555 1825/1518/1553
f 1674/1353/1555 578/1347/1544 737/1514/1543
f 1800/740/1556 1864/1521/1559 762/1520/1557
f 697/725/1558 761/1524/1565 1864/1521/1559
f 1675/1357/1560 1826/1523/1563 735/1522/1561
f 577/1351/1552 736/1519/1554 1826/1523/1563
f 1801/723/1564 1865/723/1567 761/1524/1565
f 696/674/1566 760/1528/1572 1865/723/1567
f 575/1359/1397 1676/1361/1570 1827/1525/1568
f 1676/1361/1570 576/1355/1562 735/1522/1561
f 696/674/1566 1802/672/1573 1866/1527/1571
f 1802/672/1573 695/656/1579 759/1529/1574
f 1677/1365/1575 1828/1531/1578 733/1530/1576
f 575/1368/1397 734/1825/1569 1828/1531/1578
f 1803/654/1548 1867/654/1581 759/1529/1574
f 1803/654/1548 694/600/1591 758/1532/1580
f 1678/1371/1582 1829/1534/1585 732/1533/1583
f 1678/1371/1582 574/1363/1577 733/1530/1576
f 572/1373/1586 1679/1375/1589 1830/1535/1587
f 573/1369/1584 732/1533/1583 1830/1535/1587
f 1804/598/1590 1868/598/1593 758/1532/1580
f 1804/598/1590 693/576/1599 757/576/1592
f 571/1377/1594 1680/1379/1597 1831/1537/1595
f 1680/1379/1597 572/1373/1586 731/1536/1588
f 1805/574/1598 1869/574/1600 757/576/1592
f 692/528/1504 756/528/1606 1869/574/1600
f 1681/1383/1601 1832/1383/1604 729/1381/1602
f 1681/1383/1601 571/1377/1594 730/1377/1596
f 692/528/1504 1806/526/1608 1870/1538/1605
f 691/512/1607 755/1539/1610 1870/1538/1605
f 1807/510/1609 1871/510/1612 755/1539/1610
f 690/456/1611 754/1541/1618 1871/510/1612
f 1682/1387/1613 1833/1387/1616 728/1540/1614
f 570/1381/1603 729/1381/1602 1833/1387/1616
f 1808/454/1617 1872/454/1620 754/1541/1618
f 1808/454/1617 689/434/1623 753/1542/1619
f 568/1389/1474 1683/1391/1464 1834/1543/1621
f 1683/1391/1464 569/1385/1615 728/1540/1614
f 689/434/1623 1809/432/1625 1873/1545/1624
f 1809/432/1625 688/383/1631 752/1546/1626
f 567/1393/1627 1684/1395/1630 1835/1547/1628
f 1684/1395/1630 568/1389/1474 727/1544/1622
f 688/383/1631 1810/381/1633 1874/381/1632
f 687/325/1389 751/1459/1388 1874/381/1632
f 566/1397/1634 1685/1399/1636 1836/1549/1635
f 1685/1399/1636 567/1393/1627 726/1548/1629
f 1859/953/1507 1893/1551/1638 1892/1550/1637
f 1859/953/1507 766/951/1509 1893/1551/1638
f 1833/1387/1616 1895/1555/1642 1894/1554/1641
f 1833/1387/1616 729/1381/1602 1895/1555/1642
f 1860/1502/1521 2309/925/1646 1893/927/1638
f 1860/1502/1521 765/1507/1531 1896/1558/1645
f 2309/925/1646 1896/1558/1645 829/1559/1647
f 1834/1543/1621 728/1540/1614 1894/1554/1641
f 1897/1561/1648 1894/1554/1641 792/1557/1644
f 1861/1508/1533 764/1511/1539 1898/1563/1650
f 1896/1558/1645 1898/1563/1650 828/1564/1651
f 1835/1547/1628 727/1544/1622 1897/1561/1648
f 1899/1565/1652 1897/1561/1648 791/1562/1649
f 1862/1513/1541 763/1512/1540 1900/1567/1654
f 1898/1563/1650 1900/1567/1654 827/1568/1655
f 1836/1549/1635 2310/1570/1657 1901/1569/1656
f 1836/1549/1635 726/1548/1629 1899/1565/1652
f 2310/1570/1657 1899/1565/1652 790/1566/1653
f 2310/1570/1657 1884/1571/1658 789/1397/1659
f 1863/799/1551 762/1520/1557 1902/1572/1660
f 1900/1567/1654 1902/1572/1660 826/1573/1661
f 1837/1461/1396 2311/1403/1663 1903/1574/1662
f 1837/1461/1396 725/1397/1395 1901/1569/1656
f 1901/1569/1656 789/1397/1659 1885/1403/1664
f 1903/1574/1662 2311/1403/1663 1885/1403/1664
f 1864/1521/1559 761/1524/1565 1904/1575/1666
f 1902/1572/1660 1904/1575/1666 825/1576/1667
f 1838/1407/1402 2312/1578/1669 1905/1577/1668
f 1838/1407/1402 724/1401/1393 1903/1574/1662
f 2312/1578/1669 1903/1574/1662 788/1401/1665
f 2312/1578/1669 1886/1579/1670 787/1580/1671
f 1865/723/1567 1906/1581/1672 1904/1575/1666
f 1865/723/1567 760/1528/1572 1906/1581/1672
f 1839/1464/1410 1905/1577/1668 1907/1583/1674
f 1839/1464/1410 723/1405/1403 1905/1577/1668
f 1905/1577/1668 787/1580/1671 786/1584/1675
f 1866/1527/1571 1908/1585/1676 1906/1581/1672
f 1866/1527/1571 759/1529/1574 1908/1585/1676
f 1908/1585/1676 823/1588/1679 824/1582/1673
f 1840/1469/1420 722/1465/1411 1907/1583/1674
f 1909/1586/1677 1907/1583/1674 786/1584/1675
f 1909/1586/1677 786/1584/1675 785/1826/1927
f 1867/654/1581 1910/1587/1678 1908/1585/1676
f 1867/654/1581 758/1532/1580 1910/1587/1678
f 1910/1587/1678 822/1593/1685 823/1588/1679
f 1841/1419/1431 721/1468/1418 1909/1586/1677
f 1911/1589/1680 1909/1586/1677 785/1826/1927
f 1911/1589/1680 785/1826/1927 784/1827/1928
f 1868/598/1593 2313/1591/1682 1910/1587/1678
f 1868/598/1593 757/576/1592 1912/1590/1681
f 2313/1591/1682 1912/1590/1681 821/576/1683
f 2313/1591/1682 1888/1592/1684 822/1593/1685
f 1842/1476/1445 2314/1595/1687 1913/1594/1686
f 1842/1476/1445 720/1472/1432 1911/1589/1680
f 2314/1595/1687 1911/1589/1680 784/1827/1928
f 2314/1595/1687 784/1827/1928 783/1596/1688
f 1869/574/1600 2315/574/1690 1912/1590/1681
f 1869/574/1600 756/528/1606 1914/1597/1689
f 1914/1597/1689 820/528/1698 1889/574/1691
f 1912/1590/1681 2315/574/1690 1889/574/1691
f 1843/1479/1455 1913/1594/1686 1915/1598/1692
f 1843/1479/1455 719/1475/1443 1913/1594/1686
f 1913/1594/1686 783/1596/1688 782/1599/1693
f 1870/1538/1605 2316/1601/1695 1914/1597/1689
f 1870/1538/1605 755/1539/1610 1916/1600/1694
f 2316/1601/1695 1916/1600/1694 819/1602/1696
f 2316/1601/1695 1890/1603/1697 820/528/1698
f 1844/1484/1469 718/1480/1456 1915/1598/1692
f 1917/1604/1699 1915/1598/1692 782/1599/1693
f 1917/1604/1699 782/1599/1693 781/1608/1703
f 1871/510/1612 754/1541/1618 1918/1605/1700
f 1916/1600/1694 1918/1605/1700 818/1606/1701
f 1845/1488/1480 717/1483/1467 1917/1604/1699
f 1919/1607/1702 1917/1604/1699 781/1608/1703
f 1872/454/1620 753/1542/1619 1920/1610/1705
f 1918/1605/1700 1920/1610/1705 817/1611/1706
f 1846/1490/1486 716/1487/1478 1919/1607/1702
f 1921/1612/1707 1919/1607/1702 780/1609/1704
f 1820/1331/1493 742/1517/1547 1923/1615/1710
f 1922/1614/1709 1923/1615/1710 806/1616/1711
f 1873/1545/1624 752/1546/1626 1924/1618/1713
f 1920/1610/1705 1924/1618/1713 816/1619/1714
f 1847/1494/1499 715/1491/1487 1921/1612/1707
f 1925/1620/1715 1921/1612/1707 779/1613/1708
f 1821/1497/1505 741/1492/1490 1922/1614/1709
f 1926/1622/1717 1922/1614/1709 805/1617/1712
f 1874/381/1632 751/1459/1388 1927/1624/1719
f 1924/1618/1713 1927/1624/1719 815/1625/1720
f 1848/1498/1511 714/1495/1500 1925/1620/1715
f 1928/1626/1721 1925/1620/1715 778/1621/1716
f 1822/1501/1517 740/1496/1503 1926/1622/1717
f 1929/1628/1723 1926/1622/1717 804/1623/1718
f 1875/322/1391 750/1460/1390 1930/1630/1725
f 1927/1624/1719 1930/1630/1725 814/1631/1726
f 1849/1504/1525 713/1499/1512 1928/1626/1721
f 1931/1632/1727 1928/1626/1721 777/1627/1722
f 1823/1506/1529 739/1500/1515 1929/1628/1723
f 1932/1634/1729 1929/1628/1723 803/1629/1724
f 1876/1462/1398 749/1463/1406 1933/1636/1731
f 1930/1630/1725 1933/1636/1731 813/1637/1732
f 1850/1509/1535 712/1503/1523 1931/1632/1727
f 1934/1638/1733 1931/1632/1727 776/1633/1728
f 1824/1515/1545 738/1505/1527 1932/1634/1729
f 1935/1640/1735 1932/1634/1729 802/1635/1730
f 1877/251/1408 1936/1642/1737 1933/1636/1731
f 1877/251/1408 748/1466/1414 1936/1642/1737
f 1936/1642/1737 812/1646/1741 813/1637/1732
f 1851/1516/1546 711/1510/1536 1934/1638/1733
f 1923/1615/1710 1934/1638/1733 775/1639/1734
f 1825/1518/1553 737/1514/1543 1935/1640/1735
f 1937/1643/1738 1935/1640/1735 801/1641/1736
f 1878/233/1416 1938/1645/1740 1936/1642/1737
f 1878/233/1416 747/1467/1415 1938/1645/1740
f 1938/1645/1740 811/1653/1748 812/1646/1741
f 1852/1471/1425 1940/1648/1743 1939/1647/1742
f 1852/1471/1425 773/1473/1435 1940/1648/1743
f 1940/1648/1743 837/1655/1750 838/1649/1744
f 1826/1523/1563 736/1519/1554 1937/1643/1738
f 1941/1650/1745 1937/1643/1738 800/1644/1739
f 1879/181/1427 1942/1652/1747 1938/1645/1740
f 1879/181/1427 746/162/1439 1942/1652/1747
f 1942/1652/1747 810/1661/1756 811/1653/1748
f 1853/1185/1437 1943/1654/1749 1940/1648/1743
f 1853/1185/1437 772/1477/1447 1943/1654/1749
f 1943/1654/1749 836/1665/1760 837/1655/1750
f 1827/1525/1568 735/1522/1561 1941/1650/1745
f 1944/1656/1751 1941/1650/1745 799/1651/1746
f 1880/160/1441 1945/1658/1753 1942/1652/1747
f 1880/160/1441 745/1474/1440 1945/1658/1753
f 1945/1658/1753 1891/1660/1755 810/1661/1756
f 1854/1164/1449 1946/1662/1757 1943/1654/1749
f 1854/1164/1449 771/1481/1459 1946/1662/1757
f 1946/1662/1757 1887/1664/1759 836/1665/1760
f 1828/1531/1578 734/1825/1569 1944/1368/1751
f 1947/1666/1761 1944/1368/1751 798/1667/1752
f 1881/112/1451 1948/1669/1763 1945/1658/1753
f 1881/112/1451 744/1478/1453 1948/1669/1763
f 1855/1110/1461 2317/1672/1766 1946/1662/1757
f 1855/1110/1461 770/1485/1471 1949/1671/1765
f 2317/1672/1766 1949/1671/1765 834/1673/1767
f 1829/1534/1585 733/1530/1576 1947/1666/1761
f 1950/1674/1768 1947/1666/1761 797/1668/1762
f 1882/91/1463 2318/1677/1771 1948/1669/1763
f 1882/91/1463 743/1482/1465 1951/1676/1770
f 2318/1677/1771 1951/1676/1770 807/1678/1772
f 1856/1086/1473 769/1486/1472 1952/1679/1773
f 1949/1671/1765 1952/1679/1773 833/1680/1774
f 1830/1535/1587 2319/1682/1776 1953/1681/1775
f 1830/1535/1587 732/1533/1583 1950/1674/1768
f 2319/1682/1776 1950/1674/1768 796/1675/1769
f 1883/36/1475 774/1470/1422 1939/1647/1742
f 1951/1676/1770 1939/1647/1742 838/1649/1744
f 1857/1037/1482 768/1489/1484 1954/1684/1778
f 1952/1679/1773 1954/1684/1778 832/1685/1779
f 1831/1537/1595 1953/1681/1775 1955/1686/1780
f 1831/1537/1595 731/1536/1588 1953/1681/1775
f 1858/1018/1495 1892/1550/1637 1954/1684/1778
f 1858/1018/1495 767/1493/1497 1892/1550/1637
f 1832/1383/1604 1955/1686/1780 1895/1555/1642
f 1832/1383/1604 730/1377/1596 1955/1686/1780
f 789/1397/1659 1957/1400/1783 2320/1402/1782
f 821/576/1683 1889/574/1691 2320/1402/1782
f 2320/1402/1782 1889/574/1691 820/528/1698
f 2320/1402/1782 1956/1404/1784 788/1401/1665
f 806/1616/1711 2321/1828/1929 805/1617/1712
f 775/1639/1734 2321/1828/1929 806/1616/1711
f 776/1633/1728 2321/1828/1929 775/1639/1734
f 777/1627/1722 2321/1828/1929 776/1633/1728
f 778/1621/1716 2321/1828/1929 777/1627/1722
f 779/1613/1708 2321/1828/1929 778/1621/1716
f 780/1609/1704 2321/1828/1929 779/1613/1708
f 782/1599/1693 2321/1828/1929 780/1609/1704
f 783/1596/1688 2321/1828/1929 782/1599/1693
f 784/1827/1928 2321/1828/1929 783/1596/1688
f 785/1826/1927 2321/1828/1929 784/1827/1928
f 786/1584/1675 2321/1828/1929 785/1826/1927
f 787/1580/1671 2321/1828/1929 786/1584/1675
f 1886/1579/1670 2321/1828/1929 787/1580/1671
f 1956/1404/1784 2321/1828/1929 1886/1579/1670
f 1890/1603/1697 2321/1828/1929 1956/1404/1784
f 819/1602/1696 2321/1828/1929 1890/1603/1697
f 818/1606/1701 2321/1828/1929 819/1602/1696
f 817/1611/1706 2321/1828/1929 818/1606/1701
f 816/1619/1714 2321/1828/1929 817/1611/1706
f 815/1625/1720 2321/1828/1929 816/1619/1714
f 814/1631/1726 2321/1828/1929 815/1625/1720
f 812/1646/1741 2321/1828/1929 814/1631/1726
f 811/1653/1748 2321/1828/1929 812/1646/1741
f 810/1661/1756 2321/1828/1929 811/1653/1748
f 1891/1660/1755 2321/1828/1929 810/1661/1756
f 809/1659/1754 2321/1828/1929 1891/1660/1755
f 808/1670/1764 2321/1828/1929 809/1659/1754
f 807/1678/1772 2321/1828/1929 808/1670/1764
f 837/1655/1750 2321/1828/1929 807/1678/1772
f 836/1665/1760 2321/1828/1929 837/1655/1750
f 1887/1664/1759 2321/1828/1929 836/1665/1760
f 835/1663/1758 2321/1828/1929 1887/1664/1759
f 834/1673/1767 2321/1828/1929 835/1663/1758
f 833/1680/1774 2321/1828/1929 834/1673/1767
f 832/1685/1779 2321/1828/1929 833/1680/1774
f 831/1553/1640 2321/1828/1929 832/1685/1779
f 830/1552/1639 2321/1828/1929 831/1553/1640
f 829/1559/1647 2321/1828/1929 830/1552/1639
f 828/1564/1651 2321/1828/1929 829/1559/1647
f 827/1568/1655 2321/1828/1929 828/1564/1651
f 826/1573/1661 2321/1828/1929 827/1568/1655
f 825/1576/1667 2321/1828/1929 826/1573/1661
f 823/1588/1679 2321/1828/1929 825/1576/1667
f 822/1593/1685 2321/1828/1929 823/1588/1679
f 1888/1592/1684 2321/1828/1929 822/1593/1685
f 1957/1400/1783 2321/1828/1929 1888/1592/1684
f 1884/1571/1658 2321/1828/1929 1957/1400/1783
f 790/1566/1653 2321/1828/1929 1884/1571/1658
f 791/1562/1649 2321/1828/1929 790/1566/1653
f 792/1557/1644 2321/1828/1929 791/1562/1649
f 793/1556/1643 2321/1828/1929 792/1557/1644
f 794/1687/1781 2321/1828/1929 793/1556/1643
f 795/1683/1777 2321/1828/1929 794/1687/1781
f 796/1675/1769 2321/1828/1929 795/1683/1777
f 797/1668/1762 2321/1828/1929 796/1675/1769
f 798/1667/1752 2321/1828/1929 797/1668/1762
f 799/1651/1746 2321/1828/1929 798/1667/1752
f 800/1644/1739 2321/1828/1929 799/1651/1746
f 801/1641/1736 2321/1828/1929 800/1644/1739
f 802/1635/1730 2321/1828/1929 801/1641/1736
f 803/1629/1724 2321/1828/1929 802/1635/1730
f 804/1623/1718 2321/1828/1929 803/1629/1724
f 805/1617/1712 2321/1828/1929 804/1623/1718
f 614/1792/1882 869/1688/1785 1701/1233/1169
f 1701/1233/1169 870/1690/1787 615/1793/1883
f 613/1794/1884 868/1691/1788 1702/1237/1173
f 1702/1237/1173 869/1688/1785 614/1792/1882
f 612/1795/1885 867/1693/1790 1703/1240/1176
f 1703/1240/1176 868/1691/1788 613/1794/1884
f 611/1796/1886 866/1695/1792 1704/1243/1179
f 1704/1243/1179 867/1693/1790 612/1795/1885
f 610/1797/1887 865/1697/1794 1705/1246/1182
f 1705/1246/1182 866/1695/1792 611/1796/1886
f 609/1798/1888 864/1699/1796 1706/1249/1185
f 1706/1249/1185 865/1697/1794 610/1797/1887
f 608/1799/1889 863/1701/1798 1707/1252/1188
f 1707/1252/1188 864/1699/1796 609/1798/1888
f 607/1800/1890 862/1703/1800 1708/1255/1191
f 1708/1255/1191 863/1701/1798 608/1799/1889
f 606/1801/1891 861/1705/1802 1709/1258/1194
f 1709/1258/1194 862/1707/1800 607/1802/1890
f 605/1803/1892 860/1708/1804 1710/1262/1197
f 1710/1262/1197 861/1705/1802 606/1801/1891
f 604/1804/1893 859/1710/1806 1711/1265/1200
f 1711/1265/1200 860/1708/1804 605/1803/1892
f 603/1805/1894 858/1712/1808 1712/1268/1203
f 1712/1268/1203 859/1710/1806 604/1804/1893
f 602/1806/1895 857/1714/1810 1713/1271/1206
f 1713/1271/1206 858/1712/1808 603/1805/1894
f 601/1807/1896 856/1716/1812 1714/1274/1209
f 1714/1274/1209 857/1714/1810 602/1806/1895
f 600/1808/1897 855/1718/1814 1715/1277/1212
f 1715/1277/1212 856/1716/1812 601/1807/1896
f 599/1809/1898 854/1720/1816 1716/1280/1215
f 1716/1280/1215 855/1718/1814 600/1808/1897
f 598/1810/1899 853/1722/1818 1717/1283/1218
f 1717/1283/1218 854/1720/1816 599/1809/1898
f 597/1811/1900 852/1724/1820 1718/1286/1221
f 1718/1286/1221 853/1722/1818 598/1810/1899
f 596/1812/1901 851/1726/1822 1719/1289/1224
f 1719/1289/1224 852/1724/1820 597/1811/1900
f 595/1813/1902 850/1728/1824 1720/1292/1227
f 1720/1292/1227 851/1726/1822 596/1812/1901
f 594/1814/1903 849/1730/1826 1721/1295/1230
f 1721/1295/1230 850/1728/1824 595/1813/1902
f 593/1815/1904 848/1732/1828 1722/1298/1233
f 1722/1298/1233 849/1730/1826 594/1814/1903
f 592/1816/1905 847/1734/1830 1723/1301/1236
f 1723/1301/1236 848/1732/1828 593/1815/1904
f 591/1817/1906 846/1736/1832 1724/1304/1239
f 1724/1304/1239 847/1734/1830 592/1816/1905
f 590/1818/1907 845/1738/1834 1725/1307/1242
f 1725/1307/1242 846/1736/1832 591/1817/1906
f 589/1819/1908 844/1740/1836 1726/1310/1245
f 1726/1310/1245 845/1738/1834 590/1818/1907
f 588/1820/1909 843/1742/1838 1727/1313/1248
f 1727/1313/1248 844/1740/1836 589/1819/1908
f 587/1821/1910 842/1744/1840 1728/1316/1251
f 1728/1316/1251 843/1742/1838 588/1820/1909
f 586/1822/1911 841/1746/1842 1729/1319/1254
f 1729/1319/1254 842/1744/1840 587/1821/1910
f 585/1823/1912 840/1748/1844 1730/1322/1257
f 1730/1322/1257 841/1746/1842 586/1822/1911
f 584/1824/1913 839/1750/1846 1731/1325/1260
f 1731/1325/1260 840/1748/1844 585/1823/1912
f 615/1793/1883 870/1690/1787 1732/1327/1262
f 1732/1327/1262 839/1750/1846 584/1824/1913
usemtl Material.003
f 646/1829/1930 1517/1328/1263 1754/1830/1931
f 1517/1328/1263 616/1831/1932 1754/1830/1931
f 445/1832/1933 1516/1833/1934 446/1834/1935
f 1516/1833/1934 19/1835/1936 446/1834/1935
f 446/1834/1935 1549/1836/1937 1578/1837/1938
f 616/1831/1932 914/1326/1261 1753/1838/1939
f 914/1326/1261 617/1839/1940 1753/1838/1939
f 19/1835/1936 32/1840/1941 20/1841/1942
f 448/1842/1943 1549/1836/1937 449/1843/1944
f 20/1841/1942 1550/1844/1945 1549/1836/1937
f 617/1839/1940 938/1323/1258 1752/1845/1946
f 938/1323/1258 618/1846/1947 1752/1845/1946
f 32/1840/1941 46/1847/1948 33/1848/1949
f 449/1843/1944 1550/1844/1945 1580/1849/1950
f 33/1848/1949 1551/1850/1951 1550/1844/1945
f 1550/1844/1945 450/1851/1952 1580/1849/1950
f 618/1846/1947 951/1320/1255 1751/1852/1953
f 951/1320/1255 619/1853/1954 1751/1852/1953
f 46/1847/1948 61/1854/1955 47/1855/1956
f 47/1855/1956 1552/1856/1957 1551/1850/1951
f 1551/1850/1951 451/1857/1958 450/1851/1952
f 619/1853/1954 976/1317/1252 1750/1858/1959
f 976/1317/1252 620/1859/1960 1750/1858/1959
f 61/1854/1955 74/1860/1961 62/1861/1962
f 62/1861/1962 1553/1862/1963 1552/1856/1957
f 620/1859/1960 992/1314/1249 1749/1863/1964
f 992/1314/1249 621/1864/1965 1749/1863/1964
f 74/1860/1961 89/1865/1966 75/1866/1967
f 451/1857/1958 1553/1862/1963 452/1867/1968
f 75/1866/1967 1554/1868/1969 1553/1862/1963
f 1017/1311/1246 622/1869/1970 621/1864/1965
f 89/1865/1966 103/1870/1971 90/1871/1972
f 452/1867/1968 1554/1868/1969 453/1872/1973
f 90/1871/1972 1555/1873/1974 1554/1868/1969
f 103/1870/1971 116/1874/1975 104/1875/1976
f 453/1872/1973 1555/1873/1974 454/1876/1977
f 104/1875/1976 1556/1877/1978 1555/1873/1974
f 1040/1308/1243 623/1878/1979 622/1869/1970
f 1056/1305/1240 624/1879/1980 623/1878/1979
f 116/1874/1975 1058/1880/1981 117/1881/1982
f 1058/1880/1981 131/1882/1983 117/1881/1982
f 454/1876/1977 1556/1877/1978 455/1883/1984
f 117/1881/1982 1557/1884/1985 1556/1877/1978
f 131/1882/1983 145/1885/1986 132/1886/1987
f 455/1883/1984 1557/1884/1985 456/1887/1988
f 132/1886/1987 1558/1888/1989 1557/1884/1985
f 624/1879/1980 1079/1302/1237 625/1889/1990
f 625/1889/1990 1095/1299/1234 1748/1890/1991
f 1095/1299/1234 626/1891/1992 1748/1890/1991
f 145/1885/1986 159/1892/1993 146/1893/1994
f 456/1887/1988 1558/1888/1989 457/1894/1995
f 146/1893/1994 1559/1895/1996 1558/1888/1989
f 457/1894/1995 1559/1895/1996 458/1896/1997
f 160/1897/1998 1560/1898/1999 1559/1895/1996
f 626/1891/1992 1118/1296/1231 627/1899/2000
f 159/1892/1993 173/1900/2001 160/1897/1998
f 627/1899/2000 1134/1293/1228 1747/1901/2002
f 1134/1293/1228 628/1902/2003 1747/1901/2002
f 173/1900/2001 186/1903/2004 174/1904/2005
f 458/1896/1997 1560/1898/1999 459/1905/2006
f 174/1904/2005 1561/1906/2007 1560/1898/1999
f 459/1905/2006 1561/1906/2007 460/1907/2008
f 187/1908/2009 1562/1909/2010 1561/1906/2007
f 628/1902/2003 1156/1290/1225 1746/1910/2011
f 1156/1290/1225 629/1911/2012 1746/1910/2011
f 186/1903/2004 201/1912/2013 187/1908/2009
f 629/1911/2012 1170/1287/1222 1745/1913/2014
f 1170/1287/1222 630/1914/2015 1745/1913/2014
f 201/1912/2013 215/1915/2016 202/1916/2017
f 460/1907/2008 1562/1909/2010 461/1917/2018
f 202/1916/2017 1563/1918/2019 1562/1909/2010
f 1195/1284/1219 631/1919/2020 630/1914/2015
f 215/1915/2016 228/1920/2021 216/1921/2022
f 461/1917/2018 1563/1918/2019 462/1922/2023
f 216/1921/2022 1564/1923/2024 1563/1918/2019
f 631/1919/2020 1213/1281/1216 1744/1924/2025
f 1213/1281/1216 632/1925/2026 1744/1924/2025
f 228/1920/2021 1212/1926/2027 229/1927/2028
f 1212/1926/2027 243/1928/2029 229/1927/2028
f 462/1922/2023 1564/1923/2024 463/1929/2030
f 229/1927/2028 1565/1930/2031 1564/1923/2024
f 632/1925/2026 1235/1278/1213 1743/1931/2032
f 1235/1278/1213 633/1932/2033 1743/1931/2032
f 243/1928/2029 255/1933/2034 244/1934/2035
f 463/1929/2030 1565/1930/2031 464/1935/2036
f 244/1934/2035 1566/1936/2037 1565/1930/2031
f 633/1932/2033 1250/1275/1210 1742/1937/2038
f 1250/1275/1210 634/1938/2039 1742/1937/2038
f 255/1933/2034 269/1939/2040 256/1940/2041
f 464/1935/2036 1566/1936/2037 465/1941/2042
f 256/1940/2041 1567/1942/2043 1566/1936/2037
f 634/1938/2039 1275/1272/1207 1741/1943/2044
f 1275/1272/1207 635/1944/2045 1741/1943/2044
f 269/1939/2040 284/1945/2046 270/1946/2047
f 465/1941/2042 1567/1942/2043 466/1947/2048
f 270/1946/2047 1568/1948/2049 1567/1942/2043
f 284/1945/2046 298/1949/2050 285/1950/2051
f 466/1947/2048 1568/1948/2049 467/1951/2052
f 285/1950/2051 1569/1952/2053 1568/1948/2049
f 1299/1269/1204 636/1953/2054 635/1944/2045
f 636/1953/2054 1315/1266/1201 1740/1954/2055
f 1315/1266/1201 637/1955/2056 1740/1954/2055
f 298/1949/2050 313/1956/2057 299/1957/2058
f 467/1951/2052 1569/1952/2053 468/1958/2059
f 299/1957/2058 1570/1959/2060 1569/1952/2053
f 313/1956/2057 1331/1960/2061 314/1961/2062
f 1331/1960/2061 326/1962/2063 314/1961/2062
f 468/1958/2059 1570/1959/2060 469/1963/2064
f 314/1961/2062 1571/1964/2065 1570/1959/2060
f 1340/1263/1198 669/1965/2066 637/1955/2056
f 669/1965/2066 1355/1259/1195 1739/1966/2067
f 1355/1259/1195 638/1967/2068 1739/1966/2067
f 326/1962/2063 340/1968/2069 327/1969/2070
f 469/1963/2064 1571/1964/2065 470/1970/2071
f 327/1969/2070 1572/1971/2072 1571/1964/2065
f 470/1972/2071 1572/1973/2072 471/1974/2073
f 341/1975/2074 1573/1976/2075 1572/1973/2072
f 1378/1256/1192 639/1977/2076 638/1978/2068
f 340/1979/2069 354/1980/2077 341/1975/2074
f 639/1977/2076 1394/1253/1189 640/1981/2078
f 354/1980/2077 368/1982/2079 355/1983/2080
f 471/1974/2073 1573/1976/2075 472/1984/2081
f 355/1983/2080 1574/1985/2082 1573/1976/2075
f 640/1981/2078 1418/1250/1186 1738/1986/2083
f 1418/1250/1186 641/1987/2084 1738/1986/2083
f 368/1982/2079 382/1988/2085 369/1989/2086
f 472/1984/2081 1574/1985/2082 1579/1990/2087
f 369/1989/2086 1575/1991/2088 1574/1985/2082
f 1574/1985/2082 473/1992/2089 1579/1990/2087
f 641/1987/2084 1431/1247/1183 1737/1993/2090
f 1431/1247/1183 642/1994/2091 1737/1993/2090
f 382/1988/2085 396/1995/2092 383/1996/2093
f 383/1996/2093 1576/1997/2094 1575/1991/2088
f 1575/1991/2088 474/1998/2095 473/1992/2089
f 642/1994/2091 1457/1244/1180 1736/1999/2096
f 1457/1244/1180 643/2000/2097 1736/1999/2096
f 396/1995/2092 410/2001/2098 397/2002/2099
f 397/2002/2099 475/2003/2100 1576/1997/2094
f 1576/1997/2094 475/2003/2100 474/1998/2095
f 643/2000/2097 1474/1241/1177 1735/2004/2101
f 1474/1241/1177 644/2005/2102 1735/2004/2101
f 410/2001/2098 1473/2006/2103 411/2007/2104
f 1473/2006/2103 423/2008/2105 411/2007/2104
f 411/2007/2104 476/2009/2106 475/2003/2100
f 644/2005/2102 1497/1238/1174 1734/2010/2107
f 1497/1238/1174 645/2011/2108 1734/2010/2107
f 423/2008/2105 437/2012/2109 424/2013/2110
f 424/2013/2110 1577/2014/2111 476/2009/2106
f 645/2011/2108 1502/1234/1170 1733/2015/2112
f 1502/1234/1170 646/1829/1930 1733/2015/2112
f 437/2012/2109 445/1832/1933 438/2016/2113
f 438/2016/2113 1578/1837/1938 1577/2014/2111
f 1577/2014/2111 448/1842/1943 477/2017/2114
f 518/2018/2115 477/2017/2114 519/2019/2116
f 476/2009/2106 477/2017/2114 1603/2020/2117
f 474/1998/2095 475/2003/2100 1603/2020/2117
f 1603/2020/2117 518/2018/2115 517/2021/2118
f 516/2022/2119 474/1998/2095 517/2021/2118
f 1579/1990/2087 516/2022/2119 515/2023/2120
f 472/1984/2081 515/2023/2120 514/2024/2121
f 513/2025/2122 471/1974/2073 514/2024/2121
f 512/2026/2123 470/1970/2071 513/2027/2122
f 511/2028/2124 469/1963/2064 512/2026/2123
f 510/2029/2125 468/1958/2059 511/2028/2124
f 466/1947/2048 510/2029/2125 509/2030/2126
f 508/2031/2127 465/1941/2042 509/2030/2126
f 507/2032/2128 464/1935/2036 508/2031/2127
f 462/1922/2023 507/2032/2128 506/2033/2129
f 461/1917/2018 506/2033/2129 505/2034/2130
f 460/1907/2008 505/2034/2130 504/2035/2131
f 503/2036/2132 459/1905/2006 504/2035/2131
f 457/1894/1995 503/2036/2132 502/2037/2133
f 501/2038/2134 456/1887/1988 502/2037/2133
f 500/2039/2135 455/1883/1984 501/2038/2134
f 499/2040/2136 454/1876/1977 500/2039/2135
f 498/2041/2137 1602/2042/2138 499/2040/2136
f 497/2043/2139 1601/2044/2140 498/2041/2137
f 452/1867/1968 1602/2042/2138 1601/2044/2140
f 450/1851/1952 497/2043/2139 496/2045/2141
f 495/2046/2142 1580/1849/1950 496/2045/2141
f 448/1842/1943 449/1843/1944 1604/2047/2143
f 1604/2047/2143 495/2046/2142 519/2019/2116
f 677/2048/2144 1733/2015/2112 678/2049/2145
f 676/2050/2146 1734/2010/2107 677/2048/2144
f 675/2051/2147 1735/2004/2101 676/2050/2146
f 674/2052/2148 1736/1999/2096 675/2051/2147
f 673/2053/2149 1737/1993/2090 674/2052/2148
f 672/2054/2150 1738/1986/2083 673/2053/2149
f 671/2055/2151 640/1981/2078 672/2054/2150
f 670/2056/2152 638/1978/2068 671/2055/2151
f 669/1965/2066 1739/1966/2067 670/2057/2152
f 637/1955/2056 669/1965/2066 668/2058/2153
f 667/2059/2154 1740/1954/2055 1755/2060/2155
f 1740/1954/2055 668/2058/2153 1755/2060/2155
f 666/2061/2156 635/1944/2045 667/2059/2154
f 665/2062/2157 1741/1943/2044 666/2061/2156
f 664/2063/2158 1742/1937/2038 665/2062/2157
f 663/2064/2159 1743/1931/2032 664/2063/2158
f 662/2065/2160 1744/1924/2025 663/2064/2159
f 661/2066/2161 630/1914/2015 662/2065/2160
f 660/2067/2162 1745/1913/2014 661/2066/2161
f 659/2068/2163 1746/1910/2011 660/2067/2162
f 658/2069/2164 1747/1901/2002 659/2068/2163
f 657/2070/2165 627/1899/2000 658/2069/2164
f 656/2071/2166 1748/1890/1991 657/2070/2165
f 655/2072/2167 625/1889/1990 656/2071/2166
f 654/2073/2168 623/1878/1979 655/2072/2167
f 653/2074/2169 622/1869/1970 654/2073/2168
f 652/2075/2170 621/1864/1965 653/2074/2169
f 651/2076/2171 1749/1863/1964 652/2075/2170
f 650/2077/2172 1750/1858/1959 651/2076/2171
f 649/2078/2173 1751/1852/1953 650/2077/2172
f 648/2079/2174 1752/1845/1946 649/2078/2173
f 647/2080/2175 1753/1838/1939 648/2079/2174
f 678/2049/2145 1754/1830/1931 647/2080/2175
f 445/1832/1933 895/2081/2176 1516/1833/1934
f 1501/2082/2177 647/2080/2175 895/2081/2176
f 895/2081/2176 19/1835/1936 1516/1833/1934
f 895/2081/2176 648/2079/2174 911/2083/2178
f 911/2083/2178 32/1840/1941 19/1835/1936
f 911/2083/2178 649/2078/2173 931/2084/2179
f 931/2084/2179 46/1847/1948 32/1840/1941
f 46/1847/1948 950/2085/2180 61/1854/1955
f 931/2084/2179 650/2077/2172 950/2085/2180
f 61/1854/1955 970/2086/2181 74/1860/1961
f 950/2085/2180 651/2076/2171 970/2086/2181
f 74/1860/1961 991/2087/2182 89/1865/1966
f 970/2086/2181 652/2075/2170 991/2087/2182
f 89/1865/1966 1011/2088/2183 103/1870/1971
f 991/2087/2182 653/2074/2169 1011/2088/2183
f 103/1870/1971 1031/2089/2184 116/1874/1975
f 1011/2088/2183 654/2073/2168 1031/2089/2184
f 116/1874/1975 1051/2090/2185 1058/1880/1981
f 1031/2089/2184 655/2072/2167 1051/2090/2185
f 1051/2090/2185 131/1882/1983 1058/1880/1981
f 1051/2090/2185 656/2071/2166 1071/2091/2186
f 1071/2091/2186 145/1885/1986 131/1882/1983
f 1071/2091/2186 657/2070/2165 1091/2092/2187
f 1091/2092/2187 159/1892/1993 145/1885/1986
f 1091/2092/2187 658/2069/2164 1110/2093/2188
f 1110/2093/2188 173/1900/2001 159/1892/1993
f 1110/2093/2188 659/2068/2163 1130/2094/2189
f 1130/2094/2189 186/1903/2004 173/1900/2001
f 1130/2094/2189 660/2067/2162 1149/2095/2190
f 1149/2095/2190 201/1912/2013 186/1903/2004
f 1149/2095/2190 661/2066/2161 1169/2096/2191
f 1169/2096/2191 215/1915/2016 201/1912/2013
f 215/1915/2016 1189/2097/2192 228/1920/2021
f 1169/2096/2191 662/2065/2160 1189/2097/2192
f 228/1920/2021 1209/2098/2193 1212/1926/2027
f 1189/2097/2192 663/2064/2159 1209/2098/2193
f 1209/2098/2193 243/1928/2029 1212/1926/2027
f 1209/2098/2193 664/2063/2158 1229/2099/2194
f 1229/2099/2194 255/1933/2034 243/1928/2029
f 255/1933/2034 1249/2100/2195 269/1939/2040
f 1229/2099/2194 665/2062/2157 1249/2100/2195
f 269/1939/2040 1268/2101/2196 284/1945/2046
f 1249/2100/2195 666/2061/2156 1268/2101/2196
f 284/1945/2046 1290/2102/2197 298/1949/2050
f 1268/2101/2196 667/2059/2154 1290/2102/2197
f 298/1949/2050 1310/2103/2198 313/1956/2057
f 1290/2102/2197 1755/2060/2155 1310/2103/2198
f 313/1956/2057 1330/2104/2199 1331/1960/2061
f 1310/2103/2198 668/2058/2153 1330/2104/2199
f 1330/2104/2199 326/1962/2063 1331/1960/2061
f 1330/2104/2199 670/2057/2152 1351/2105/2200
f 1351/2105/2200 340/1968/2069 326/1962/2063
f 1351/2106/2200 671/2055/2151 1371/2107/2201
f 1371/2107/2201 354/1980/2077 340/1979/2069
f 1371/2107/2201 672/2054/2150 1391/2108/2202
f 1391/2108/2202 368/1982/2079 354/1980/2077
f 1391/2108/2202 673/2053/2149 1411/2109/2203
f 1411/2109/2203 382/1988/2085 368/1982/2079
f 382/1988/2085 1430/2110/2204 396/1995/2092
f 1411/2109/2203 674/2052/2148 1430/2110/2204
f 396/1995/2092 1450/2111/2205 410/2001/2098
f 1430/2110/2204 675/2051/2147 1450/2111/2205
f 410/2001/2098 1470/2112/2206 1473/2006/2103
f 1450/2111/2205 676/2050/2146 1470/2112/2206
f 1470/2112/2206 423/2008/2105 1473/2006/2103
f 1470/2112/2206 677/2048/2144 1491/2113/2207
f 1491/2113/2207 437/2012/2109 423/2008/2105
f 437/2012/2109 1501/2082/2177 445/1832/1933
f 1491/2113/2207 678/2049/2145 1501/2082/2177
f 646/1829/1930 444/1235/1171 1517/1328/1263
f 1517/1328/1263 18/1324/1259 616/1831/1932
f 446/1834/1935 19/1835/1936 20/1841/1942
f 446/1834/1935 20/1841/1942 1549/1836/1937
f 1578/1837/1938 1549/1836/1937 448/1842/1943
f 616/1831/1932 18/1324/1259 914/1326/1261
f 914/1326/1261 31/1321/1256 617/1839/1940
f 20/1841/1942 32/1840/1941 33/1848/1949
f 20/1841/1942 33/1848/1949 1550/1844/1945
f 1549/1836/1937 1550/1844/1945 449/1843/1944
f 617/1839/1940 31/1321/1256 938/1323/1258
f 938/1323/1258 45/1318/1253 618/1846/1947
f 33/1848/1949 46/1847/1948 47/1855/1956
f 33/1848/1949 47/1855/1956 1551/1850/1951
f 1550/1844/1945 1551/1850/1951 450/1851/1952
f 618/1846/1947 45/1318/1253 951/1320/1255
f 951/1320/1255 60/1315/1250 619/1853/1954
f 47/1855/1956 61/1854/1955 62/1861/1962
f 47/1855/1956 62/1861/1962 1552/1856/1957
f 1551/1850/1951 1552/1856/1957 451/1857/1958
f 619/1853/1954 60/1315/1250 976/1317/1252
f 976/1317/1252 73/1312/1247 620/1859/1960
f 62/1861/1962 74/1860/1961 75/1866/1967
f 62/1861/1962 75/1866/1967 1553/1862/1963
f 1552/1856/1957 1553/1862/1963 451/1857/1958
f 620/1859/1960 73/1312/1247 992/1314/1249
f 992/1314/1249 88/1309/1244 621/1864/1965
f 75/1866/1967 89/1865/1966 90/1871/1972
f 75/1866/1967 90/1871/1972 1554/1868/1969
f 1553/1862/1963 1554/1868/1969 452/1867/1968
f 621/1864/1965 88/1309/1244 1017/1311/1246
f 1017/1311/1246 102/1306/1241 622/1869/1970
f 90/1871/1972 103/1870/1971 104/1875/1976
f 90/1871/1972 104/1875/1976 1555/1873/1974
f 1554/1868/1969 1555/1873/1974 453/1872/1973
f 104/1875/1976 116/1874/1975 117/1881/1982
f 104/1875/1976 117/1881/1982 1556/1877/1978
f 1555/1873/1974 1556/1877/1978 454/1876/1977
f 622/1869/1970 102/1306/1241 1040/1308/1243
f 1040/1308/1243 115/1303/1238 623/1878/1979
f 623/1878/1979 115/1303/1238 1056/1305/1240
f 1056/1305/1240 130/1300/1235 624/1879/1980
f 117/1881/1982 131/1882/1983 132/1886/1987
f 117/1881/1982 132/1886/1987 1557/1884/1985
f 1556/1877/1978 1557/1884/1985 455/1883/1984
f 132/1886/1987 145/1885/1986 146/1893/1994
f 132/1886/1987 146/1893/1994 1558/1888/1989
f 1557/1884/1985 1558/1888/1989 456/1887/1988
f 624/1879/1980 130/1300/1235 1079/1302/1237
f 1079/1302/1237 144/1297/1232 625/1889/1990
f 625/1889/1990 144/1297/1232 1095/1299/1234
f 1095/1299/1234 158/1294/1229 626/1891/1992
f 146/1893/1994 159/1892/1993 160/1897/1998
f 146/1893/1994 160/1897/1998 1559/1895/1996
f 1558/1888/1989 1559/1895/1996 457/1894/1995
f 160/1897/1998 174/1904/2005 1560/1898/1999
f 1559/1895/1996 1560/1898/1999 458/1896/1997
f 626/1891/1992 158/1294/1229 1118/1296/1231
f 1118/1296/1231 172/1291/1226 627/1899/2000
f 160/1897/1998 173/1900/2001 174/1904/2005
f 627/1899/2000 172/1291/1226 1134/1293/1228
f 1134/1293/1228 185/1288/1223 628/1902/2003
f 174/1904/2005 186/1903/2004 187/1908/2009
f 174/1904/2005 187/1908/2009 1561/1906/2007
f 1560/1898/1999 1561/1906/2007 459/1905/2006
f 187/1908/2009 202/1916/2017 1562/1909/2010
f 1561/1906/2007 1562/1909/2010 460/1907/2008
f 628/1902/2003 185/1288/1223 1156/1290/1225
f 1156/1290/1225 200/1285/1220 629/1911/2012
f 187/1908/2009 201/1912/2013 202/1916/2017
f 629/1911/2012 200/1285/1220 1170/1287/1222
f 1170/1287/1222 214/1282/1217 630/1914/2015
f 202/1916/2017 215/1915/2016 216/1921/2022
f 202/1916/2017 216/1921/2022 1563/1918/2019
f 1562/1909/2010 1563/1918/2019 461/1917/2018
f 630/1914/2015 214/1282/1217 1195/1284/1219
f 1195/1284/1219 227/1279/1214 631/1919/2020
f 216/1921/2022 228/1920/2021 229/1927/2028
f 216/1921/2022 229/1927/2028 1564/1923/2024
f 1563/1918/2019 1564/1923/2024 462/1922/2023
f 631/1919/2020 227/1279/1214 1213/1281/1216
f 1213/1281/1216 242/1276/1211 632/1925/2026
f 229/1927/2028 243/1928/2029 244/1934/2035
f 229/1927/2028 244/1934/2035 1565/1930/2031
f 1564/1923/2024 1565/1930/2031 463/1929/2030
f 632/1925/2026 242/1276/1211 1235/1278/1213
f 1235/1278/1213 254/1273/1208 633/1932/2033
f 244/1934/2035 255/1933/2034 256/1940/2041
f 244/1934/2035 256/1940/2041 1566/1936/2037
f 1565/1930/2031 1566/1936/2037 464/1935/2036
f 633/1932/2033 254/1273/1208 1250/1275/1210
f 1250/1275/1210 268/1270/1205 634/1938/2039
f 256/1940/2041 269/1939/2040 270/1946/2047
f 256/1940/2041 270/1946/2047 1567/1942/2043
f 1566/1936/2037 1567/1942/2043 465/1941/2042
f 634/1938/2039 268/1270/1205 1275/1272/1207
f 1275/1272/1207 283/1267/1202 635/1944/2045
f 270/1946/2047 284/1945/2046 285/1950/2051
f 270/1946/2047 285/1950/2051 1568/1948/2049
f 1567/1942/2043 1568/1948/2049 466/1947/2048
f 285/1950/2051 298/1949/2050 299/1957/2058
f 285/1950/2051 299/1957/2058 1569/1952/2053
f 1568/1948/2049 1569/1952/2053 467/1951/2052
f 635/1944/2045 283/1267/1202 1299/1269/1204
f 1299/1269/1204 297/1264/1199 636/1953/2054
f 636/1953/2054 297/1264/1199 1315/1266/1201
f 1315/1266/1201 312/1261/1196 637/1955/2056
f 299/1957/2058 313/1956/2057 314/1961/2062
f 299/1957/2058 314/1961/2062 1570/1959/2060
f 1569/1952/2053 1570/1959/2060 468/1958/2059
f 314/1961/2062 326/1962/2063 327/1969/2070
f 314/1961/2062 327/1969/2070 1571/1964/2065
f 1570/1959/2060 1571/1964/2065 469/1963/2064
f 637/1955/2056 312/1261/1196 1340/1263/1198
f 1340/1263/1198 325/1257/1193 669/1965/2066
f 669/1965/2066 325/1257/1193 1355/1259/1195
f 1355/1259/1195 339/1260/1190 638/1967/2068
f 327/1969/2070 340/1968/2069 341/2114/2074
f 327/1969/2070 341/2114/2074 1572/1971/2072
f 1571/1964/2065 1572/1971/2072 470/1970/2071
f 341/1975/2074 355/1983/2080 1573/1976/2075
f 1572/1973/2072 1573/1976/2075 471/1974/2073
f 638/1978/2068 339/1254/1190 1378/1256/1192
f 1378/1256/1192 353/1251/1187 639/1977/2076
f 341/1975/2074 354/1980/2077 355/1983/2080
f 639/1977/2076 353/1251/1187 1394/1253/1189
f 1394/1253/1189 367/1248/1184 640/1981/2078
f 355/1983/2080 368/1982/2079 369/1989/2086
f 355/1983/2080 369/1989/2086 1574/1985/2082
f 1573/1976/2075 1574/1985/2082 472/1984/2081
f 640/1981/2078 367/1248/1184 1418/1250/1186
f 1418/1250/1186 381/1245/1181 641/1987/2084
f 369/1989/2086 382/1988/2085 383/1996/2093
f 369/1989/2086 383/1996/2093 1575/1991/2088
f 1574/1985/2082 1575/1991/2088 473/1992/2089
f 641/1987/2084 381/1245/1181 1431/1247/1183
f 1431/1247/1183 395/1242/1178 642/1994/2091
f 383/1996/2093 396/1995/2092 397/2002/2099
f 383/1996/2093 397/2002/2099 1576/1997/2094
f 1575/1991/2088 1576/1997/2094 474/1998/2095
f 642/1994/2091 395/1242/1178 1457/1244/1180
f 1457/1244/1180 409/1239/1175 643/2000/2097
f 397/2002/2099 410/2001/2098 411/2007/2104
f 397/2002/2099 411/2007/2104 475/2003/2100
f 643/2000/2097 409/1239/1175 1474/1241/1177
f 1474/1241/1177 422/1236/1172 644/2005/2102
f 411/2007/2104 423/2008/2105 424/2013/2110
f 411/2007/2104 424/2013/2110 476/2009/2106
f 644/2005/2102 422/1236/1172 1497/1238/1174
f 1497/1238/1174 436/1232/1168 645/2011/2108
f 424/2013/2110 437/2012/2109 438/2016/2113
f 424/2013/2110 438/2016/2113 1577/2014/2111
f 476/2009/2106 1577/2014/2111 477/2017/2114
f 645/2011/2108 436/1232/1168 1502/1234/1170
f 1502/1234/1170 444/1235/1171 646/1829/1930
f 438/2016/2113 445/1832/1933 446/1834/1935
f 438/2016/2113 446/1834/1935 1578/1837/1938
f 1577/2014/2111 1578/1837/1938 448/1842/1943
f 477/2017/2114 448/1842/1943 1604/2047/2143
f 477/2017/2114 1604/2047/2143 519/2019/2116
f 1603/2020/2117 477/2017/2114 518/2018/2115
f 517/2021/2118 474/1998/2095 1603/2020/2117
f 475/2003/2100 476/2009/2106 1603/2020/2117
f 516/2022/2119 473/1992/2089 474/1998/2095
f 516/2022/2119 1579/1990/2087 473/1992/2089
f 515/2023/2120 472/1984/2081 1579/1990/2087
f 514/2024/2121 471/1974/2073 472/1984/2081
f 513/2025/2122 470/1972/2071 471/1974/2073
f 512/2026/2123 469/1963/2064 470/1970/2071
f 511/2028/2124 468/1958/2059 469/1963/2064
f 510/2029/2125 467/1951/2052 468/1958/2059
f 510/2029/2125 466/1947/2048 467/1951/2052
f 509/2030/2126 465/1941/2042 466/1947/2048
f 508/2031/2127 464/1935/2036 465/1941/2042
f 507/2032/2128 463/1929/2030 464/1935/2036
f 507/2032/2128 462/1922/2023 463/1929/2030
f 506/2033/2129 461/1917/2018 462/1922/2023
f 505/2034/2130 460/1907/2008 461/1917/2018
f 504/2035/2131 459/1905/2006 460/1907/2008
f 503/2036/2132 458/1896/1997 459/1905/2006
f 503/2036/2132 457/1894/1995 458/1896/1997
f 502/2037/2133 456/1887/1988 457/1894/1995
f 501/2038/2134 455/1883/1984 456/1887/1988
f 500/2039/2135 454/1876/1977 455/1883/1984
f 499/2040/2136 1602/2042/2138 454/1876/1977
f 1602/2042/2138 453/1872/1973 454/1876/1977
f 1602/2042/2138 452/1867/1968 453/1872/1973
f 1601/2044/2140 451/1857/1958 452/1867/1968
f 1601/2044/2140 1602/2042/2138 498/2041/2137
f 497/2043/2139 451/1857/1958 1601/2044/2140
f 450/1851/1952 451/1857/1958 497/2043/2139
f 1580/1849/1950 450/1851/1952 496/2045/2141
f 449/1843/1944 1580/1849/1950 495/2046/2142
f 1604/2047/2143 449/1843/1944 495/2046/2142
f 677/2048/2144 645/2011/2108 1733/2015/2112
f 1733/2015/2112 646/1829/1930 678/2049/2145
f 676/2050/2146 644/2005/2102 1734/2010/2107
f 1734/2010/2107 645/2011/2108 677/2048/2144
f 675/2051/2147 643/2000/2097 1735/2004/2101
f 1735/2004/2101 644/2005/2102 676/2050/2146
f 674/2052/2148 642/1994/2091 1736/1999/2096
f 1736/1999/2096 643/2000/2097 675/2051/2147
f 673/2053/2149 641/1987/2084 1737/1993/2090
f 1737/1993/2090 642/1994/2091 674/2052/2148
f 672/2054/2150 640/1981/2078 1738/1986/2083
f 1738/1986/2083 641/1987/2084 673/2053/2149
f 671/2055/2151 639/1977/2076 640/1981/2078
f 638/1978/2068 639/1977/2076 671/2055/2151
f 1739/1966/2067 638/1967/2068 670/2057/2152
f 667/2059/2154 636/1953/2054 1740/1954/2055
f 1740/1954/2055 637/1955/2056 668/2058/2153
f 635/1944/2045 636/1953/2054 667/2059/2154
f 665/2062/2157 634/1938/2039 1741/1943/2044
f 1741/1943/2044 635/1944/2045 666/2061/2156
f 664/2063/2158 633/1932/2033 1742/1937/2038
f 1742/1937/2038 634/1938/2039 665/2062/2157
f 663/2064/2159 632/1925/2026 1743/1931/2032
f 1743/1931/2032 633/1932/2033 664/2063/2158
f 662/2065/2160 631/1919/2020 1744/1924/2025
f 1744/1924/2025 632/1925/2026 663/2064/2159
f 630/1914/2015 631/1919/2020 662/2065/2160
f 660/2067/2162 629/1911/2012 1745/1913/2014
f 1745/1913/2014 630/1914/2015 661/2066/2161
f 659/2068/2163 628/1902/2003 1746/1910/2011
f 1746/1910/2011 629/1911/2012 660/2067/2162
f 658/2069/2164 627/1899/2000 1747/1901/2002
f 1747/1901/2002 628/1902/2003 659/2068/2163
f 657/2070/2165 626/1891/1992 627/1899/2000
f 656/2071/2166 625/1889/1990 1748/1890/1991
f 1748/1890/1991 626/1891/1992 657/2070/2165
f 655/2072/2167 624/1879/1980 625/1889/1990
f 623/1878/1979 624/1879/1980 655/2072/2167
f 622/1869/1970 623/1878/1979 654/2073/2168
f 621/1864/1965 622/1869/1970 653/2074/2169
f 651/2076/2171 620/1859/1960 1749/1863/1964
f 1749/1863/1964 621/1864/1965 652/2075/2170
f 650/2077/2172 619/1853/1954 1750/1858/1959
f 1750/1858/1959 620/1859/1960 651/2076/2171
f 649/2078/2173 618/1846/1947 1751/1852/1953
f 1751/1852/1953 619/1853/1954 650/2077/2172
f 648/2079/2174 617/1839/1940 1752/1845/1946
f 1752/1845/1946 618/1846/1947 649/2078/2173
f 647/2080/2175 616/1831/1932 1753/1838/1939
f 1753/1838/1939 617/1839/1940 648/2079/2174
f 678/2049/2145 646/1829/1930 1754/1830/1931
f 1754/1830/1931 616/1831/1932 647/2080/2175
f 445/1832/1933 1501/2082/2177 895/2081/2176
f 1501/2082/2177 678/2049/2145 647/2080/2175
f 19/1835/1936 895/2081/2176 911/2083/2178
f 895/2081/2176 647/2080/2175 648/2079/2174
f 32/1840/1941 911/2083/2178 931/2084/2179
f 911/2083/2178 648/2079/2174 649/2078/2173
f 46/1847/1948 931/2084/2179 950/2085/2180
f 931/2084/2179 649/2078/2173 650/2077/2172
f 61/1854/1955 950/2085/2180 970/2086/2181
f 950/2085/2180 650/2077/2172 651/2076/2171
f 74/1860/1961 970/2086/2181 991/2087/2182
f 970/2086/2181 651/2076/2171 652/2075/2170
f 89/1865/1966 991/2087/2182 1011/2088/2183
f 991/2087/2182 652/2075/2170 653/2074/2169
f 103/1870/1971 1011/2088/2183 1031/2089/2184
f 1011/2088/2183 653/2074/2169 654/2073/2168
f 116/1874/1975 1031/2089/2184 1051/2090/2185
f 1031/2089/2184 654/2073/2168 655/2072/2167
f 131/1882/1983 1051/2090/2185 1071/2091/2186
f 1051/2090/2185 655/2072/2167 656/2071/2166
f 145/1885/1986 1071/2091/2186 1091/2092/2187
f 1071/2091/2186 656/2071/2166 657/2070/2165
f 159/1892/1993 1091/2092/2187 1110/2093/2188
f 1091/2092/2187 657/2070/2165 658/2069/2164
f 173/1900/2001 1110/2093/2188 1130/2094/2189
f 1110/2093/2188 658/2069/2164 659/2068/2163
f 186/1903/2004 1130/2094/2189 1149/2095/2190
f 1130/2094/2189 659/2068/2163 660/2067/2162
f 201/1912/2013 1149/2095/2190 1169/2096/2191
f 1149/2095/2190 660/2067/2162 661/2066/2161
f 215/1915/2016 1169/2096/2191 1189/2097/2192
f 1169/2096/2191 661/2066/2161 662/2065/2160
f 228/1920/2021 1189/2097/2192 1209/2098/2193
f 1189/2097/2192 662/2065/2160 663/2064/2159
f 243/1928/2029 1209/2098/2193 1229/2099/2194
f 1209/2098/2193 663/2064/2159 664/2063/2158
f 255/1933/2034 1229/2099/2194 1249/2100/2195
f 1229/2099/2194 664/2063/2158 665/2062/2157
f 269/1939/2040 1249/2100/2195 1268/2101/2196
f 1249/2100/2195 665/2062/2157 666/2061/2156
f 284/1945/2046 1268/2101/2196 1290/2102/2197
f 1268/2101/2196 666/2061/2156 667/2059/2154
f 298/1949/2050 1290/2102/2197 1310/2103/2198
f 1290/2102/2197 667/2059/2154 1755/2060/2155
f 1755/2060/2155 668/2058/2153 1310/2103/2198
f 313/1956/2057 1310/2103/2198 1330/2104/2199
f 668/2058/2153 669/1965/2066 1330/2104/2199
f 326/1962/2063 1330/2104/2199 1351/2105/2200
f 1330/2104/2199 669/1965/2066 670/2057/2152
f 340/1979/2069 1351/2106/2200 1371/2107/2201
f 1351/2106/2200 670/2056/2152 671/2055/2151
f 354/1980/2077 1371/2107/2201 1391/2108/2202
f 1371/2107/2201 671/2055/2151 672/2054/2150
f 368/1982/2079 1391/2108/2202 1411/2109/2203
f 1391/2108/2202 672/2054/2150 673/2053/2149
f 382/1988/2085 1411/2109/2203 1430/2110/2204
f 1411/2109/2203 673/2053/2149 674/2052/2148
f 396/1995/2092 1430/2110/2204 1450/2111/2205
f 1430/2110/2204 674/2052/2148 675/2051/2147
f 410/2001/2098 1450/2111/2205 1470/2112/2206
f 1450/2111/2205 675/2051/2147 676/2050/2146
f 423/2008/2105 1470/2112/2206 1491/2113/2207
f 1470/2112/2206 676/2050/2146 677/2048/2144
f 437/2012/2109 1491/2113/2207 1501/2082/2177
f 1491/2113/2207 677/2048/2144 678/2049/2145
usemtl Material.004
f 439/2115/2208 1515/2116/2209 286/2117/2210
f 447/2118/2211 1515/2116/2209 439/2115/2208
f 1515/2119/2209 48/2120/2212 286/2121/2210
f 48/2122/2212 1523/2123/2213 286/2124/2210
f 76/2125/2214 1523/2123/2213 48/2122/2212
f 1523/2126/2213 1527/2127/2215 286/2128/2210
f 118/2129/2216 1527/2127/2215 1523/2126/2213
f 1527/2130/2215 1530/2131/2217 286/2132/2210
f 271/2133/2218 1530/2134/2217 230/2135/2219
f 1530/2136/2217 1269/2137/2220 286/2138/2210
f 271/2133/2218 1269/2137/2220 1530/2136/2217
f 1269/2139/2220 1537/2140/2221 286/2141/2210
f 300/2142/2222 1537/2140/2221 1269/2139/2220
f 1537/2143/2221 1541/2144/2223 286/2145/2210
f 370/2146/2224 1541/2144/2223 1537/2143/2221
f 384/2147/2225 1541/2144/2223 370/2146/2224
f 1541/2148/2223 439/2149/2208 286/2150/2210
f 2035/2151/2226 478/2152/2227 2022/2153/2228
f 2022/2153/2228 872/2154/2229 871/2155/2230
f 2022/2153/2228 479/2156/2231 2023/2157/2232
f 2023/2157/2232 873/2158/2233 872/2154/2229
f 2023/2157/2232 480/2159/2234 2024/2160/2235
f 873/2158/2233 2025/2161/2236 874/2162/2237
f 2024/2160/2235 481/2163/2238 2025/2161/2236
f 874/2162/2237 2026/2164/2239 875/2165/2240
f 2025/2161/2236 483/2166/2241 2026/2164/2239
f 2026/2164/2239 484/2167/2242 2027/2168/2243
f 875/2165/2240 2027/2168/2243 876/2169/2244
f 2027/2168/2243 485/2170/2245 2028/2171/2246
f 876/2169/2244 2028/2171/2246 877/2172/2247
f 2028/2171/2246 486/2173/2248 2029/2174/2249
f 2029/2174/2249 878/2175/2250 877/2172/2247
f 2029/2174/2249 487/2176/2251 2030/2177/2252
f 878/2175/2250 2030/2177/2252 879/2178/2253
f 2030/2177/2252 488/2179/2254 2031/2180/2255
f 879/2178/2253 2031/2180/2255 880/2181/2256
f 2031/2180/2255 489/2182/2257 2032/2183/2258
f 2032/2184/2258 881/2185/2259 880/2186/2256
f 2032/2184/2258 490/2187/2260 2033/2188/2261
f 881/2185/2259 2034/2189/2262 882/2190/2263
f 2033/2188/2261 492/2191/2264 2034/2189/2262
f 2034/2189/2262 493/2192/2265 2035/2151/2226
f 2035/2151/2226 871/2155/2230 882/2190/2263
f 494/2193/2266 1581/2194/2267 478/2152/2227
f 495/2046/2142 1582/2195/2268 1581/2194/2267
f 478/2152/2227 1582/2195/2268 479/2156/2231
f 496/2045/2141 1583/2196/2269 1582/2195/2268
f 479/2156/2231 1584/2197/2270 480/2159/2234
f 1583/2196/2269 498/2041/2137 1584/2197/2270
f 499/2040/2136 1585/2198/2271 1584/2197/2270
f 480/2159/2234 1585/2198/2271 481/2163/2238
f 1585/2198/2271 501/2038/2134 1586/2199/2272
f 481/2163/2238 1586/2199/2272 482/2200/2273
f 502/2037/2133 1587/2201/2274 1586/2199/2272
f 482/2200/2273 1587/2201/2274 483/2166/2241
f 1587/2201/2274 503/2036/2132 1588/2202/2275
f 483/2166/2241 1588/2202/2275 484/2167/2242
f 504/2035/2131 1589/2203/2276 1588/2202/2275
f 504/2035/2131 1590/2204/2277 1589/2203/2276
f 484/2167/2242 1590/2204/2277 485/2170/2245
f 506/2033/2129 1591/2205/2278 1590/2204/2277
f 485/2170/2245 1591/2205/2278 486/2173/2248
f 1591/2205/2278 508/2031/2127 1592/2206/2279
f 486/2173/2248 1592/2206/2279 487/2176/2251
f 1592/2206/2279 509/2030/2126 1593/2207/2280
f 487/2176/2251 1593/2207/2280 488/2179/2254
f 510/2029/2125 1594/2208/2281 1593/2207/2280
f 488/2179/2254 1595/2209/2282 489/2182/2257
f 1594/2208/2281 512/2026/2123 1595/2209/2282
f 489/2210/2257 1596/2211/2283 490/2187/2260
f 1595/2212/2282 514/2024/2121 1596/2211/2283
f 514/2024/2121 1597/2213/2284 1596/2211/2283
f 490/2187/2260 1597/2213/2284 491/2214/2285
f 491/2214/2285 1597/2213/2284 492/2191/2264
f 516/2022/2119 1598/2215/2286 1597/2213/2284
f 492/2191/2264 1599/2216/2287 493/2192/2265
f 1598/2215/2286 517/2021/2118 1599/2216/2287
f 1599/2216/2287 518/2018/2115 1600/2217/2288
f 493/2192/2265 1600/2217/2288 494/2193/2266
f 519/2019/2116 1581/2194/2267 1600/2217/2288
f 439/2218/2208 871/2155/2230 447/2118/2211
f 882/2190/2263 439/2218/2208 384/2147/2225
f 370/2146/2224 881/2185/2259 384/2147/2225
f 880/2186/2256 370/2146/2224 342/2219/2289
f 300/2142/2222 880/2181/2256 342/2220/2289
f 878/2175/2250 300/2142/2222 271/2133/2218
f 230/2135/2219 878/2175/2250 271/2133/2218
f 876/2169/2244 230/2135/2219 188/2221/2290
f 875/2165/2240 188/2221/2290 147/2222/2291
f 874/2162/2237 147/2222/2291 118/2129/2216
f 873/2158/2233 118/2129/2216 76/2125/2214
f 447/2118/2211 48/2223/2212 1515/2224/2209
f 76/2125/2214 118/2129/2216 1523/2225/2213
f 118/2129/2216 147/2222/2291 1527/2127/2215
f 147/2222/2291 188/2221/2290 1527/2226/2215
f 188/2221/2290 1530/2131/2217 1527/2130/2215
f 188/2221/2290 230/2135/2219 1530/2227/2217
f 271/2133/2218 300/2142/2222 1269/2228/2220
f 300/2142/2222 342/2220/2289 1537/2229/2221
f 342/2219/2289 370/2146/2224 1537/2230/2221
f 384/2147/2225 439/2149/2208 1541/2148/2223
f 871/2155/2230 2035/2151/2226 2022/2153/2228
f 2035/2151/2226 494/2193/2266 478/2152/2227
f 2022/2153/2228 478/2152/2227 479/2156/2231
f 872/2154/2229 2022/2153/2228 2023/2157/2232
f 2023/2157/2232 479/2156/2231 480/2159/2234
f 873/2158/2233 2023/2157/2232 2024/2160/2235
f 2024/2160/2235 480/2159/2234 481/2163/2238
f 873/2158/2233 2024/2160/2235 2025/2161/2236
f 2025/2161/2236 481/2163/2238 482/2200/2273
f 874/2162/2237 2025/2161/2236 2026/2164/2239
f 2025/2161/2236 482/2200/2273 483/2166/2241
f 875/2165/2240 2026/2164/2239 2027/2168/2243
f 2026/2164/2239 483/2166/2241 484/2167/2242
f 876/2169/2244 2027/2168/2243 2028/2171/2246
f 2027/2168/2243 484/2167/2242 485/2170/2245
f 2028/2171/2246 485/2170/2245 486/2173/2248
f 877/2172/2247 2028/2171/2246 2029/2174/2249
f 2029/2174/2249 486/2173/2248 487/2176/2251
f 878/2175/2250 2029/2174/2249 2030/2177/2252
f 2030/2177/2252 487/2176/2251 488/2179/2254
f 879/2178/2253 2030/2177/2252 2031/2180/2255
f 2031/2180/2255 488/2179/2254 489/2182/2257
f 880/2181/2256 2031/2180/2255 2032/2183/2258
f 2032/2184/2258 489/2210/2257 490/2187/2260
f 881/2185/2259 2032/2184/2258 2033/2188/2261
f 2033/2188/2261 490/2187/2260 491/2214/2285
f 2033/2188/2261 491/2214/2285 492/2191/2264
f 881/2185/2259 2033/2188/2261 2034/2189/2262
f 2034/2189/2262 492/2191/2264 493/2192/2265
f 882/2190/2263 2034/2189/2262 2035/2151/2226
f 2035/2151/2226 493/2192/2265 494/2193/2266
f 519/2019/2116 495/2046/2142 1581/2194/2267
f 1581/2194/2267 1582/2195/2268 478/2152/2227
f 1582/2195/2268 495/2046/2142 496/2045/2141
f 496/2045/2141 497/2043/2139 1583/2196/2269
f 1582/2195/2268 1583/2196/2269 479/2156/2231
f 479/2156/2231 1583/2196/2269 1584/2197/2270
f 1583/2196/2269 497/2043/2139 498/2041/2137
f 1584/2197/2270 498/2041/2137 499/2040/2136
f 1584/2197/2270 1585/2198/2271 480/2159/2234
f 1585/2198/2271 499/2040/2136 500/2039/2135
f 481/2163/2238 1585/2198/2271 1586/2199/2272
f 1585/2198/2271 500/2039/2135 501/2038/2134
f 1586/2199/2272 501/2038/2134 502/2037/2133
f 1586/2199/2272 1587/2201/2274 482/2200/2273
f 502/2037/2133 503/2036/2132 1587/2201/2274
f 483/2166/2241 1587/2201/2274 1588/2202/2275
f 1588/2202/2275 503/2036/2132 504/2035/2131
f 1588/2202/2275 1589/2203/2276 484/2167/2242
f 504/2035/2131 505/2034/2130 1590/2204/2277
f 1589/2203/2276 1590/2204/2277 484/2167/2242
f 505/2034/2130 506/2033/2129 1590/2204/2277
f 506/2033/2129 507/2032/2128 1591/2205/2278
f 1590/2204/2277 1591/2205/2278 485/2170/2245
f 486/2173/2248 1591/2205/2278 1592/2206/2279
f 1591/2205/2278 507/2032/2128 508/2031/2127
f 1592/2206/2279 508/2031/2127 509/2030/2126
f 487/2176/2251 1592/2206/2279 1593/2207/2280
f 509/2030/2126 510/2029/2125 1593/2207/2280
f 1593/2207/2280 1594/2208/2281 488/2179/2254
f 1594/2208/2281 510/2029/2125 511/2028/2124
f 488/2179/2254 1594/2208/2281 1595/2209/2282
f 1594/2208/2281 511/2028/2124 512/2026/2123
f 1595/2209/2282 512/2026/2123 513/2027/2122
f 489/2210/2257 1595/2212/2282 1596/2211/2283
f 1595/2212/2282 513/2025/2122 514/2024/2121
f 514/2024/2121 515/2023/2120 1597/2213/2284
f 1596/2211/2283 1597/2213/2284 490/2187/2260
f 515/2023/2120 516/2022/2119 1597/2213/2284
f 1597/2213/2284 1598/2215/2286 492/2191/2264
f 1598/2215/2286 516/2022/2119 517/2021/2118
f 492/2191/2264 1598/2215/2286 1599/2216/2287
f 517/2021/2118 518/2018/2115 1599/2216/2287
f 493/2192/2265 1599/2216/2287 1600/2217/2288
f 1600/2217/2288 518/2018/2115 519/2019/2116
f 1600/2217/2288 1581/2194/2267 494/2193/2266
f 439/2218/2208 882/2190/2263 871/2155/2230
f 881/2185/2259 882/2190/2263 384/2147/2225
f 370/2146/2224 880/2186/2256 881/2185/2259
f 879/2178/2253 880/2181/2256 300/2142/2222
f 878/2175/2250 879/2178/2253 300/2142/2222
f 230/2135/2219 877/2172/2247 878/2175/2250
f 876/2169/2244 877/2172/2247 230/2135/2219
f 875/2165/2240 876/2169/2244 188/2221/2290
f 874/2162/2237 875/2165/2240 147/2222/2291
f 873/2158/2233 874/2162/2237 118/2129/2216
f 76/2125/2214 872/2154/2229 873/2158/2233
f 48/2223/2212 872/2154/2229 76/2125/2214
f 48/2223/2212 447/2118/2211 872/2154/2229
f 447/2118/2211 871/2155/2230 872/2154/2229
usemtl Material.005
f 1989/2231/2292 901/47/47 2021/1752/1848
f 901/47/47 1958/2232/2293 2021/1752/1848
f 1958/2232/2293 17/51/51 2020/1751/1847
f 17/51/51 1959/2233/2294 2020/1751/1847
f 1959/2233/2294 30/98/96 2019/1749/1845
f 30/98/96 1960/2234/2295 2019/1749/1845
f 1960/2234/2295 44/120/117 2018/1747/1843
f 44/120/117 1961/2235/2296 2018/1747/1843
f 1961/2235/2296 72/188/183 2017/1745/1841
f 72/188/183 1962/2236/2297 2017/1745/1841
f 1962/2236/2297 87/240/233 2016/1743/1839
f 87/240/233 1963/2237/2298 2016/1743/1839
f 1963/2237/2298 1015/259/252 2015/1741/1837
f 1015/259/252 1964/2238/2299 2015/1741/1837
f 1964/2238/2299 101/261/254 2014/1739/1835
f 101/261/254 1965/2239/2300 2014/1739/1835
f 1965/2239/2300 129/330/321 2013/1737/1833
f 129/330/321 1966/2240/2301 2013/1737/1833
f 1966/2240/2301 143/387/374 2012/1735/1831
f 143/387/374 1967/2241/2302 2012/1735/1831
f 1967/2241/2302 157/404/391 2011/1733/1829
f 157/404/391 1968/2242/2303 2011/1733/1829
f 1968/2242/2303 171/462/447 2010/1731/1827
f 171/462/447 1969/2243/2304 2010/1731/1827
f 1969/2243/2304 184/475/460 2009/1729/1825
f 184/475/460 1970/2244/2305 2009/1729/1825
f 1970/2244/2305 199/532/515 2008/1727/1823
f 199/532/515 1971/2245/2306 2008/1727/1823
f 1971/2245/2306 1171/581/562 2007/1725/1821
f 1171/581/562 1972/2246/2307 2007/1725/1821
f 1972/2246/2307 213/583/564 2006/1723/1819
f 213/583/564 1973/2247/2308 2006/1723/1819
f 1973/2247/2308 226/607/586 2005/1721/1817
f 226/607/586 1974/2248/2309 2005/1721/1817
f 1974/2248/2309 241/662/639 2004/1719/1815
f 241/662/639 1975/2249/2310 2004/1719/1815
f 1975/2249/2310 267/730/705 2003/1717/1813
f 267/730/705 1976/2250/2311 2003/1717/1813
f 1976/2250/2311 1273/749/724 2002/1715/1811
f 1273/749/724 1977/2251/2312 2002/1715/1811
f 1977/2251/2312 282/752/727 2001/1713/1809
f 282/752/727 1978/2252/2313 2001/1713/1809
f 1978/2252/2313 311/823/796 2000/1711/1807
f 311/823/796 1979/2253/2314 2000/1711/1807
f 1979/2253/2314 1338/876/847 1999/1709/1805
f 1338/876/847 1980/2254/2315 1999/1709/1805
f 1980/2254/2315 324/878/849 1998/1706/1803
f 324/878/849 1981/2255/2316 1998/1706/1803
f 1981/2256/2316 338/966/863 1997/1704/1801
f 338/966/863 1982/2257/2317 1997/1704/1801
f 1982/2257/2317 366/1024/969 1996/1702/1799
f 366/1024/969 1983/2258/2318 1996/1702/1799
f 1983/2258/2318 380/1044/989 1995/1700/1797
f 380/1044/989 1984/2259/2319 1995/1700/1797
f 1984/2259/2319 394/1094/1037 1994/1698/1795
f 394/1094/1037 1985/2260/2320 1994/1698/1795
f 1985/2260/2320 1455/1117/1059 1993/1696/1793
f 1455/1117/1059 1986/2261/2321 1993/1696/1793
f 1986/2261/2321 408/1120/1062 1992/1694/1791
f 408/1120/1062 1987/2262/2322 1992/1694/1791
f 1987/2262/2322 435/1193/1133 1991/1692/1789
f 435/1193/1133 1988/2263/2323 1991/1692/1789
f 1988/2263/2323 6/45/45 1990/1689/1786
f 6/45/45 1989/2231/2292 1990/1689/1786
f 870/1690/1787 1989/2231/2292 2021/1752/1848
f 1989/2231/2292 6/45/45 901/47/47
f 901/47/47 17/51/51 1958/2232/2293
f 2021/1752/1848 1958/2232/2293 839/1750/1846
f 839/1750/1846 1958/2232/2293 2020/1751/1847
f 17/51/51 30/98/96 1959/2233/2294
f 2020/1751/1847 1959/2233/2294 840/1748/1844
f 840/1748/1844 1959/2233/2294 2019/1749/1845
f 30/98/96 44/120/117 1960/2234/2295
f 2019/1749/1845 1960/2234/2295 841/1746/1842
f 841/1746/1842 1960/2234/2295 2018/1747/1843
f 44/120/117 59/169/164 1961/2235/2296
f 2018/1747/1843 1961/2235/2296 842/1744/1840
f 842/1744/1840 1961/2235/2296 2017/1745/1841
f 1961/2235/2296 59/169/164 72/188/183
f 2017/1745/1841 1962/2236/2297 843/1742/1838
f 843/1742/1838 1962/2236/2297 2016/1743/1839
f 1962/2236/2297 72/188/183 87/240/233
f 2016/1743/1839 1963/2237/2298 844/1740/1836
f 844/1740/1836 1963/2237/2298 2015/1741/1837
f 1963/2237/2298 87/240/233 1015/259/252
f 1015/259/252 101/261/254 1964/2238/2299
f 2015/1741/1837 1964/2238/2299 845/1738/1834
f 845/1738/1834 1964/2238/2299 2014/1739/1835
f 101/261/254 114/314/305 1965/2239/2300
f 2014/1739/1835 1965/2239/2300 846/1736/1832
f 846/1736/1832 1965/2239/2300 2013/1737/1833
f 1965/2239/2300 114/314/305 129/330/321
f 2013/1737/1833 1966/2240/2301 847/1734/1830
f 847/1734/1830 1966/2240/2301 2012/1735/1831
f 1966/2240/2301 129/330/321 143/387/374
f 2012/1735/1831 1967/2241/2302 848/1732/1828
f 848/1732/1828 1967/2241/2302 2011/1733/1829
f 1967/2241/2302 143/387/374 157/404/391
f 2011/1733/1829 1968/2242/2303 849/1730/1826
f 849/1730/1826 1968/2242/2303 2010/1731/1827
f 1968/2242/2303 157/404/391 171/462/447
f 2010/1731/1827 1969/2243/2304 850/1728/1824
f 850/1728/1824 1969/2243/2304 2009/1729/1825
f 1969/2243/2304 171/462/447 184/475/460
f 2009/1729/1825 1970/2244/2305 851/1726/1822
f 851/1726/1822 1970/2244/2305 2008/1727/1823
f 1970/2244/2305 184/475/460 199/532/515
f 2008/1727/1823 1971/2245/2306 852/1724/1820
f 852/1724/1820 1971/2245/2306 2007/1725/1821
f 1971/2245/2306 199/532/515 1171/581/562
f 1171/581/562 213/583/564 1972/2246/2307
f 2007/1725/1821 1972/2246/2307 853/1722/1818
f 853/1722/1818 1972/2246/2307 2006/1723/1819
f 213/583/564 226/607/586 1973/2247/2308
f 2006/1723/1819 1973/2247/2308 854/1720/1816
f 854/1720/1816 1973/2247/2308 2005/1721/1817
f 226/607/586 241/662/639 1974/2248/2309
f 2005/1721/1817 1974/2248/2309 855/1718/1814
f 855/1718/1814 1974/2248/2309 2004/1719/1815
f 241/662/639 253/680/657 1975/2249/2310
f 2004/1719/1815 1975/2249/2310 856/1716/1812
f 856/1716/1812 1975/2249/2310 2003/1717/1813
f 1975/2249/2310 253/680/657 267/730/705
f 2003/1717/1813 1976/2250/2311 857/1714/1810
f 857/1714/1810 1976/2250/2311 2002/1715/1811
f 1976/2250/2311 267/730/705 1273/749/724
f 1273/749/724 282/752/727 1977/2251/2312
f 2002/1715/1811 1977/2251/2312 858/1712/1808
f 858/1712/1808 1977/2251/2312 2001/1713/1809
f 282/752/727 296/807/780 1978/2252/2313
f 2001/1713/1809 1978/2252/2313 859/1710/1806
f 859/1710/1806 1978/2252/2313 2000/1711/1807
f 1978/2252/2313 296/807/780 311/823/796
f 2000/1711/1807 1979/2253/2314 860/1708/1804
f 860/1708/1804 1979/2253/2314 1999/1709/1805
f 1979/2253/2314 311/823/796 1338/876/847
f 1338/876/847 324/878/849 1980/2254/2315
f 1999/1709/1805 1980/2254/2315 861/1705/1802
f 861/1705/1802 1980/2254/2315 1998/1706/1803
f 324/878/849 338/892/863 1981/2255/2316
f 1998/1706/1803 1981/2255/2316 862/1707/1800
f 862/1703/1800 1981/2256/2316 1997/1704/1801
f 338/966/863 352/965/920 1982/2257/2317
f 1997/1704/1801 1982/2257/2317 863/1701/1798
f 863/1701/1798 1982/2257/2317 1996/1702/1799
f 1982/2257/2317 352/965/920 366/1024/969
f 1996/1702/1799 1983/2258/2318 864/1699/1796
f 864/1699/1796 1983/2258/2318 1995/1700/1797
f 1983/2258/2318 366/1024/969 380/1044/989
f 1995/1700/1797 1984/2259/2319 865/1697/1794
f 865/1697/1794 1984/2259/2319 1994/1698/1795
f 1984/2259/2319 380/1044/989 394/1094/1037
f 1994/1698/1795 1985/2260/2320 866/1695/1792
f 866/1695/1792 1985/2260/2320 1993/1696/1793
f 1985/2260/2320 394/1094/1037 1455/1117/1059
f 1455/1117/1059 408/1120/1062 1986/2261/2321
f 1993/1696/1793 1986/2261/2321 867/1693/1790
f 867/1693/1790 1986/2261/2321 1992/1694/1791
f 408/1120/1062 421/1172/1112 1987/2262/2322
f 1992/1694/1791 1987/2262/2322 868/1691/1788
f 868/1691/1788 1987/2262/2322 1991/1692/1789
f 1987/2262/2322 421/1172/1112 435/1193/1133
f 1991/1692/1789 1988/2263/2323 869/1688/1785
f 869/1688/1785 1988/2263/2323 1990/1689/1786
f 1988/2263/2323 435/1193/1133 6/45/45
f 1990/1689/1786 1989/2231/2292 870/1690/1787
usemtl Material.006
f 434/1791/1881 2245/2264/2324 1504/1228/1164
f 1489/2265/2325 1605/2266/2326 2245/2264/2324
f 1605/2266/2326 1512/2267/2327 2245/2264/2324
f 2245/2264/2324 443/1753/1849 1504/1228/1164
f 420/1790/1880 2246/2268/2328 1494/1194/1134
f 1468/2269/2329 1606/2270/2330 2246/2268/2328
f 1606/2270/2330 1489/2265/2325 2246/2268/2328
f 2246/2268/2328 434/1791/1881 1494/1194/1134
f 407/1789/1879 2247/2271/2331 1479/1170/1110
f 1448/2272/2332 1607/2273/2333 2247/2271/2331
f 1607/2273/2333 1468/2269/2329 2247/2271/2331
f 2247/2271/2331 420/1790/1880 1479/1170/1110
f 393/1788/1878 2248/2274/2334 1453/1118/1060
f 1428/2275/2335 1608/2276/2336 2248/2274/2334
f 1608/2276/2336 1448/2272/2332 2248/2274/2334
f 2248/2274/2334 407/1789/1879 1453/1118/1060
f 379/1787/1877 2249/2277/2337 1438/1095/1038
f 1409/2278/2338 1609/2279/2339 2249/2277/2337
f 1609/2279/2339 1428/2275/2335 2249/2277/2337
f 2249/2277/2337 393/1788/1878 1438/1095/1038
f 365/1785/1876 2250/2280/2340 1415/1045/990
f 1389/2281/2341 1610/2282/2342 2250/2280/2340
f 1610/2282/2342 1409/2278/2338 2250/2280/2340
f 2250/2280/2340 379/1787/1877 1415/1045/990
f 351/1784/1875 2251/2283/2343 1400/1025/970
f 1369/2284/2344 1611/2285/2345 2251/2283/2343
f 1611/2285/2345 1389/2281/2341 2251/2283/2343
f 2251/2283/2343 365/1785/1876 1400/1025/970
f 337/1783/1874 2252/2286/2346 1375/962/918
f 1349/2287/2347 1612/2288/2348 2252/2286/2346
f 1612/2288/2348 1369/2284/2344 2252/2286/2346
f 2252/2286/2346 351/1784/1875 1375/962/918
f 323/1780/1873 2253/2289/2349 1352/889/860
f 1328/2290/2350 1613/2291/2351 2253/2289/2349
f 1613/2291/2351 1349/2292/2347 2253/2289/2349
f 2253/2289/2349 337/1781/1874 1352/889/860
f 310/1778/1872 2254/2293/2352 1336/877/848
f 1308/2294/2353 1614/2295/2354 2254/2293/2352
f 1614/2295/2354 1328/2290/2350 2254/2293/2352
f 2254/2293/2352 323/1780/1873 1336/877/848
f 295/1777/1871 2255/2296/2355 1311/824/797
f 1288/2297/2356 1615/2298/2357 2255/2296/2355
f 1615/2298/2357 1308/2294/2353 2255/2296/2355
f 2255/2296/2355 310/1778/1872 1311/824/797
f 281/1775/1870 2256/2299/2358 1296/805/778
f 1266/2300/2359 1616/2301/2360 2256/2299/2358
f 1616/2301/2360 1288/2297/2356 2256/2299/2358
f 2256/2299/2358 295/1777/1871 1296/805/778
f 266/1774/1869 2257/2302/2361 1270/750/725
f 1247/2303/2362 1617/2304/2363 2257/2302/2361
f 1617/2304/2363 1266/2300/2359 2257/2302/2361
f 2257/2302/2361 281/1775/1870 1270/750/725
f 252/1773/1868 2258/2305/2364 1256/731/706
f 1227/2306/2365 1618/2307/2366 2258/2305/2364
f 1618/2307/2366 1247/2303/2362 2258/2305/2364
f 2258/2305/2364 266/1774/1869 1256/731/706
f 240/1772/1867 2259/2308/2367 1232/678/655
f 1207/2309/2368 1619/2310/2369 2259/2308/2367
f 1619/2310/2369 1227/2306/2365 2259/2308/2367
f 2259/2308/2367 252/1773/1868 1232/678/655
f 225/1771/1866 2260/2311/2370 1218/660/637
f 1187/2312/2371 1620/2313/2372 2260/2311/2370
f 1620/2313/2372 1207/2309/2368 2260/2311/2370
f 2260/2311/2370 240/1772/1867 1218/660/637
f 212/1770/1865 2261/2314/2373 1192/604/583
f 1167/2315/2374 1621/2316/2375 2261/2314/2373
f 1621/2316/2375 1187/2312/2371 2261/2314/2373
f 2261/2314/2373 225/1771/1866 1192/604/583
f 198/1768/1863 2262/2317/2376 1178/582/563
f 1147/2318/2377 1622/2319/2378 2262/2317/2376
f 1622/2319/2378 1167/2315/2374 2262/2317/2376
f 2262/2317/2376 212/1770/1865 1178/582/563
f 183/1767/1862 2263/2320/2379 1153/533/516
f 1128/2321/2380 1623/2322/2381 2263/2320/2379
f 1623/2322/2381 1147/2318/2377 2263/2320/2379
f 2263/2320/2379 198/1768/1863 1153/533/516
f 170/1766/1861 2264/2323/2382 1131/476/461
f 1108/2324/2383 1624/2325/2384 2264/2323/2382
f 1624/2325/2384 1128/2321/2380 2264/2323/2382
f 2264/2323/2382 183/1767/1862 1131/476/461
f 156/1764/1860 2265/2326/2385 1115/463/448
f 1089/2327/2386 1625/2328/2387 2265/2326/2385
f 1625/2328/2387 1108/2324/2383 2265/2326/2385
f 2265/2326/2385 170/1766/1861 1115/463/448
f 142/1763/1859 2266/2329/2388 1093/405/392
f 1069/2330/2389 1626/2331/2390 2266/2329/2388
f 1626/2331/2390 1089/2327/2386 2266/2329/2388
f 2266/2329/2388 156/1764/1860 1093/405/392
f 128/1762/1858 2267/2332/2391 1076/388/375
f 1049/2333/2392 1627/2334/2393 2267/2332/2391
f 1627/2334/2393 1069/2330/2389 2267/2332/2391
f 2267/2332/2391 142/1763/1859 1076/388/375
f 113/1761/1857 2268/2335/2394 1052/331/322
f 1029/2336/2395 1628/2337/2396 2268/2335/2394
f 1628/2337/2396 1049/2333/2392 2268/2335/2394
f 2268/2335/2394 128/1762/1858 1052/331/322
f 100/1760/1856 2269/2338/2397 1037/312/303
f 1009/2339/2398 1629/2340/2399 2269/2338/2397
f 1629/2340/2399 1029/2336/2395 2269/2338/2397
f 2269/2338/2397 113/1761/1857 1037/312/303
f 86/1759/1855 2270/2341/2400 1012/260/253
f 989/2342/2401 1630/2343/2402 2270/2341/2400
f 1630/2343/2402 1009/2339/2398 2270/2341/2400
f 2270/2341/2400 100/1760/1856 1012/260/253
f 71/1758/1854 2271/2344/2403 998/241/234
f 968/2345/2404 1631/2346/2405 2271/2344/2403
f 1631/2346/2405 989/2342/2401 2271/2344/2403
f 2271/2344/2403 86/1759/1855 998/241/234
f 58/1757/1853 2272/2347/2406 973/189/184
f 948/2348/2407 1632/2349/2408 2272/2347/2406
f 1632/2349/2408 968/2345/2404 2272/2347/2406
f 2272/2347/2406 71/1758/1854 973/189/184
f 43/1756/1852 2273/2350/2409 958/167/162
f 929/2351/2410 1633/2352/2411 2273/2350/2409
f 1633/2352/2411 948/2348/2407 2273/2350/2409
f 2273/2350/2409 58/1757/1853 958/167/162
f 29/1755/1851 2274/2353/2412 935/118/115
f 909/2354/2413 1634/2355/2414 2274/2353/2412
f 1634/2355/2414 929/2351/2410 2274/2353/2412
f 2274/2353/2412 43/1756/1852 935/118/115
f 16/1754/1850 2275/2356/2415 920/96/94
f 893/2357/2416 1635/2358/2417 2275/2356/2415
f 1635/2358/2417 909/2354/2413 2275/2356/2415
f 2275/2356/2415 29/1755/1851 920/96/94
f 443/1753/1849 2276/2359/2418 1519/49/49
f 1512/2267/2327 1636/2360/2419 2276/2359/2418
f 1636/2360/2419 893/2357/2416 2276/2359/2418
f 2276/2359/2418 16/1754/1850 1519/49/49
f 550/2361/2420 1669/1331/1265 1605/2266/2326
f 1669/1331/1265 551/2362/2421 1605/2266/2326
f 549/2363/2422 1670/1337/2423 1606/2270/2330
f 1670/1337/2423 550/2361/2420 1606/2270/2330
f 548/2364/2424 1671/1341/1273 1607/2273/2333
f 1671/1341/1273 549/2363/2422 1607/2273/2333
f 547/2365/2425 1672/1345/1277 1608/2276/2336
f 1672/1345/1277 548/2364/2424 1608/2276/2336
f 546/2366/2426 1673/1349/2427 1609/2279/2339
f 1673/1349/2427 547/2365/2425 1609/2279/2339
f 545/2367/2428 1674/1353/1286 1610/2282/2342
f 1674/1353/1286 546/2366/2426 1610/2282/2342
f 544/2368/2429 1675/1357/1289 1611/2285/2345
f 1675/1357/1289 545/2367/2428 1611/2285/2345
f 543/2369/2430 1676/1361/1295 1612/2288/2348
f 1676/1361/1295 544/2368/2429 1612/2288/2348
f 542/2370/2431 1677/1365/1300 1613/2291/2351
f 1677/1365/1300 543/2371/2430 1613/2291/2351
f 541/2372/2432 1678/1371/1302 1614/2295/2354
f 1678/1371/1302 542/2370/2431 1614/2295/2354
f 540/2373/2433 1679/1375/1305 1615/2298/2357
f 1679/1375/1305 541/2372/2432 1615/2298/2357
f 539/2374/2434 1680/1379/1310 1616/2301/2360
f 1680/1379/1310 540/2373/2433 1616/2301/2360
f 538/2375/2435 1681/1383/1314 1617/2304/2363
f 1681/1383/1314 539/2374/2434 1617/2304/2363
f 537/2376/2436 1682/1387/1319 1618/2307/2366
f 1682/1387/1319 538/2375/2435 1618/2307/2366
f 536/2377/2437 1683/1391/1322 1619/2310/2369
f 1683/1391/1322 537/2376/2436 1619/2310/2369
f 535/2378/2438 1684/1395/1328 1620/2313/2372
f 1684/1395/1328 536/2377/2437 1620/2313/2372
f 534/2379/2439 1685/1399/1332 1621/2316/2375
f 1685/1399/1332 535/2378/2438 1621/2316/2375
f 533/2380/2440 1686/1403/1334 1622/2319/2378
f 1686/1403/1334 534/2379/2439 1622/2319/2378
f 532/2381/2441 1687/1407/1338 1623/2322/2381
f 1687/1407/1338 533/2380/2440 1623/2322/2381
f 531/2382/2442 1688/1411/1340 1624/2325/2384
f 1688/1411/1340 532/2381/2441 1624/2325/2384
f 530/2383/2443 1689/1415/1348 1625/2328/2387
f 1689/1415/1348 531/2382/2442 1625/2328/2387
f 529/2384/2444 1690/1419/1350 1626/2331/2390
f 1690/1419/1350 530/2383/2443 1626/2331/2390
f 528/2385/2445 1691/1423/1354 1627/2334/2393
f 1691/1423/1354 529/2384/2444 1627/2334/2393
f 527/2386/2446 1692/1427/1358 1628/2337/2396
f 1692/1427/1358 528/2385/2445 1628/2337/2396
f 526/2387/2447 1693/1431/1361 1629/2340/2399
f 1693/1431/1361 527/2386/2446 1629/2340/2399
f 525/2388/2448 1694/1435/1363 1630/2343/2402
f 1694/1435/1363 526/2387/2447 1630/2343/2402
f 524/2389/2449 1695/1439/1366 1631/2346/2405
f 1695/1439/1366 525/2388/2448 1631/2346/2405
f 523/2390/2450 1696/1443/2451 1632/2349/2408
f 1696/1443/2451 524/2389/2449 1632/2349/2408
f 522/2391/2452 1697/1447/2453 1633/2352/2411
f 1697/1447/2453 523/2390/2450 1633/2352/2411
f 521/2392/2454 1698/1451/1379 1634/2355/2414
f 1698/1451/1379 522/2391/2452 1634/2355/2414
f 520/2393/2455 1699/1455/1384 1635/2358/2417
f 1699/1455/1384 521/2392/2454 1635/2358/2417
f 551/2362/2421 1700/1458/1385 1636/2360/2419
f 1700/1458/1385 520/2393/2455 1636/2360/2419
f 434/1791/1881 1489/2265/2325 2245/2264/2324
f 1489/2265/2325 550/2361/2420 1605/2266/2326
f 1605/2266/2326 551/2362/2421 1512/2267/2327
f 2245/2264/2324 1512/2267/2327 443/1753/1849
f 420/1790/1880 1468/2269/2329 2246/2268/2328
f 1468/2269/2329 549/2363/2422 1606/2270/2330
f 1606/2270/2330 550/2361/2420 1489/2265/2325
f 2246/2268/2328 1489/2265/2325 434/1791/1881
f 407/1789/1879 1448/2272/2332 2247/2271/2331
f 1448/2272/2332 548/2364/2424 1607/2273/2333
f 1607/2273/2333 549/2363/2422 1468/2269/2329
f 2247/2271/2331 1468/2269/2329 420/1790/1880
f 393/1788/1878 1428/2275/2335 2248/2274/2334
f 1428/2275/2335 547/2365/2425 1608/2276/2336
f 1608/2276/2336 548/2364/2424 1448/2272/2332
f 2248/2274/2334 1448/2272/2332 407/1789/1879
f 379/1787/1877 1409/2278/2338 2249/2277/2337
f 1409/2278/2338 546/2366/2426 1609/2279/2339
f 1609/2279/2339 547/2365/2425 1428/2275/2335
f 2249/2277/2337 1428/2275/2335 393/1788/1878
f 365/1785/1876 1389/2281/2341 2250/2280/2340
f 1389/2281/2341 545/2367/2428 1610/2282/2342
f 1610/2282/2342 546/2366/2426 1409/2278/2338
f 2250/2280/2340 1409/2278/2338 379/1787/1877
f 351/1784/1875 1369/2284/2344 2251/2283/2343
f 1369/2284/2344 544/2368/2429 1611/2285/2345
f 1611/2285/2345 545/2367/2428 1389/2281/2341
f 2251/2283/2343 1389/2281/2341 365/1785/1876
f 337/1783/1874 1349/2287/2347 2252/2286/2346
f 1349/2287/2347 543/2369/2430 1612/2288/2348
f 1612/2288/2348 544/2368/2429 1369/2284/2344
f 2252/2286/2346 1369/2284/2344 351/1784/1875
f 323/1780/1873 1328/2290/2350 2253/2289/2349
f 1328/2290/2350 542/2370/2431 1613/2291/2351
f 1613/2291/2351 543/2371/2430 1349/2292/2347
f 2253/2289/2349 1349/2292/2347 337/1781/1874
f 310/1778/1872 1308/2294/2353 2254/2293/2352
f 1308/2294/2353 541/2372/2432 1614/2295/2354
f 1614/2295/2354 542/2370/2431 1328/2290/2350
f 2254/2293/2352 1328/2290/2350 323/1780/1873
f 295/1777/1871 1288/2297/2356 2255/2296/2355
f 1288/2297/2356 540/2373/2433 1615/2298/2357
f 1615/2298/2357 541/2372/2432 1308/2294/2353
f 2255/2296/2355 1308/2294/2353 310/1778/1872
f 281/1775/1870 1266/2300/2359 2256/2299/2358
f 1266/2300/2359 539/2374/2434 1616/2301/2360
f 1616/2301/2360 540/2373/2433 1288/2297/2356
f 2256/2299/2358 1288/2297/2356 295/1777/1871
f 266/1774/1869 1247/2303/2362 2257/2302/2361
f 1247/2303/2362 538/2375/2435 1617/2304/2363
f 1617/2304/2363 539/2374/2434 1266/2300/2359
f 2257/2302/2361 1266/2300/2359 281/1775/1870
f 252/1773/1868 1227/2306/2365 2258/2305/2364
f 1227/2306/2365 537/2376/2436 1618/2307/2366
f 1618/2307/2366 538/2375/2435 1247/2303/2362
f 2258/2305/2364 1247/2303/2362 266/1774/1869
f 240/1772/1867 1207/2309/2368 2259/2308/2367
f 1207/2309/2368 536/2377/2437 1619/2310/2369
f 1619/2310/2369 537/2376/2436 1227/2306/2365
f 2259/2308/2367 1227/2306/2365 252/1773/1868
f 225/1771/1866 1187/2312/2371 2260/2311/2370
f 1187/2312/2371 535/2378/2438 1620/2313/2372
f 1620/2313/2372 536/2377/2437 1207/2309/2368
f 2260/2311/2370 1207/2309/2368 240/1772/1867
f 212/1770/1865 1167/2315/2374 2261/2314/2373
f 1167/2315/2374 534/2379/2439 1621/2316/2375
f 1621/2316/2375 535/2378/2438 1187/2312/2371
f 2261/2314/2373 1187/2312/2371 225/1771/1866
f 198/1768/1863 1147/2318/2377 2262/2317/2376
f 1147/2318/2377 533/2380/2440 1622/2319/2378
f 1622/2319/2378 534/2379/2439 1167/2315/2374
f 2262/2317/2376 1167/2315/2374 212/1770/1865
f 183/1767/1862 1128/2321/2380 2263/2320/2379
f 1128/2321/2380 532/2381/2441 1623/2322/2381
f 1623/2322/2381 533/2380/2440 1147/2318/2377
f 2263/2320/2379 1147/2318/2377 198/1768/1863
f 170/1766/1861 1108/2324/2383 2264/2323/2382
f 1108/2324/2383 531/2382/2442 1624/2325/2384
f 1624/2325/2384 532/2381/2441 1128/2321/2380
f 2264/2323/2382 1128/2321/2380 183/1767/1862
f 156/1764/1860 1089/2327/2386 2265/2326/2385
f 1089/2327/2386 530/2383/2443 1625/2328/2387
f 1625/2328/2387 531/2382/2442 1108/2324/2383
f 2265/2326/2385 1108/2324/2383 170/1766/1861
f 142/1763/1859 1069/2330/2389 2266/2329/2388
f 1069/2330/2389 529/2384/2444 1626/2331/2390
f 1626/2331/2390 530/2383/2443 1089/2327/2386
f 2266/2329/2388 1089/2327/2386 156/1764/1860
f 128/1762/1858 1049/2333/2392 2267/2332/2391
f 1049/2333/2392 528/2385/2445 1627/2334/2393
f 1627/2334/2393 529/2384/2444 1069/2330/2389
f 2267/2332/2391 1069/2330/2389 142/1763/1859
f 113/1761/1857 1029/2336/2395 2268/2335/2394
f 1029/2336/2395 527/2386/2446 1628/2337/2396
f 1628/2337/2396 528/2385/2445 1049/2333/2392
f 2268/2335/2394 1049/2333/2392 128/1762/1858
f 100/1760/1856 1009/2339/2398 2269/2338/2397
f 1009/2339/2398 526/2387/2447 1629/2340/2399
f 1629/2340/2399 527/2386/2446 1029/2336/2395
f 2269/2338/2397 1029/2336/2395 113/1761/1857
f 86/1759/1855 989/2342/2401 2270/2341/2400
f 989/2342/2401 525/2388/2448 1630/2343/2402
f 1630/2343/2402 526/2387/2447 1009/2339/2398
f 2270/2341/2400 1009/2339/2398 100/1760/1856
f 71/1758/1854 968/2345/2404 2271/2344/2403
f 968/2345/2404 524/2389/2449 1631/2346/2405
f 1631/2346/2405 525/2388/2448 989/2342/2401
f 2271/2344/2403 989/2342/2401 86/1759/1855
f 58/1757/1853 948/2348/2407 2272/2347/2406
f 948/2348/2407 523/2390/2450 1632/2349/2408
f 1632/2349/2408 524/2389/2449 968/2345/2404
f 2272/2347/2406 968/2345/2404 71/1758/1854
f 43/1756/1852 929/2351/2410 2273/2350/2409
f 929/2351/2410 522/2391/2452 1633/2352/2411
f 1633/2352/2411 523/2390/2450 948/2348/2407
f 2273/2350/2409 948/2348/2407 58/1757/1853
f 29/1755/1851 909/2354/2413 2274/2353/2412
f 909/2354/2413 521/2392/2454 1634/2355/2414
f 1634/2355/2414 522/2391/2452 929/2351/2410
f 2274/2353/2412 929/2351/2410 43/1756/1852
f 16/1754/1850 893/2357/2416 2275/2356/2415
f 893/2357/2416 520/2393/2455 1635/2358/2417
f 1635/2358/2417 521/2392/2454 909/2354/2413
f 2275/2356/2415 909/2354/2413 29/1755/1851
f 443/1753/1849 1512/2267/2327 2276/2359/2418
f 1512/2267/2327 551/2362/2421 1636/2360/2419
f 1636/2360/2419 520/2393/2455 893/2357/2416
f 2276/2359/2418 893/2357/2416 16/1754/1850
f 550/2361/2420 582/1329/1264 1669/1331/1265
f 1669/1331/1265 583/1334/1266 551/2362/2421
f 549/2363/2422 581/1335/1268 1670/1337/2423
f 1670/1337/2423 582/1329/1264 550/2361/2420
f 548/2364/2424 580/1339/2456 1671/1341/1273
f 1671/1341/1273 581/1335/1268 549/2363/2422
f 547/2365/2425 579/1343/1276 1672/1345/1277
f 1672/1345/1277 580/1339/2456 548/2364/2424
f 546/2366/2426 578/1347/1280 1673/1349/2427
f 1673/1349/2427 579/1343/1276 547/2365/2425
f 545/2367/2428 577/1351/1285 1674/1353/1286
f 1674/1353/1286 578/1347/1280 546/2366/2426
f 544/2368/2429 576/1355/1918 1675/1357/1289
f 1675/1357/1289 577/1351/1285 545/2367/2428
f 543/2369/2430 575/1359/1292 1676/1361/1295
f 1676/1361/1295 576/1355/1918 544/2368/2429
f 542/2370/2431 574/1363/1299 1677/1365/1300
f 1677/1365/1300 575/1368/1292 543/2371/2430
f 541/2372/2432 573/1369/1301 1678/1371/1302
f 1678/1371/1302 574/1363/1299 542/2370/2431
f 540/2373/2433 572/1373/2457 1679/1375/1305
f 1679/1375/1305 573/1369/1301 541/2372/2432
f 539/2374/2434 571/1377/1312 1680/1379/1310
f 1680/1379/1310 572/1373/2457 540/2373/2433
f 538/2375/2435 570/1381/1919 1681/1383/1314
f 1681/1383/1314 571/1377/1312 539/2374/2434
f 537/2376/2436 569/1385/1318 1682/1387/1319
f 1682/1387/1319 570/1381/1919 538/2375/2435
f 536/2377/2437 568/1389/1920 1683/1391/1322
f 1683/1391/1322 569/1385/1318 537/2376/2436
f 535/2378/2438 567/1393/1324 1684/1395/1328
f 1684/1395/1328 568/1389/1920 536/2377/2437
f 534/2379/2439 566/1397/2458 1685/1399/1332
f 1685/1399/1332 567/1393/1324 535/2378/2438
f 533/2380/2440 565/1401/1333 1686/1403/1334
f 1686/1403/1334 566/1397/2458 534/2379/2439
f 532/2381/2441 564/1405/2459 1687/1407/1338
f 1687/1407/1338 565/1401/1333 533/2380/2440
f 531/2382/2442 563/1409/1923 1688/1411/1340
f 1688/1411/1340 564/1405/2459 532/2381/2441
f 530/2383/2443 562/1413/2460 1689/1415/1348
f 1689/1415/1348 563/1409/1923 531/2382/2442
f 529/2384/2444 561/1417/1349 1690/1419/1350
f 1690/1419/1350 562/1413/2460 530/2383/2443
f 528/2385/2445 560/1421/1353 1691/1423/1354
f 1691/1423/1354 561/1417/1349 529/2384/2444
f 527/2386/2446 559/1425/1356 1692/1427/1358
f 1692/1427/1358 560/1421/1353 528/2385/2445
f 526/2387/2447 558/1429/1360 1693/1431/1361
f 1693/1431/1361 559/1425/1356 527/2386/2446
f 525/2388/2448 557/1433/1362 1694/1435/1363
f 1694/1435/1363 558/1429/1360 526/2387/2447
f 524/2389/2449 556/1437/2461 1695/1439/1366
f 1695/1439/1366 557/1433/1362 525/2388/2448
f 523/2390/2450 555/1441/1370 1696/1443/2451
f 1696/1443/2451 556/1437/2461 524/2389/2449
f 522/2391/2452 554/1445/2462 1697/1447/2453
f 1697/1447/2453 555/1441/1370 523/2390/2450
f 521/2392/2454 553/1449/2463 1698/1451/1379
f 1698/1451/1379 554/1445/2462 522/2391/2452
f 520/2393/2455 552/1453/2464 1699/1455/1384
f 1699/1455/1384 553/1449/2463 521/2392/2454
f 551/2362/2421 583/1334/1266 1700/1458/1385
f 1700/1458/1385 552/1453/2464 520/2393/2455
