# Blender 3.6.1
# www.blender.org
mtllib weisseFiguren.mtl
o Cylinder.003
v 0.148160 1.894279 0.081866
v 0.152245 1.897179 0.081680
v 0.134252 1.897633 0.078020
v 0.133685 1.894514 0.077149
v 0.122967 1.894757 0.066814
v 0.120459 1.897838 0.062019
v 0.118436 1.894957 0.052630
v 0.118592 1.898060 0.046245
v 0.120606 1.895078 0.037562
v 0.122623 1.898038 0.034060
v 0.130680 1.895074 0.024833
v 0.136591 1.898060 0.020715
v 0.144811 1.894952 0.018595
v 0.154720 1.897815 0.018709
v 0.159645 1.894747 0.019835
v 0.169104 1.897506 0.024435
v 0.172738 1.894499 0.027603
v 0.178590 1.897379 0.036323
v 0.180438 1.894264 0.041261
v 0.181908 1.897069 0.051666
v 0.181251 1.894102 0.056465
v 0.177357 1.897063 0.066055
v 0.169721 1.894060 0.075700
v 0.167088 1.897166 0.076903
v 0.143048 1.900134 0.077901
v 0.128995 1.900536 0.069475
v 0.123379 1.902064 0.058348
v 0.122231 1.900751 0.043034
v 0.130660 1.900917 0.028984
v 0.147781 1.903744 0.023146
v 0.156813 1.900644 0.022206
v 0.168775 1.900494 0.028733
v 0.177092 1.900068 0.040094
v 0.177183 1.900227 0.059583
v 0.162734 1.899952 0.076250
v 0.146594 1.904430 0.076822
v 0.131035 1.904717 0.068844
v 0.124801 1.905886 0.042127
v 0.135695 1.905107 0.027597
v 0.161134 1.904688 0.025582
v 0.172897 1.904646 0.036220
v 0.176327 1.905317 0.053900
v 0.166041 1.904243 0.071948
v 0.147191 1.909744 0.067651
v 0.133769 1.909814 0.062040
v 0.127335 1.909768 0.051198
v 0.131836 1.910073 0.039691
v 0.140044 1.909936 0.034330
v 0.153200 1.910013 0.032654
v 0.166618 1.909624 0.038262
v 0.173046 1.909196 0.049101
v 0.168553 1.909388 0.060610
v 0.160343 1.909357 0.065971
v 0.152366 1.915967 0.063982
v 0.133956 1.916947 0.059163
v 0.127160 1.917607 0.049470
v 0.134571 1.917128 0.040231
v 0.153257 1.916230 0.036607
v 0.167651 1.916651 0.042111
v 0.173234 1.916723 0.049807
v 0.168919 1.916612 0.058335
v 0.143274 1.922231 0.057197
v 0.132647 1.922042 0.052277
v 0.132273 1.922315 0.047813
v 0.140321 1.922938 0.043988
v 0.153320 1.922346 0.043073
v 0.165887 1.921670 0.046252
v 0.168823 1.921998 0.052070
v 0.160404 1.922551 0.056565
v 0.137466 1.928941 0.054139
v 0.134050 1.928930 0.049227
v 0.163410 1.928681 0.046532
v 0.166828 1.928481 0.051444
v 0.139694 1.960785 0.055553
v 0.131341 1.958565 0.051987
v 0.130810 1.958323 0.048559
v 0.140608 1.961005 0.044930
v 0.156079 1.965223 0.045042
v 0.165518 1.967073 0.046882
v 0.171596 1.967497 0.049603
v 0.172251 1.966061 0.051655
v 0.170844 1.968204 0.053458
v 0.164225 1.966845 0.055754
v 0.155157 1.957283 0.056718
v 0.124881 1.972746 0.051262
v 0.125336 1.973774 0.048081
v 0.129027 1.981017 0.054377
v 0.133175 1.983550 0.045017
v 0.169819 1.971826 0.050989
v 0.136543 1.987440 0.056206
v 0.124007 1.979823 0.051040
v 0.126463 1.984898 0.047189
v 0.144320 1.991099 0.044847
v 0.152811 1.986472 0.046864
v 0.156021 1.987199 0.049459
v 0.158512 1.984262 0.052314
v 0.152273 1.986703 0.055065
v 0.147608 1.989973 0.056248
v 0.124894 1.986040 0.049879
v 0.129680 1.989251 0.053686
v 0.137237 1.998141 0.046337
v 0.156275 1.989334 0.052174
v 0.130410 1.993532 0.050299
v 0.137450 2.003148 0.054644
v 0.133577 2.004385 0.050506
v 0.150802 1.998824 0.046053
v 0.157301 1.996822 0.049694
v 0.155660 1.997331 0.053957
v 0.147179 2.008367 0.055870
v 0.134156 2.014430 0.052774
v 0.134206 2.021713 0.048711
v 0.140483 2.021703 0.055851
v 0.135037 2.028583 0.051698
v 0.142110 2.022968 0.045823
v 0.150180 2.007969 0.047481
v 0.152826 2.004685 0.051644
v 0.151380 2.016697 0.046789
v 0.155078 2.010672 0.051606
v 0.150563 2.017412 0.055713
v 0.144964 2.043008 0.055036
v 0.143170 2.050217 0.052570
v 0.143146 2.050292 0.049536
v 0.159985 2.008066 0.048556
v 0.161284 2.003926 0.051022
v 0.163212 2.000264 0.053546
v 0.159926 2.043869 0.056736
v 0.154990 2.053836 0.055582
v 0.152420 2.046730 0.051529
v 0.153965 2.060631 0.049694
v 0.155251 2.053913 0.047778
v 0.160040 2.044346 0.046760
v 0.165562 2.022897 0.047506
v 0.168937 2.013073 0.050429
v 0.172087 2.007797 0.052527
v 0.167441 2.007914 0.054757
v 0.153936 2.060651 0.053650
v 0.169353 2.023002 0.054313
v 0.156638 2.047509 0.051669
v 0.164426 2.040777 0.047395
v 0.170164 2.021074 0.049817
v 0.163986 2.040606 0.056373
v 0.162399 2.048396 0.054212
v 0.161529 2.045180 0.051784
v 0.162464 2.048603 0.049568
v 0.169285 2.028224 0.051275
v -0.043692 1.895148 0.215708
v -0.046191 1.898483 0.215637
v -0.032593 1.898516 0.219921
v -0.027868 1.895148 0.223077
v -0.022333 1.898437 0.228567
v -0.017276 1.895148 0.236310
v -0.015906 1.898573 0.240843
v -0.015103 1.895148 0.260170
v -0.014734 1.898516 0.254785
v -0.020830 1.898472 0.271336
v -0.029284 1.895148 0.279759
v -0.036981 1.898527 0.283868
v -0.045679 1.895148 0.285738
v -0.053828 1.898516 0.285736
v -0.062528 1.895148 0.283873
v -0.070436 1.898491 0.279597
v -0.080940 1.895148 0.268535
v -0.081083 1.898500 0.266878
v -0.084884 1.898476 0.253635
v -0.084896 1.895148 0.247880
v -0.082362 1.898630 0.236614
v -0.078148 1.895148 0.228721
v -0.071445 1.898425 0.222934
v -0.060581 1.895148 0.217165
v -0.059160 1.898426 0.216748
v -0.041765 1.905346 0.223797
v -0.029826 1.905392 0.230483
v -0.022057 1.905393 0.245208
v -0.022828 1.905347 0.258692
v -0.027916 1.905350 0.268440
v -0.038839 1.905406 0.276769
v -0.054945 1.905355 0.278535
v -0.069862 1.905412 0.270786
v -0.078294 1.905387 0.252762
v -0.072143 1.905386 0.233074
v -0.055817 1.905434 0.223035
v -0.048041 1.910857 0.220459
v -0.040736 1.908712 0.222200
v -0.030622 1.908818 0.227704
v -0.023853 1.911000 0.235030
v -0.020731 1.909821 0.242073
v -0.019343 1.910818 0.252173
v -0.021799 1.910908 0.262453
v -0.026743 1.908821 0.269853
v -0.033814 1.910175 0.276644
v -0.046840 1.908715 0.280490
v -0.058278 1.909572 0.279723
v -0.068887 1.908820 0.273730
v -0.075704 1.911030 0.266375
v -0.078618 1.909881 0.259840
v -0.079928 1.909768 0.248355
v -0.076128 1.908717 0.236602
v -0.068581 1.908614 0.227493
v -0.058455 1.910708 0.221617
v -0.033257 1.911510 0.225675
v -0.046864 1.912038 0.280278
v -0.066306 1.911488 0.275723
v -0.078379 1.911563 0.242521
v -0.070473 1.911843 0.229123
v -0.030724 1.912542 0.272713
v -0.078402 1.912434 0.252549
v -0.054082 1.915871 0.227743
v -0.043045 1.915741 0.228320
v -0.026533 1.915958 0.253745
v -0.030315 1.915714 0.263880
v -0.037527 1.915929 0.270493
v -0.052249 1.915898 0.274227
v -0.072454 1.916228 0.254629
v -0.071526 1.915699 0.241904
v -0.066250 1.915857 0.234139
v -0.031122 1.917706 0.238528
v -0.065862 1.917151 0.266043
v -0.044455 1.927464 0.236714
v -0.036657 1.926344 0.241925
v -0.034038 1.926086 0.252248
v -0.036921 1.926162 0.259588
v -0.045392 1.926181 0.265929
v -0.055541 1.926152 0.265249
v -0.063773 1.926466 0.257699
v -0.065195 1.926216 0.249123
v -0.062775 1.926144 0.242018
v -0.054264 1.926383 0.235608
v -0.041103 1.937692 0.260836
v -0.048558 1.937549 0.263858
v -0.059238 1.938262 0.259832
v -0.051441 1.972246 0.241847
v -0.039368 1.948649 0.244784
v -0.040827 1.972048 0.252490
v -0.052255 1.972123 0.259420
v -0.061631 1.950487 0.250361
v -0.055496 1.972123 0.243782
v -0.046710 1.972390 0.242157
v -0.041911 1.972668 0.245800
v -0.043231 1.972446 0.257095
v -0.047626 1.972426 0.259555
v -0.056269 1.972533 0.257307
v -0.059050 1.972509 0.249601
v -0.047412 1.979723 0.238948
v -0.038794 1.981621 0.243395
v -0.036908 1.981456 0.249299
v -0.039091 1.980052 0.256245
v -0.046336 1.980983 0.263136
v -0.057589 1.981427 0.261020
v -0.062189 1.981903 0.255712
v -0.061691 1.980052 0.249390
v -0.057516 1.980378 0.241260
v -0.044083 1.986062 0.235365
v -0.036530 1.983712 0.257882
v -0.052539 1.983707 0.265319
v -0.065461 1.985513 0.247755
v -0.062667 1.985189 0.241545
v -0.054029 1.983555 0.236435
v -0.051435 1.987395 0.234452
v -0.037900 1.987328 0.239249
v -0.033569 1.987198 0.247908
v -0.034711 1.987725 0.257745
v -0.040860 1.987270 0.264548
v -0.050276 1.987284 0.267153
v -0.057533 1.987393 0.265101
v -0.063710 1.987283 0.259415
v -0.066195 1.987615 0.251266
v -0.058225 1.987686 0.236606
v -0.039961 1.991693 0.238701
v -0.035394 1.991909 0.244965
v -0.046355 1.991927 0.265702
v -0.060288 1.991929 0.261909
v -0.063370 1.991622 0.243247
v -0.047179 1.992845 0.235976
v -0.035389 1.993037 0.253364
v -0.038304 1.992332 0.260782
v -0.052806 1.993035 0.265003
v -0.063418 1.992655 0.256519
v -0.064524 1.992816 0.250318
v -0.057464 1.992337 0.237580
v -0.050801 2.003143 0.245716
v -0.045848 2.003083 0.246881
v -0.045369 2.003167 0.253851
v -0.050699 2.003193 0.255813
v -0.054717 2.003105 0.252568
v -0.053867 2.003232 0.247557
v -0.044452 2.012520 0.244870
v -0.043379 2.011748 0.254959
v -0.048392 2.010246 0.243412
v -0.042616 2.009181 0.250322
v -0.047654 2.012037 0.258365
v -0.053882 2.013061 0.257525
v -0.057162 2.009319 0.251446
v -0.054690 2.011771 0.244770
v -0.050228 2.016241 0.243230
v -0.042913 2.014973 0.247383
v -0.042448 2.016756 0.250967
v -0.044808 2.015648 0.256358
v -0.056082 2.016678 0.254503
v -0.057304 2.015481 0.249842
v -0.055372 2.016801 0.246101
v -0.046022 2.020019 0.247041
v -0.049989 2.018956 0.256881
v -0.049496 2.026345 0.250461
v -0.047757 2.023011 0.252804
v -0.050145 2.026264 0.250882
v -0.247647 1.894625 -0.284274
v -0.248626 1.900104 -0.283864
v -0.235814 1.900390 -0.280003
v -0.226963 1.894625 -0.273726
v -0.226936 1.900393 -0.272513
v -0.221306 1.899676 -0.262043
v -0.219599 1.894625 -0.251210
v -0.220521 1.899768 -0.246948
v -0.229956 1.894625 -0.229980
v -0.227211 1.900991 -0.234177
v -0.238596 1.900450 -0.225385
v -0.251862 1.894625 -0.222490
v -0.252588 1.900421 -0.223025
v -0.269125 1.899719 -0.229617
v -0.272550 1.894625 -0.233042
v -0.279164 1.899769 -0.247852
v -0.279910 1.894625 -0.255555
v -0.277990 1.899664 -0.262723
v -0.269554 1.894625 -0.276784
v -0.272100 1.900401 -0.273077
v -0.261566 1.900661 -0.280982
v -0.224138 1.903961 -0.255970
v -0.270114 1.903665 -0.236581
v -0.275371 1.903961 -0.255971
v -0.247783 1.907142 -0.273911
v -0.236338 1.907143 -0.269227
v -0.229456 1.907142 -0.255433
v -0.233577 1.907142 -0.240525
v -0.249755 1.907144 -0.232010
v -0.265934 1.907142 -0.240526
v -0.270054 1.907142 -0.255435
v -0.261779 1.907143 -0.270715
v -0.247368 1.911919 -0.276479
v -0.237697 1.911970 -0.272857
v -0.230118 1.911470 -0.264986
v -0.227782 1.910712 -0.248899
v -0.232829 1.911990 -0.238414
v -0.240798 1.912265 -0.232341
v -0.250442 1.911726 -0.230407
v -0.259801 1.911988 -0.232919
v -0.266681 1.911991 -0.238416
v -0.271727 1.910711 -0.248900
v -0.269391 1.911469 -0.264986
v -0.261812 1.911970 -0.272856
v -0.254043 1.913144 -0.275495
v -0.227841 1.913524 -0.251167
v -0.271668 1.913523 -0.251168
v -0.249755 1.915804 -0.273244
v -0.237417 1.915716 -0.269087
v -0.230463 1.915423 -0.257319
v -0.232486 1.915715 -0.243716
v -0.240699 1.915588 -0.235806
v -0.253570 1.916173 -0.233684
v -0.267023 1.915716 -0.243715
v -0.269046 1.915423 -0.257320
v -0.262093 1.915716 -0.269086
v -0.243220 1.928106 -0.265964
v -0.237453 1.928640 -0.260192
v -0.235811 1.927817 -0.251975
v -0.238987 1.928639 -0.244243
v -0.249755 1.930049 -0.239401
v -0.260522 1.928640 -0.244244
v -0.263698 1.927817 -0.251977
v -0.262056 1.928639 -0.260191
v -0.252409 1.930051 -0.267096
v -0.249647 1.945073 -0.263018
v -0.243529 1.945001 -0.260738
v -0.240281 1.944862 -0.254180
v -0.242887 1.945233 -0.246540
v -0.250687 1.945011 -0.243655
v -0.257261 1.945001 -0.247411
v -0.259199 1.944862 -0.254496
v -0.255766 1.945006 -0.260928
v -0.249912 1.958583 -0.263242
v -0.242441 1.958691 -0.259607
v -0.240278 1.958756 -0.252600
v -0.242944 1.958709 -0.246735
v -0.248683 1.958629 -0.243708
v -0.255741 1.958690 -0.245815
v -0.259198 1.958756 -0.252252
v -0.257262 1.958696 -0.259354
v -0.246437 1.963143 -0.265062
v -0.239868 1.963146 -0.260331
v -0.237992 1.963145 -0.250727
v -0.242616 1.963241 -0.243619
v -0.249367 1.962959 -0.241314
v -0.256683 1.963289 -0.243321
v -0.261549 1.963263 -0.251685
v -0.259642 1.963146 -0.260330
v -0.252122 1.962762 -0.265440
v -0.243458 1.966181 -0.260780
v -0.241034 1.966186 -0.248595
v -0.252545 1.966181 -0.243932
v -0.259453 1.966183 -0.253382
v -0.253374 1.966180 -0.262352
v -0.252961 1.969856 -0.269916
v -0.244501 1.970577 -0.270148
v -0.237346 1.970183 -0.265460
v -0.233485 1.969606 -0.251739
v -0.239796 1.969490 -0.240098
v -0.249984 1.970009 -0.236416
v -0.260344 1.969714 -0.240446
v -0.266024 1.969607 -0.251738
v -0.261664 1.969437 -0.264478
v -0.234166 1.971577 -0.261709
v -0.265343 1.971577 -0.261710
v -0.251580 1.975656 -0.272421
v -0.230981 1.975129 -0.250713
v -0.235550 1.975656 -0.240902
v -0.241294 1.975654 -0.236283
v -0.249755 1.975648 -0.234104
v -0.258217 1.975654 -0.236283
v -0.263960 1.975655 -0.240903
v -0.268529 1.975132 -0.250713
v -0.259994 1.973889 -0.269028
v -0.246297 1.983101 -0.271358
v -0.239737 1.979960 -0.269547
v -0.234458 1.979961 -0.264384
v -0.231521 1.980174 -0.257483
v -0.267988 1.980172 -0.257483
v -0.265051 1.979962 -0.264384
v -0.259775 1.979960 -0.269545
v -0.233058 1.984844 -0.250763
v -0.236444 1.984229 -0.242487
v -0.243022 1.984237 -0.237204
v -0.251435 1.983987 -0.235869
v -0.259875 1.984714 -0.239414
v -0.265907 1.981774 -0.244605
v -0.254076 1.984426 -0.270204
v -0.237715 1.986395 -0.263312
v -0.265626 1.985762 -0.251780
v -0.262748 1.986806 -0.261523
v -0.246762 1.989521 -0.263325
v -0.239830 1.989578 -0.254378
v -0.241505 1.989489 -0.247176
v -0.250661 1.989343 -0.242357
v -0.258788 1.989703 -0.249249
v -0.255530 1.989595 -0.261877
v -0.247938 1.991087 -0.250955
v -0.252436 1.990874 -0.256963
v -0.144664 1.894625 -0.183570
v -0.149211 1.899594 -0.184011
v -0.137909 1.900400 -0.181186
v -0.126963 1.894625 -0.173726
v -0.122979 1.899718 -0.167741
v -0.119599 1.894625 -0.151210
v -0.120521 1.899768 -0.146948
v -0.126500 1.894625 -0.134500
v -0.127412 1.900401 -0.133685
v -0.137643 1.894625 -0.125372
v -0.136467 1.900398 -0.126424
v -0.149606 1.900122 -0.122863
v -0.152138 1.894625 -0.123081
v -0.168235 1.894625 -0.128875
v -0.162093 1.900602 -0.125938
v -0.172575 1.900393 -0.134253
v -0.179743 1.894625 -0.149473
v -0.179164 1.899769 -0.147852
v -0.175979 1.899696 -0.168762
v -0.173631 1.894625 -0.172376
v -0.158538 1.900490 -0.182514
v -0.158861 1.894625 -0.182315
v -0.129396 1.903664 -0.170185
v -0.124137 1.903960 -0.150794
v -0.175372 1.903960 -0.150792
v -0.170114 1.903665 -0.170184
v -0.149755 1.907143 -0.174754
v -0.133577 1.907141 -0.166240
v -0.129455 1.907141 -0.151333
v -0.136338 1.907141 -0.137537
v -0.147783 1.907141 -0.132854
v -0.161779 1.907142 -0.136049
v -0.170054 1.907141 -0.151329
v -0.165934 1.907141 -0.166238
v -0.150442 1.911726 -0.176358
v -0.140798 1.912265 -0.174423
v -0.132828 1.911991 -0.168349
v -0.128525 1.911992 -0.160573
v -0.127782 1.910711 -0.148899
v -0.135950 1.911468 -0.134963
v -0.147368 1.911919 -0.130285
v -0.163559 1.911468 -0.134963
v -0.171727 1.910711 -0.148898
v -0.170984 1.911992 -0.160573
v -0.166681 1.911991 -0.168349
v -0.159801 1.911988 -0.173845
v -0.128687 1.913524 -0.146822
v -0.154043 1.913144 -0.131269
v -0.170822 1.913524 -0.146822
v -0.140699 1.915588 -0.170958
v -0.132486 1.915715 -0.163048
v -0.130463 1.915423 -0.149446
v -0.137417 1.915716 -0.137677
v -0.149754 1.915804 -0.133521
v -0.162093 1.915716 -0.137678
v -0.169046 1.915423 -0.149444
v -0.167023 1.915716 -0.163049
v -0.153569 1.916173 -0.173081
v -0.149755 1.930049 -0.167364
v -0.138987 1.928639 -0.162521
v -0.135811 1.927817 -0.154789
v -0.137453 1.928640 -0.146573
v -0.143220 1.928106 -0.140800
v -0.152409 1.930051 -0.139668
v -0.162056 1.928639 -0.146573
v -0.163698 1.927817 -0.154788
v -0.160522 1.928640 -0.162521
v -0.149647 1.945073 -0.163018
v -0.143529 1.945001 -0.160738
v -0.140281 1.944862 -0.154180
v -0.142887 1.945233 -0.146540
v -0.150687 1.945011 -0.143655
v -0.157261 1.945001 -0.147411
v -0.159199 1.944862 -0.154496
v -0.155766 1.945006 -0.160928
v -0.146228 1.958583 -0.162558
v -0.140710 1.958756 -0.156384
v -0.141598 1.958671 -0.148138
v -0.148683 1.958629 -0.143708
v -0.155741 1.958690 -0.145815
v -0.159198 1.958756 -0.152252
v -0.156171 1.958627 -0.160937
v -0.148448 1.963098 -0.165462
v -0.141423 1.963149 -0.162313
v -0.138359 1.962438 -0.156932
v -0.138018 1.963237 -0.150638
v -0.142616 1.963242 -0.143619
v -0.149367 1.962959 -0.141314
v -0.156683 1.963289 -0.143321
v -0.161549 1.963264 -0.151685
v -0.159642 1.963147 -0.160329
v -0.154014 1.963123 -0.164627
v -0.145146 1.966178 -0.161656
v -0.140056 1.966182 -0.153382
v -0.147843 1.966183 -0.143509
v -0.157741 1.966179 -0.148254
v -0.158617 1.966178 -0.156141
v -0.153374 1.966179 -0.162352
v -0.152961 1.969856 -0.169916
v -0.144501 1.970577 -0.170148
v -0.137346 1.970183 -0.165460
v -0.133485 1.969607 -0.151740
v -0.139797 1.969490 -0.140097
v -0.149984 1.970009 -0.136416
v -0.160345 1.969714 -0.140445
v -0.166024 1.969607 -0.151738
v -0.161665 1.969437 -0.164478
v -0.134166 1.971577 -0.161709
v -0.165343 1.971577 -0.161710
v -0.151580 1.975656 -0.172421
v -0.130981 1.975128 -0.150712
v -0.135551 1.975656 -0.140902
v -0.141296 1.975656 -0.136281
v -0.149756 1.975648 -0.134104
v -0.158217 1.975655 -0.136283
v -0.163960 1.975656 -0.140903
v -0.168529 1.975132 -0.150713
v -0.159994 1.973889 -0.169027
v -0.146298 1.983101 -0.171358
v -0.139737 1.979959 -0.169547
v -0.134458 1.979959 -0.164384
v -0.131521 1.980173 -0.157483
v -0.167989 1.980171 -0.157483
v -0.165051 1.979960 -0.164385
v -0.159775 1.979960 -0.169545
v -0.133603 1.981772 -0.144604
v -0.143022 1.984237 -0.137204
v -0.151435 1.983987 -0.135870
v -0.159875 1.984714 -0.139414
v -0.165907 1.981773 -0.144605
v -0.154076 1.984426 -0.170203
v -0.137210 1.985629 -0.163698
v -0.133884 1.985762 -0.151779
v -0.138199 1.986755 -0.143797
v -0.164510 1.986818 -0.149778
v -0.162300 1.985629 -0.163698
v -0.151835 1.989518 -0.164114
v -0.140187 1.989726 -0.157100
v -0.153143 1.989414 -0.143281
v -0.159542 1.989744 -0.154616
v -0.145347 1.989672 -0.144378
v -0.147477 1.991054 -0.150890
v -0.152755 1.990892 -0.156665
v -0.247648 1.894625 0.225725
v -0.248625 1.900104 0.226135
v -0.235814 1.900391 0.229998
v -0.226963 1.894625 0.236274
v -0.226937 1.900394 0.237486
v -0.221306 1.899676 0.247957
v -0.219599 1.894625 0.258791
v -0.220521 1.899768 0.263052
v -0.229957 1.894625 0.280021
v -0.227212 1.900992 0.275824
v -0.238596 1.900450 0.284615
v -0.251862 1.894625 0.287510
v -0.252588 1.900421 0.286975
v -0.269124 1.899719 0.280384
v -0.272549 1.894625 0.276959
v -0.279164 1.899769 0.262149
v -0.279910 1.894625 0.254443
v -0.277989 1.899664 0.247275
v -0.269553 1.894625 0.233216
v -0.272096 1.900401 0.236919
v -0.261566 1.900661 0.229018
v -0.224138 1.903961 0.254030
v -0.270114 1.903665 0.273420
v -0.275372 1.903960 0.254027
v -0.249755 1.907143 0.235245
v -0.233577 1.907141 0.243759
v -0.229455 1.907141 0.258668
v -0.236338 1.907141 0.272464
v -0.247783 1.907141 0.277146
v -0.261778 1.907142 0.273951
v -0.270054 1.907141 0.258672
v -0.265933 1.907141 0.243761
v -0.250442 1.911725 0.233642
v -0.240798 1.912264 0.235577
v -0.232828 1.911990 0.241651
v -0.228525 1.911991 0.249427
v -0.227782 1.910711 0.261100
v -0.235950 1.911467 0.275037
v -0.247368 1.911919 0.279715
v -0.263559 1.911467 0.275037
v -0.271727 1.910711 0.261101
v -0.270983 1.911991 0.249427
v -0.266681 1.911990 0.241651
v -0.259802 1.911987 0.236156
v -0.228687 1.913523 0.263179
v -0.254042 1.913143 0.278731
v -0.270822 1.913523 0.263179
v -0.241104 1.917728 0.240739
v -0.232485 1.915716 0.246952
v -0.230463 1.915423 0.260553
v -0.237415 1.915717 0.272321
v -0.249755 1.915804 0.276479
v -0.262095 1.915717 0.272320
v -0.269046 1.915423 0.260553
v -0.267022 1.915716 0.246949
v -0.253569 1.916173 0.236920
v -0.237453 1.928639 0.249808
v -0.235811 1.927817 0.258024
v -0.238987 1.928639 0.265757
v -0.249755 1.930050 0.270599
v -0.260521 1.928639 0.265757
v -0.263698 1.927817 0.258023
v -0.262057 1.928639 0.249809
v -0.252409 1.930051 0.242904
v -0.249647 1.945073 0.246982
v -0.243529 1.945001 0.249262
v -0.240281 1.944862 0.255820
v -0.242887 1.945233 0.263460
v -0.250687 1.945011 0.266345
v -0.257261 1.945001 0.262589
v -0.259199 1.944862 0.255504
v -0.255766 1.945006 0.249072
v -0.246227 1.958583 0.247442
v -0.240710 1.958756 0.253616
v -0.241598 1.958671 0.261862
v -0.248683 1.958629 0.266292
v -0.255741 1.958690 0.264185
v -0.259198 1.958756 0.257748
v -0.256171 1.958627 0.249063
v -0.245378 1.963013 0.245168
v -0.239827 1.963233 0.249763
v -0.237999 1.963427 0.257805
v -0.241383 1.963146 0.265409
v -0.247841 1.962960 0.268532
v -0.254048 1.963114 0.267919
v -0.259933 1.962906 0.263004
v -0.261772 1.963237 0.256244
v -0.258846 1.963424 0.248905
v -0.253099 1.962871 0.244944
v -0.245219 1.966180 0.247906
v -0.240288 1.966185 0.259566
v -0.249755 1.966179 0.266324
v -0.259221 1.966185 0.259568
v -0.255218 1.966178 0.248749
v -0.251353 1.969870 0.239967
v -0.243352 1.969745 0.241223
v -0.235960 1.969437 0.248117
v -0.233826 1.970132 0.262924
v -0.245421 1.969172 0.272628
v -0.258847 1.970694 0.271837
v -0.264616 1.970351 0.265265
v -0.266025 1.969607 0.254973
v -0.260342 1.969715 0.243678
v -0.233004 1.970214 0.254927
v -0.241209 1.971532 0.272720
v -0.249330 1.975181 0.237424
v -0.241296 1.975657 0.239517
v -0.235550 1.975656 0.244138
v -0.230981 1.975129 0.253947
v -0.251582 1.975657 0.275657
v -0.268529 1.975132 0.253948
v -0.263960 1.975656 0.244139
v -0.258214 1.975657 0.239517
v -0.252963 1.980346 0.237880
v -0.232116 1.980013 0.262540
v -0.235670 1.980011 0.269004
v -0.241370 1.980010 0.273584
v -0.249300 1.980484 0.275616
v -0.258141 1.980010 0.273583
v -0.263836 1.980011 0.269008
v -0.267394 1.980013 0.262539
v -0.246128 1.984937 0.239694
v -0.237962 1.984277 0.243936
v -0.232400 1.982148 0.251212
v -0.267109 1.982148 0.251211
v -0.260601 1.984816 0.243439
v -0.233883 1.985762 0.255013
v -0.237716 1.986395 0.266548
v -0.249754 1.985515 0.273451
v -0.261794 1.986395 0.266547
v -0.265626 1.985762 0.255015
v -0.249755 1.989372 0.245761
v -0.241613 1.989397 0.250028
v -0.240069 1.989683 0.258453
v -0.249755 1.989596 0.267125
v -0.259440 1.989683 0.258453
v -0.257896 1.989397 0.250029
v -0.246720 1.991053 0.258027
v -0.253753 1.990891 0.254761
v -0.247648 1.894625 0.125725
v -0.249210 1.899595 0.125989
v -0.237910 1.900399 0.128814
v -0.226963 1.894625 0.136274
v -0.222979 1.899718 0.142259
v -0.219599 1.894625 0.158790
v -0.220521 1.899768 0.163052
v -0.229956 1.894625 0.180020
v -0.227410 1.900401 0.176312
v -0.236466 1.900398 0.183576
v -0.251862 1.894625 0.187510
v -0.249606 1.900122 0.187137
v -0.262095 1.900602 0.184061
v -0.272550 1.894625 0.176958
v -0.272576 1.900393 0.175744
v -0.279164 1.899769 0.162148
v -0.279910 1.894625 0.154444
v -0.275979 1.899696 0.141238
v -0.269553 1.894625 0.133216
v -0.258537 1.900489 0.127486
v -0.229396 1.903664 0.139815
v -0.224138 1.903961 0.159206
v -0.275372 1.903960 0.159208
v -0.270114 1.903665 0.139816
v -0.249755 1.907143 0.135245
v -0.233577 1.907141 0.143760
v -0.229455 1.907141 0.158668
v -0.236338 1.907141 0.172464
v -0.247783 1.907141 0.177146
v -0.261778 1.907142 0.173951
v -0.270054 1.907141 0.158672
v -0.265934 1.907141 0.143762
v -0.250442 1.911726 0.133642
v -0.240798 1.912265 0.135577
v -0.232828 1.911991 0.141651
v -0.228525 1.911992 0.149427
v -0.227782 1.910711 0.161100
v -0.235950 1.911468 0.175037
v -0.247368 1.911919 0.179715
v -0.263559 1.911468 0.175037
v -0.271727 1.910711 0.161101
v -0.270984 1.911992 0.149427
v -0.266681 1.911991 0.141651
v -0.259802 1.911988 0.136155
v -0.228687 1.913524 0.163178
v -0.254043 1.913144 0.178731
v -0.270822 1.913524 0.163178
v -0.241103 1.917727 0.140738
v -0.232486 1.915716 0.146951
v -0.230463 1.915423 0.160553
v -0.237415 1.915716 0.172321
v -0.249755 1.915804 0.176479
v -0.262095 1.915716 0.172321
v -0.269046 1.915423 0.160553
v -0.267022 1.915716 0.146950
v -0.253569 1.916173 0.136919
v -0.237453 1.928639 0.149808
v -0.235811 1.927817 0.158024
v -0.238987 1.928639 0.165757
v -0.249755 1.930050 0.170599
v -0.260521 1.928639 0.165757
v -0.263698 1.927817 0.158023
v -0.262056 1.928639 0.149809
v -0.252409 1.930052 0.142904
v -0.249647 1.945073 0.146982
v -0.243529 1.945001 0.149262
v -0.240281 1.944862 0.155820
v -0.242887 1.945233 0.163460
v -0.250687 1.945011 0.166345
v -0.257261 1.945001 0.162589
v -0.259199 1.944862 0.155504
v -0.255766 1.945006 0.149072
v -0.246227 1.958583 0.147442
v -0.240710 1.958756 0.153616
v -0.241598 1.958671 0.161862
v -0.248683 1.958629 0.166292
v -0.255741 1.958690 0.164185
v -0.259198 1.958756 0.157748
v -0.256171 1.958627 0.149063
v -0.245378 1.963012 0.145168
v -0.239827 1.963233 0.149762
v -0.237999 1.963426 0.157805
v -0.241383 1.963146 0.165409
v -0.247841 1.962960 0.168532
v -0.254048 1.963114 0.167919
v -0.259933 1.962906 0.163004
v -0.261772 1.963236 0.156245
v -0.258846 1.963424 0.148905
v -0.253099 1.962871 0.144944
v -0.245219 1.966181 0.147906
v -0.240288 1.966186 0.159566
v -0.249755 1.966180 0.166324
v -0.259221 1.966186 0.159568
v -0.255218 1.966179 0.148749
v -0.251353 1.969870 0.139967
v -0.243352 1.969746 0.141223
v -0.237134 1.969757 0.146186
v -0.233485 1.969606 0.154975
v -0.237347 1.970183 0.168696
v -0.244503 1.970577 0.173383
v -0.252958 1.969855 0.173152
v -0.261664 1.969437 0.167715
v -0.266024 1.969607 0.154973
v -0.260343 1.969715 0.143679
v -0.234167 1.971576 0.164945
v -0.265342 1.971576 0.164946
v -0.249330 1.975181 0.137424
v -0.241296 1.975657 0.139517
v -0.235550 1.975656 0.144138
v -0.230981 1.975129 0.153947
v -0.251582 1.975657 0.175657
v -0.259997 1.973889 0.172261
v -0.268529 1.975132 0.153948
v -0.263960 1.975656 0.144139
v -0.258214 1.975657 0.139517
v -0.252963 1.980346 0.137880
v -0.232116 1.980013 0.162540
v -0.235671 1.980011 0.169004
v -0.241371 1.980010 0.173584
v -0.249300 1.980484 0.175616
v -0.258141 1.980010 0.173583
v -0.263836 1.980011 0.169008
v -0.267394 1.980013 0.162539
v -0.244591 1.984222 0.139980
v -0.237170 1.984716 0.144942
v -0.232400 1.982148 0.151212
v -0.267109 1.982148 0.151211
v -0.262340 1.984715 0.144942
v -0.254740 1.986582 0.141765
v -0.233884 1.985762 0.158221
v -0.238199 1.986755 0.166203
v -0.246556 1.985515 0.173130
v -0.260094 1.985629 0.169243
v -0.265626 1.985762 0.158220
v -0.248808 1.989521 0.146259
v -0.241613 1.989396 0.150028
v -0.240069 1.989683 0.158453
v -0.250418 1.989559 0.167310
v -0.259052 1.989619 0.160492
v -0.259056 1.989613 0.152728
v -0.246720 1.991054 0.158027
v -0.253753 1.990892 0.154761
v -0.047648 1.894625 0.315725
v -0.048625 1.900104 0.316135
v -0.035814 1.900391 0.319998
v -0.026962 1.894625 0.326275
v -0.026937 1.900394 0.327486
v -0.021308 1.899675 0.337952
v -0.019600 1.894625 0.348791
v -0.020521 1.899768 0.353051
v -0.029957 1.894625 0.370021
v -0.027212 1.900992 0.365823
v -0.038596 1.900450 0.374615
v -0.051862 1.894625 0.377510
v -0.052588 1.900421 0.376975
v -0.069124 1.899718 0.370384
v -0.072548 1.894625 0.366960
v -0.079164 1.899769 0.352149
v -0.079910 1.894625 0.344445
v -0.077990 1.899664 0.337277
v -0.069555 1.894625 0.323217
v -0.072099 1.900401 0.326922
v -0.061565 1.900661 0.319018
v -0.024137 1.903960 0.344030
v -0.070114 1.903665 0.363418
v -0.075371 1.903961 0.344029
v -0.037730 1.907142 0.329285
v -0.029456 1.907141 0.344567
v -0.033578 1.907141 0.359476
v -0.045795 1.907141 0.367033
v -0.059900 1.907141 0.364838
v -0.069272 1.907141 0.352691
v -0.068071 1.907141 0.337242
v -0.055712 1.907142 0.326458
v -0.049754 1.910713 0.323797
v -0.041441 1.912039 0.325302
v -0.030118 1.911469 0.335015
v -0.027782 1.910711 0.351102
v -0.032832 1.911990 0.361588
v -0.040797 1.912265 0.367658
v -0.050442 1.911725 0.369593
v -0.059801 1.911988 0.367081
v -0.066679 1.911989 0.361587
v -0.071727 1.910711 0.351102
v -0.069391 1.911469 0.335013
v -0.056125 1.912033 0.324395
v -0.036249 1.913648 0.329668
v -0.027841 1.913523 0.348833
v -0.071667 1.913522 0.348835
v -0.063261 1.913648 0.329668
v -0.049755 1.915804 0.326756
v -0.032485 1.915716 0.336953
v -0.030463 1.915423 0.350555
v -0.037417 1.915716 0.362323
v -0.049755 1.915804 0.366480
v -0.062093 1.915716 0.362322
v -0.069046 1.915423 0.350556
v -0.067023 1.915716 0.336950
v -0.043220 1.928106 0.334036
v -0.037452 1.928640 0.339809
v -0.035813 1.927818 0.348029
v -0.038987 1.928638 0.355756
v -0.049755 1.930051 0.360598
v -0.060522 1.928638 0.355756
v -0.063698 1.927817 0.348023
v -0.062057 1.928638 0.339809
v -0.052409 1.930051 0.332904
v -0.049647 1.945073 0.336982
v -0.043529 1.945001 0.339262
v -0.040281 1.944862 0.345820
v -0.042887 1.945233 0.353460
v -0.050687 1.945011 0.356345
v -0.057260 1.945001 0.352589
v -0.059199 1.944862 0.345504
v -0.055766 1.945006 0.339072
v -0.049912 1.958583 0.336758
v -0.042441 1.958691 0.340393
v -0.040278 1.958756 0.347400
v -0.042944 1.958709 0.353265
v -0.048683 1.958629 0.356292
v -0.055741 1.958690 0.354185
v -0.059198 1.958756 0.347748
v -0.057262 1.958696 0.340646
v -0.051053 1.963063 0.334488
v -0.046435 1.963142 0.334938
v -0.039868 1.963146 0.339671
v -0.037999 1.963427 0.347805
v -0.041383 1.963146 0.355409
v -0.047588 1.963061 0.358464
v -0.053519 1.963022 0.358195
v -0.059933 1.962906 0.353004
v -0.061772 1.963237 0.346245
v -0.058075 1.963111 0.337701
v -0.045219 1.966180 0.337906
v -0.040288 1.966185 0.349565
v -0.049755 1.966179 0.356323
v -0.059221 1.966185 0.349567
v -0.055219 1.966178 0.338749
v -0.051353 1.969870 0.329967
v -0.043352 1.969745 0.331223
v -0.035959 1.969437 0.338118
v -0.033826 1.970132 0.352924
v -0.042575 1.969545 0.361740
v -0.053096 1.969940 0.363199
v -0.061664 1.969437 0.357715
v -0.066025 1.969607 0.344974
v -0.060342 1.969715 0.333678
v -0.033004 1.970214 0.344925
v -0.065343 1.971575 0.354943
v -0.049364 1.975315 0.327415
v -0.041296 1.975657 0.329517
v -0.035550 1.975656 0.334138
v -0.030981 1.975129 0.343947
v -0.040969 1.974740 0.363635
v -0.050332 1.976044 0.365870
v -0.060000 1.973889 0.362260
v -0.068529 1.975131 0.343949
v -0.063959 1.975654 0.334137
v -0.058215 1.975657 0.329518
v -0.032116 1.980013 0.352540
v -0.035670 1.980011 0.359004
v -0.058141 1.980011 0.363583
v -0.063836 1.980011 0.359007
v -0.067394 1.980013 0.352539
v -0.052819 1.982906 0.328540
v -0.043829 1.984507 0.330350
v -0.037962 1.984277 0.333936
v -0.032400 1.982148 0.341212
v -0.044068 1.984242 0.363280
v -0.052232 1.984225 0.364041
v -0.067109 1.982148 0.341211
v -0.060601 1.984816 0.333439
v -0.033883 1.985762 0.345013
v -0.037716 1.986395 0.356548
v -0.062300 1.985629 0.356934
v -0.065626 1.985762 0.345015
v -0.047720 1.989316 0.336122
v -0.041506 1.989490 0.340413
v -0.039831 1.989578 0.347612
v -0.046778 1.989504 0.356626
v -0.054392 1.989425 0.356110
v -0.060081 1.989664 0.347077
v -0.055059 1.989489 0.337649
v -0.047938 1.991086 0.349045
v -0.052437 1.990873 0.343036
v 0.156356 1.894450 -0.086722
v 0.157658 1.899585 -0.086475
v 0.175686 1.894450 -0.077003
v 0.173776 1.899606 -0.078328
v 0.182914 1.899553 -0.066856
v 0.187373 1.894450 -0.054748
v 0.187252 1.899562 -0.049074
v 0.181495 1.894450 -0.030076
v 0.180461 1.899563 -0.028537
v 0.165119 1.894450 -0.015936
v 0.163404 1.899563 -0.015231
v 0.147025 1.894450 -0.013140
v 0.145735 1.899553 -0.013268
v 0.130075 1.894450 -0.018506
v 0.128537 1.899563 -0.019540
v 0.117699 1.894450 -0.031994
v 0.115229 1.899563 -0.036600
v 0.112743 1.894450 -0.049070
v 0.113269 1.899553 -0.054267
v 0.118506 1.894450 -0.069925
v 0.119414 1.899482 -0.071289
v 0.134881 1.894450 -0.084064
v 0.136100 1.899585 -0.084582
v 0.150273 1.904460 -0.081770
v 0.158914 1.904354 -0.080452
v 0.170084 1.904420 -0.074479
v 0.175410 1.904440 -0.068965
v 0.180266 1.904438 -0.059274
v 0.181526 1.904452 -0.047596
v 0.180668 1.903733 -0.040469
v 0.177787 1.904521 -0.034878
v 0.170084 1.904420 -0.025522
v 0.159760 1.904491 -0.019941
v 0.152931 1.903733 -0.018019
v 0.137462 1.904531 -0.020826
v 0.127261 1.904509 -0.027840
v 0.121958 1.904483 -0.035325
v 0.118513 1.904444 -0.046866
v 0.119700 1.904420 -0.059192
v 0.123977 1.904387 -0.067741
v 0.129902 1.904445 -0.074440
v 0.140064 1.904484 -0.080019
v 0.146360 1.906537 -0.017622
v 0.146571 1.911734 -0.085032
v 0.166489 1.909251 -0.079990
v 0.183747 1.909332 -0.057776
v 0.182382 1.911521 -0.035951
v 0.176260 1.911455 -0.026627
v 0.163260 1.909511 -0.017987
v 0.130926 1.909061 -0.021458
v 0.119799 1.909126 -0.033853
v 0.115160 1.909721 -0.049629
v 0.117727 1.911900 -0.063754
v 0.122223 1.911400 -0.071416
v 0.133355 1.909128 -0.079860
v 0.157889 1.914672 -0.084266
v 0.172414 1.913077 -0.077017
v 0.179713 1.915021 -0.068265
v 0.184993 1.913819 -0.052626
v 0.183719 1.914870 -0.040847
v 0.166522 1.914347 -0.019092
v 0.157441 1.914361 -0.015873
v 0.148415 1.914626 -0.015045
v 0.139637 1.913321 -0.016517
v 0.132248 1.915112 -0.019904
v 0.122485 1.914699 -0.028135
v 0.116953 1.914835 -0.038848
v 0.115032 1.914367 -0.052952
v 0.128372 1.914815 -0.077580
v 0.138617 1.914731 -0.083109
v 0.167839 1.917652 -0.078370
v 0.181805 1.917679 -0.059647
v 0.176386 1.917279 -0.029448
v 0.120688 1.917681 -0.065667
v 0.147821 1.931396 -0.072139
v 0.158522 1.931733 -0.070603
v 0.168537 1.931769 -0.062341
v 0.172139 1.931391 -0.052184
v 0.171286 1.931400 -0.043545
v 0.167150 1.931597 -0.035949
v 0.160490 1.931391 -0.030381
v 0.152183 1.931399 -0.027864
v 0.143537 1.931396 -0.028715
v 0.135951 1.931598 -0.032849
v 0.130461 1.931587 -0.039514
v 0.127862 1.931394 -0.047807
v 0.128714 1.931400 -0.056454
v 0.132806 1.931396 -0.064114
v 0.139511 1.931586 -0.069540
v 0.148075 1.941765 -0.069546
v 0.159933 1.941429 -0.066984
v 0.167152 1.941607 -0.059153
v 0.169683 1.942175 -0.052373
v 0.168601 1.941607 -0.044344
v 0.162646 1.941634 -0.034765
v 0.151857 1.941589 -0.030646
v 0.142537 1.941624 -0.031870
v 0.133745 1.941531 -0.039083
v 0.130645 1.941589 -0.048143
v 0.131399 1.941607 -0.055655
v 0.136857 1.941503 -0.064673
v 0.152273 1.948253 -0.071261
v 0.160049 1.948354 -0.068798
v 0.167459 1.946398 -0.062165
v 0.166082 1.945389 -0.036635
v 0.158057 1.945498 -0.030550
v 0.145883 1.945415 -0.029302
v 0.134970 1.945611 -0.035206
v 0.129829 1.948474 -0.043032
v 0.128883 1.946817 -0.048230
v 0.129751 1.946816 -0.056141
v 0.135127 1.945443 -0.064934
v 0.143846 1.945399 -0.069964
v 0.170979 1.948467 -0.045625
v 0.169578 1.950742 -0.056316
v 0.167984 1.950282 -0.039796
v 0.161917 1.950097 -0.032787
v 0.150347 1.950094 -0.029067
v 0.140521 1.950073 -0.031508
v 0.134083 1.950169 -0.036667
v 0.133783 1.949972 -0.063018
v 0.142113 1.950086 -0.069381
v 0.163654 1.954364 -0.062070
v 0.130152 1.951412 -0.053745
v 0.145963 1.955522 -0.066924
v 0.152989 1.955624 -0.067072
v 0.165791 1.955654 -0.042755
v 0.159327 1.955372 -0.035221
v 0.150307 1.955495 -0.032563
v 0.140405 1.955590 -0.035211
v 0.133785 1.955452 -0.043459
v 0.132712 1.955435 -0.051596
v 0.136533 1.955249 -0.061333
v 0.159630 1.956647 -0.064340
v 0.166883 1.958335 -0.048283
v 0.149676 1.962361 -0.067586
v 0.157092 1.962467 -0.066101
v 0.163895 1.962409 -0.060972
v 0.167316 1.962457 -0.053072
v 0.162182 1.962326 -0.037334
v 0.155016 1.962375 -0.033251
v 0.148176 1.962346 -0.032629
v 0.140410 1.962330 -0.035269
v 0.135134 1.962355 -0.040661
v 0.132423 1.962350 -0.049656
v 0.134553 1.962466 -0.058828
v 0.141706 1.962375 -0.065391
v 0.166987 1.963531 -0.043105
v 0.152476 1.974943 -0.076656
v 0.165137 1.974800 -0.072256
v 0.174868 1.974744 -0.060098
v 0.176645 1.974983 -0.047377
v 0.172256 1.974800 -0.034864
v 0.160098 1.974744 -0.025132
v 0.147230 1.974943 -0.023373
v 0.134708 1.974850 -0.027847
v 0.126347 1.974922 -0.037551
v 0.123398 1.974886 -0.047379
v 0.124420 1.974886 -0.057757
v 0.131001 1.974857 -0.069080
v 0.142083 1.974815 -0.075474
v 0.150891 1.989021 -0.077185
v 0.164791 1.988919 -0.072136
v 0.170355 1.983465 -0.067825
v 0.176111 1.983570 -0.055194
v 0.177039 1.989020 -0.048291
v 0.172136 1.988919 -0.035209
v 0.168480 1.983467 -0.030135
v 0.155194 1.983577 -0.023889
v 0.148290 1.989020 -0.022962
v 0.135209 1.988919 -0.027864
v 0.130145 1.983325 -0.031506
v 0.123889 1.983433 -0.044806
v 0.122813 1.989032 -0.050881
v 0.127864 1.988919 -0.064791
v 0.132188 1.983477 -0.070364
v 0.144806 1.983597 -0.076111
v 0.150000 1.988919 -0.067088
v 0.158960 1.988972 -0.064942
v 0.162009 1.983578 -0.062318
v 0.166768 1.983516 -0.054767
v 0.167088 1.988919 -0.050000
v 0.164821 1.988983 -0.040779
v 0.154767 1.983518 -0.033232
v 0.150000 1.988919 -0.032912
v 0.140768 1.988982 -0.035184
v 0.133176 1.983414 -0.045467
v 0.132912 1.988919 -0.050000
v 0.135058 1.988965 -0.058961
v 0.138582 1.983496 -0.063151
v 0.148403 1.983665 -0.067485
v 0.164320 1.983636 -0.039823
v 0.139832 1.983610 -0.035674
v 0.133419 1.983533 -0.055544
v -0.154273 1.894450 0.313267
v -0.153216 1.899606 0.313157
v -0.133185 1.894450 0.316287
v -0.138786 1.899507 0.314759
v -0.126225 1.899606 0.321671
v -0.115936 1.894450 0.334881
v -0.117088 1.899553 0.333139
v -0.112748 1.899562 0.350925
v -0.113655 1.894450 0.359916
v -0.119540 1.899562 0.371464
v -0.131313 1.894450 0.382712
v -0.136598 1.899563 0.384770
v -0.159916 1.894450 0.386345
v -0.154265 1.899553 0.386732
v -0.171466 1.899562 0.380459
v -0.182712 1.894450 0.368686
v -0.184770 1.899563 0.363400
v -0.186722 1.894450 0.343642
v -0.186732 1.899553 0.345733
v -0.180584 1.899482 0.328706
v -0.174711 1.894450 0.321563
v -0.167191 1.899568 0.317252
v -0.149727 1.904460 0.318230
v -0.141086 1.904354 0.319548
v -0.129912 1.904420 0.325524
v -0.122422 1.904492 0.334564
v -0.119206 1.903733 0.340885
v -0.118476 1.904483 0.347174
v -0.119734 1.904438 0.359274
v -0.123841 1.904441 0.367478
v -0.129910 1.904420 0.374474
v -0.137960 1.904441 0.379066
v -0.146897 1.904420 0.381511
v -0.159130 1.904287 0.380371
v -0.172738 1.904508 0.372160
v -0.178044 1.904483 0.364670
v -0.181487 1.904444 0.353133
v -0.180300 1.904420 0.340807
v -0.174456 1.904435 0.329926
v -0.165293 1.904344 0.322258
v -0.165008 1.905982 0.378449
v -0.159413 1.905977 0.319242
v -0.153428 1.911733 0.314968
v -0.133509 1.909250 0.320012
v -0.125539 1.911576 0.324524
v -0.116252 1.909332 0.342227
v -0.117619 1.911521 0.364050
v -0.123741 1.911455 0.373374
v -0.136740 1.909509 0.382013
v -0.153648 1.908992 0.383958
v -0.169074 1.909061 0.378541
v -0.180202 1.909126 0.366145
v -0.184840 1.909722 0.350371
v -0.178541 1.909061 0.330925
v -0.166643 1.909127 0.320139
v -0.142111 1.914673 0.315735
v -0.120287 1.915022 0.331735
v -0.115007 1.913820 0.347374
v -0.116281 1.914870 0.359152
v -0.133479 1.914347 0.380909
v -0.142557 1.914363 0.384126
v -0.151583 1.914627 0.384955
v -0.160368 1.913321 0.383480
v -0.172258 1.912935 0.377122
v -0.178165 1.915076 0.370674
v -0.183047 1.914835 0.361152
v -0.184976 1.914247 0.350311
v -0.183534 1.914587 0.339827
v -0.177685 1.914608 0.328538
v -0.171406 1.914720 0.322221
v -0.161382 1.914730 0.316890
v -0.132161 1.917652 0.321629
v -0.118195 1.917679 0.340351
v -0.123613 1.917280 0.370550
v -0.166167 1.917233 0.379339
v -0.152181 1.931397 0.327862
v -0.141478 1.931735 0.329398
v -0.131463 1.931770 0.337658
v -0.127619 1.931462 0.350021
v -0.131503 1.931770 0.362401
v -0.139509 1.931392 0.369618
v -0.147816 1.931400 0.372136
v -0.156462 1.931396 0.371285
v -0.164051 1.931598 0.367150
v -0.169541 1.931586 0.360484
v -0.172137 1.931396 0.352192
v -0.171286 1.931401 0.343545
v -0.167192 1.931396 0.335884
v -0.160488 1.931587 0.330461
v -0.151927 1.941764 0.330454
v -0.140067 1.941429 0.333015
v -0.132847 1.941607 0.340848
v -0.130316 1.942173 0.347629
v -0.131400 1.941609 0.355657
v -0.136981 1.943737 0.365834
v -0.139103 1.941747 0.366192
v -0.148471 1.941116 0.369805
v -0.159155 1.941565 0.367154
v -0.166255 1.941532 0.360915
v -0.169355 1.941589 0.351857
v -0.168601 1.941607 0.344345
v -0.163142 1.941505 0.335327
v -0.146224 1.945267 0.370562
v -0.147728 1.948254 0.328739
v -0.139953 1.948354 0.331202
v -0.132544 1.946399 0.337831
v -0.130580 1.945611 0.358224
v -0.157944 1.948425 0.369891
v -0.165030 1.945611 0.364794
v -0.170690 1.945301 0.353959
v -0.169458 1.946693 0.341345
v -0.160135 1.945239 0.331328
v -0.129153 1.949807 0.351644
v -0.130653 1.950127 0.342230
v -0.132583 1.950085 0.361452
v -0.140003 1.949970 0.368236
v -0.149654 1.950096 0.370932
v -0.165917 1.950169 0.363333
v -0.171048 1.950007 0.352291
v -0.157887 1.950087 0.330619
v -0.136347 1.954367 0.337930
v -0.132291 1.954917 0.348016
v -0.166699 1.950717 0.337926
v -0.154035 1.955522 0.333075
v -0.147014 1.955624 0.332928
v -0.134210 1.955654 0.357246
v -0.140673 1.955373 0.364778
v -0.149694 1.955495 0.367437
v -0.159596 1.955588 0.364789
v -0.166216 1.955452 0.356541
v -0.167288 1.955436 0.348404
v -0.163467 1.955249 0.338667
v -0.140370 1.956648 0.335660
v -0.150324 1.962360 0.332414
v -0.142907 1.962468 0.333899
v -0.136105 1.962409 0.339028
v -0.133210 1.962132 0.345495
v -0.132657 1.962384 0.352635
v -0.136682 1.962172 0.361594
v -0.144982 1.962376 0.366748
v -0.151821 1.962347 0.367371
v -0.159590 1.962330 0.364731
v -0.164866 1.962355 0.359338
v -0.167380 1.962344 0.351716
v -0.165785 1.962178 0.342051
v -0.159245 1.962366 0.335072
v -0.155195 1.974857 0.323580
v -0.142242 1.974886 0.324421
v -0.132930 1.974841 0.329440
v -0.125133 1.974744 0.339902
v -0.123355 1.974983 0.352623
v -0.127743 1.974800 0.365136
v -0.139902 1.974744 0.374868
v -0.152774 1.974942 0.376626
v -0.165291 1.974851 0.372153
v -0.173653 1.974922 0.362450
v -0.176602 1.974886 0.352621
v -0.175580 1.974887 0.342244
v -0.169000 1.974857 0.330921
v -0.149109 1.989021 0.322815
v -0.135209 1.988919 0.327864
v -0.129645 1.983465 0.332175
v -0.123889 1.983570 0.344806
v -0.122961 1.989020 0.351709
v -0.127864 1.988919 0.364791
v -0.131520 1.983467 0.369865
v -0.144806 1.983577 0.376111
v -0.151712 1.989020 0.377038
v -0.164791 1.988919 0.372136
v -0.169855 1.983325 0.368494
v -0.176111 1.983433 0.355194
v -0.177187 1.989032 0.349119
v -0.172136 1.988919 0.335209
v -0.167812 1.983477 0.329636
v -0.155194 1.983597 0.323889
v -0.150000 1.988919 0.332912
v -0.141040 1.988972 0.335057
v -0.137991 1.983578 0.337682
v -0.133232 1.983519 0.345234
v -0.132912 1.988919 0.350000
v -0.135179 1.988984 0.359220
v -0.145232 1.983518 0.366767
v -0.150000 1.988919 0.367088
v -0.159231 1.988982 0.364816
v -0.166823 1.983414 0.354534
v -0.167088 1.988919 0.350000
v -0.164942 1.988965 0.341038
v -0.161419 1.983496 0.336850
v -0.151597 1.983665 0.332515
v -0.135679 1.983636 0.360176
v -0.160167 1.983610 0.364326
v -0.166581 1.983533 0.344455
v -0.374836 1.902413 -0.153465
v -0.380031 1.894409 -0.162406
v -0.370530 1.902361 -0.165369
v -0.368161 1.894412 -0.177623
v -0.361065 1.902448 -0.173511
v -0.352251 1.894408 -0.183341
v -0.346429 1.902417 -0.176713
v -0.332350 1.894421 -0.179623
v -0.329030 1.902418 -0.167837
v -0.319654 1.894406 -0.165494
v -0.315706 1.894416 -0.147176
v -0.322784 1.902476 -0.150807
v -0.326035 1.902418 -0.138270
v -0.329264 1.894436 -0.122729
v -0.334353 1.902421 -0.128725
v -0.346461 1.902350 -0.124567
v -0.361095 1.894436 -0.118631
v -0.359366 1.902472 -0.126351
v -0.372722 1.902417 -0.138649
v -0.380869 1.894423 -0.139802
v -0.382526 1.894416 -0.152806
v -0.374322 1.902427 -0.158301
v -0.374555 1.894407 -0.171421
v -0.363290 1.902478 -0.172458
v -0.360966 1.894409 -0.181472
v -0.348709 1.902474 -0.176608
v -0.338359 1.894421 -0.182312
v -0.334836 1.902360 -0.172466
v -0.317708 1.894428 -0.163423
v -0.326306 1.902414 -0.163116
v -0.322591 1.902418 -0.148622
v -0.318954 1.894421 -0.135460
v -0.330025 1.902415 -0.132401
v -0.335532 1.894410 -0.120071
v -0.341240 1.902445 -0.125624
v -0.357855 1.894421 -0.118048
v -0.354366 1.902360 -0.124752
v -0.365857 1.902413 -0.130652
v -0.376180 1.894414 -0.131309
v -0.373364 1.902362 -0.140844
v -0.377273 1.907199 -0.149413
v -0.375422 1.907194 -0.160266
v -0.370916 1.907485 -0.168126
v -0.364243 1.907469 -0.173960
v -0.351774 1.907180 -0.178229
v -0.340674 1.907266 -0.177091
v -0.331037 1.907240 -0.171851
v -0.324158 1.907255 -0.163435
v -0.320957 1.907280 -0.152778
v -0.322106 1.907260 -0.141867
v -0.328577 1.907467 -0.130680
v -0.335672 1.907485 -0.125195
v -0.344349 1.907464 -0.122294
v -0.356920 1.907632 -0.123003
v -0.368688 1.907191 -0.129843
v -0.374777 1.907273 -0.138480
v -0.377038 1.907283 -0.147258
v -0.375546 1.907320 -0.159960
v -0.369555 1.907247 -0.169662
v -0.360548 1.907245 -0.176034
v -0.351690 1.907239 -0.178287
v -0.338720 1.907468 -0.176476
v -0.331025 1.907486 -0.172049
v -0.325074 1.907191 -0.165217
v -0.321062 1.907329 -0.154332
v -0.322106 1.907260 -0.141867
v -0.328674 1.907475 -0.130561
v -0.335672 1.907485 -0.125195
v -0.344614 1.907468 -0.122268
v -0.355427 1.907433 -0.122683
v -0.368232 1.907333 -0.129423
v -0.373873 1.907316 -0.136831
v -0.368126 1.925070 -0.150143
v -0.367758 1.925070 -0.153871
v -0.366671 1.925070 -0.157457
v -0.364905 1.925070 -0.160761
v -0.362528 1.925070 -0.163658
v -0.359631 1.925070 -0.166035
v -0.356327 1.925070 -0.167801
v -0.352741 1.925070 -0.168888
v -0.349013 1.925070 -0.169256
v -0.345284 1.925070 -0.168888
v -0.341699 1.925070 -0.167801
v -0.338394 1.925070 -0.166035
v -0.335498 1.925070 -0.163658
v -0.333121 1.925070 -0.160761
v -0.331355 1.925070 -0.157457
v -0.330267 1.925070 -0.153871
v -0.329900 1.925070 -0.150143
v -0.330267 1.925070 -0.146414
v -0.331355 1.925070 -0.142828
v -0.333121 1.925070 -0.139524
v -0.335498 1.925070 -0.136628
v -0.338394 1.925070 -0.134251
v -0.341699 1.925070 -0.132485
v -0.345284 1.925070 -0.131397
v -0.349013 1.925070 -0.131030
v -0.352741 1.925070 -0.131397
v -0.356327 1.925070 -0.132485
v -0.359631 1.925070 -0.134251
v -0.362528 1.925070 -0.136628
v -0.364905 1.925070 -0.139524
v -0.366671 1.925070 -0.142828
v -0.367758 1.925070 -0.146414
v -0.368126 1.925070 -0.150143
v -0.367758 1.925070 -0.153871
v -0.366671 1.925070 -0.157457
v -0.364905 1.925070 -0.160761
v -0.362528 1.925070 -0.163658
v -0.359631 1.925070 -0.166035
v -0.356327 1.925070 -0.167801
v -0.352741 1.925070 -0.168888
v -0.349013 1.925070 -0.169256
v -0.345284 1.925070 -0.168888
v -0.341699 1.925070 -0.167801
v -0.338394 1.925070 -0.166035
v -0.335498 1.925070 -0.163658
v -0.333121 1.925070 -0.160761
v -0.331355 1.925070 -0.157457
v -0.330267 1.925070 -0.153871
v -0.329900 1.925070 -0.150143
v -0.330267 1.925070 -0.146414
v -0.331355 1.925070 -0.142828
v -0.333121 1.925070 -0.139524
v -0.335498 1.925070 -0.136628
v -0.338394 1.925070 -0.134251
v -0.341699 1.925070 -0.132485
v -0.345284 1.925070 -0.131397
v -0.349013 1.925070 -0.131030
v -0.352741 1.925070 -0.131397
v -0.356327 1.925070 -0.132485
v -0.359631 1.925070 -0.134251
v -0.362528 1.925070 -0.136628
v -0.364905 1.925070 -0.139524
v -0.366671 1.925070 -0.142828
v -0.367758 1.925070 -0.146414
v -0.368126 1.925070 -0.150143
v -0.367758 1.925070 -0.153871
v -0.366671 1.925070 -0.157457
v -0.364905 1.925070 -0.160761
v -0.362528 1.925070 -0.163658
v -0.359631 1.925070 -0.166035
v -0.356327 1.925070 -0.167801
v -0.352741 1.925070 -0.168888
v -0.349013 1.925070 -0.169256
v -0.345284 1.925070 -0.168888
v -0.341699 1.925070 -0.167801
v -0.338394 1.925070 -0.166035
v -0.335498 1.925070 -0.163658
v -0.333121 1.925070 -0.160761
v -0.331355 1.925070 -0.157457
v -0.330267 1.925070 -0.153871
v -0.329900 1.925070 -0.150143
v -0.330267 1.925070 -0.146414
v -0.331355 1.925070 -0.142828
v -0.333121 1.925070 -0.139524
v -0.335498 1.925070 -0.136628
v -0.338394 1.925070 -0.134251
v -0.341699 1.925070 -0.132485
v -0.345284 1.925070 -0.131397
v -0.349013 1.925070 -0.131030
v -0.352741 1.925070 -0.131397
v -0.356327 1.925070 -0.132485
v -0.359631 1.925070 -0.134251
v -0.362528 1.925070 -0.136628
v -0.364905 1.925070 -0.139524
v -0.366671 1.925070 -0.142828
v -0.367758 1.925070 -0.146414
v -0.368126 1.925070 -0.150143
v -0.367758 1.925070 -0.153871
v -0.366671 1.925070 -0.157457
v -0.364905 1.925070 -0.160761
v -0.362528 1.925070 -0.163658
v -0.359631 1.925070 -0.166035
v -0.356327 1.925070 -0.167801
v -0.352741 1.925070 -0.168888
v -0.349013 1.925070 -0.169256
v -0.345284 1.925070 -0.168888
v -0.341699 1.925070 -0.167801
v -0.338394 1.925070 -0.166035
v -0.335498 1.925070 -0.163658
v -0.333121 1.925070 -0.160761
v -0.331355 1.925070 -0.157457
v -0.330267 1.925070 -0.153871
v -0.329900 1.925070 -0.150143
v -0.330267 1.925070 -0.146414
v -0.331355 1.925070 -0.142828
v -0.333121 1.925070 -0.139524
v -0.335498 1.925070 -0.136628
v -0.338394 1.925070 -0.134251
v -0.341699 1.925070 -0.132485
v -0.345284 1.925070 -0.131397
v -0.349013 1.925070 -0.131030
v -0.352741 1.925070 -0.131397
v -0.356327 1.925070 -0.132485
v -0.359631 1.925070 -0.134251
v -0.362528 1.925070 -0.136628
v -0.364905 1.925070 -0.139524
v -0.366671 1.925070 -0.142828
v -0.367758 1.925070 -0.146414
v -0.358992 1.973352 -0.152394
v -0.356371 1.973432 -0.157181
v -0.351966 1.973557 -0.159957
v -0.346898 1.973455 -0.160129
v -0.341059 1.973384 -0.156747
v -0.338717 1.973369 -0.149205
v -0.341132 1.973107 -0.143710
v -0.346684 1.972854 -0.139886
v -0.354647 1.974222 -0.141623
v -0.358845 1.973455 -0.147228
v -0.358200 1.973183 -0.154900
v -0.354391 1.973179 -0.158818
v -0.349742 1.973589 -0.160346
v -0.344721 1.973656 -0.159349
v -0.340975 1.973572 -0.156481
v -0.338675 1.973557 -0.150103
v -0.341173 1.973728 -0.143664
v -0.345144 1.973408 -0.140666
v -0.352024 1.973200 -0.140215
v -0.358711 1.973592 -0.146252
v -0.357859 1.996292 -0.155717
v -0.351043 1.996289 -0.160172
v -0.342992 1.996239 -0.158686
v -0.338556 1.996292 -0.149865
v -0.343416 1.996239 -0.141299
v -0.351997 1.996274 -0.140296
v -0.358576 1.996239 -0.145898
v -0.359257 1.996251 -0.148886
v -0.357114 1.996267 -0.156527
v -0.351011 1.996305 -0.160178
v -0.342992 1.996239 -0.158686
v -0.338719 1.996273 -0.150856
v -0.343089 1.996207 -0.141161
v -0.354598 1.996292 -0.141289
v -0.371303 2.004316 -0.165030
v -0.353551 2.004315 -0.177145
v -0.333615 2.004316 -0.171980
v -0.323101 2.004340 -0.157598
v -0.325010 2.004292 -0.137831
v -0.338173 2.004316 -0.125704
v -0.359129 2.004349 -0.124608
v -0.375718 2.004284 -0.144319
v -0.374925 2.004340 -0.157598
v -0.364412 2.004316 -0.171978
v -0.347124 2.004316 -0.177085
v -0.324877 2.004314 -0.164009
v -0.326122 2.004315 -0.134840
v -0.346376 2.004316 -0.123348
v -0.363907 2.004316 -0.127844
v -0.373832 2.004299 -0.140301
v -0.356553 2.012346 -0.152216
v -0.352864 2.012373 -0.156943
v -0.346173 2.012346 -0.157538
v -0.340812 2.012406 -0.150355
v -0.347189 2.012356 -0.142132
v -0.355491 2.012381 -0.145564
v -0.355080 2.012368 -0.155436
v -0.348026 2.012358 -0.157894
v -0.341793 2.012368 -0.153711
v -0.343396 2.012379 -0.144152
v -0.352241 2.012346 -0.142891
v -0.356550 2.012373 -0.148042
v -0.356681 2.018753 -0.152590
v -0.350445 2.018766 -0.157930
v -0.342099 2.018691 -0.154528
v -0.342221 2.018780 -0.146255
v -0.347698 2.018773 -0.142317
v -0.354747 2.018800 -0.144660
v -0.356938 2.018800 -0.149950
v -0.354620 2.018784 -0.155468
v -0.347666 2.018738 -0.158218
v -0.341288 2.018772 -0.151912
v -0.344248 2.018738 -0.143466
v -0.353276 2.018740 -0.143452
v -0.367814 2.027141 -0.154454
v -0.363666 2.027175 -0.162533
v -0.355713 2.027180 -0.168230
v -0.346771 2.027212 -0.169206
v -0.335896 2.027122 -0.164479
v -0.329949 2.027218 -0.153212
v -0.331415 2.027141 -0.142229
v -0.337059 2.027175 -0.135114
v -0.345971 2.027180 -0.131078
v -0.359078 2.027122 -0.133504
v -0.367109 2.027218 -0.143396
v -0.368094 2.027193 -0.152289
v -0.364701 2.027110 -0.161340
v -0.353654 2.027122 -0.169010
v -0.340955 2.027180 -0.167668
v -0.332571 2.027180 -0.160235
v -0.329730 2.027180 -0.149399
v -0.334667 2.027122 -0.137017
v -0.345971 2.027180 -0.131078
v -0.359078 2.027122 -0.133504
v -0.367109 2.027218 -0.143395
v -0.370796 2.040388 -0.162250
v -0.361882 2.040406 -0.171401
v -0.351055 2.040397 -0.174987
v -0.338486 2.040408 -0.172655
v -0.330675 2.040407 -0.166913
v -0.325645 2.040417 -0.158612
v -0.324195 2.040397 -0.149037
v -0.326505 2.040416 -0.139609
v -0.333531 2.040409 -0.130603
v -0.346976 2.040386 -0.125311
v -0.359537 2.040405 -0.127640
v -0.367362 2.040416 -0.133384
v -0.372366 2.040398 -0.141675
v -0.373840 2.040416 -0.151269
v -0.371517 2.040397 -0.160667
v -0.364512 2.040398 -0.169666
v -0.352768 2.040406 -0.174708
v -0.341368 2.040418 -0.173883
v -0.329468 2.040409 -0.165627
v -0.324445 2.040411 -0.153887
v -0.324883 2.040411 -0.144201
v -0.328995 2.040412 -0.135419
v -0.336149 2.040399 -0.128893
v -0.345261 2.040406 -0.125585
v -0.354943 2.040406 -0.126018
v -0.363727 2.040406 -0.130125
v -0.371182 2.040398 -0.138755
v -0.373840 2.040416 -0.151269
v -0.349013 2.044289 -0.150147
v -0.349013 2.044289 -0.150147
v -0.344889 2.041214 -0.145788
v -0.344889 2.074924 -0.145788
v -0.354422 2.041214 -0.145788
v -0.354422 2.074924 -0.145788
v -0.344889 2.041214 -0.154619
v -0.344889 2.074924 -0.154619
v -0.354422 2.041214 -0.154619
v -0.354422 2.074924 -0.154619
v -0.344376 2.055061 -0.132379
v -0.344376 2.062357 -0.132379
v -0.355536 2.055061 -0.132379
v -0.355536 2.062357 -0.132379
v -0.344376 2.055061 -0.167276
v -0.344376 2.062357 -0.167276
v -0.355536 2.055061 -0.167276
v -0.355536 2.062357 -0.167276
v -0.044814 1.895003 0.116308
v -0.049847 1.897574 0.115825
v -0.031252 1.897524 0.121928
v -0.029917 1.895003 0.123246
v -0.018448 1.895003 0.138549
v -0.019306 1.897524 0.137245
v -0.018453 1.897533 0.159998
v -0.019304 1.895003 0.161304
v -0.029013 1.895003 0.174562
v -0.032551 1.897485 0.177493
v -0.043181 1.895003 0.181916
v -0.051200 1.897574 0.182723
v -0.062552 1.895003 0.180494
v -0.069719 1.897485 0.176676
v -0.077870 1.895003 0.168550
v -0.081686 1.897574 0.161449
v -0.084261 1.895003 0.146909
v -0.083163 1.897524 0.141933
v -0.074762 1.895003 0.126213
v -0.071323 1.897477 0.122610
v -0.060716 1.895003 0.117679
v -0.053095 1.899517 0.120057
v -0.041705 1.899534 0.121298
v -0.033955 1.899475 0.125248
v -0.027660 1.899517 0.130902
v -0.022249 1.899468 0.141336
v -0.022731 1.899526 0.158758
v -0.033357 1.899483 0.172945
v -0.042582 1.899468 0.177548
v -0.059347 1.899525 0.177248
v -0.067144 1.899528 0.173277
v -0.073391 1.899511 0.167641
v -0.078685 1.899534 0.157485
v -0.079706 1.899475 0.148847
v -0.078501 1.899534 0.140459
v -0.072997 1.899511 0.130429
v -0.064083 1.899517 0.123266
v -0.020829 1.902237 0.146525
v -0.027677 1.902444 0.168462
v -0.047774 1.902238 0.178969
v -0.047796 1.909003 0.119727
v -0.036698 1.909003 0.123019
v -0.025824 1.908914 0.132387
v -0.020645 1.909109 0.148967
v -0.024269 1.909004 0.163101
v -0.031560 1.909003 0.172098
v -0.041736 1.909004 0.177616
v -0.053123 1.908910 0.178852
v -0.064125 1.908994 0.175648
v -0.074994 1.908853 0.166530
v -0.079763 1.909278 0.154621
v -0.079044 1.908993 0.141079
v -0.071868 1.909110 0.128364
v -0.059312 1.909003 0.120932
v -0.046504 1.916900 0.128851
v -0.035799 1.916970 0.134653
v -0.030112 1.916906 0.145292
v -0.031342 1.916938 0.157253
v -0.038966 1.916975 0.166486
v -0.048479 1.916862 0.169852
v -0.058447 1.917007 0.168409
v -0.066520 1.916862 0.162380
v -0.071307 1.917046 0.151436
v -0.067862 1.916938 0.137834
v -0.058583 1.916938 0.130128
v -0.045661 1.923441 0.133238
v -0.036923 1.923442 0.139688
v -0.033707 1.923440 0.152099
v -0.041129 1.923476 0.163047
v -0.051933 1.923394 0.166001
v -0.062327 1.923442 0.161075
v -0.066920 1.923442 0.152111
v -0.065129 1.923441 0.140931
v -0.056506 1.923442 0.133747
v -0.049014 1.925328 0.131927
v -0.038964 1.925277 0.135356
v -0.033085 1.925275 0.145486
v -0.033270 1.925450 0.153627
v -0.037753 1.925254 0.161732
v -0.045284 1.925258 0.166434
v -0.055724 1.925702 0.166304
v -0.063012 1.925468 0.161910
v -0.067168 1.925204 0.155619
v -0.067881 1.925332 0.144273
v -0.061881 1.925390 0.135691
v -0.055233 1.925350 0.132354
v -0.042039 1.928003 0.136680
v -0.036488 1.928750 0.144576
v -0.035750 1.927943 0.152771
v -0.040486 1.928058 0.160742
v -0.052201 1.927948 0.164566
v -0.065369 1.927922 0.153168
v -0.064069 1.928036 0.142155
v -0.057723 1.931771 0.159830
v -0.049294 1.933238 0.136756
v -0.041437 1.935147 0.141737
v -0.037860 1.933424 0.149506
v -0.041554 1.935470 0.156813
v -0.049478 1.933630 0.161665
v -0.061473 1.933774 0.155127
v -0.062052 1.935466 0.148217
v -0.059498 1.933614 0.140371
v -0.052676 1.942096 0.138069
v -0.045095 1.943045 0.139118
v -0.039114 1.942711 0.149340
v -0.047258 1.942040 0.160336
v -0.054892 1.942432 0.159816
v -0.060730 1.942911 0.154643
v -0.059336 1.942471 0.141835
v -0.051910 1.985516 0.137512
v -0.045817 1.985532 0.138509
v -0.041149 1.985523 0.142003
v -0.038664 1.985512 0.150440
v -0.043516 1.985510 0.159015
v -0.053401 1.985488 0.160903
v -0.060332 1.985512 0.155805
v -0.062384 1.985526 0.147445
v -0.058050 1.985515 0.140118
v -0.047775 1.987940 0.128712
v -0.036608 1.987903 0.133840
v -0.030841 1.988032 0.143302
v -0.030270 1.988032 0.153537
v -0.036957 1.988169 0.165075
v -0.048845 1.987988 0.169922
v -0.060775 1.987459 0.167262
v -0.070728 1.987916 0.154342
v -0.069619 1.988028 0.141362
v -0.062527 1.987864 0.132437
v -0.054900 1.988865 0.129267
v -0.063200 1.988835 0.165639
v -0.048313 1.991355 0.131887
v -0.039468 1.990819 0.135646
v -0.032943 1.990805 0.147842
v -0.035280 1.991001 0.158020
v -0.042118 1.990802 0.164682
v -0.051952 1.991150 0.166811
v -0.061690 1.990835 0.162826
v -0.066505 1.990909 0.156386
v -0.067443 1.990894 0.145004
v -0.063764 1.991060 0.137802
v -0.057955 1.990833 0.133454
v -0.034474 1.991989 0.142626
v -0.067047 1.992293 0.151601
v -0.053016 1.994388 0.134239
v -0.039363 1.994358 0.138895
v -0.035191 1.994443 0.147708
v -0.037143 1.994355 0.156425
v -0.043290 1.994562 0.162807
v -0.053470 1.994371 0.164270
v -0.062404 1.994442 0.159095
v -0.063168 1.995649 0.141845
v -0.043045 1.998849 0.137342
v -0.064592 1.997099 0.152036
v -0.057766 1.998935 0.137301
v -0.049737 1.999254 0.134953
v -0.037397 1.999352 0.143681
v -0.036309 1.999322 0.149683
v -0.039445 1.999305 0.158495
v -0.047205 1.999305 0.163090
v -0.055906 1.999294 0.162664
v -0.062609 1.999357 0.156801
v -0.064643 1.999278 0.146128
v -0.052413 2.001203 0.132892
v -0.039633 2.000913 0.136964
v -0.034348 2.000365 0.147972
v -0.037898 2.000806 0.159689
v -0.044592 2.001166 0.164496
v -0.053135 2.001065 0.165395
v -0.060128 2.001223 0.162521
v -0.066196 2.000824 0.154411
v -0.065197 2.000381 0.142764
v -0.061190 2.001097 0.136686
v -0.046764 2.003092 0.134653
v -0.036224 2.003049 0.144340
v -0.034745 2.002165 0.152247
v -0.066708 2.002165 0.148140
v -0.041517 2.003542 0.138039
v -0.036050 2.003523 0.149623
v -0.039201 2.003531 0.158595
v -0.046361 2.003554 0.163041
v -0.053436 2.003488 0.163520
v -0.059483 2.003443 0.160704
v -0.064644 2.003493 0.153329
v -0.064288 2.003560 0.145098
v -0.060779 2.003536 0.139012
v -0.053650 2.003497 0.135148
v -0.045391 2.014673 0.131395
v -0.034103 2.014672 0.140563
v -0.067526 2.015385 0.157423
v -0.052951 2.022926 0.126919
v -0.036323 2.022894 0.131692
v -0.028108 2.022964 0.146848
v -0.026210 2.028105 0.155959
v -0.032266 2.024640 0.164266
v -0.039317 2.028115 0.171882
v -0.048093 2.022995 0.171616
v -0.057464 2.028216 0.173514
v -0.064716 2.023679 0.167702
v -0.073011 2.023117 0.151708
v -0.074767 2.028218 0.142222
v -0.068506 2.023341 0.134648
v -0.061980 2.028223 0.126775
v -0.043083 2.028270 0.124908
v -0.028020 2.028271 0.137357
v -0.073175 2.028225 0.160813
v -0.053935 2.024004 0.129537
v -0.044782 2.028658 0.130416
v -0.039000 2.024000 0.132894
v -0.033126 2.028659 0.139999
v -0.031326 2.024189 0.143976
v -0.030600 2.024225 0.151175
v -0.031595 2.028528 0.154571
v -0.035226 2.023955 0.161832
v -0.041688 2.028534 0.166791
v -0.048626 2.023965 0.168921
v -0.056145 2.028624 0.168099
v -0.064513 2.024102 0.163656
v -0.067963 2.028604 0.158346
v -0.070598 2.024007 0.149685
v -0.069411 2.028639 0.143529
v -0.065858 2.024031 0.136979
v -0.059696 2.028638 0.131772
v -0.041189 2.024141 0.166732
v -0.056268 2.024141 0.168219
v -0.042165 2.024153 0.140918
v -0.039062 2.024150 0.151913
v -0.045074 2.024144 0.159471
v -0.055047 2.024153 0.160194
v -0.062005 2.024148 0.151559
v -0.060100 2.024143 0.142879
v -0.052807 2.024148 0.137793
v -0.046667 2.031596 0.143503
v -0.043739 2.031610 0.148746
v -0.045648 2.031561 0.154150
v -0.051248 2.031610 0.156068
v -0.057214 2.031596 0.151803
v -0.054471 2.031596 0.143366
v -0.049186 2.036234 0.136341
v -0.039702 2.036277 0.141783
v -0.037820 2.036109 0.151208
v -0.042259 2.036203 0.159268
v -0.050237 2.036314 0.162171
v -0.056105 2.036165 0.160759
v -0.061256 2.036351 0.156456
v -0.063132 2.036133 0.150947
v -0.062163 2.036371 0.143360
v -0.057130 2.036161 0.138342
v -0.052039 2.043739 0.135547
v -0.043924 2.042503 0.136773
v -0.037878 2.042666 0.143202
v -0.036859 2.041039 0.152116
v -0.041110 2.042935 0.159662
v -0.044972 2.040915 0.162094
v -0.052457 2.042602 0.163218
v -0.061504 2.041067 0.158130
v -0.064510 2.040776 0.149113
v -0.063128 2.042809 0.143447
v -0.058625 2.042473 0.137870
v -0.063713 2.043798 0.152944
v -0.038171 2.045414 0.146192
v -0.038723 2.045217 0.154165
v -0.056258 2.044841 0.161078
v -0.046487 2.048601 0.141077
v -0.046269 2.046723 0.159855
v -0.061544 2.046893 0.152619
v -0.058503 2.046724 0.141128
v -0.045370 2.050069 0.147028
v -0.047155 2.049975 0.154662
v -0.056063 2.049401 0.154067
v -0.055650 2.050031 0.145896
vn -0.1815 0.3153 0.9315
vn -0.6993 0.3765 0.6076
vn -0.9506 0.2876 0.1166
vn -0.9153 0.2650 -0.3033
vn -0.6479 0.3477 -0.6777
vn -0.6481 0.3478 -0.6775
vn -0.6480 0.3477 -0.6776
vn -0.0971 0.3727 -0.9228
vn 0.3625 0.2528 -0.8970
vn 0.7519 0.2797 -0.5970
vn 0.9485 0.2455 -0.2001
vn 0.9189 0.2668 0.2907
vn 0.6868 0.3314 0.6469
vn 0.3044 -0.1086 0.9463
vn -0.0130 -0.9999 -0.0099
vn 0.2987 0.7943 -0.5291
vn 0.4197 0.8198 0.3895
vn -0.5672 0.7274 0.3862
vn -0.4730 0.8374 -0.2739
vn 0.0239 0.3530 -0.9353
vn -0.2399 0.8647 0.4413
vn 0.5633 0.6982 -0.4419
vn -0.7755 0.6232 0.1006
vn 0.7921 0.5566 0.2507
vn 0.2510 0.5750 0.7787
vn -0.6551 0.4946 0.5711
vn -0.3041 0.8118 -0.4985
vn -0.1504 0.5673 0.8096
vn 0.0455 0.8219 -0.5678
vn 0.7528 0.0754 0.6539
vn -0.3847 0.5108 0.7688
vn 0.1091 0.5657 -0.8174
vn -0.7732 0.4454 0.4515
vn 0.7873 0.2413 -0.5674
vn -0.6302 0.5904 -0.5042
vn 0.0990 0.8007 0.5908
vn -0.6360 0.7181 0.2824
vn 0.4411 0.7553 -0.4848
vn -0.8745 0.4836 0.0373
vn 0.8507 0.4924 -0.1837
vn -0.5505 0.8120 -0.1938
vn 0.5943 0.7738 0.2191
vn -0.2722 0.8565 -0.4386
vn -0.0750 0.8327 -0.5487
vn -0.0751 0.8326 -0.5487
vn -0.0751 0.8326 -0.5488
vn 0.2893 0.8459 0.4480
vn -0.2288 0.8487 0.4769
vn 0.8531 0.1485 -0.5001
vn -0.7284 0.3285 -0.6013
vn 0.8908 -0.0644 0.4498
vn -0.1304 0.5678 -0.8128
vn -0.3587 0.3572 0.8624
vn 0.2517 0.5446 0.8000
vn 0.3460 0.5012 -0.7931
vn -0.8389 0.2224 0.4968
vn -0.6546 0.5166 -0.5519
vn 0.7801 0.4803 0.4009
vn -0.1205 0.6203 -0.7750
vn 0.2427 0.5798 0.7778
vn -0.2928 0.7412 0.6041
vn 0.2084 0.7095 -0.6732
vn -0.6561 0.7479 0.1008
vn 0.6346 0.6843 -0.3592
vn 0.6344 0.6844 -0.3592
vn 0.0952 0.0100 0.9954
vn -0.7574 0.3872 0.5258
vn 0.7887 0.3001 -0.5366
vn 0.3109 0.0236 -0.9502
vn -0.8138 -0.1271 0.5670
vn 0.8122 -0.1261 -0.5696
vn -0.3538 0.0258 -0.9349
vn -0.3538 0.0257 -0.9350
vn 0.7177 -0.1074 0.6880
vn 0.3298 -0.0112 0.9440
vn -0.4715 -0.0062 0.8819
vn -0.9133 -0.3309 -0.2375
vn -0.3102 -0.1390 -0.9404
vn -0.9004 -0.4015 0.1677
vn -0.0828 -0.0342 0.9960
vn -0.3849 -0.1500 0.9107
vn 0.2834 0.2031 0.9372
vn -0.0146 -0.0010 -0.9999
vn 0.0730 0.0312 0.9968
vn 0.5183 0.4044 -0.7536
vn -0.9755 -0.1262 -0.1802
vn -0.3155 -0.0441 -0.9479
vn -0.6952 0.2266 0.6822
vn -0.6952 0.2264 0.6823
vn -0.6952 0.2265 0.6822
vn -0.8546 0.0450 -0.5174
vn 0.2939 0.1264 -0.9474
vn -0.2741 0.1620 -0.9479
vn 0.4667 0.2290 0.8543
vn 0.4667 0.2291 0.8542
vn 0.2160 -0.0289 -0.9760
vn -0.6374 0.5020 -0.5846
vn -0.6451 0.3126 0.6972
vn 0.6363 -0.0659 -0.7686
vn 0.9911 -0.1325 0.0111
vn 0.9911 -0.1323 0.0110
vn 0.9912 -0.1322 0.0110
vn -0.5843 0.1853 -0.7901
vn -0.5843 0.1855 -0.7901
vn 0.9329 -0.0086 0.3601
vn -0.0084 0.0203 0.9998
vn -0.0933 0.1154 -0.9889
vn 0.8471 0.5149 -0.1318
vn 0.8470 0.5149 -0.1318
vn -0.7417 -0.1067 0.6622
vn 0.8622 0.4208 0.2819
vn 0.8623 0.4207 0.2819
vn 0.8622 0.4209 0.2819
vn -0.0993 -0.0484 0.9939
vn -0.4521 0.0159 0.8918
vn 0.4873 0.1672 -0.8571
vn -0.9910 0.0706 0.1138
vn -0.9910 0.0706 0.1139
vn -0.9910 0.0705 0.1137
vn 0.5082 -0.1859 0.8410
vn 0.6841 -0.1508 -0.7136
vn -0.4869 0.1354 0.8629
vn -0.6098 -0.6884 -0.3928
vn -0.0522 0.1559 -0.9864
vn 0.0590 -0.0195 -0.9981
vn -0.0024 -0.0378 0.9993
vn -0.3078 0.2386 0.9211
vn 0.2958 -0.1777 -0.9386
vn -0.2072 0.2314 -0.9505
vn 0.2193 -0.2446 -0.9445
vn -0.0465 0.0827 -0.9955
vn -0.1162 0.0623 0.9913
vn -0.0244 -0.1430 0.9894
vn -0.0580 0.1370 0.9889
vn 0.4450 0.3232 -0.8352
vn 0.0542 -0.0436 0.9976
vn 0.4561 0.0235 -0.8896
vn 0.4369 0.3086 -0.8449
vn 0.3976 0.3367 -0.8536
vn 0.8716 0.1987 -0.4481
vn 0.3671 0.2120 -0.9057
vn 0.2131 0.4893 0.8457
vn 0.9860 0.0931 0.1380
vn -0.3063 -0.2039 0.9298
vn -0.6931 -0.0742 0.7170
vn -0.9114 -0.2950 0.2870
vn -0.9605 -0.2404 -0.1403
vn -0.7688 -0.1958 -0.6088
vn -0.7688 -0.1957 -0.6088
vn -0.3711 -0.4129 -0.8317
vn -0.3709 -0.4127 -0.8319
vn -0.3710 -0.4128 -0.8318
vn 0.0779 -0.2309 -0.9698
vn 0.4852 -0.2848 -0.8268
vn 0.8394 -0.2593 -0.4777
vn 0.9529 -0.2984 -0.0541
vn 0.7571 -0.4709 0.4528
vn -0.7030 0.6717 -0.2338
vn 0.2589 -0.3060 0.9162
vn -0.0130 -0.9999 -0.0100
vn -0.3350 0.0921 -0.9377
vn 0.4495 0.7973 0.4029
vn 0.5447 0.8386 -0.0094
vn -0.0565 0.7925 -0.6072
vn -0.5779 0.5485 -0.6043
vn -0.5780 0.5484 -0.6043
vn -0.5778 0.5486 -0.6043
vn 0.5184 0.7801 -0.3503
vn -0.6072 0.7942 -0.0226
vn 0.2931 0.6500 -0.7012
vn 0.7581 0.6344 -0.1511
vn 0.0522 0.8445 0.5330
vn 0.0522 0.8446 0.5328
vn -0.4738 0.3529 0.8069
vn 0.1974 0.6140 0.7642
vn 0.0839 0.1771 0.9806
vn 0.4701 0.2127 -0.8566
vn 0.5589 0.5554 -0.6158
vn -0.8919 0.4513 0.0282
vn 0.7955 0.5797 -0.1763
vn 0.9872 0.1593 -0.0059
vn -0.8136 0.3216 -0.4843
vn 0.6855 0.5907 0.4258
vn 0.1343 0.8536 0.5033
vn 0.2056 0.8786 -0.4309
vn -0.6360 0.6744 0.3751
vn -0.6361 0.6743 0.3751
vn 0.5361 0.7940 -0.2866
vn -0.5663 0.6830 -0.4613
vn 0.6791 0.6000 0.4227
vn -0.0919 0.8546 -0.5111
vn -0.2165 0.8211 0.5281
vn 0.8088 0.0349 -0.5870
vn -0.9257 -0.1008 -0.3646
vn -0.9256 -0.1008 -0.3647
vn 0.9298 0.0668 0.3619
vn -0.5244 0.2651 -0.8091
vn -0.1099 0.5341 -0.8383
vn -0.1719 0.6025 0.7794
vn 0.5315 0.2299 0.8153
vn 0.1270 0.4233 0.8971
vn 0.3133 0.4203 -0.8516
vn -0.8104 0.1087 0.5756
vn 0.4703 0.2271 0.8528
vn -0.3408 0.7246 -0.5990
vn 0.3684 0.7078 0.6028
vn -0.1732 0.5970 0.7833
vn -0.0153 0.7264 -0.6871
vn 0.0109 0.7419 0.6704
vn 0.2490 0.6669 -0.7023
vn -0.6827 0.5193 0.5140
vn 0.6381 0.6109 -0.4686
vn -0.4203 0.0491 0.9060
vn 0.2497 0.1265 -0.9600
vn -0.9662 0.2392 0.0957
vn 0.8652 0.2229 -0.4492
vn -0.4288 0.2976 -0.8530
vn -0.0054 0.0462 -0.9989
vn 0.0369 0.0012 0.9993
vn -0.3895 -0.0136 0.9209
vn 0.1917 -0.0016 -0.9815
vn 0.4093 -0.0142 -0.9123
vn -0.9817 -0.1046 0.1593
vn 0.9146 -0.1296 -0.3831
vn 0.9145 -0.1298 -0.3831
vn 0.9145 -0.1297 -0.3831
vn -0.6889 -0.0923 -0.7190
vn 0.6775 -0.1054 0.7279
vn -0.0669 0.0363 0.9971
vn -0.0690 0.0252 -0.9973
vn 0.8898 0.4006 0.2185
vn -0.3631 -0.1181 0.9242
vn -0.2690 -0.0850 -0.9594
vn -0.1978 -0.0474 0.9791
vn 0.9221 0.3862 -0.0240
vn 0.0082 -0.0038 -1.0000
vn 0.4159 0.2803 0.8652
vn -0.0069 0.0125 0.9999
vn -0.0068 0.0125 0.9999
vn 0.1694 0.1100 -0.9794
vn -0.5463 -0.0412 0.8365
vn 0.3812 0.2489 -0.8904
vn 0.5816 0.4544 -0.6747
vn 0.5815 0.4544 -0.6748
vn 0.5813 0.4544 -0.6749
vn 0.6577 0.5424 0.5227
vn 0.5006 0.4377 0.7469
vn -0.8806 0.0372 -0.4723
vn -0.8807 0.0371 -0.4722
vn -0.8806 0.0373 -0.4724
vn 0.7414 0.6697 0.0423
vn -0.5686 0.1135 0.8147
vn 0.8545 0.3668 -0.3680
vn -0.3184 0.1043 0.9422
vn -0.7191 0.5025 0.4801
vn -0.6620 0.5028 -0.5558
vn 0.2627 0.0259 0.9645
vn -0.3164 0.1119 0.9420
vn -0.9509 0.2750 0.1418
vn -0.9508 0.2752 0.1420
vn -0.9510 0.2748 0.1418
vn 0.4941 0.0233 -0.8691
vn 0.6326 -0.1219 0.7648
vn -0.0296 0.1783 -0.9835
vn -0.1810 0.1077 0.9776
vn -0.9970 0.0429 0.0647
vn -0.7777 -0.0368 -0.6275
vn -0.0201 -0.0167 -0.9997
vn 0.2474 0.0222 0.9687
vn -0.3496 0.0493 -0.9356
vn 0.7041 0.4451 0.5533
vn 0.7041 0.4452 0.5533
vn 0.7040 0.4452 0.5533
vn -0.5232 0.0969 0.8467
vn 0.5204 0.1663 -0.8375
vn 0.5068 -0.1749 0.8441
vn 0.0181 0.0106 0.9998
vn 0.0459 -0.0853 -0.9953
vn 0.7029 -0.2686 -0.6586
vn -0.7930 -0.5990 0.1113
vn -0.5154 0.1599 0.8419
vn -0.9361 0.3513 0.0162
vn -0.6325 -0.5331 -0.5620
vn -0.8672 0.2831 -0.4096
vn -0.7029 -0.6157 -0.3563
vn -0.3592 0.1390 -0.9228
vn 0.0291 -0.0489 0.9984
vn 0.0966 -0.1064 -0.9896
vn 0.3546 0.9348 0.0201
vn 0.3876 -0.3787 -0.8404
vn -0.1539 0.1461 0.9772
vn 0.2773 -0.4422 -0.8530
vn 0.3975 -0.3537 0.8467
vn -0.1833 0.1393 -0.9731
vn -0.1833 0.1392 -0.9732
vn -0.1160 0.0575 0.9916
vn 0.0850 -0.0277 -0.9960
vn 0.4320 -0.0282 0.9014
vn -0.3028 0.2163 0.9282
vn 0.3899 -0.1296 -0.9117
vn 0.9807 0.1638 0.1071
vn 0.3213 -0.0129 0.9469
vn 0.1457 0.0031 -0.9893
vn 0.0054 0.1500 -0.9887
vn 0.4029 -0.1312 -0.9058
vn 0.9065 0.0690 -0.4164
vn 0.8673 0.0810 0.4912
vn 0.8572 0.5123 0.0517
vn 0.9257 0.3746 0.0525
vn 0.3322 0.3145 0.8892
vn 0.8980 0.2299 0.3751
vn 0.3741 0.2874 0.8817
vn 0.3859 0.3064 0.8702
vn 0.2721 0.5318 -0.8020
vn 0.2986 0.2012 0.9329
vn 0.2939 0.2004 -0.9346
vn 0.6340 0.1862 -0.7506
vn 0.8556 0.2544 -0.4508
vn 0.9679 -0.2375 -0.0823
vn 0.8549 0.4115 0.3160
vn 0.5622 0.4018 0.7228
vn 0.1064 0.2577 0.9604
vn -0.3248 0.3536 0.8772
vn -0.7374 0.2739 0.6175
vn -0.9569 0.0950 0.2745
vn -0.9593 0.2454 -0.1399
vn -0.7007 0.4342 -0.5661
vn -0.7008 0.4340 -0.5661
vn -0.7009 0.4340 -0.5661
vn -0.4483 0.0811 -0.8902
vn 0.3187 0.7540 -0.5744
vn -0.0847 -0.0846 -0.9928
vn -0.0000 -1.0000 -0.0000
vn -0.5855 0.7898 -0.1830
vn 0.4801 0.6723 -0.5635
vn 0.6557 0.7540 0.0401
vn -0.2972 0.7602 0.5778
vn 0.5940 0.7424 0.3098
vn 0.0727 0.7257 0.6842
vn 0.4393 0.6932 0.5714
vn 0.0403 0.7538 -0.6558
vn -0.3393 0.7645 -0.5482
vn 0.6005 0.7342 -0.3169
vn 0.9205 -0.3211 0.2227
vn -0.9627 -0.2464 0.1120
vn -0.9627 -0.2464 0.1119
vn -0.9626 -0.2465 0.1121
vn 0.8001 -0.4306 0.4176
vn -0.8217 -0.5263 -0.2185
vn 0.5641 -0.4676 0.6806
vn 0.0445 -0.4801 -0.8761
vn -0.7485 -0.2416 -0.6175
vn 0.3008 -0.2931 0.9075
vn 0.0852 -0.6465 0.7581
vn 0.4271 -0.4908 -0.7594
vn -0.3882 -0.6684 -0.6345
vn -0.0879 -0.3340 0.9385
vn 0.7426 -0.3091 -0.5941
vn -0.1009 -0.3051 -0.9470
vn -0.3941 -0.5242 0.7549
vn 0.7703 -0.4785 -0.4215
vn -0.7426 -0.3034 0.5971
vn -0.7731 -0.4690 0.4270
vn -0.7731 -0.4690 0.4271
vn -0.7732 -0.4690 0.4269
vn 0.8673 -0.4955 0.0479
vn 0.3048 0.3057 -0.9020
vn -0.5172 0.1243 -0.8468
vn -0.0621 0.0629 0.9961
vn 0.7004 0.1616 -0.6952
vn -0.7004 0.1574 0.6962
vn 0.6473 0.5018 0.5738
vn -0.8130 0.3401 -0.4726
vn 0.6481 0.7440 -0.1624
vn 0.6479 0.7443 -0.1621
vn 0.6480 0.7440 -0.1627
vn -0.9241 0.3684 0.1018
vn -0.9241 0.3684 0.1019
vn -0.9240 0.3686 0.1021
vn -0.8308 0.5544 -0.0501
vn -0.1833 0.6912 0.6991
vn 0.5069 0.8362 0.2093
vn -0.5202 0.8507 -0.0751
vn -0.5139 0.8087 -0.2863
vn -0.4541 0.8420 -0.2914
vn 0.1686 0.8922 0.4191
vn -0.2451 0.8205 -0.5165
vn 0.1619 0.7474 0.6444
vn -0.2474 0.8474 -0.4698
vn -0.2473 0.8475 -0.4697
vn 0.4827 0.7549 -0.4441
vn -0.0664 0.1609 0.9847
vn 0.0485 0.5988 -0.7994
vn 0.0486 0.5988 -0.7994
vn -0.4783 0.6301 -0.6117
vn 0.5094 0.5774 -0.6381
vn -0.5090 0.6349 0.5812
vn 0.7923 0.5810 -0.1864
vn -0.7741 0.6234 0.1102
vn 0.7486 0.5973 0.2877
vn 0.5546 0.5912 0.5856
vn -0.6816 0.5759 -0.4514
vn 0.5944 0.1297 0.7937
vn -0.9338 0.1211 0.3366
vn 0.9596 0.1474 -0.2398
vn 0.9571 0.1427 -0.2521
vn 0.9227 0.1345 0.3613
vn 0.9227 0.1344 0.3613
vn -0.9780 0.1355 0.1586
vn -0.9780 0.1356 0.1586
vn 0.6776 0.1684 0.7159
vn 0.6778 0.1681 0.7158
vn 0.6777 0.1682 0.7159
vn -0.9349 0.1536 -0.3199
vn 0.0972 0.1283 -0.9870
vn 0.3581 0.2630 0.8959
vn 0.5643 0.1721 -0.8074
vn -0.4296 0.1476 -0.8909
vn 0.4843 0.1229 0.8662
vn 0.3719 0.1039 0.9224
vn 0.6957 0.1037 -0.7108
vn 0.9827 0.1103 -0.1490
vn 0.4890 -0.3101 -0.8153
vn -0.3938 -0.3553 -0.8478
vn -0.1883 -0.2702 0.9442
vn 0.9126 -0.3663 -0.1814
vn 0.9126 -0.3665 -0.1814
vn 0.9126 -0.3663 -0.1815
vn -0.7220 -0.3551 0.5938
vn 0.8033 -0.3867 0.4528
vn 0.6448 -0.2712 0.7146
vn -0.8415 -0.3072 -0.4445
vn -0.8322 -0.5465 0.0942
vn -0.8322 -0.5464 0.0942
vn -0.8321 -0.5465 0.0943
vn -0.7401 -0.6012 -0.3015
vn 0.4977 -0.6196 0.6070
vn 0.0347 -0.5054 -0.8622
vn -0.5085 -0.5032 -0.6987
vn 0.4657 -0.6080 -0.6430
vn -0.1931 -0.7494 -0.6334
vn -0.1931 -0.7494 -0.6333
vn 0.0240 -0.4716 -0.8815
vn 0.0856 -0.4971 0.8635
vn 0.5214 -0.5535 -0.6495
vn -0.3017 -0.2687 -0.9148
vn -0.4109 -0.5122 0.7542
vn -0.6574 -0.5445 0.5209
vn 0.8703 -0.4845 0.0890
vn 0.9728 0.2081 0.1017
vn 0.8352 0.4095 0.3671
vn -0.9278 0.3299 0.1741
vn -0.9432 0.2663 -0.1987
vn -0.9432 0.2664 -0.1986
vn -0.9432 0.2665 -0.1985
vn 0.7313 0.1290 0.6698
vn 0.1499 0.1562 -0.9763
vn 0.1499 0.1561 -0.9763
vn 0.3768 0.2523 -0.8913
vn -0.4014 0.3514 0.8458
vn -0.4015 0.3515 0.8457
vn 0.0338 0.6667 0.7446
vn -0.3566 0.6922 -0.6274
vn 0.6058 0.6463 -0.4640
vn 0.7191 0.6887 -0.0930
vn -0.7088 0.6980 -0.1022
vn -0.5651 0.6508 -0.5070
vn 0.2526 0.6915 0.6768
vn 0.9230 -0.2517 0.2911
vn -0.7991 -0.2130 0.5622
vn 0.5951 -0.2376 0.7677
vn -0.4956 -0.3122 -0.8105
vn -0.1658 -0.2203 0.9612
vn 0.2094 -0.3651 -0.9071
vn -0.2557 -0.2189 -0.9416
vn -0.2558 -0.2189 -0.9416
vn -0.8563 -0.1484 -0.4947
vn -0.8529 -0.0886 0.5146
vn 0.9923 -0.0115 -0.1231
vn 0.9826 -0.0376 0.1820
vn 0.9826 -0.0375 0.1819
vn 0.9826 -0.0374 0.1819
vn -0.4666 0.1666 -0.8686
vn 0.8102 0.4761 -0.3420
vn -0.4576 0.3896 0.7992
vn 0.4101 0.5245 0.7462
vn -0.3557 0.5611 -0.7474
vn -0.3560 0.5612 -0.7472
vn -0.3558 0.5611 -0.7474
vn 0.2411 0.6189 0.7475
vn 0.2413 0.6191 0.7473
vn 0.2411 0.6190 0.7475
vn -0.4742 0.5525 0.6854
vn 0.4088 -0.2490 -0.8780
vn 0.7536 -0.2613 -0.6032
vn 0.9594 -0.2681 -0.0874
vn 0.7024 -0.4980 0.5085
vn 0.3221 -0.3403 0.8834
vn -0.1063 -0.2568 0.9606
vn -0.5652 -0.4692 0.6785
vn -0.9349 -0.3063 0.1791
vn -0.8792 -0.3621 -0.3097
vn -0.5185 -0.3314 -0.7882
vn -0.0856 -0.0891 -0.9923
vn -0.5751 0.6611 0.4818
vn -0.3155 0.7126 -0.6266
vn 0.7226 0.6888 -0.0579
vn 0.4394 0.6999 0.5632
vn -0.2548 0.6812 0.6864
vn -0.6966 0.6894 0.1987
vn 0.6927 0.6739 0.2570
vn -0.5931 0.6441 -0.4830
vn 0.5933 0.7391 -0.3188
vn 0.2171 0.6859 -0.6946
vn 0.0750 0.7289 0.6805
vn -0.7263 0.6798 -0.1015
vn -0.5711 0.7766 0.2661
vn -0.0653 0.6834 -0.7271
vn 0.7998 -0.4377 0.4107
vn -0.7358 -0.6370 -0.2298
vn 0.5146 -0.5244 0.6784
vn 0.0810 -0.4474 -0.8907
vn 0.4144 -0.5132 -0.7516
vn -0.3905 -0.4161 -0.8212
vn -0.3854 -0.5375 0.7500
vn 0.7601 -0.5114 -0.4009
vn 0.9334 -0.3461 -0.0942
vn -0.7299 -0.5917 0.3423
vn 0.4710 -0.1885 -0.8618
vn -0.4733 -0.1853 0.8612
vn -0.9460 -0.1375 -0.2935
vn -0.7643 -0.1290 -0.6319
vn 0.2761 0.0631 0.9591
vn -0.7255 0.6558 0.2085
vn -0.7256 0.6557 0.2085
vn -0.7257 0.6557 0.2084
vn 0.7584 0.0836 0.6464
vn 0.2815 0.7082 0.6475
vn 0.5956 0.7918 0.1354
vn -0.5748 0.7951 0.1932
vn 0.5060 0.8040 0.3122
vn 0.3312 0.8830 0.3325
vn 0.0384 0.8377 -0.5448
vn 0.1764 0.7819 -0.5979
vn -0.1696 0.7555 0.6328
vn -0.0790 0.7894 -0.6088
vn 0.5560 0.8198 -0.1376
vn -0.5180 0.8522 -0.0732
vn 0.2474 0.8561 -0.4538
vn -0.2141 0.8474 0.4859
vn 0.6456 0.7560 -0.1079
vn -0.4661 0.7728 0.4307
vn -0.5089 0.8305 0.2267
vn 0.0271 0.5841 -0.8112
vn 0.2080 0.5265 0.8243
vn 0.4915 0.5453 -0.6790
vn -0.3899 0.5473 -0.7405
vn -0.0527 0.6482 0.7597
vn -0.4018 0.5268 0.7490
vn 0.8031 0.5690 -0.1768
vn -0.7559 0.5227 0.3942
vn 0.7488 0.5941 0.2938
vn -0.8274 0.5554 -0.0834
vn -0.7392 0.6221 -0.2580
vn 0.4650 0.6325 0.6194
vn -0.6682 0.1242 0.7336
vn -0.8320 0.2281 0.5056
vn -0.8319 0.2285 0.5057
vn -0.8319 0.2283 0.5057
vn -0.9271 0.1598 -0.3390
vn -0.5991 0.1252 -0.7909
vn -0.0088 0.1267 0.9919
vn -0.0089 0.1265 0.9919
vn -0.0085 0.1267 0.9919
vn -0.6415 0.1415 0.7540
vn 0.8854 0.1030 0.4533
vn -0.8482 0.0814 -0.5233
vn 0.0612 0.1234 -0.9905
vn 0.0611 0.1234 -0.9905
vn -0.0374 0.1233 0.9917
vn 0.5952 0.1260 -0.7937
vn -0.4550 0.1046 0.8843
vn -0.9222 0.1073 0.3716
vn -0.0016 -0.3858 0.9226
vn 0.5704 -0.3925 -0.7215
vn -0.2314 -0.2408 -0.9426
vn -0.4588 -0.3994 0.7937
vn 0.8474 -0.4490 -0.2832
vn -0.8286 -0.4723 0.3005
vn 0.9238 -0.3075 0.2282
vn -0.9438 -0.3299 0.0223
vn -0.8115 -0.3429 -0.4731
vn -0.8115 -0.3430 -0.4731
vn 0.4487 -0.4017 0.7983
vn 0.0722 -0.3941 -0.9162
vn 0.7858 -0.6059 0.1244
vn 0.7857 -0.6059 0.1245
vn 0.7857 -0.6059 0.1246
vn -0.6474 -0.6720 -0.3595
vn -0.1424 -0.7957 0.5887
vn -0.1423 -0.7958 0.5886
vn -0.1425 -0.7956 0.5888
vn 0.7168 -0.3036 0.6277
vn 0.5039 -0.5822 0.6380
vn 0.2428 -0.4090 0.8796
vn -0.5107 -0.4895 -0.7068
vn -0.2635 -0.3027 0.9159
vn -0.2637 -0.3027 0.9159
vn -0.2635 -0.3027 0.9160
vn 0.8076 -0.4240 -0.4100
vn 0.8076 -0.4241 -0.4098
vn 0.8076 -0.4239 -0.4100
vn -0.6014 -0.4473 0.6620
vn 0.8023 -0.5318 -0.2712
vn 0.8022 -0.5318 -0.2713
vn 0.9050 -0.4060 0.1267
vn -0.8735 -0.4183 0.2492
vn -0.8735 -0.4184 0.2491
vn -0.8735 -0.4183 0.2493
vn -0.8549 -0.5040 0.1230
vn 0.8928 0.0675 -0.4455
vn -0.6746 0.1045 0.7308
vn -0.9537 0.1244 -0.2738
vn -0.9117 0.0090 -0.4107
vn -0.7624 0.0863 -0.6413
vn -0.7624 0.0862 -0.6414
vn -0.7623 0.0861 -0.6414
vn 0.2660 0.0757 0.9610
vn 0.5076 0.1330 -0.8513
vn 0.9408 0.3359 -0.0457
vn -0.8010 0.3172 0.5078
vn -0.9330 0.2087 0.2931
vn 0.4734 0.3593 0.8042
vn -0.6853 0.2551 -0.6821
vn -0.0450 0.3323 0.9421
vn -0.2840 0.2409 -0.9280
vn -0.2611 0.2350 0.9362
vn 0.7682 0.2913 -0.5702
vn -0.1608 0.3803 -0.9108
vn 0.3554 0.6594 -0.6624
vn -0.1482 0.6515 -0.7440
vn -0.3673 0.6648 0.6505
vn -0.4621 0.6929 0.5534
vn -0.6017 0.6671 0.4392
vn 0.7098 0.7021 -0.0573
vn -0.7318 0.6652 0.1478
vn 0.6804 0.6545 0.3296
vn -0.7101 0.6660 -0.2283
vn 0.3676 0.6593 0.6559
vn 0.1699 0.7080 -0.6854
vn 0.8949 -0.4426 -0.0562
vn 0.4596 -0.2496 -0.8523
vn 0.8752 -0.2212 -0.4303
vn -0.9076 -0.3867 -0.1637
vn -0.8862 -0.2190 -0.4084
vn -0.8861 -0.2190 -0.4084
vn -0.8861 -0.2190 -0.4085
vn 0.3204 -0.3628 0.8751
vn -0.5912 -0.3193 0.7406
vn -0.9334 -0.0319 -0.3574
vn 0.3124 0.0668 -0.9476
vn 0.3125 0.0669 -0.9476
vn -0.2330 -0.1006 -0.9673
vn 0.9030 -0.1567 -0.4001
vn -0.9690 0.0411 0.2436
vn 0.6199 -0.0537 0.7828
vn -0.1036 0.1752 0.9791
vn -0.1036 0.1751 0.9791
vn -0.1036 0.1753 0.9791
vn 0.8885 0.1731 0.4249
vn 0.8885 0.1732 0.4249
vn 0.2774 0.2898 0.9160
vn 0.2775 0.2898 0.9160
vn 0.2773 0.2899 0.9160
vn 0.4502 0.3340 -0.8281
vn 0.6217 0.3352 -0.7079
vn -0.8340 0.5461 0.0785
vn 0.7465 0.5072 0.4307
vn 0.7464 0.5073 0.4307
vn -0.8028 0.5546 -0.2190
vn -0.8030 0.5544 -0.2188
vn -0.8029 0.5545 -0.2188
vn 0.2257 0.5560 -0.8000
vn 0.2257 0.5561 -0.7999
vn 0.2257 0.5559 -0.8000
vn -0.4877 0.5930 -0.6407
vn -0.4877 0.5929 -0.6408
vn -0.4876 0.5931 -0.6407
vn 0.7870 0.5655 -0.2467
vn 0.7728 0.5821 0.2529
vn 0.7732 0.5816 0.2528
vn 0.7731 0.5818 0.2528
vn 0.3591 0.6548 0.6651
vn 0.3588 0.6552 0.6648
vn 0.3590 0.6549 0.6650
vn 0.2839 0.1218 -0.9511
vn 0.6369 0.1558 -0.7550
vn 0.8795 0.0940 -0.4665
vn 0.9746 0.2178 -0.0521
vn 0.8806 -0.0711 0.4685
vn 0.8806 -0.0709 0.4685
vn 0.5830 0.2567 0.7708
vn 0.1650 0.1111 0.9800
vn -0.3714 0.0391 0.9276
vn -0.8467 0.2553 0.4668
vn -0.9634 0.2564 -0.0779
vn -0.8656 -0.0627 -0.4968
vn -0.5867 0.2381 -0.7740
vn -0.2159 0.0344 -0.9758
vn 0.8026 0.5948 -0.0454
vn -0.7392 0.5355 0.4084
vn -0.5724 0.7740 -0.2706
vn 0.5092 0.8402 0.1863
vn -0.5720 -0.3996 0.7163
vn -0.5723 -0.3995 0.7162
vn 0.3988 0.7857 -0.4730
vn -0.1213 0.8382 -0.5317
vn -0.2566 0.8109 0.5259
vn 0.5005 0.8250 -0.2626
vn -0.5386 0.8275 0.1587
vn 0.5187 0.8429 0.1434
vn -0.4767 0.8403 -0.2582
vn 0.2714 0.8128 0.5155
vn 0.1566 0.8001 -0.5791
vn 0.9719 -0.1817 -0.1497
vn -0.8373 -0.3216 0.4422
vn 0.7024 -0.6848 0.1942
vn -0.6482 -0.6757 -0.3511
vn 0.3714 -0.6033 0.7058
vn 0.3709 -0.6035 0.7058
vn 0.3712 -0.6034 0.7058
vn 0.3116 -0.4708 -0.8254
vn 0.6741 -0.3131 -0.6690
vn -0.2518 -0.3531 0.9011
vn -0.1987 -0.4507 -0.8703
vn 0.8675 0.3233 0.3781
vn 0.9842 -0.0982 -0.1475
vn 0.2918 0.4243 -0.8572
vn 0.4915 0.6970 0.5221
vn 0.4914 0.6971 0.5221
vn 0.4916 0.6969 0.5221
vn -0.6087 0.7160 -0.3418
vn 0.0047 0.6416 -0.7670
vn 0.1457 0.7120 0.6869
vn 0.2553 0.6762 -0.6911
vn -0.1972 0.7988 -0.5683
vn -0.2155 0.4765 0.8523
vn 0.6285 0.5278 -0.5714
vn 0.6285 0.5277 -0.5714
vn -0.4257 0.7311 0.5332
vn 0.8485 0.4850 -0.2118
vn -0.8101 0.4538 0.3713
vn 0.4974 0.8658 0.0553
vn -0.5578 0.4717 -0.6829
vn 0.8166 0.3288 -0.4743
vn -0.5734 0.3193 0.7545
vn 0.8468 0.4383 0.3012
vn -0.9296 0.3447 0.1308
vn -0.8878 0.4405 -0.1333
vn 0.4141 0.4552 0.7882
vn -0.4240 0.2231 0.8777
vn 0.9586 0.2295 -0.1685
vn -0.9052 0.2473 0.3455
vn 0.9132 0.2780 0.2981
vn -0.8432 0.3041 -0.4432
vn 0.3264 0.2773 0.9036
vn 0.1667 0.2296 -0.9589
vn 0.6781 0.2285 -0.6985
vn -0.3112 0.3018 -0.9011
vn 0.7649 -0.5449 0.3434
vn -0.8798 0.0425 0.4734
vn 0.9103 0.0099 0.4139
vn -0.9638 0.0425 -0.2631
vn 0.4664 0.0148 0.8845
vn 0.3477 -0.0475 0.9364
vn 0.4367 0.0395 -0.8987
vn -0.4664 0.0506 -0.8831
vn -0.2854 0.0457 0.9573
vn 0.9549 0.0334 -0.2951
vn -0.8381 -0.4973 -0.2242
vn 0.3989 -0.5389 0.7419
vn 0.0884 -0.4267 -0.9001
vn -0.3874 -0.5813 -0.7156
vn 0.5292 -0.4249 -0.7345
vn -0.2502 -0.4984 0.8301
vn 0.9019 -0.3944 -0.1762
vn -0.7877 -0.4105 0.4595
vn -0.2115 0.4821 0.8502
vn 0.6494 0.7498 -0.1266
vn 0.6495 0.7497 -0.1266
vn -0.6394 0.6740 0.3700
vn -0.4962 0.8005 -0.3362
vn -0.4961 0.8006 -0.3361
vn -0.4960 0.8006 -0.3361
vn 0.2216 0.8067 0.5479
vn 0.5074 0.4959 -0.7047
vn 0.4497 -0.8781 -0.1635
vn -0.4087 -0.8872 0.2140
vn 0.0648 -0.8989 -0.4333
vn -0.3107 -0.9270 -0.2100
vn -0.3107 -0.9270 -0.2102
vn -0.3107 -0.9270 -0.2101
vn 0.1386 -0.9297 0.3413
vn 0.2366 -0.8692 -0.4342
vn -0.1671 -0.8544 0.4921
vn -0.9115 -0.3872 -0.1390
vn 0.5783 -0.7919 -0.1960
vn 0.2395 -0.0594 -0.9691
vn 0.2394 -0.0596 -0.9691
vn 0.0089 -0.3983 -0.9172
vn 0.2822 -0.4544 0.8449
vn -0.4159 -0.5689 -0.7095
vn -0.2328 -0.3607 0.9031
vn -0.5967 -0.3060 0.7418
vn -0.7977 -0.4550 0.3958
vn 0.7921 -0.4379 0.4252
vn 0.7921 -0.4379 0.4253
vn 0.6935 -0.1269 -0.7092
vn -0.3612 -0.0663 -0.9301
vn 0.9173 -0.0917 -0.3875
vn -0.9579 -0.1883 -0.2167
vn -0.7694 -0.1700 -0.6157
vn -0.7695 -0.1700 -0.6156
vn -0.7695 -0.1699 -0.6156
vn -0.1072 0.2151 -0.9707
vn -0.1072 0.2150 -0.9707
vn -0.6194 0.1527 0.7701
vn -0.9054 -0.0319 0.4234
vn 0.9749 0.2088 0.0778
vn 0.9026 0.1949 0.3838
vn 0.6131 0.2050 0.7630
vn 0.1456 0.2328 0.9616
vn -0.2463 0.1529 0.9571
vn -0.9523 0.2811 0.1190
vn -0.8229 0.5371 -0.1855
vn -0.5091 0.5524 -0.6601
vn 0.6320 0.4277 -0.6463
vn 0.8076 0.4686 -0.3581
vn 0.2395 0.8435 0.4807
vn 0.0408 0.7817 -0.6224
vn 0.2638 0.7609 -0.5929
vn -0.1906 0.7680 0.6114
vn -0.0819 0.8403 -0.5358
vn -0.0819 0.8404 -0.5358
vn -0.0818 0.8404 -0.5357
vn -0.5597 0.7623 0.3249
vn 0.5199 0.8441 0.1313
vn -0.3628 0.9263 -0.1016
vn 0.1361 0.9844 -0.1117
vn -0.0987 0.9809 0.1677
vn 0.4383 -0.2629 -0.8595
vn 0.8984 -0.3265 -0.2938
vn 0.8808 -0.1982 0.4301
vn 0.8808 -0.1981 0.4300
vn 0.3126 -0.2576 0.9143
vn -0.4360 -0.2817 0.8548
vn -0.9033 -0.3113 0.2953
vn -0.8652 -0.2707 -0.4221
vn -0.3153 -0.2241 -0.9222
vn -0.8013 0.5944 -0.0675
vn -0.5540 0.8164 0.1632
vn -0.5540 0.8163 0.1632
vn -0.5541 0.8163 0.1632
vn -0.2363 0.8306 0.5042
vn 0.5889 0.7638 -0.2643
vn -0.0917 0.8167 -0.5697
vn -0.2510 0.8425 0.4766
vn 0.4805 0.8436 -0.2397
vn -0.5187 0.8429 0.1433
vn 0.5779 0.7938 0.1897
vn -0.4838 0.8338 -0.2660
vn 0.2766 0.8684 0.4116
vn 0.2094 0.8331 -0.5119
vn -0.3920 0.7742 -0.4970
vn 0.1023 0.7807 0.6164
vn -0.7024 -0.6848 0.1941
vn 0.8372 -0.3213 0.4426
vn 0.8372 -0.3214 0.4426
vn 0.8373 -0.3213 0.4425
vn -0.9719 -0.1815 -0.1497
vn 0.5456 -0.4038 0.7343
vn 0.2036 -0.2957 0.9333
vn 0.2037 -0.2957 0.9333
vn 0.3266 -0.5074 -0.7974
vn 0.3267 -0.5075 -0.7973
vn -0.6769 -0.3023 -0.6711
vn -0.2247 -0.3964 -0.8902
vn -0.3635 -0.6245 0.6913
vn -0.3637 -0.6243 0.6913
vn -0.3636 -0.6244 0.6913
vn 0.6823 -0.6470 -0.3404
vn -0.8485 0.4849 -0.2119
vn -0.9842 -0.0983 -0.1475
vn -0.2141 -0.4865 -0.8470
vn -0.8675 0.3232 0.3781
vn 0.1822 0.3197 -0.9298
vn 0.4875 0.6232 0.6115
vn -0.6283 0.5279 -0.5715
vn 0.2317 0.7027 -0.6728
vn 0.1163 0.6409 0.7588
vn -0.3295 0.6573 -0.6778
vn 0.6086 0.7161 -0.3418
vn -0.4262 0.7269 0.5385
vn -0.4975 0.8657 0.0556
vn -0.4977 0.8656 0.0555
vn -0.4977 0.8656 0.0554
vn 0.8100 0.4539 0.3714
vn 0.6106 0.4502 -0.6516
vn -0.3036 0.3292 -0.8941
vn -0.4155 0.4418 0.7951
vn 0.8878 0.4405 -0.1333
vn 0.9295 0.3447 0.1308
vn -0.8468 0.4383 0.3012
vn 0.6463 0.3527 0.6767
vn -0.8166 0.3288 -0.4743
vn 0.1681 0.3356 0.9269
vn -0.4796 0.2580 0.8387
vn 0.8562 0.3040 -0.4177
vn -0.9270 0.2814 0.2480
vn 0.9027 0.2596 0.3432
vn -0.9590 0.2281 -0.1684
vn 0.4240 0.2212 0.8782
vn 0.3378 0.2838 -0.8974
vn -0.5896 0.1913 -0.7847
vn -0.9635 -0.0426 0.2644
vn 0.9452 -0.0370 0.3243
vn -0.8808 -0.0421 -0.4716
vn 0.3492 -0.0087 -0.9370
vn -0.3230 -0.0220 -0.9462
vn -0.4955 -0.0461 0.8674
vn 0.8953 -0.0344 -0.4442
vn -0.8804 -0.4353 -0.1880
vn 0.7652 -0.4014 0.5033
vn 0.3088 -0.4224 0.8522
vn -0.5203 -0.4388 -0.7326
vn 0.3655 -0.5718 -0.7345
vn -0.2516 -0.5007 0.8283
vn 0.8208 -0.5143 -0.2486
vn -0.7836 -0.4611 0.4164
vn -0.7836 -0.4610 0.4164
vn -0.7837 -0.4610 0.4164
vn 0.0044 0.6713 -0.7411
vn 0.6538 0.7453 -0.1307
vn 0.6539 0.7452 -0.1307
vn -0.4976 0.7878 0.3630
vn -0.4977 0.7877 0.3632
vn -0.4973 0.7881 0.3629
vn 0.7635 0.4195 0.4911
vn -0.8468 0.4954 -0.1935
vn 0.0983 0.7781 -0.6204
vn 0.1945 0.7269 0.6587
vn -0.4731 0.4890 -0.7328
vn 0.3850 -0.9198 -0.0762
vn -0.3145 -0.9210 0.2297
vn 0.4851 -0.8366 0.2546
vn -0.4867 -0.8597 -0.1551
vn 0.0683 -0.9002 -0.4301
vn 0.1067 -0.9003 0.4221
vn -0.2302 -0.8703 -0.4355
vn -0.5986 -0.7771 -0.1946
vn -0.5986 -0.7770 -0.1946
vn -0.5985 -0.7771 -0.1947
vn 0.5952 -0.3134 0.7400
vn -0.6870 -0.3773 -0.6210
vn 0.2313 -0.3768 0.8970
vn 0.2314 -0.3768 0.8969
vn -0.2963 -0.3184 -0.9005
vn -0.3082 -0.4690 0.8277
vn -0.3084 -0.4689 0.8277
vn -0.3083 -0.4689 0.8277
vn 0.9114 -0.3874 -0.1388
vn -0.8011 -0.4387 0.4071
vn 0.7813 -0.4872 0.3901
vn -0.6988 -0.0357 -0.7144
vn 0.5269 -0.2149 -0.8223
vn 0.7816 -0.1647 -0.6016
vn 0.9579 -0.1885 -0.2166
vn 0.9579 -0.1884 -0.2165
vn -0.9173 -0.0920 -0.3874
vn 0.2698 -0.0542 -0.9614
vn -0.6932 0.1987 0.6929
vn -0.9563 0.2658 0.1215
vn 0.8969 0.1691 0.4086
vn 0.6134 0.2053 0.7626
vn 0.2463 0.1523 0.9571
vn -0.2449 0.1718 -0.9542
vn -0.2450 0.1718 -0.9542
vn -0.3572 0.2460 0.9010
vn 0.5518 0.7841 0.2840
vn -0.6382 0.6831 0.3550
vn -0.6383 0.6830 0.3550
vn -0.6384 0.6830 0.3550
vn -0.8258 0.4303 -0.3646
vn -0.6168 0.4711 -0.6306
vn 0.4546 0.5421 -0.7067
vn 0.7867 0.5764 -0.2211
vn 0.7867 0.5763 -0.2211
vn 0.7868 0.5763 -0.2211
vn 0.3828 0.7921 0.4755
vn 0.0789 0.7641 0.6402
vn -0.3264 0.7765 -0.5390
vn -0.3044 0.8626 0.4040
vn 0.6142 0.7781 -0.1318
vn -0.4849 0.8731 -0.0496
vn 0.3165 0.9148 -0.2510
vn -0.0304 0.9718 -0.2339
vn 0.2072 0.9764 0.0602
vn -0.1178 0.9916 0.0534
vn -0.1179 0.9916 0.0535
vn -0.1178 0.9916 0.0535
vn -0.2720 0.9591 -0.0782
vn -0.2718 0.9592 -0.0785
vn -0.2718 0.9592 -0.0783
vn 0.1054 0.9675 0.2296
vn 0.1067 0.9876 -0.1149
vn 0.2320 0.1269 -0.9644
vn 0.6426 0.3170 -0.6976
vn 0.9573 0.2658 -0.1138
vn 0.8863 0.0754 0.4569
vn 0.6255 0.0147 0.7801
vn 0.2572 0.1223 0.9586
vn -0.2413 -0.2168 0.9459
vn -0.6048 0.2500 0.7561
vn -0.8986 -0.0367 0.4371
vn -0.9763 0.1569 -0.1493
vn -0.6056 0.2565 -0.7533
vn -0.1607 -0.0246 -0.9867
vn -0.2510 0.8424 -0.4769
vn -0.2509 0.8424 -0.4769
vn 0.5916 0.7592 0.2712
vn 0.7953 0.5986 -0.0955
vn -0.5801 0.7967 -0.1694
vn 0.5712 0.5534 -0.6062
vn -0.1060 0.8226 0.5586
vn -0.4028 0.7742 0.4883
vn 0.5385 0.8275 -0.1587
vn -0.4799 0.8373 0.2618
vn 0.4804 0.8437 0.2397
vn -0.5186 0.8429 -0.1433
vn 0.0470 0.7314 -0.6803
vn 0.2083 0.8351 0.5091
vn 0.2471 0.8600 -0.4465
vn 0.9253 -0.3660 -0.0991
vn -0.7667 -0.4343 0.4729
vn 0.7249 -0.5862 0.3617
vn -0.7924 -0.5692 -0.2194
vn -0.7923 -0.5692 -0.2194
vn -0.7923 -0.5693 -0.2194
vn 0.3270 -0.5047 0.7990
vn 0.2037 -0.2959 -0.9332
vn -0.3636 -0.6243 -0.6914
vn -0.3635 -0.6244 -0.6914
vn 0.5458 -0.4036 -0.7343
vn -0.2532 -0.3323 0.9086
vn 0.8270 -0.3267 -0.4575
vn -0.9462 0.3227 -0.0248
vn -0.2191 -0.5429 0.8107
vn -0.8561 -0.0990 0.5072
vn 0.1681 0.3356 -0.9269
vn 0.1164 0.6409 -0.7587
vn 0.2317 0.7026 0.6728
vn -0.4262 0.7269 -0.5385
vn 0.4875 0.6232 -0.6115
vn -0.3806 0.5876 0.7140
vn 0.7474 0.5197 -0.4138
vn 0.7474 0.5198 -0.4139
vn 0.7473 0.5199 -0.4139
vn -0.6656 0.5512 0.5031
vn 0.7062 0.7045 -0.0702
vn 0.4898 0.8293 0.2688
vn -0.7946 0.5979 -0.1053
vn -0.4155 0.4418 -0.7951
vn 0.6462 0.3527 -0.6767
vn -0.3036 0.3292 0.8941
vn 0.9295 0.3447 -0.1308
vn -0.8166 0.3288 0.4743
vn 0.8879 0.4405 0.1328
vn 0.8878 0.4406 0.1328
vn -0.8468 0.4383 -0.3012
vn 0.6106 0.4502 0.6516
vn 0.1822 0.3197 0.9298
vn -0.5891 0.2126 0.7796
vn 0.9048 0.2496 -0.3451
vn 0.9081 0.2968 0.2954
vn -0.9543 0.2490 0.1654
vn -0.8469 0.2896 -0.4459
vn 0.3241 0.2949 0.8989
vn 0.4238 0.2136 -0.8802
vn -0.3142 0.2659 -0.9114
vn 0.9931 0.0478 0.1074
vn -0.9427 0.0532 -0.3293
vn 0.5293 0.0499 0.8470
vn 0.3474 -0.0475 0.9365
vn 0.3474 -0.0476 0.9365
vn 0.7435 0.0585 -0.6661
vn -0.1601 0.0741 -0.9843
vn -0.7818 -0.5648 -0.2640
vn 0.4332 -0.5830 0.6874
vn 0.3840 -0.3585 -0.8509
vn 0.6294 -0.6386 -0.4428
vn -0.1333 -0.5818 -0.8024
vn -0.7877 -0.4104 0.4595
vn 0.8454 -0.5272 0.0856
vn -0.1837 0.6112 0.7699
vn 0.8907 0.3713 -0.2622
vn 0.8907 0.3712 -0.2623
vn -0.7614 0.4747 0.4415
vn 0.4625 0.8082 0.3647
vn -0.5015 0.7545 -0.4233
vn 0.3321 0.5714 -0.7505
vn 0.4889 -0.8549 -0.1735
vn -0.4550 -0.8584 0.2370
vn 0.2867 -0.9309 0.2262
vn 0.0648 -0.8989 -0.4334
vn -0.2975 -0.9210 -0.2514
vn 0.2357 -0.8703 -0.4324
vn 0.2358 -0.8703 -0.4324
vn 0.2356 -0.8703 -0.4324
vn -0.1442 -0.8885 0.4357
vn -0.9115 -0.3871 -0.1390
vn -0.9115 -0.3872 -0.1391
vn 0.5783 -0.7920 -0.1960
vn 0.2391 -0.0593 -0.9692
vn 0.0089 -0.3982 -0.9173
vn -0.4159 -0.5690 -0.7094
vn -0.2332 -0.3607 0.9030
vn -0.2332 -0.3607 0.9031
vn -0.7978 -0.4547 0.3960
vn 0.7920 -0.4382 0.4250
vn -0.9579 -0.1883 -0.2166
vn -0.7693 -0.1697 -0.6160
vn -0.1075 0.2149 -0.9707
vn -0.6194 0.1528 0.7701
vn 0.9564 0.2656 0.1216
vn 0.6378 0.2400 0.7319
vn 0.1456 0.2329 0.9615
vn -0.2463 0.1530 0.9570
vn -0.9256 0.3638 0.1045
vn -0.9257 0.3637 0.1042
vn -0.9256 0.3637 0.1044
vn 0.7227 0.6156 0.3141
vn -0.7744 0.6080 -0.1749
vn 0.6184 0.4681 0.6312
vn -0.4846 0.5141 -0.7077
vn 0.6433 0.3918 -0.6578
vn 0.8204 0.4421 -0.3627
vn 0.2868 0.8061 0.5177
vn 0.0333 0.7606 -0.6483
vn -0.3428 0.8903 -0.2996
vn -0.3428 0.8904 -0.2996
vn -0.3429 0.8903 -0.2996
vn 0.0566 0.8046 0.5912
vn 0.2305 0.8091 -0.5406
vn -0.1890 0.7711 0.6081
vn 0.6300 0.7544 -0.1842
vn 0.4462 0.8853 0.1310
vn -0.0030 0.9780 0.2086
vn 0.3629 0.9195 0.1512
vn -0.1402 0.9842 0.1078
vn 0.0851 0.9817 -0.1705
vn 0.4759 -0.2033 -0.8557
vn 0.8890 -0.3538 -0.2907
vn 0.9140 -0.1490 0.3775
vn 0.6337 -0.0091 0.7736
vn 0.1551 -0.1104 0.9817
vn -0.3363 0.1178 0.9344
vn -0.8557 -0.1980 0.4781
vn -0.9343 -0.2549 -0.2493
vn -0.5583 0.0026 -0.8297
vn -0.0869 -0.1665 -0.9822
vn -0.2480 0.8561 -0.4533
vn -0.5306 0.5546 -0.6410
vn 0.5614 0.8110 -0.1646
vn -0.7767 0.6182 -0.1205
vn -0.6157 0.7424 0.2642
vn 0.0283 0.9257 -0.3771
vn -0.1224 0.8351 0.5364
vn 0.5187 0.8429 -0.1434
vn -0.4766 0.8404 0.2580
vn 0.5046 0.8209 0.2673
vn -0.5385 0.8275 -0.1587
vn 0.3861 0.7866 0.4818
vn 0.1421 0.7976 0.5862
vn 0.2509 0.8426 -0.4766
vn 0.7924 -0.5692 -0.2191
vn -0.7081 -0.5929 0.3835
vn 0.7960 -0.3606 0.4861
vn -0.9253 -0.3662 -0.0991
vn -0.8270 -0.3266 -0.4576
vn 0.3186 -0.4701 0.8231
vn -0.5722 -0.3998 -0.7161
vn 0.3713 -0.6036 -0.7056
vn -0.1987 -0.4506 0.8703
vn -0.2518 -0.3530 -0.9011
vn 0.8562 -0.0991 0.5071
vn 0.9462 0.3227 -0.0248
vn -0.7473 0.5198 -0.4140
vn -0.7473 0.5197 -0.4140
vn -0.7472 0.5199 -0.4140
vn 0.3268 0.5864 0.7412
vn 0.1457 0.7120 -0.6869
vn -0.4256 0.7312 -0.5331
vn 0.0047 0.6417 0.7670
vn 0.4915 0.6971 -0.5220
vn 0.4916 0.6971 -0.5220
vn 0.4916 0.6971 -0.5219
vn -0.2155 0.4766 -0.8523
vn -0.1971 0.7988 0.5683
vn 0.7947 0.5978 -0.1053
vn -0.4899 0.8293 0.2688
vn -0.7063 0.7045 -0.0702
vn 0.6655 0.5513 0.5031
vn -0.5734 0.3193 -0.7545
vn 0.4141 0.4552 -0.7882
vn -0.5578 0.4717 0.6829
vn 0.8468 0.4383 -0.3013
vn -0.8878 0.4405 0.1333
vn 0.8166 0.3288 0.4743
vn -0.9296 0.3447 -0.1308
vn 0.2918 0.4243 0.8572
vn -0.4770 0.2772 0.8340
vn 0.8613 0.2849 -0.4206
vn 0.9553 0.2444 0.1661
vn 0.9553 0.2445 0.1661
vn -0.9262 0.2842 0.2477
vn -0.9057 0.2450 -0.3459
vn 0.6796 0.2212 0.6994
vn 0.1678 0.2357 0.9572
vn 0.3400 0.2591 -0.9040
vn -0.4238 0.2089 -0.8813
vn 0.9444 -0.0520 0.3247
vn -0.8817 -0.0265 -0.4711
vn 0.3478 -0.0562 -0.9359
vn -0.3231 -0.0102 -0.9463
vn 0.8949 -0.0428 -0.4442
vn -0.8803 -0.4354 -0.1883
vn 0.7880 -0.3350 0.5165
vn -0.5720 -0.3387 -0.7470
vn -0.1219 -0.5941 -0.7951
vn -0.2516 -0.5006 0.8283
vn 0.6522 -0.5011 -0.5689
vn 0.7954 -0.6051 0.0338
vn 0.4453 0.8850 -0.1363
vn 0.4451 0.8851 -0.1361
vn 0.5557 0.7576 -0.3423
vn -0.1149 0.6086 -0.7851
vn -0.2539 0.8098 0.5289
vn -0.6463 0.7597 0.0716
vn 0.5659 0.7366 0.3703
vn -0.8216 0.5379 -0.1888
vn -0.8217 0.5378 -0.1886
vn -0.8215 0.5380 -0.1889
vn 0.0557 0.7520 -0.6568
vn 0.2716 0.4507 0.8504
vn -0.4911 0.5841 -0.6462
vn -0.3976 -0.9165 0.0441
vn -0.3976 -0.9165 0.0442
vn -0.3977 -0.9165 0.0441
vn 0.4092 -0.8873 0.2126
vn 0.4091 -0.8874 0.2127
vn -0.4899 -0.8576 -0.1563
vn 0.0386 -0.8884 -0.4574
vn 0.1380 -0.8537 0.5022
vn -0.2303 -0.8702 -0.4356
vn 0.3585 -0.9072 -0.2201
vn -0.1709 -0.9178 0.3583
vn -0.1709 -0.9178 0.3584
vn -0.1709 -0.9177 0.3585
vn -0.5984 -0.7773 -0.1944
vn 0.5951 -0.3133 0.7400
vn -0.6869 -0.3772 -0.6213
vn 0.2311 -0.3770 0.8969
vn -0.2963 -0.3183 -0.9005
vn -0.3083 -0.4690 0.8276
vn -0.3084 -0.4690 0.8276
vn 0.7817 -0.1647 -0.6015
vn 0.9579 -0.1882 -0.2166
vn -0.9563 0.2656 0.1219
vn -0.9564 0.2654 0.1218
vn -0.9564 0.2654 0.1216
vn 0.9054 -0.0320 0.4234
vn 0.6133 0.2054 0.7626
vn 0.2461 0.1525 0.9572
vn -0.2447 0.1717 -0.9543
vn -0.3572 0.2460 0.9011
vn -0.6642 0.6169 0.4223
vn 0.9523 0.2810 0.1190
vn -0.8203 0.4420 -0.3630
vn -0.8203 0.4419 -0.3630
vn -0.6433 0.3919 -0.6577
vn 0.4529 0.5343 -0.7137
vn 0.7919 0.5667 -0.2273
vn -0.6140 0.7722 -0.1634
vn 0.0677 0.8124 0.5792
vn 0.2434 0.8694 -0.4300
vn -0.3121 0.7822 -0.5392
vn -0.3936 0.8506 0.3487
vn -0.3323 0.9185 0.2143
vn -0.1373 0.9857 0.0977
vn 0.2713 0.9557 0.1141
vn -0.2227 0.9534 -0.2033
vn 0.0878 0.9902 -0.1082
vn 0.0878 0.9902 -0.1084
vn 0.0877 0.9902 -0.1083
vn 0.2840 0.1218 -0.9510
vn 0.8795 0.0941 -0.4666
vn 0.9746 0.2178 -0.0520
vn 0.8807 -0.0710 0.4683
vn 0.5830 0.2568 0.7708
vn -0.8467 0.2553 0.4669
vn -0.8657 -0.0625 -0.4967
vn -0.8656 -0.0626 -0.4967
vn -0.5866 0.2380 -0.7741
vn -0.2159 0.0345 -0.9758
vn -0.2363 0.8618 -0.4488
vn -0.7392 0.5355 0.4085
vn -0.5724 0.7741 -0.2706
vn 0.5092 0.8403 0.1863
vn 0.3846 0.8025 -0.4562
vn -0.3382 0.7175 0.6089
vn 0.5534 0.7900 -0.2640
vn -0.6152 0.7679 0.1785
vn 0.4803 0.8437 0.2396
vn -0.4310 0.8945 -0.1191
vn 0.2050 0.8408 0.5010
vn 0.1605 0.7906 -0.5910
vn 0.9253 -0.3661 -0.0991
vn -0.7666 -0.4343 0.4729
vn 0.7250 -0.5861 0.3618
vn 0.3269 -0.5047 0.7990
vn 0.2037 -0.2957 -0.9333
vn -0.3638 -0.6244 -0.6912
vn -0.2532 -0.3323 0.9085
vn -0.9461 0.3229 -0.0248
vn -0.2188 -0.5429 0.8108
vn -0.2188 -0.5427 0.8109
vn -0.8561 -0.0992 0.5072
vn 0.2299 0.3691 -0.9005
vn 0.1164 0.6408 -0.7588
vn 0.2318 0.7026 0.6728
vn -0.4262 0.7267 -0.5387
vn 0.4926 0.6120 -0.6187
vn -0.3807 0.5876 0.7140
vn 0.7475 0.5198 -0.4137
vn -0.6657 0.5510 0.5032
vn 0.7061 0.7046 -0.0703
vn 0.7062 0.7045 -0.0704
vn 0.7062 0.7046 -0.0703
vn 0.4899 0.8293 0.2687
vn -0.7949 0.5975 -0.1058
vn -0.7948 0.5976 -0.1057
vn -0.5743 0.3810 -0.7246
vn -0.2995 0.3640 0.8819
vn 0.9159 0.3803 -0.1283
vn -0.8135 0.3388 0.4726
vn -0.8135 0.3389 0.4726
vn 0.8507 0.4291 0.3038
vn -0.9188 0.3665 -0.1469
vn 0.4145 0.4517 0.7900
vn 0.9587 0.2295 -0.1682
vn -0.9053 0.2473 0.3455
vn -0.8430 0.3042 -0.4436
vn 0.0840 0.2467 -0.9655
vn 0.7485 0.2575 -0.6111
vn -0.3112 0.3018 -0.9012
vn -0.7937 -0.5459 -0.2685
vn 0.4375 -0.5714 0.6943
vn 0.0342 -0.4617 -0.8864
vn -0.0990 -0.4419 0.8916
vn 0.5776 -0.4579 -0.6758
vn -0.1260 -0.6424 -0.7559
vn -0.5844 -0.3808 0.7165
vn -0.5844 -0.3808 0.7166
vn -0.5845 -0.3806 0.7166
vn 0.9145 -0.3520 -0.1994
vn 0.8276 -0.5550 0.0837
vn 0.8276 -0.5551 0.0838
vn 0.8276 -0.5550 0.0838
vn -0.8762 -0.4303 0.2169
vn -0.8762 -0.4304 0.2169
vn -0.0698 0.5358 0.8415
vn -0.3287 -0.8832 0.3346
vn -0.0569 0.7377 -0.6727
vn -0.4833 0.6812 0.5499
vn 0.6996 0.6926 -0.1756
vn -0.8547 0.4525 0.2546
vn -0.5958 0.7722 -0.2209
vn 0.3444 0.8049 0.4832
vn 0.5229 0.5422 -0.6577
vn 0.5350 -0.8440 -0.0375
vn -0.5149 -0.8470 0.1317
vn -0.3701 -0.9189 -0.1363
vn 0.2122 -0.9312 0.2963
vn 0.0580 -0.8874 -0.4573
vn 0.3150 -0.8711 -0.3767
vn -0.1266 -0.8595 0.4952
vn -0.0335 -0.9160 -0.3998
vn -0.8011 -0.4387 -0.4072
vn 0.2558 -0.3489 -0.9016
vn 0.2559 -0.3490 -0.9015
vn 0.2558 -0.3490 -0.9015
vn 0.5730 -0.4050 -0.7125
vn -0.3324 -0.4582 -0.8244
vn 0.8518 -0.3210 -0.4140
vn 0.9271 -0.3634 0.0915
vn 0.2332 -0.1020 0.9671
vn -0.6232 -0.0982 0.7758
vn -0.8704 -0.1152 0.4787
vn 0.9632 -0.1582 0.2172
vn 0.7607 -0.2309 0.6066
vn 0.7607 -0.2310 0.6066
vn 0.9067 0.0192 -0.4213
vn 0.9790 0.2033 0.0138
vn -0.7832 0.2435 -0.5722
vn 0.2415 0.1440 -0.9597
vn -0.4765 0.2382 -0.8463
vn 0.6191 0.1552 -0.7698
vn -0.2285 0.1162 0.9666
vn -0.7942 0.4224 0.4369
vn 0.7990 0.5534 0.2351
vn -0.9388 0.3421 0.0409
vn -0.6801 0.6452 -0.3480
vn 0.3716 0.5833 0.7223
vn -0.2042 0.6069 -0.7681
vn -0.2041 0.6070 -0.7680
vn -0.2040 0.6071 -0.7680
vn -0.2271 0.3675 0.9019
vn -0.5600 0.4478 0.6971
vn -0.4840 0.8671 -0.1181
vn -0.2499 0.8401 -0.4814
vn 0.3200 0.8110 -0.4897
vn -0.2420 0.8153 0.5260
vn 0.5607 0.7680 -0.3094
vn 0.5880 0.7945 0.1518
vn 0.2586 0.9187 0.2985
vn 0.2585 0.9187 0.2985
vn 0.2587 0.9187 0.2985
vn -0.1021 0.9870 0.1240
vn 0.2056 0.9761 -0.0709
vn 0.0779 0.9850 -0.1542
vn 0.4383 -0.2628 -0.8596
vn 0.8984 -0.3266 -0.2938
vn 0.8809 -0.1983 0.4298
vn 0.3126 -0.2575 0.9143
vn -0.9032 -0.3114 0.2953
vn -0.8651 -0.2707 -0.4222
vn -0.3153 -0.2240 -0.9222
vn -0.8014 0.5943 -0.0675
vn -0.5540 0.8164 0.1630
vn -0.5541 0.8164 0.1630
vn -0.1187 0.8458 0.5202
vn -0.1036 0.7808 -0.6162
vn 0.4310 0.8944 -0.1192
vn -0.3878 0.8975 0.2100
vn 0.6213 0.7599 0.1912
vn -0.5582 0.7845 -0.2701
vn 0.3492 0.7919 0.5009
vn -0.3676 0.8064 -0.4633
vn 0.0985 0.7984 0.5940
vn 0.2415 0.8551 -0.4587
vn 0.7924 -0.5693 -0.2191
vn -0.7081 -0.5928 0.3835
vn -0.9252 -0.3662 -0.0991
vn -0.2519 -0.3528 -0.9011
vn 0.8561 -0.0993 0.5071
vn 0.9462 0.3226 -0.0252
vn 0.9463 0.3225 -0.0249
vn 0.9463 0.3225 -0.0248
vn -0.7475 0.5197 -0.4137
vn 0.1342 0.6845 -0.7166
vn -0.4257 0.7311 -0.5332
vn 0.0049 0.6417 0.7670
vn 0.0048 0.6417 0.7669
vn 0.0049 0.6417 0.7669
vn 0.5271 0.6788 -0.5113
vn -0.2155 0.4765 -0.8524
vn -0.1973 0.7987 0.5685
vn 0.7949 0.5975 -0.1056
vn 0.7949 0.5974 -0.1057
vn -0.4900 0.8293 0.2688
vn -0.7061 0.7046 -0.0706
vn 0.6656 0.5511 0.5032
vn -0.5641 0.3663 -0.7400
vn 0.5972 0.3851 -0.7036
vn -0.4145 0.4517 0.7900
vn 0.9187 0.3665 -0.1469
vn -0.8507 0.4291 0.3038
vn 0.8137 0.3389 0.4723
vn -0.9160 0.3803 -0.1281
vn 0.2998 0.3640 0.8818
vn -0.9270 0.2813 0.2480
vn 0.9027 0.2596 0.3431
vn -0.9589 0.2282 -0.1688
vn 0.3355 0.3081 -0.8903
vn -0.8814 -0.0265 -0.4715
vn -0.8814 -0.0266 -0.4715
vn 0.3481 -0.0562 -0.9358
vn 0.8947 -0.0428 -0.4446
vn 0.8947 -0.0427 -0.4446
vn -0.8173 -0.4669 -0.3377
vn 0.3930 -0.4815 0.7834
vn 0.3930 -0.4816 0.7834
vn -0.5563 -0.3353 -0.7604
vn -0.2394 -0.5711 0.7852
vn 0.6151 -0.5805 -0.5335
vn -0.7080 -0.5990 0.3741
vn 0.8648 -0.3368 0.3724
vn 0.0100 0.6536 -0.7568
vn -0.3649 0.7776 0.5120
vn 0.5255 0.8212 -0.2226
vn 0.8165 0.4353 0.3793
vn -0.6012 0.7682 -0.2200
vn 0.3129 0.6568 0.6861
vn -0.4414 0.5409 -0.7160
vn 0.3558 -0.8709 0.3390
vn -0.4043 -0.8897 -0.2119
vn -0.1681 -0.8801 -0.4440
vn -0.2437 -0.9078 0.3413
vn -0.2437 -0.9078 0.3414
vn 0.3314 -0.9331 -0.1398
vn 0.4320 -0.7882 0.4382
vn 0.2258 -0.9741 0.0131
vn -0.7977 -0.4550 -0.3958
vn 0.1300 -0.4681 -0.8741
vn -0.5967 -0.3058 -0.7419
vn 0.1475 -0.3001 0.9424
vn -0.1075 -0.5028 0.8577
vn 0.5950 -0.4606 -0.6586
vn -0.2327 -0.3466 -0.9087
vn 0.8511 -0.4142 -0.3225
vn 0.8512 -0.4141 -0.3225
vn -0.9105 -0.3844 0.1524
vn 0.8055 0.2120 -0.5533
vn 0.8055 0.2120 -0.5534
vn 0.8056 0.2121 -0.5533
vn -0.2326 -0.0780 -0.9694
vn -0.3829 -0.1420 0.9128
vn -0.7322 -0.1939 0.6529
vn -0.9486 -0.2046 0.2416
vn 0.8687 -0.1317 0.4776
vn 0.6249 -0.0673 0.7778
vn 0.2419 -0.0937 0.9658
vn -0.9790 0.2032 0.0139
vn -0.9790 0.2032 0.0138
vn -0.9790 0.2032 0.0137
vn -0.9067 0.0192 -0.4213
vn 0.1362 0.1819 -0.9738
vn -0.6179 0.1679 -0.7681
vn 0.4618 0.2566 -0.8490
vn 0.9387 0.3422 0.0409
vn -0.7991 0.5534 0.2348
vn -0.7990 0.5535 0.2348
vn 0.7942 0.4225 0.4367
vn 0.5600 0.4476 0.6971
vn 0.2498 0.4016 0.8811
vn -0.3716 0.5833 0.7223
vn 0.6893 0.6400 -0.3396
vn -0.5595 0.7703 -0.3058
vn 0.2418 0.8152 0.5263
vn 0.2419 0.8151 0.5264
vn 0.2450 0.8467 -0.4724
vn -0.1736 0.7427 -0.6467
vn 0.4840 0.8671 -0.1182
vn -0.5880 0.7945 0.1518
vn -0.2586 0.9188 0.2981
vn -0.1000 0.9809 0.1667
vn -0.2566 0.9633 -0.0793
vn -0.2565 0.9633 -0.0793
vn -0.2564 0.9633 -0.0792
vn 0.1838 0.9592 0.2149
vn 0.0451 0.9881 -0.1469
vn 0.0451 0.9881 -0.1468
vn -0.1082 0.9713 -0.2119
vn 0.2323 0.1242 -0.9647
vn 0.8818 -0.0918 0.4625
vn 0.6104 0.2195 0.7611
vn 0.2622 -0.0423 0.9641
vn -0.2303 0.1596 0.9599
vn -0.6156 0.1595 0.7718
vn -0.8981 0.0866 0.4312
vn -0.9267 0.3477 -0.1424
vn -0.5803 0.3931 -0.7133
vn -0.1582 0.0026 -0.9874
vn -0.2509 0.8426 -0.4765
vn 0.5917 0.7592 0.2712
vn -0.5798 0.7968 -0.1698
vn -0.5800 0.7967 -0.1699
vn -0.5799 0.7967 -0.1699
vn 0.5712 0.5533 -0.6063
vn -0.4028 0.7742 0.4882
vn -0.4799 0.8374 0.2618
vn 0.0470 0.7314 -0.6804
vn -0.7925 -0.5693 -0.2190
vn 0.3270 -0.5046 0.7990
vn 0.2038 -0.2957 -0.9333
vn 0.5458 -0.4037 -0.7343
vn -0.2532 -0.3322 0.9086
vn 0.8270 -0.3267 -0.4576
vn -0.2191 -0.5428 0.8108
vn -0.8561 -0.0991 0.5071
vn 0.4925 0.6121 -0.6186
vn -0.3806 0.5877 0.7140
vn 0.7474 0.5199 -0.4136
vn 0.4898 0.8294 0.2688
vn -0.7948 0.5976 -0.1054
vn -0.5744 0.3810 -0.7245
vn -0.2998 0.3640 0.8818
vn 0.9159 0.3803 -0.1280
vn -0.8137 0.3389 0.4722
vn 0.9587 0.2295 -0.1683
vn 0.0839 0.2467 -0.9655
vn 0.7485 0.2576 -0.6111
vn -0.7936 -0.5459 -0.2685
vn -0.0990 -0.4418 0.8916
vn -0.8762 -0.4304 0.2170
vn -0.0699 0.5357 0.8415
vn -0.0569 0.7376 -0.6729
vn -0.4834 0.6810 0.5500
vn 0.6999 0.6924 -0.1754
vn 0.6998 0.6925 -0.1754
vn 0.6999 0.6923 -0.1754
vn -0.8547 0.4523 0.2547
vn -0.5959 0.7720 -0.2209
vn 0.3445 0.8049 0.4833
vn 0.5229 0.5420 -0.6578
vn -0.5983 -0.7773 0.1944
vn -0.5324 -0.8290 0.1712
vn -0.3700 -0.9190 -0.1363
vn 0.2333 -0.9162 0.3259
vn 0.0580 -0.8875 -0.4572
vn 0.3052 -0.8730 -0.3804
vn -0.0335 -0.9160 -0.3997
vn -0.2006 -0.8989 0.3896
vn -0.2006 -0.8988 0.3897
vn -0.2006 -0.8989 0.3897
vn 0.3685 -0.9142 -0.1686
vn -0.3324 -0.4582 -0.8243
vn -0.2965 -0.3185 0.9004
vn 0.8358 -0.3664 -0.4090
vn -0.6869 -0.3772 0.6212
vn 0.9114 -0.3874 0.1389
vn 0.2361 -0.1034 0.9662
vn -0.6261 0.0216 0.7794
vn -0.8738 -0.0756 0.4803
vn -0.8738 -0.0756 0.4804
vn 0.9599 -0.1696 0.2232
vn 0.7810 -0.1522 0.6057
vn 0.5301 -0.1935 0.8256
vn -0.8175 0.1942 -0.5423
vn 0.2414 0.1448 -0.9596
vn -0.4967 0.2681 -0.8255
vn 0.6167 0.1783 -0.7668
vn -0.7634 0.4908 0.4199
vn -0.9473 0.3184 0.0362
vn 0.7816 0.5100 0.3591
vn -0.6722 0.7063 -0.2220
vn 0.5137 0.4862 0.7069
vn -0.0283 0.5227 -0.8520
vn -0.2170 0.5252 0.8228
vn -0.2170 0.5251 0.8229
vn -0.5845 0.3588 0.7277
vn 0.2385 0.8645 0.4425
vn 0.0750 0.7863 -0.6133
vn -0.3671 0.8493 -0.3793
vn 0.2809 0.8179 -0.5021
vn -0.1769 0.7493 0.6382
vn 0.5873 0.7824 -0.2069
vn -0.5568 0.7788 0.2888
vn 0.5312 0.8270 0.1842
vn -0.2028 0.9204 -0.3343
vn 0.2390 0.9260 0.2921
vn -0.0903 0.9883 0.1228
vn -0.0905 0.9883 0.1228
vn -0.0904 0.9883 0.1228
vn 0.2055 0.9761 -0.0711
vn 0.2055 0.9761 -0.0710
vn 0.0930 0.9851 -0.1449
vn 0.4364 -0.2782 -0.8557
vn 0.8809 -0.1982 0.4298
vn 0.3161 -0.2130 0.9245
vn -0.4393 -0.2552 0.8613
vn -0.8211 -0.4067 -0.4006
vn -0.3084 -0.3020 -0.9020
vn -0.2480 0.8561 -0.4534
vn -0.5306 0.5545 -0.6410
vn 0.0283 0.9258 -0.3770
vn 0.5186 0.8429 -0.1434
vn -0.4766 0.8404 0.2581
vn 0.5045 0.8210 0.2673
vn 0.3862 0.7866 0.4818
vn 0.1421 0.7976 0.5863
vn 0.2509 0.8425 -0.4766
vn 0.3714 -0.6035 -0.7056
vn -0.2519 -0.3528 -0.9012
vn 0.8561 -0.0992 0.5071
vn -0.7474 0.5199 -0.4136
vn 0.3268 0.5866 0.7411
vn 0.1342 0.6846 -0.7165
vn -0.4256 0.7312 -0.5332
vn 0.5268 0.6788 -0.5116
vn 0.5268 0.6787 -0.5116
vn 0.5269 0.6787 -0.5116
vn -0.1972 0.7989 0.5683
vn 0.7949 0.5976 -0.1054
vn -0.4899 0.8294 0.2687
vn -0.7062 0.7045 -0.0702
vn 0.6656 0.5513 0.5031
vn -0.5642 0.3663 -0.7400
vn 0.9188 0.3665 -0.1469
vn 0.8135 0.3389 0.4725
vn 0.8136 0.3389 0.4725
vn -0.9590 0.2281 -0.1685
vn -0.9589 0.2281 -0.1685
vn -0.8814 -0.0265 -0.4716
vn -0.8173 -0.4669 -0.3376
vn 0.3930 -0.4816 0.7833
vn -0.7080 -0.5991 0.3740
vn 0.0100 0.6534 -0.7569
vn -0.3650 0.7775 0.5121
vn 0.5257 0.8210 -0.2226
vn 0.8166 0.4351 0.3794
vn -0.6014 0.7681 -0.2201
vn 0.3129 0.6566 0.6863
vn -0.4415 0.5407 -0.7160
vn 0.5387 -0.8217 0.1861
vn -0.4042 -0.8898 -0.2118
vn 0.2118 -0.8925 0.3983
vn 0.0604 -0.8668 0.4950
vn -0.1677 -0.8802 -0.4439
vn -0.1678 -0.8802 -0.4440
vn -0.2179 -0.9271 0.3050
vn -0.2182 -0.9270 0.3050
vn -0.2181 -0.9270 0.3050
vn 0.3602 -0.9204 -0.1519
vn 0.5782 -0.7920 0.1960
vn -0.7979 -0.4546 -0.3959
vn -0.7979 -0.4546 -0.3958
vn 0.1295 -0.4681 -0.8741
vn 0.1295 -0.4682 -0.8741
vn 0.1295 -0.4683 -0.8740
vn 0.0088 -0.3982 0.9173
vn 0.5717 -0.4019 -0.7153
vn -0.2330 -0.3465 -0.9087
vn -0.2330 -0.3465 -0.9086
vn -0.4158 -0.5689 0.7096
vn 0.8267 -0.4397 -0.3511
vn 0.8267 -0.4397 -0.3510
vn -0.9114 -0.3874 0.1388
vn 0.8176 0.1938 -0.5421
vn 0.8176 0.1938 -0.5422
vn 0.8177 0.1939 -0.5421
vn -0.3557 -0.0929 0.9300
vn -0.7730 -0.1581 0.6144
vn -0.7729 -0.1582 0.6145
vn -0.7730 -0.1580 0.6144
vn -0.9599 -0.1697 0.2232
vn 0.8738 -0.0754 0.4804
vn 0.6210 -0.1301 0.7729
vn 0.2413 -0.1006 0.9652
vn -0.9790 0.2035 0.0137
vn 0.1535 0.1936 -0.9690
vn -0.6167 0.1782 -0.7667
vn 0.5272 0.2468 -0.8131
vn -0.7587 0.5240 0.3871
vn 0.9472 0.3184 0.0363
vn 0.7746 0.4674 0.4260
vn 0.5240 0.5474 0.6524
vn 0.2533 0.3141 0.9150
vn -0.4348 0.3837 -0.8147
vn -0.2275 0.5448 0.8071
vn -0.2276 0.5448 0.8071
vn -0.2274 0.5449 0.8071
vn 0.6722 0.7063 -0.2220
vn -0.6205 0.7547 -0.2130
vn 0.2795 0.8157 -0.5065
vn -0.2855 0.8844 0.3692
vn 0.5278 0.8400 -0.1253
vn -0.5060 0.8626 -0.0004
vn -0.0870 0.9865 0.1390
vn -0.0871 0.9865 0.1390
vn -0.2340 0.9722 -0.0004
vn -0.2339 0.9723 -0.0006
vn -0.2339 0.9723 -0.0005
vn 0.1827 0.9566 0.2269
vn 0.0404 0.9899 -0.1361
vn -0.1408 0.9614 -0.2365
vn -0.1405 0.9613 -0.2369
vn -0.1406 0.9614 -0.2366
vn 0.8795 0.0942 -0.4665
vn 0.8808 -0.0711 0.4682
vn -0.8467 0.2552 0.4669
vn -0.8656 -0.0625 -0.4969
vn -0.5867 0.2381 -0.7741
vn 0.8028 0.5946 -0.0455
vn -0.7392 0.5354 0.4085
vn -0.5725 0.7740 -0.2706
vn -0.5893 -0.3293 0.7378
vn 0.4057 0.7771 -0.4812
vn -0.3310 0.7268 0.6018
vn 0.4800 0.8373 -0.2617
vn -0.6502 0.7362 0.1875
vn 0.5186 0.8429 0.1434
vn -0.4248 0.9047 -0.0330
vn 0.3026 0.8181 0.4891
vn 0.1508 0.8141 -0.5607
vn -0.3570 0.8398 -0.4091
vn 0.9719 -0.1815 -0.1497
vn -0.8195 -0.3678 0.4394
vn 0.7024 -0.6847 0.1942
vn -0.8091 -0.5843 -0.0629
vn 0.4477 -0.5250 0.7238
vn 0.2311 -0.5025 -0.8331
vn -0.5666 -0.5072 -0.6494
vn 0.6420 -0.1283 -0.7559
vn -0.2479 -0.4026 0.8812
vn 0.8673 0.3236 0.3782
vn 0.6497 -0.0357 -0.7594
vn 0.9842 -0.0984 -0.1475
vn 0.2550 0.4228 -0.8696
vn 0.0546 0.4626 -0.8849
vn 0.0549 0.4624 -0.8850
vn 0.0547 0.4626 -0.8849
vn 0.2152 0.7521 0.6229
vn -0.2484 0.7797 -0.5748
vn -0.1881 0.6157 0.7652
vn 0.6413 0.5844 -0.4972
vn -0.5319 0.5230 0.6660
vn 0.8080 0.5487 -0.2146
vn 0.8081 0.5487 -0.2144
vn 0.8080 0.5487 -0.2145
vn -0.6267 0.7059 0.3301
vn 0.6950 0.6002 0.3958
vn -0.5573 0.8277 -0.0650
vn 0.7074 0.4938 -0.5057
vn -0.8137 0.3389 0.4723
vn 0.8506 0.4291 0.3039
vn -0.9188 0.3664 -0.1469
vn 0.4145 0.4518 0.7900
vn 0.9586 0.2295 -0.1683
vn -0.8429 0.3042 -0.4437
vn 0.3264 0.2772 0.9037
vn -0.3112 0.3019 -0.9011
vn 0.8093 -0.4608 0.3642
vn -0.8799 0.0425 0.4733
vn 0.4664 0.0148 0.8844
vn -0.8132 -0.5399 -0.2171
vn 0.4073 -0.5092 0.7582
vn 0.4071 -0.5092 0.7583
vn 0.0948 -0.4306 -0.8975
vn -0.3944 -0.5591 -0.7293
vn 0.5295 -0.4248 -0.7343
vn -0.5796 -0.3733 0.7243
vn 0.8888 -0.4172 -0.1898
vn -0.8761 -0.4303 0.2173
vn -0.0415 0.5458 0.8369
vn -0.0526 0.7809 -0.6224
vn -0.4649 0.6867 0.5589
vn 0.6957 0.6945 -0.1837
vn -0.8547 0.4524 0.2546
vn -0.6656 0.7042 -0.2472
vn -0.6657 0.7041 -0.2472
vn 0.3443 0.8050 0.4831
vn 0.5102 0.4877 -0.7084
vn -0.5982 -0.7775 0.1944
vn 0.5347 -0.8442 -0.0376
vn 0.5348 -0.8441 -0.0378
vn -0.5325 -0.8289 0.1713
vn -0.3701 -0.9189 -0.1364
vn 0.2125 -0.9310 0.2969
vn 0.0580 -0.8874 -0.4572
vn 0.0357 -0.8694 0.4929
vn -0.1995 -0.8973 0.3939
vn -0.8012 -0.4389 -0.4068
vn 0.2504 -0.3475 -0.9036
vn 0.2505 -0.3477 -0.9035
vn 0.2505 -0.3476 -0.9036
vn 0.1134 -0.3713 0.9216
vn 0.1134 -0.3714 0.9215
vn 0.1134 -0.3712 0.9216
vn -0.2821 -0.2745 0.9193
vn 0.8519 -0.3210 -0.4137
vn 0.8519 -0.3209 -0.4137
vn -0.6870 -0.3773 0.6210
vn 0.9271 -0.3635 0.0915
vn -0.6261 0.0217 0.7794
vn -0.8737 -0.0754 0.4805
vn 0.7605 -0.2310 0.6069
vn 0.7604 -0.2311 0.6070
vn 0.7604 -0.2310 0.6070
vn -0.7832 0.2434 -0.5722
vn 0.2425 0.1595 -0.9570
vn 0.0897 0.2371 0.9673
vn -0.4746 0.2390 -0.8471
vn -0.1964 0.1704 0.9656
vn -0.8085 0.3853 0.4448
vn -0.5692 0.4172 0.7085
vn -0.0070 0.7659 -0.6429
vn -0.4886 0.8278 -0.2757
vn 0.0548 0.7939 0.6055
vn 0.3247 0.8156 -0.4789
vn -0.1060 0.7934 -0.5994
vn -0.3031 0.7570 0.5789
vn 0.5621 0.7669 -0.3098
vn -0.6099 0.7721 0.1788
vn 0.5792 0.8015 0.1485
vn 0.3161 0.9149 0.2511
vn -0.1331 0.9850 0.1099
vn 0.1736 0.9834 -0.0524
vn 0.0852 0.9829 -0.1632
vn 0.4383 -0.2628 -0.8595
vn 0.8984 -0.3265 -0.2937
vn -0.4359 -0.2817 0.8548
vn -0.9032 -0.3114 0.2954
vn -0.3154 -0.2241 -0.9221
vn -0.5541 0.8163 0.1630
vn -0.5542 0.8163 0.1630
vn -0.0808 0.8505 0.5197
vn -0.1012 0.7883 -0.6070
vn 0.4766 0.8404 -0.2580
vn -0.3435 0.9010 0.2650
vn 0.5778 0.7938 0.1896
vn -0.5850 0.7644 -0.2710
vn 0.3069 0.8391 0.4491
vn 0.0821 0.8488 -0.5223
vn -0.3519 0.8252 -0.4419
vn 0.1001 0.7913 0.6032
vn -0.6494 -0.5720 0.5011
vn 0.8372 -0.3215 0.4424
vn -0.9213 -0.3585 -0.1507
vn 0.5457 -0.4038 0.7343
vn 0.1101 -0.7054 -0.7002
vn 0.2037 -0.3119 0.9280
vn -0.5739 -0.3590 -0.7361
vn -0.1255 -0.5778 0.8065
vn -0.1667 -0.3951 -0.9034
vn 0.6483 -0.6756 -0.3511
vn -0.8080 0.5487 -0.2146
vn -0.8080 0.5486 -0.2148
vn -0.8080 0.5487 -0.2147
vn -0.9842 -0.0982 -0.1475
vn 0.0491 0.5993 -0.7991
vn -0.6105 -0.1764 -0.7721
vn -0.8675 0.3233 0.3782
vn 0.1898 0.3667 -0.9108
vn 0.5294 0.5190 0.6711
vn -0.6413 0.5843 -0.4974
vn 0.2490 0.7745 -0.5815
vn 0.1273 0.5882 0.7986
vn -0.2296 0.7094 0.6664
vn 0.5572 0.8278 -0.0650
vn -0.6949 0.6004 0.3956
vn 0.6265 0.7062 0.3298
vn 0.6265 0.7062 0.3299
vn -0.6725 0.5439 -0.5020
vn 0.6329 0.3909 -0.6683
vn -0.2501 0.3440 -0.9051
vn -0.4145 0.4518 0.7900
vn 0.9187 0.3666 -0.1466
vn -0.8507 0.4291 0.3037
vn 0.8136 0.3389 0.4724
vn -0.9160 0.3803 -0.1280
vn 0.2997 0.3640 0.8818
vn -0.4796 0.2579 0.8387
vn 0.4237 0.2213 0.8783
vn 0.4237 0.2212 0.8784
vn 0.4237 0.2213 0.8784
vn -0.5894 0.1915 -0.7848
vn -0.5894 0.1914 -0.7848
vn -0.8811 -0.0421 -0.4711
vn -0.8450 -0.3956 -0.3598
vn 0.3930 -0.4810 0.7837
vn 0.3929 -0.4812 0.7836
vn 0.3929 -0.4811 0.7836
vn -0.0380 -0.4321 0.9010
vn 0.3653 -0.5717 -0.7347
vn 0.3656 -0.5716 -0.7346
vn 0.3654 -0.5716 -0.7347
vn -0.3647 -0.4931 -0.7898
vn -0.2351 -0.5926 0.7704
vn 0.8286 -0.4349 0.3527
vn 0.0588 0.6855 -0.7257
vn -0.3759 0.7615 0.5280
vn -0.3760 0.7614 0.5280
vn 0.5359 0.8132 -0.2270
vn 0.8165 0.4353 0.3794
vn -0.5683 0.7815 -0.2577
vn -0.5683 0.7814 -0.2576
vn -0.5681 0.7816 -0.2576
vn 0.3180 0.6766 0.6642
vn 0.3180 0.6767 0.6641
vn 0.3180 0.6767 0.6640
vn -0.3383 0.5708 -0.7482
vn 0.3720 -0.8745 0.3111
vn 0.3720 -0.8745 0.3112
vn 0.3719 -0.8745 0.3113
vn -0.4044 -0.8897 -0.2119
vn -0.2176 -0.9273 0.3047
vn -0.2176 -0.9272 0.3048
vn -0.2177 -0.9272 0.3049
vn 0.2259 -0.9741 0.0132
vn -0.7976 -0.4551 -0.3958
vn 0.1308 -0.4594 -0.8785
vn -0.5966 -0.3059 -0.7419
vn 0.1472 -0.4517 0.8800
vn 0.5950 -0.4607 -0.6586
vn -0.2295 -0.3430 -0.9109
vn -0.4205 -0.5665 0.7087
vn 0.8511 -0.4145 -0.3221
vn -0.9114 -0.3875 0.1388
vn 0.6552 -0.4293 0.6216
vn 0.8054 0.2123 -0.5534
vn -0.2294 0.0397 -0.9725
vn -0.3276 -0.1034 0.9391
vn -0.7730 -0.1579 0.6145
vn -0.9598 -0.1695 0.2238
vn -0.9598 -0.1694 0.2237
vn 0.5232 0.2016 0.8281
vn 0.1560 0.2139 -0.9643
vn 0.2459 0.1162 0.9623
vn 0.5145 0.2252 -0.8274
vn 0.9387 0.3422 0.0410
vn -0.8038 0.5487 0.2301
vn -0.8038 0.5486 0.2301
vn -0.8037 0.5488 0.2301
vn 0.7942 0.4225 0.4368
vn 0.5744 0.4477 0.6853
vn -0.4368 0.5337 0.7242
vn 0.6893 0.6400 -0.3395
vn -0.4820 0.8312 -0.2771
vn 0.2807 0.8052 0.5224
vn 0.3072 0.8227 -0.4783
vn -0.0463 0.8295 0.5565
vn -0.1915 0.7725 -0.6054
vn 0.4962 0.8590 -0.1260
vn -0.3935 0.8784 0.2711
vn -0.0263 0.9712 -0.2368
vn -0.1256 0.9903 0.0593
vn -0.1258 0.9903 0.0593
vn -0.1258 0.9903 0.0592
vn 0.2090 0.9632 0.1691
vn -0.2256 0.9643 -0.1384
vn -0.2258 0.9643 -0.1384
vn -0.2255 0.9643 -0.1385
vn -0.0242 0.9779 0.2078
vn 0.0990 0.9891 -0.1092
vn 0.4503 -0.0620 -0.8907
vn 0.7760 0.1287 -0.6175
vn 0.9340 0.2752 -0.2280
vn 0.9450 0.0971 0.3125
vn 0.6118 0.0971 0.7850
vn 0.6118 0.0970 0.7850
vn 0.1102 0.0528 0.9925
vn -0.3413 0.0866 0.9360
vn -0.7769 0.1706 0.6060
vn -0.9718 0.2097 0.1077
vn -0.9377 0.0773 -0.3388
vn -0.6218 0.0690 -0.7801
vn -0.0873 0.0699 -0.9937
vn 0.6792 0.6891 0.2525
vn 0.6791 0.6893 0.2524
vn -0.4822 0.6380 -0.6004
vn 0.3168 0.7104 -0.6285
vn 0.6373 0.7674 -0.0697
vn -0.0676 0.7976 0.5993
vn -0.5873 0.6959 0.4133
vn -0.5874 0.6957 0.4134
vn -0.5874 0.6958 0.4134
vn -0.5836 0.7566 -0.2950
vn 0.4807 0.7421 -0.4671
vn 0.3094 0.7665 0.5627
vn 0.1058 0.7688 -0.6307
vn -0.0674 0.6381 -0.7670
vn -0.3578 0.7770 0.5179
vn 0.5165 0.8435 0.1473
vn 0.2131 0.3714 0.9037
vn -0.7979 -0.4532 -0.3974
vn -0.7980 -0.4532 -0.3973
vn 0.3916 -0.5580 0.7317
vn 0.1374 -0.3462 -0.9280
vn -0.6584 -0.4720 -0.5863
vn -0.6087 -0.3659 -0.7040
vn 0.0928 -0.4173 0.9040
vn 0.0926 -0.4172 0.9041
vn 0.0929 -0.4172 0.9040
vn 0.6971 -0.2484 -0.6725
vn -0.2752 -0.3673 -0.8884
vn -0.4630 -0.5740 0.6753
vn -0.7063 -0.3180 0.6325
vn -0.8437 -0.4733 0.2534
vn -0.8437 -0.4733 0.2533
vn 0.8272 -0.5053 0.2459
vn -0.6173 -0.2405 -0.7491
vn 0.0773 -0.3190 0.9446
vn 0.4468 0.0030 -0.8947
vn -0.4744 -0.0635 -0.8780
vn -0.3125 -0.2395 -0.9192
vn -0.4393 -0.1321 0.8886
vn 0.8229 -0.3029 -0.4807
vn -0.6421 -0.0564 0.7645
vn -0.6422 -0.0563 0.7645
vn -0.7084 -0.3095 0.6343
vn 0.9259 -0.3657 0.0946
vn -0.9354 -0.2332 0.2659
vn -0.9354 -0.2331 0.2659
vn -0.9354 -0.2331 0.2660
vn -0.9644 -0.1709 -0.2016
vn 0.3340 -0.0100 0.9425
vn 0.9453 0.0953 -0.3118
vn -0.9889 0.0674 0.1324
vn 0.7244 0.6002 0.3391
vn 0.8220 0.3398 0.4570
vn 0.8105 0.2411 0.5338
vn 0.6372 0.3248 0.6989
vn -0.7533 0.3343 -0.5664
vn -0.2179 0.5823 0.7832
vn 0.6348 0.4487 -0.6291
vn -0.0526 0.4367 -0.8980
vn -0.7838 0.5895 -0.1951
vn 0.5000 0.6042 0.6205
vn -0.6777 0.6398 -0.3624
vn 0.0923 0.6203 -0.7789
vn 0.2690 0.5962 0.7564
vn 0.2698 0.5958 -0.7565
vn 0.0909 0.5915 0.8012
vn 0.0908 0.5915 0.8012
vn -0.0774 0.6163 0.7837
vn 0.4844 0.6460 -0.5900
vn -0.2191 0.5774 0.7865
vn 0.5951 0.5901 -0.5456
vn 0.7297 0.6422 -0.2348
vn 0.8070 0.5895 0.0347
vn -0.8083 0.5817 0.0908
vn -0.8256 0.2566 -0.5026
vn 0.1307 0.2376 -0.9625
vn 0.3381 0.3092 0.8889
vn 0.2086 0.3151 -0.9258
vn 0.2086 0.3153 -0.9258
vn -0.1249 0.2576 0.9582
vn 0.6960 0.3082 -0.6486
vn 0.9020 0.2427 -0.3571
vn -0.7528 0.2218 0.6197
vn 0.9641 0.2221 0.1457
vn -0.9061 0.2858 0.3118
vn 0.8213 0.2560 0.5098
vn -0.9610 0.2592 -0.0961
vn -0.0804 -0.2058 -0.9753
vn -0.5532 -0.4805 0.6805
vn 0.9118 -0.2588 -0.3188
vn -0.8508 -0.2045 0.4840
vn -0.8934 -0.3312 0.3035
vn 0.8854 -0.2317 0.4029
vn -0.9428 -0.3193 -0.0954
vn -0.8327 -0.3065 -0.4612
vn 0.3085 -0.5095 0.8033
vn 0.1015 -0.1848 0.9775
vn -0.4826 -0.2673 -0.8341
vn -0.1157 -0.4851 0.8668
vn 0.6213 -0.2082 -0.7554
vn -0.3383 -0.4870 -0.8052
vn -0.3384 -0.4870 -0.8052
vn -0.3387 -0.4870 -0.8051
vn 0.6700 -0.4257 -0.6082
vn 0.6700 -0.4256 -0.6082
vn 0.6699 -0.4254 -0.6084
vn 0.7480 0.1298 0.6509
vn 0.2998 0.2019 0.9324
vn -0.6011 0.1534 -0.7843
vn 0.1019 -0.1467 0.9839
vn -0.2377 0.1788 0.9548
vn -0.1713 0.0590 -0.9835
vn -0.6190 0.1279 0.7749
vn 0.9886 -0.0526 -0.1407
vn -0.8332 0.0150 0.5528
vn 0.7538 0.3665 -0.5454
vn -0.9398 0.3358 0.0634
vn -0.9397 0.3360 0.0634
vn -0.9398 0.3357 0.0635
vn -0.8788 0.2787 -0.3873
vn -0.2055 0.5308 0.8222
vn -0.5522 0.4565 0.6976
vn -0.6289 0.6001 0.4943
vn -0.6289 0.6001 0.4944
vn -0.8618 0.4952 0.1098
vn 0.6197 0.5586 0.5513
vn 0.2636 0.5078 0.8201
vn -0.5313 0.4962 -0.6866
vn 0.4044 0.5636 -0.7203
vn 0.3984 -0.1899 -0.8974
vn -0.4194 0.6036 -0.6780
vn 0.9193 0.2508 0.3033
vn -0.9739 0.0226 -0.2259
vn 0.7561 -0.1147 0.6444
vn 0.1960 0.0215 -0.9804
vn 0.0904 0.0377 0.9952
vn 0.6020 0.0209 -0.7982
vn -0.2651 0.0507 -0.9629
vn -0.3219 0.0084 0.9467
vn 0.9173 0.0268 -0.3974
vn -0.7751 -0.1013 0.6237
vn -0.9551 0.0701 0.2878
vn 0.9975 -0.0591 0.0392
vn 0.7135 -0.5019 0.4889
vn 0.7136 -0.5017 0.4889
vn -0.5760 -0.5947 0.5608
vn 0.7779 -0.6215 0.0926
vn -0.7690 -0.5954 0.2329
vn 0.7835 -0.5613 0.2666
vn -0.8158 -0.5727 -0.0803
vn -0.7213 -0.5524 -0.4178
vn 0.3884 -0.6118 0.6891
vn 0.2560 -0.6021 -0.7562
vn 0.0770 -0.5690 0.8187
vn -0.4138 -0.5657 -0.7133
vn -0.2601 -0.5843 0.7687
vn -0.0859 -0.5699 -0.8172
vn -0.7828 0.0151 -0.6221
vn -0.0077 1.0000 0.0041
vn 0.4236 0.1086 0.8993
vn 0.1342 -0.0647 0.9888
vn 0.3415 0.0164 -0.9398
vn 0.6257 0.0220 -0.7797
vn -0.4142 0.0626 -0.9080
vn -0.1125 -0.0371 -0.9930
vn -0.3510 0.0136 0.9363
vn -0.5998 0.0223 0.7998
vn 0.9049 0.1021 -0.4132
vn 0.9886 -0.0632 -0.1369
vn -0.8999 0.1017 0.4241
vn 0.9362 0.0166 0.3510
vn 0.8001 0.0215 0.5995
vn -0.9382 0.0593 -0.3411
vn 0.0134 0.9999 -0.0003
vn -0.6187 0.7441 0.2521
vn -0.5349 0.7444 -0.3998
vn -0.0294 0.9996 -0.0000
vn -0.0380 0.6623 -0.7482
vn -0.0086 0.9999 -0.0091
vn 0.0493 0.7387 0.6722
vn 0.0105 0.9999 0.0077
vn -0.3939 0.7537 0.5260
vn -0.0003 0.9998 0.0176
vn 0.0001 1.0000 -0.0081
vn 0.4423 0.7074 -0.5514
vn 0.7481 0.6625 -0.0384
vn 0.0089 0.9999 -0.0086
vn 0.6249 0.5978 0.5022
vn 0.0058 1.0000 0.0033
vn -0.9670 0.1984 -0.1600
vn 0.8233 0.1027 0.5583
vn -0.3426 0.2473 0.9064
vn 0.1593 0.1980 -0.9672
vn 0.4481 -0.0707 -0.8912
vn 0.8409 -0.3130 -0.4416
vn 0.9472 -0.2280 0.2257
vn 0.6506 -0.0952 0.7535
vn 0.1522 -0.0848 0.9847
vn -0.3014 -0.0523 0.9521
vn -0.7342 -0.0847 0.6737
vn -0.9393 -0.2082 0.2726
vn -0.9499 -0.1696 -0.2625
vn -0.6508 -0.0870 -0.7543
vn -0.6508 -0.0869 -0.7543
vn -0.1225 -0.0707 -0.9899
vn 0.7238 0.6669 -0.1769
vn 0.0800 0.6851 0.7240
vn -0.6322 0.7723 -0.0624
vn 0.3194 0.7290 -0.6054
vn 0.4815 0.7773 0.4048
vn -0.6071 0.6381 0.4736
vn -0.3093 0.7700 -0.5581
vn -0.7002 0.6666 -0.2555
vn 0.4746 0.6361 0.6084
vn -0.1148 0.7252 -0.6789
vn 0.6643 0.7315 0.1537
vn -0.2597 0.6512 0.7131
vn 0.5725 0.6835 -0.4529
vn -0.6026 0.7781 0.1772
vn 0.7231 0.6481 0.2391
vn -0.4883 0.7621 -0.4252
vn 0.5782 0.7628 -0.2895
vn 0.1096 0.7279 0.6768
vn -0.7390 0.6688 0.0816
vn -0.1776 -0.5334 0.8270
vn -0.9012 -0.3726 -0.2213
vn 0.2573 -0.3122 -0.9145
vn 0.2573 -0.3123 -0.9145
vn 0.2573 -0.3124 -0.9145
vn 0.5523 -0.3673 0.7484
vn -0.7918 -0.4270 -0.4368
vn 0.3977 -0.5455 -0.7377
vn -0.3996 -0.5523 -0.7317
vn -0.2732 -0.2653 0.9247
vn -0.1504 -0.4677 -0.8710
vn -0.1503 -0.4677 -0.8710
vn 0.8001 -0.4462 -0.4009
vn -0.7103 -0.4905 0.5049
vn 0.8243 -0.5592 -0.0883
vn 0.9622 -0.2583 0.0861
vn -0.8713 -0.4280 0.2401
vn 0.7591 -0.4224 0.4953
vn -0.8224 -0.5635 -0.0781
vn 0.6701 -0.5025 0.5462
vn 0.0767 -0.3203 0.9442
vn -0.1193 -0.2737 0.9544
vn 0.6083 -0.4180 -0.6747
vn -0.2830 -0.4208 0.8619
vn 0.7677 -0.2738 -0.5794
vn -0.8880 -0.0420 0.4580
vn 0.9705 -0.2071 0.1234
vn 0.5629 -0.1963 0.8029
vn 0.1488 -0.3298 -0.9323
vn -0.8854 0.3537 -0.3017
vn -0.8260 0.2572 -0.5015
vn 0.4550 0.1982 -0.8681
vn 0.9276 0.2283 -0.2956
vn -0.7850 0.6147 -0.0769
vn 0.4910 0.5952 0.6362
vn -0.6037 0.5936 -0.5322
vn 0.2311 0.6066 0.7606
vn -0.3789 0.5925 -0.7109
vn -0.2217 0.6186 -0.7538
vn -0.0476 0.5674 -0.8220
vn 0.7128 0.6026 -0.3589
vn -0.5334 0.5932 0.6030
vn 0.8059 0.5906 -0.0412
vn -0.7139 0.5906 0.3762
vn 0.7907 0.6073 0.0774
vn -0.7547 0.6174 0.2221
vn -0.3607 0.6248 0.6925
vn -0.6054 0.6212 0.4976
vn 0.6985 0.6160 0.3643
vn -0.5032 0.6219 -0.6001
vn 0.6260 0.1918 0.7559
vn -0.8381 0.3111 -0.4480
vn 0.2802 0.2611 0.9237
vn -0.6190 0.2062 -0.7578
vn -0.3835 0.3221 -0.8656
vn -0.0940 0.2851 0.9539
vn 0.6241 0.1919 -0.7574
vn -0.2849 0.2392 -0.9282
vn -0.4623 0.2198 0.8591
vn -0.6021 0.3243 0.7296
vn 0.9248 0.2050 -0.3204
vn 0.9609 0.2602 0.0946
vn -0.9228 0.2613 0.2831
vn 0.8349 0.3221 0.4463
vn -0.9609 0.2605 -0.0942
vn -0.4710 -0.1704 0.8655
vn -0.4711 -0.1705 0.8654
vn -0.4712 -0.1706 0.8654
vn 0.9455 -0.3080 0.1058
vn -0.9154 -0.3042 0.2636
vn 0.7551 -0.4565 0.4706
vn -0.9455 -0.3088 -0.1037
vn 0.5958 -0.1524 0.7885
vn -0.7931 -0.3803 -0.4758
vn -0.7931 -0.3803 -0.4757
vn 0.1869 -0.3624 -0.9131
vn 0.2956 -0.2466 -0.9229
vn 0.5990 -0.1175 0.7921
vn -0.8551 -0.0349 -0.5173
vn -0.4985 -0.0769 -0.8635
vn -0.4735 -0.1326 0.8708
vn 0.9579 -0.1103 -0.2652
vn 0.8833 -0.0418 0.4669
vn 0.6764 0.3308 -0.6581
vn -0.9839 0.1421 -0.1079
vn 0.7097 0.6152 -0.3434
vn -0.2124 0.5417 0.8133
vn -0.2125 0.5417 0.8133
vn -0.0812 0.4577 -0.8854
vn -0.7865 0.4703 0.4003
vn 0.8139 0.5808 0.0169
vn 0.8284 0.4888 0.2735
vn -0.8645 0.4898 0.1129
vn -0.7649 0.5200 -0.3802
vn -0.0255 0.4958 -0.8681
vn 0.2467 0.5279 0.8127
vn 0.2632 0.4572 -0.8495
vn 0.9671 0.0932 0.2367
vn 0.9671 0.0930 0.2366
vn 0.9671 0.0933 0.2367
vn 0.6200 0.5570 0.5527
vn 0.6199 0.5570 0.5527
vn 0.6199 0.5570 0.5528
vn -0.7260 0.6204 -0.2967
vn -0.9884 -0.0779 0.1304
vn -0.9240 -0.1285 -0.3601
vn 0.4944 0.0604 0.8671
vn 0.2802 -0.0962 0.9551
vn 0.3922 -0.1056 -0.9138
vn -0.6739 0.0704 -0.7354
vn -0.5036 -0.1215 -0.8553
vn -0.2583 -0.0711 0.9634
vn 0.5309 0.0990 -0.8416
vn -0.0197 -0.0858 -0.9961
vn -0.7147 0.0066 0.6994
vn 0.9521 -0.2689 -0.1455
vn 0.7215 -0.6199 -0.3086
vn -0.6249 -0.5692 0.5343
vn 0.8197 -0.5633 -0.1039
vn -0.7689 -0.5957 0.2321
vn 0.6625 -0.6187 0.4224
vn -0.7691 -0.6114 -0.1863
vn 0.5229 -0.5511 0.6503
vn 0.1740 -0.5283 -0.8311
vn -0.5320 -0.6251 -0.5712
vn 0.1011 -0.5841 0.8053
vn 0.4690 -0.6199 -0.6291
vn -0.2111 -0.6116 -0.7624
vn -0.2705 -0.5791 0.7691
vn 0.6537 -0.5443 -0.5257
vn -0.0174 0.9998 -0.0006
vn 0.3283 0.0015 -0.9446
vn 0.1044 -0.0369 0.9938
vn -0.4991 -0.0601 -0.8645
vn -0.3364 -0.0022 0.9417
vn 0.7717 -0.1485 -0.6183
vn -0.1287 -0.0517 -0.9903
vn -0.7520 -0.1256 0.6471
vn 0.9937 -0.0348 -0.1061
vn -0.9573 -0.0315 0.2873
vn 0.9437 -0.0049 0.3309
vn -0.9842 0.0032 0.1772
vn -0.9931 -0.0653 -0.0978
vn 0.6181 -0.1516 0.7714
vn -0.8639 -0.0396 -0.5020
vn -0.9519 0.2955 -0.0811
vn -0.0085 1.0000 0.0022
vn -0.3944 0.1513 -0.9064
vn -0.0060 1.0000 -0.0056
vn 0.0995 0.7745 -0.6247
vn 0.0025 1.0000 0.0070
vn -0.0602 0.6328 0.7719
vn 0.0023 1.0000 0.0085
vn -0.9067 0.1551 0.3921
vn -0.0081 0.9999 0.0094
vn 0.4609 0.7867 -0.4107
vn 0.0052 1.0000 -0.0066
vn 0.6242 0.7749 0.0995
vn 0.0077 1.0000 -0.0011
vn 0.3552 0.7752 0.5223
vn 0.0026 0.9998 0.0218
vn 0.0043 1.0000 0.0055
vn -0.0275 0.9993 -0.0235
vn 0.0006 0.9999 0.0118
vn -0.0025 1.0000 -0.0084
vn -0.0229 0.9997 -0.0044
vn -0.9699 0.0482 -0.2385
vn -0.9699 0.0481 -0.2385
vn 0.9974 0.0683 0.0248
vn 0.9623 -0.1459 0.2297
vn -0.2326 -0.0028 0.9726
vn -0.2326 -0.0026 0.9726
vn -0.2327 -0.0029 0.9725
vn 0.2387 0.0469 -0.9700
vn 0.1075 -0.1765 -0.9784
vn 0.4642 0.2582 -0.8473
vn 0.7815 -0.0362 -0.6228
vn 0.9623 0.1371 -0.2349
vn 0.8864 0.3582 0.2931
vn 0.5860 0.3034 0.7513
vn 0.1084 -0.1940 0.9750
vn -0.3273 0.2943 0.8979
vn -0.7514 0.3034 0.5860
vn -0.9928 -0.0472 0.1103
vn -0.9316 0.1362 -0.3370
vn -0.6206 0.3025 -0.7234
vn -0.2811 0.0371 -0.9590
vn 0.5858 0.7557 0.2929
vn -0.4633 0.7054 -0.5364
vn 0.3206 0.7384 -0.5932
vn 0.7024 0.6926 -0.1640
vn -0.0670 0.7752 0.6282
vn -0.5872 0.6958 0.4136
vn -0.1894 0.7453 -0.6392
vn -0.5624 0.7701 -0.3011
vn 0.5149 0.7403 -0.4324
vn 0.3262 0.7554 0.5683
vn 0.1194 0.6750 -0.7281
vn -0.3018 0.7979 0.5218
vn 0.5133 0.8432 -0.1600
vn -0.7297 -0.5599 -0.3925
vn -0.7298 -0.5599 -0.3924
vn -0.7299 -0.5597 -0.3924
vn 0.4194 -0.5296 0.7374
vn 0.1370 -0.3467 -0.9279
vn 0.1371 -0.3467 -0.9279
vn 0.1369 -0.3465 -0.9280
vn -0.6154 -0.3963 -0.6813
vn 0.1179 -0.3276 0.9374
vn -0.0715 -0.5507 0.8316
vn 0.5366 -0.4294 -0.7264
vn -0.2729 -0.3745 -0.8862
vn -0.2728 -0.3744 -0.8862
vn -0.2730 -0.3745 -0.8861
vn -0.3662 -0.2556 0.8948
vn 0.6736 -0.4891 -0.5542
vn 0.8267 -0.3058 -0.4724
vn -0.4357 -0.5955 0.6750
vn -0.7064 -0.3179 0.6324
vn 0.9383 -0.3321 0.0963
vn -0.8438 -0.4731 0.2535
vn -0.8438 -0.4731 0.2534
vn 0.7772 -0.4945 0.3892
vn -0.6433 -0.2831 -0.7114
vn 0.0774 -0.3185 0.9448
vn 0.4771 0.0654 -0.8764
vn -0.4683 -0.0710 -0.8807
vn -0.3125 -0.2396 -0.9192
vn -0.4691 -0.0627 0.8809
vn 0.8347 -0.2813 -0.4735
vn -0.6992 -0.3454 0.6259
vn 0.9259 -0.3658 0.0945
vn 0.9259 -0.3657 0.0944
vn 0.9260 -0.3656 0.0943
vn -0.9353 -0.2333 0.2662
vn -0.8864 -0.0606 -0.4589
vn -0.8863 -0.0604 -0.4591
vn -0.8863 -0.0603 -0.4592
vn 0.3339 -0.0101 0.9426
vn 0.9453 0.0953 -0.3119
vn -0.9839 -0.0273 0.1766
vn 0.7296 0.5909 0.3443
vn 0.8220 0.3399 0.4569
vn 0.6372 0.3249 0.6989
vn -0.2167 0.5398 0.8134
vn 0.6453 0.3905 -0.6566
vn -0.0526 0.4367 -0.8981
vn -0.5724 0.4617 0.6776
vn -0.7926 0.6032 -0.0894
vn 0.5111 0.6156 0.5998
vn 0.5112 0.6155 0.5999
vn 0.5112 0.6156 0.5998
vn -0.7066 0.5983 -0.3779
vn 0.0922 0.6203 -0.7789
vn 0.2690 0.5963 0.7564
vn -0.5719 0.6015 -0.5578
vn 0.0909 0.5917 0.8010
vn 0.4841 0.6460 -0.5901
vn 0.4841 0.6461 -0.5901
vn -0.1988 0.5838 0.7872
vn 0.7314 0.6484 -0.2113
vn 0.8156 0.5775 0.0367
vn 0.7456 0.6296 0.2183
vn -0.8014 0.5878 0.1107
vn -0.8255 0.2566 -0.5026
vn 0.3281 0.2850 0.9006
vn 0.1307 0.2375 -0.9625
vn 0.2088 0.3151 -0.9258
vn 0.6960 0.3082 -0.6485
vn 0.9021 0.2426 -0.3569
vn -0.7529 0.2218 0.6196
vn 0.9508 0.2724 0.1478
vn 0.9508 0.2723 0.1478
vn 0.8659 0.2769 0.4167
vn 0.8658 0.2769 0.4167
vn -0.9611 0.2592 -0.0958
vn 0.2899 -0.1389 0.9469
vn -0.1670 -0.1495 -0.9746
vn 0.3574 -0.3513 0.8654
vn -0.5850 -0.4596 0.6682
vn 0.9119 -0.2584 -0.3188
vn -0.8705 -0.1757 0.4597
vn -0.8395 -0.4630 0.2843
vn -0.9527 -0.2881 -0.0963
vn -0.7353 -0.1218 -0.6667
vn 0.6211 -0.2081 -0.7556
vn -0.3189 -0.5613 -0.7638
vn 0.6701 -0.4256 -0.6081
vn 0.6701 -0.4256 -0.6082
vn 0.6700 -0.4254 -0.6083
vn 0.9769 -0.1949 0.0876
vn 0.6738 0.0424 0.7377
vn 0.2686 0.1175 0.9561
vn -0.6208 0.1762 -0.7639
vn -0.1912 -0.0545 -0.9800
vn -0.6126 0.1306 0.7795
vn 0.9850 -0.0664 -0.1592
vn -0.9059 -0.0412 0.4215
vn 0.9292 0.1854 0.3197
vn 0.7166 0.3490 -0.6039
vn 0.7165 0.3490 -0.6040
vn 0.8826 0.4531 -0.1253
vn -0.2101 0.5306 0.8212
vn -0.5239 0.4107 0.7462
vn -0.6286 0.6003 0.4945
vn -0.8701 0.4293 -0.2422
vn 0.2323 0.5449 0.8057
vn -0.5341 0.4932 -0.6867
vn 0.4043 0.5636 -0.7204
vn 0.3986 -0.1906 -0.8971
vn 0.3985 -0.1907 -0.8971
vn 0.3986 -0.1905 -0.8971
vn -0.4192 0.6035 -0.6783
vn -0.4193 0.6034 -0.6783
vn 0.9092 0.0712 0.4102
vn -0.9844 0.0653 -0.1636
vn 0.7539 -0.1421 0.6415
vn -0.7280 0.0885 -0.6798
vn 0.0906 0.0377 0.9952
vn 0.6021 0.0209 -0.7982
vn -0.2850 0.0621 -0.9565
vn -0.3218 0.0084 0.9468
vn 0.9128 0.0282 -0.4073
vn 0.9919 0.0983 -0.0804
vn -0.9481 0.0587 0.3126
vn -0.5761 -0.5947 0.5608
vn 0.8321 -0.5529 -0.0450
vn -0.7690 -0.5953 0.2329
vn 0.7761 -0.5728 0.2638
vn -0.8058 -0.5868 -0.0794
vn -0.7224 -0.5505 -0.4184
vn 0.4062 -0.6122 0.6784
vn 0.0548 -0.5620 -0.8253
vn 0.0771 -0.5691 0.8186
vn 0.3870 -0.5725 -0.7229
vn -0.3918 -0.5509 -0.7369
vn -0.2600 -0.5844 0.7687
vn 0.1341 -0.0647 0.9889
vn 0.3412 0.0592 -0.9381
vn 0.6201 0.0125 -0.7844
vn -0.4145 0.0322 -0.9095
vn -0.3510 0.0137 0.9363
vn -0.5999 0.0223 0.7998
vn 0.0133 0.9999 -0.0005
vn -0.5348 0.7444 -0.3998
vn -0.0379 0.6625 -0.7481
vn -0.0085 0.9999 -0.0091
vn 0.0493 0.7388 0.6722
vn 0.0105 0.9999 0.0076
vn -0.3940 0.7537 0.5260
vn 0.4423 0.7072 -0.5515
vn 0.7480 0.6626 -0.0383
vn 0.6250 0.5977 0.5022
vn 0.0057 1.0000 0.0033
vn 0.8233 0.1027 0.5582
vn -0.3426 0.2473 0.9063
vn 0.1590 0.1981 -0.9672
vn 0.1590 0.1980 -0.9672
vn 0.1416 -0.0501 -0.9887
vn 0.7061 -0.2690 -0.6550
vn 0.9440 -0.3187 -0.0860
vn 0.7146 -0.4278 0.5535
vn 0.1217 -0.2598 0.9580
vn -0.5535 -0.4278 0.7146
vn -0.9614 -0.2279 0.1539
vn -0.8299 -0.3277 -0.4515
vn -0.3667 -0.2222 -0.9034
vn -0.4357 0.7280 -0.5293
vn 0.7106 0.6819 -0.1738
vn 0.0817 0.6688 0.7389
vn 0.4821 0.7686 0.4206
vn -0.6071 0.6382 0.4734
vn -0.7002 0.6666 -0.2556
vn 0.4745 0.6361 0.6084
vn -0.1661 0.7671 -0.6197
vn 0.6242 0.7783 0.0678
vn -0.2529 0.6734 0.6946
vn 0.5475 0.7162 -0.4329
vn -0.6027 0.7781 0.1773
vn 0.0816 0.7195 -0.6896
vn 0.0816 0.7195 -0.6897
vn 0.0817 0.7195 -0.6896
vn 0.7331 0.6354 0.2424
vn 0.6274 0.7440 -0.2300
vn 0.1672 0.7686 0.6175
vn -0.7390 0.6688 0.0817
vn -0.1804 -0.6739 -0.7164
vn -0.3987 -0.6537 0.6432
vn -0.9197 -0.2667 -0.2883
vn -0.9196 -0.2669 -0.2884
vn -0.9195 -0.2670 -0.2885
vn 0.2578 -0.3123 -0.9143
vn 0.5523 -0.3674 0.7483
vn 0.2250 -0.5295 0.8179
vn -0.5719 -0.4618 -0.6780
vn 0.3977 -0.5456 -0.7377
vn -0.3026 -0.4562 -0.8369
vn -0.3017 -0.4239 0.8540
vn -0.1644 -0.4721 -0.8661
vn 0.7660 -0.5963 -0.2401
vn 0.9352 -0.3419 0.0928
vn -0.8714 -0.4280 0.2400
vn 0.7575 -0.4263 0.4943
vn -0.8225 -0.5634 -0.0781
vn 0.6595 -0.4892 0.5708
vn 0.1181 -0.2147 0.9695
vn -0.1469 -0.1198 0.9819
vn -0.3075 -0.3815 0.8717
vn -0.3076 -0.3813 0.8718
vn -0.3075 -0.3814 0.8718
vn -0.7546 -0.2138 0.6203
vn -0.8886 -0.0434 0.4567
vn 0.9705 -0.2072 0.1234
vn -0.9900 -0.0316 -0.1372
vn -0.8911 -0.3599 -0.2764
vn 0.1488 -0.3298 -0.9322
vn -0.6945 -0.1913 -0.6936
vn 0.4817 0.1109 -0.8693
vn -0.4657 0.2177 0.8577
vn 0.9276 0.2282 -0.2956
vn -0.7975 0.5982 -0.0781
vn 0.4910 0.5951 0.6362
vn -0.7087 0.6031 -0.3661
vn 0.2312 0.6066 0.7606
vn -0.3787 0.5925 -0.7110
vn -0.2218 0.6186 -0.7538
vn -0.0476 0.5674 -0.8221
vn -0.5399 0.5894 0.6009
vn 0.8094 0.5855 -0.0456
vn -0.7209 0.5954 0.3546
vn -0.3568 0.6344 0.6857
vn -0.6047 0.6225 0.4969
vn -0.5040 0.6200 -0.6013
vn 0.6480 0.2161 0.7303
vn -0.8381 0.3111 -0.4481
vn 0.2817 0.2418 0.9285
vn -0.6189 0.2062 -0.7579
vn -0.0952 0.2262 0.9694
vn -0.0952 0.2261 0.9694
vn -0.0952 0.2260 0.9695
vn 0.6241 0.1918 -0.7574
vn -0.2850 0.2392 -0.9282
vn -0.2157 0.3180 0.9232
vn -0.4614 0.2263 0.8578
vn -0.6286 0.3085 0.7139
vn 0.9418 0.1727 -0.2885
vn -0.9228 0.2614 0.2831
vn 0.9384 0.1889 0.2895
vn 0.9383 0.1890 0.2896
vn 0.9383 0.1890 0.2895
vn -0.5010 -0.2429 0.8306
vn 0.9574 -0.2669 0.1104
vn 0.7295 -0.4689 0.4981
vn -0.9650 -0.2333 -0.1200
vn -0.7828 -0.4086 -0.4692
vn 0.4022 -0.2718 0.8743
vn 0.1870 -0.3623 -0.9131
vn 0.2954 -0.2469 -0.9229
vn -0.0917 -0.1304 0.9872
vn -0.2407 -0.3227 0.9154
vn -0.9875 -0.1136 -0.1092
vn -0.9875 -0.1138 -0.1094
vn -0.9875 -0.1135 -0.1092
vn 0.7735 -0.1043 0.6252
vn 0.7734 -0.1046 0.6252
vn 0.4338 -0.1331 0.8911
vn -0.7353 -0.0689 -0.6743
vn -0.0949 -0.1430 0.9852
vn 0.9481 -0.1501 -0.2803
vn -0.8834 0.0954 0.4587
vn 0.6762 0.3310 -0.6582
vn -0.8844 0.3953 -0.2482
vn -0.2138 0.5335 0.8183
vn 0.7092 0.6284 -0.3195
vn -0.8191 0.4348 0.3742
vn 0.8052 0.5805 0.1210
vn 0.8426 0.4589 0.2817
vn -0.7822 0.6147 0.1018
vn 0.5851 0.4873 0.6482
vn 0.2629 0.4576 -0.8494
vn 0.9745 -0.0816 0.2091
vn 0.6047 0.5849 0.5406
vn -0.7508 0.5854 -0.3058
vn -0.9886 -0.0757 0.1304
vn -0.9235 -0.1331 -0.3598
vn 0.5271 0.0865 0.8454
vn 0.3921 -0.1057 -0.9138
vn -0.5025 -0.1333 -0.8542
vn -0.2583 -0.0710 0.9634
vn 0.5309 0.0989 -0.8416
vn -0.0197 -0.0857 -0.9961
vn -0.7148 0.0067 0.6993
vn 0.9279 -0.0118 -0.3725
vn 0.7132 -0.6100 -0.3453
vn 0.8004 -0.5910 -0.1007
vn -0.7702 -0.5847 0.2549
vn 0.7311 -0.6056 0.3141
vn -0.7872 -0.6050 -0.1195
vn 0.5225 -0.5521 0.6497
vn 0.1649 -0.6040 -0.7798
vn -0.5634 -0.6211 -0.5448
vn 0.1010 -0.5841 0.8054
vn 0.4735 -0.6105 -0.6349
vn -0.2246 -0.6193 -0.7523
vn 0.6645 -0.5552 -0.5001
vn 0.6645 -0.5553 -0.5001
vn 0.6645 -0.5552 -0.5002
vn 0.1043 -0.0369 0.9939
vn 0.4743 -0.0218 -0.8801
vn -0.4685 -0.0668 -0.8810
vn 0.7960 -0.1147 -0.5944
vn -0.2035 0.0346 -0.9785
vn -0.8640 -0.0396 -0.5020
vn 0.0647 -0.0815 -0.9946
vn -0.0085 1.0000 0.0021
vn -0.3944 0.1515 -0.9064
vn -0.0058 1.0000 -0.0057
vn 0.0995 0.7744 -0.6248
vn -0.0602 0.6329 0.7719
vn 0.0023 1.0000 0.0086
vn -0.9068 0.1549 0.3920
vn 0.4610 0.7867 -0.4106
vn 0.6241 0.7749 0.0995
vn 0.3552 0.7752 0.5224
vn 0.0026 0.9998 0.0219
vn 0.0044 1.0000 0.0051
vn -0.0025 1.0000 -0.0083
vn -0.9699 0.0481 -0.2388
vn 0.9973 0.0685 0.0248
vn 0.9623 -0.1458 0.2297
vn -0.2329 -0.0027 0.9725
vn 0.2387 0.0470 -0.9700
vn 0.6660 -0.7049 0.2440
vn 0.1526 -0.6935 0.7041
vn -0.1515 -0.5625 0.8128
vn -0.6167 -0.5598 0.5535
vn -0.7770 -0.6068 0.1678
vn -0.6961 -0.6941 -0.1837
vn -0.5403 -0.6976 -0.4706
vn -0.2360 -0.6752 -0.6989
vn 0.5173 -0.6481 -0.5589
vn 0.0601 -0.5266 0.8480
vn 0.0601 -0.5265 0.8481
vn 0.7040 -0.7030 -0.1003
vn 0.0001 1.0000 0.0010
vn -0.5521 0.7157 -0.4277
vn -0.1938 0.7056 -0.6816
vn 0.2023 0.7258 -0.6575
vn 0.5698 0.6335 -0.5234
vn 0.6672 0.7249 -0.1712
vn 0.6116 0.7397 0.2808
vn 0.3746 0.6923 0.6168
vn 0.0472 0.6323 0.7733
vn -0.3282 0.6895 0.6456
vn -0.5728 0.7049 0.4184
vn -0.5688 0.3654 -0.7369
vn -0.6841 0.7282 0.0402
vn 0.0002 -1.0000 -0.0000
vn -0.2132 -0.5048 -0.8365
vn -0.7588 0.2001 0.6198
vn -0.0342 -0.3836 0.9229
vn 0.5859 0.4321 0.6856
vn -0.2786 0.4839 -0.8296
vn 0.8399 0.5294 -0.1200
vn -0.8629 0.4343 0.2585
vn -0.8629 0.4342 0.2585
vn -0.9542 -0.2770 -0.1129
vn -0.4209 -0.4167 0.8057
vn 0.1881 0.4832 0.8551
vn 0.2483 -0.4743 -0.8446
vn 0.7547 -0.5575 0.3459
vn 0.7545 -0.5576 0.3460
vn 0.7546 -0.5575 0.3460
vn 0.1236 0.4984 -0.8581
vn 0.1237 0.4983 -0.8581
vn -0.9429 0.3180 -0.0987
vn -0.7009 -0.4720 0.5348
vn -0.7937 -0.3639 -0.4874
vn -0.1015 0.1964 0.9753
vn 0.6632 -0.4440 -0.6025
vn -0.8208 0.3090 -0.4805
vn 0.4339 -0.5408 0.7206
vn 0.5304 0.6195 -0.5788
vn -0.9073 -0.3170 0.2764
vn 0.8085 0.5120 0.2902
vn -0.5562 -0.2697 -0.7861
vn -0.4205 0.4707 0.7757
vn 0.9118 -0.3378 -0.2336
vn -0.2579 0.4593 0.8500
vn 0.0062 -0.9999 0.0113
vn -1.0000 0.0003 0.0001
vn -0.0000 -0.0000 -1.0000
vn -1.0000 -0.0000 -0.0000
vn -1.0000 -0.0001 -0.0000
vn -1.0000 -0.0000 -0.0001
vn 0.8853 -0.4567 -0.0874
vn 0.4181 -0.4618 0.7823
vn -0.4246 0.4232 0.8004
vn -0.8959 0.4320 -0.1040
vn 0.2611 -0.4356 0.8614
vn -0.5632 0.4600 0.6864
vn -0.8493 0.4609 -0.2574
vn 0.0874 -0.4573 0.8850
vn -0.6896 0.4517 0.5660
vn -0.0884 -0.4356 0.8958
vn -0.8090 0.3981 0.4324
vn -0.7089 0.3988 -0.5817
vn -0.2579 -0.4586 0.8504
vn -0.8604 0.4375 0.2612
vn -0.8605 0.4374 0.2613
vn -0.5650 0.4547 -0.6885
vn -0.4245 -0.4343 0.7945
vn -0.8849 0.4575 0.0873
vn -0.4312 0.4042 -0.8067
vn -0.5643 -0.4571 0.6875
vn -0.2583 0.4548 -0.8523
vn -0.6965 -0.4359 0.5700
vn -0.0899 0.4043 -0.9102
vn -0.7842 -0.4575 0.4192
vn 0.0882 0.4395 -0.8939
vn -0.8620 -0.4351 0.2600
vn -0.8848 -0.4577 0.0871
vn -0.8968 -0.4335 -0.0883
vn 0.5793 0.4079 -0.7057
vn -0.8516 -0.4562 -0.2584
vn 0.6898 0.4515 -0.5660
vn -0.7860 -0.4273 -0.4467
vn 0.7842 0.4575 -0.4192
vn 0.8545 0.4501 -0.2593
vn -0.5651 -0.4548 -0.6884
vn -0.4314 -0.4024 -0.8074
vn 0.8995 0.4298 0.0781
vn 0.8995 0.4298 0.0780
vn 0.8996 0.4298 0.0781
vn -0.2587 -0.4545 -0.8524
vn -0.0905 -0.3823 -0.9196
vn 0.7940 0.4352 0.4244
vn 0.0875 -0.4490 -0.8892
vn 0.6862 0.4604 0.5632
vn 0.2565 -0.4684 -0.8454
vn 0.4224 -0.4440 -0.7902
vn 0.8882 -0.4510 0.0877
vn 0.4308 0.4069 0.8055
vn 0.4308 0.4068 0.8055
vn 0.4308 0.4068 0.8056
vn 0.5646 -0.4557 -0.6881
vn 0.8509 -0.4573 0.2584
vn 0.8509 -0.4574 0.2584
vn -0.0355 0.4590 0.8877
vn 0.7253 -0.4563 -0.5155
vn 0.7059 -0.4078 0.5792
vn -0.0874 0.4520 0.8877
vn 0.8537 -0.4520 -0.2588
vn -0.4937 -0.1904 0.8485
vn -1.0000 0.0003 -0.0000
vn -0.0000 -0.0000 1.0000
vn -1.0000 -0.0001 0.0001
vn -1.0000 -0.0000 0.0001
vn -0.4636 0.1806 -0.8674
vn -0.0963 0.1783 -0.9792
vn -0.0963 0.1784 -0.9792
vn -0.8674 -0.1810 0.4636
vn 0.1889 0.1801 -0.9653
vn -0.9373 -0.1921 0.2907
vn 0.6012 0.1731 -0.7801
vn -0.9795 -0.1769 -0.0964
vn 0.6237 0.1829 -0.7599
vn -0.8667 -0.1849 -0.4633
vn 0.9256 0.1793 -0.3333
vn -0.5508 -0.1914 -0.8124
vn 0.9404 0.1848 0.2854
vn 0.0960 -0.1992 -0.9752
vn 0.6238 0.1826 0.7600
vn 0.9837 -0.1779 -0.0248
vn 0.4623 0.1938 0.8653
vn 0.2857 0.1797 0.9413
vn 0.8663 -0.1871 0.4631
vn 0.0587 0.1878 0.9804
vn 0.8671 -0.1824 -0.4635
vn 0.5278 -0.1817 0.8297
vn -0.4636 0.1807 0.8674
vn -0.9757 0.1970 -0.0963
vn -0.6225 0.1924 0.7586
vn 0.0302 -0.1771 0.9837
vn -0.7050 0.1818 -0.6856
vn 0.6074 -0.0232 -0.7941
vn -0.8692 -0.0344 -0.4933
vn 0.9407 -0.0094 -0.3392
vn -0.1161 -0.0437 -0.9923
vn 0.9319 0.0393 0.3605
vn 0.2184 0.0325 -0.9753
vn 0.6039 -0.0372 0.7962
vn 0.7984 0.0257 -0.6016
vn 0.8767 0.0263 0.4804
vn 0.0651 0.0158 0.9978
vn -0.0108 0.0453 0.9989
vn 0.5333 -0.0195 0.8457
vn 0.9995 -0.0102 -0.0286
vn 0.9995 -0.0101 -0.0286
vn -0.9625 0.0263 -0.2699
vn 0.0341 0.0081 0.9994
vn -0.1816 -0.0311 0.9829
vn -0.8519 0.0402 0.5222
vn -0.5134 0.0246 -0.8578
vn -0.8927 -0.0374 0.4492
vn 0.1945 0.0139 -0.9808
vn 0.5178 -0.8552 0.0221
vn -0.0520 0.8781 -0.4756
vn 0.4273 0.9034 0.0361
vn 0.2623 0.8852 0.3842
vn -0.1152 -0.8861 0.4490
vn -0.3642 -0.9029 0.2282
vn -0.3826 -0.8810 -0.2782
vn -0.1176 0.8833 0.4538
vn -0.1327 -0.8836 -0.4491
vn -0.3756 0.8856 0.2731
vn -0.3793 0.9065 0.1854
vn 0.0695 -0.9076 -0.4140
vn 0.2564 -0.8625 -0.4362
vn 0.3157 -0.0022 -0.9489
vn 0.3157 -0.0023 -0.9489
vn 0.3412 -0.8960 -0.2842
vn 0.2406 -0.9043 0.3525
vn -0.1037 0.9086 0.4045
vn 0.3682 -0.9282 -0.0539
vn 0.0291 -0.9288 0.3695
vn -0.3011 0.9184 0.2567
vn -0.3396 0.9068 -0.2498
vn -0.1064 -0.9054 0.4109
vn -0.4127 0.9104 0.0282
vn -0.1130 0.9170 -0.3826
vn -0.3211 -0.9171 0.2363
vn 0.2167 0.9040 -0.3686
vn -0.4288 -0.9024 -0.0436
vn -0.2922 -0.9277 -0.2323
vn 0.4391 0.8983 0.0187
vn 0.4905 0.7790 -0.3907
vn 0.0015 0.0877 0.9961
vn 0.9686 -0.0791 -0.2357
vn 0.6453 -0.1279 0.7532
vn -0.9199 0.0642 -0.3869
vn -0.9199 0.0641 -0.3869
vn -0.8670 0.0930 0.4895
vn -0.3719 -0.1920 0.9082
vn -0.3675 0.0217 -0.9298
vn -0.9780 -0.2085 -0.0122
vn 0.6955 0.1431 -0.7042
vn -0.5823 -0.0696 -0.8100
vn 0.9397 0.0903 0.3297
vn 0.0007 -0.8263 0.5632
vn 0.3446 0.8056 0.4819
vn -0.5611 -0.8025 -0.2029
vn 0.0639 0.7887 0.6115
vn -0.5396 -0.8115 -0.2242
vn -0.2290 0.8085 0.5422
vn -0.6091 -0.7901 0.0693
vn -0.2123 -0.8253 -0.5233
vn -0.5701 0.7670 0.2944
vn -0.6078 0.7939 -0.0175
vn 0.4045 -0.8201 -0.4047
vn -0.3343 0.8206 -0.4635
vn -0.2508 0.7932 -0.5549
vn 0.5504 -0.8130 0.1899
vn 0.5503 -0.8131 0.1899
vn 0.1087 0.7879 -0.6061
vn 0.1831 0.8207 -0.5412
vn -0.1591 0.4933 0.8552
vn -0.9178 -0.2013 -0.3422
vn -0.7069 -0.4191 0.5698
vn -0.5117 0.5033 0.6963
vn -0.5438 -0.2999 -0.7838
vn -0.7856 0.3959 0.4755
vn -0.9768 -0.1843 0.1087
vn -0.8116 0.5709 0.1241
vn 0.0973 -0.4205 -0.9021
vn -0.8687 0.4470 -0.2137
vn -0.7288 0.3818 -0.5683
vn 0.6025 -0.4184 -0.6797
vn -0.3389 0.3833 -0.8592
vn 0.9374 -0.2469 -0.2457
vn 0.1673 0.4053 -0.8988
vn 0.8506 -0.4035 0.3372
vn 0.5542 0.3522 -0.7542
vn 0.7535 0.4737 -0.4559
vn 0.4311 -0.3658 0.8248
vn 0.4311 -0.3659 0.8248
vn 0.6212 0.4966 0.6062
vn 0.9133 0.3826 -0.1396
vn 0.2708 0.5104 0.8162
vn -0.1724 -0.2991 0.9385
vn 0.8083 0.5451 0.2227
vn -0.0635 0.9872 -0.1464
vn 0.0104 0.9874 -0.1577
vn -0.1558 -0.9875 0.0216
vn 0.0544 0.9875 0.1478
vn -0.0070 0.9875 0.1572
vn -0.1242 -0.9874 -0.0977
vn -0.0666 0.9875 0.1426
vn -0.1204 0.9874 0.1030
vn -0.0575 -0.9869 -0.1504
vn -0.1556 0.9872 0.0344
vn 0.1357 -0.9875 -0.0797
vn 0.1520 -0.9874 0.0447
vn -0.1252 0.9873 -0.0974
vn 1.0000 -0.0000 -0.0000
vn -0.0000 1.0000 -0.0000
vn 0.8224 -0.5681 0.0308
vn 0.6420 -0.5806 0.5007
vn 0.4727 -0.6948 0.5421
vn 0.2665 -0.6150 0.7421
vn -0.3020 -0.7472 0.5921
vn -0.6645 -0.7056 0.2461
vn -0.7534 -0.5080 -0.4175
vn -0.1138 -0.4528 -0.8843
vn 0.0913 -0.7000 -0.7083
vn 0.6139 -0.5429 -0.5730
vn -0.0004 1.0000 -0.0016
vn -0.0000 1.0000 -0.0006
vn -0.0003 1.0000 -0.0000
vn -0.0001 1.0000 -0.0006
vn -0.0000 1.0000 -0.0005
vn 0.0001 1.0000 -0.0008
vn -0.7632 0.5573 -0.3271
vn -0.4811 0.5879 -0.6503
vn -0.0313 0.5506 -0.8342
vn 0.5746 0.5244 -0.6284
vn 0.8835 0.4668 0.0395
vn 0.5673 0.5516 0.6115
vn 0.0724 0.6013 0.7957
vn -0.4826 0.5680 0.6666
vn -0.7933 0.5620 0.2342
vn 0.0006 -1.0000 -0.0003
vn 0.0005 -1.0000 -0.0002
vn 0.0008 -1.0000 0.0008
vn -0.0006 -1.0000 -0.0007
vn 0.0002 -1.0000 0.0004
vn -0.2439 -0.4545 -0.8567
vn 0.8982 0.3874 -0.2077
vn 0.5998 0.4137 0.6849
vn 0.9744 -0.2098 0.0805
vn -0.2843 0.4972 -0.8197
vn 0.1383 -0.2511 -0.9580
vn -0.7933 0.5358 0.2891
vn -0.4190 -0.4052 0.8125
vn 0.3166 0.2814 0.9059
vn 0.7955 -0.3831 0.4694
vn 0.0575 0.3858 -0.9208
vn 0.0575 0.3859 -0.9208
vn 0.4781 -0.2879 -0.8298
vn -0.7000 -0.4916 0.5180
vn -0.8301 0.5154 -0.2129
vn 0.5547 -0.4112 0.7234
vn 0.5547 -0.4110 0.7234
vn 0.9276 0.3386 0.1581
vn 0.4683 0.3139 -0.8260
vn -0.6533 -0.5586 -0.5111
vn 0.6688 -0.4369 -0.6015
vn -0.3882 0.5199 0.7609
vn -0.6441 0.5196 -0.5614
vn 0.2870 -0.3915 0.8743
vn 0.7690 0.3441 -0.5388
vn -0.8268 -0.5608 0.0433
vn 0.8168 0.3198 0.4801
vn 0.7758 -0.5659 -0.2791
vn 0.7758 -0.5660 -0.2790
vn 0.5641 -0.4573 0.6875
vn -0.0697 -0.9946 -0.0770
vn -0.0540 0.9945 0.0899
vn -0.0044 1.0000 -0.0075
vn 0.8786 -0.4346 -0.1977
vn -0.4268 0.4244 0.7986
vn -0.9005 0.4256 -0.0889
vn 0.2838 -0.4279 0.8581
vn -0.7865 0.4525 -0.4204
vn -0.7043 0.4664 0.5352
vn -0.7556 0.4562 -0.4700
vn -0.8611 0.4369 0.2600
vn -0.4306 -0.4369 0.7898
vn -0.5137 0.4570 -0.7261
vn -0.6956 -0.4363 0.5708
vn -0.2177 0.4668 -0.8572
vn 0.1174 0.4297 -0.8953
vn -0.8613 -0.4356 0.2613
vn 0.2574 0.4619 -0.8488
vn 0.4191 0.4574 -0.7843
vn -0.8950 -0.4358 -0.0954
vn -0.8949 -0.4359 -0.0954
vn 0.5871 0.4035 -0.7017
vn -0.7940 -0.4352 -0.4244
vn 0.8437 0.4337 -0.3164
vn -0.6863 -0.4601 -0.5633
vn 0.8834 0.4606 -0.0870
vn -0.4295 -0.4034 -0.8079
vn 0.8968 0.4335 0.0883
vn 0.8516 0.4562 0.2583
vn 0.0440 -0.4570 -0.8884
vn 0.7855 0.4268 0.4481
vn 0.5646 0.4562 0.6878
vn 0.4225 0.4016 0.8125
vn 0.4662 -0.4272 -0.7747
vn 0.8877 -0.4348 0.1516
vn 0.2590 0.4524 0.8534
vn 0.6894 -0.4523 -0.5658
vn 0.7870 -0.4513 0.4207
vn 0.0898 0.3992 0.9125
vn 0.8067 -0.4042 -0.4312
vn 0.7124 -0.4035 0.5741
vn 0.7124 -0.4036 0.5741
vn 0.7125 -0.4035 0.5741
vn -0.9785 0.1821 0.0966
vn -0.4629 -0.1871 0.8664
vn -0.3215 0.1863 -0.9284
vn -0.6240 -0.1806 0.7603
vn -0.2856 0.1833 -0.9407
vn -0.2856 0.1832 -0.9407
vn -0.7609 -0.1769 0.6243
vn 0.0961 0.1907 -0.9769
vn 0.0961 0.1906 -0.9769
vn -0.9390 -0.1928 0.2849
vn 0.2853 0.1815 -0.9411
vn -0.9788 -0.1806 0.0964
vn 0.4622 0.1950 -0.8651
vn -0.9411 -0.1811 -0.2855
vn 0.7607 0.1783 -0.6242
vn -0.8955 -0.1897 -0.4026
vn 0.8640 0.2005 -0.4618
vn -0.7602 -0.1811 -0.6239
vn 0.9404 0.1852 -0.2853
vn -0.6235 -0.1851 -0.7596
vn 0.9794 0.1773 -0.0964
vn -0.4634 -0.1826 -0.8671
vn 0.9794 0.1772 0.0964
vn -0.2859 -0.1757 -0.9420
vn 0.9168 0.1910 0.3506
vn -0.0964 -0.1768 -0.9795
vn 0.8671 0.1829 0.4634
vn 0.1785 -0.1877 -0.9659
vn 0.7605 0.1790 0.6242
vn 0.2853 -0.1846 -0.9405
vn 0.4639 -0.1772 -0.8680
vn 0.9764 -0.1931 0.0964
vn 0.5840 0.1758 0.7925
vn 0.6243 -0.1774 -0.7608
vn 0.9413 -0.1796 0.2857
vn 0.7596 -0.1852 -0.6235
vn 0.8631 -0.1865 0.4694
vn 0.0961 0.1924 0.9766
vn 0.7980 -0.1910 -0.5716
vn 0.7604 -0.1804 0.6239
vn -0.0964 0.1807 0.9788
vn 0.9417 -0.1783 -0.2854
vn 0.6238 -0.1812 0.7603
vn -0.2858 0.1768 0.9418
vn 0.9786 -0.1819 -0.0966
vn 0.4628 -0.1897 0.8659
vn -0.9789 0.1931 -0.0667
vn 0.2858 -0.1780 0.9416
vn -0.6507 0.1967 0.7334
vn -0.9412 0.1809 -0.2853
vn 0.0966 -0.1818 0.9786
vn -0.7598 0.1835 0.6237
vn -0.8679 0.1775 -0.4639
vn -0.0960 -0.1932 0.9765
vn -0.0960 -0.1932 0.9764
vn -0.8683 0.1752 0.4641
vn -0.7588 0.1910 -0.6226
vn -0.2854 -0.1799 0.9414
vn -0.9421 0.1747 0.2861
vn -0.9422 0.1746 0.2861
vn -0.6237 0.1820 -0.7602
vn -0.9154 -0.0051 -0.4025
vn 0.8773 0.0315 -0.4789
vn -0.5678 0.0297 -0.8226
vn 0.9115 0.0154 0.4110
vn 0.9966 -0.0388 0.0731
vn 0.9966 -0.0387 0.0731
vn 0.6481 -0.0321 -0.7609
vn 0.5471 -0.0143 0.8370
vn -0.9979 -0.0307 -0.0576
vn -0.6709 -0.0403 0.7404
vn -0.7169 -0.0154 -0.6970
vn -0.5006 0.0310 0.8651
vn -0.3109 -0.0104 -0.9504
vn 0.1830 0.0175 -0.9829
vn -0.9549 0.0153 0.2965
vn -0.3197 0.8810 -0.3488
vn 0.3754 -0.9124 0.1629
vn -0.0223 0.8908 -0.4539
vn 0.2490 -0.8633 0.4390
vn 0.2807 0.8993 -0.3353
vn 0.4585 0.8832 0.0991
vn 0.3780 0.8684 -0.3210
vn -0.0113 -0.9108 0.4126
vn 0.2508 0.8889 0.3833
vn -0.4043 -0.9073 -0.1153
vn -0.3559 -0.8901 0.2848
vn -0.0746 0.8972 0.4353
vn -0.4707 -0.8819 0.0277
vn -0.2150 -0.9040 -0.3695
vn -0.2150 -0.9041 -0.3694
vn -0.4787 0.8769 -0.0441
vn -0.3611 0.9110 -0.1992
vn 0.3531 -0.9164 -0.1887
vn -0.0238 -0.9031 -0.4288
vn 0.1347 -0.9329 -0.3340
vn 0.2154 0.8997 0.3796
vn 0.4167 -0.9048 0.0874
vn 0.0489 0.9289 0.3670
vn 0.3027 -0.9247 0.2307
vn 0.3027 -0.9248 0.2307
vn -0.3671 0.9272 -0.0741
vn -0.3156 0.9153 0.2502
vn -0.1340 0.9117 -0.3884
vn -0.3116 -0.9194 0.2402
vn 0.2271 0.9124 -0.3406
vn -0.2750 -0.9145 -0.2966
vn 0.3932 0.9172 0.0649
vn 0.5462 0.7881 0.2838
vn 0.3808 0.0854 -0.9207
vn 0.1409 -0.0875 0.9861
vn 0.7871 0.0516 0.6146
vn 0.9874 0.0105 -0.1577
vn -0.9742 -0.1163 -0.1935
vn 0.0884 0.1192 0.9889
vn -0.7654 -0.0677 0.6400
vn -0.3289 -0.0293 -0.9439
vn -0.7815 0.2260 0.5815
vn 0.5558 -0.0734 -0.8281
vn -0.7726 0.2137 -0.5979
vn 0.9787 -0.1233 0.1643
vn 0.9810 0.1833 -0.0638
vn -0.1081 -0.7904 0.6029
vn 0.5478 0.8250 -0.1388
vn 0.5477 0.8251 -0.1388
vn 0.3706 0.8207 0.4348
vn 0.6058 0.7944 -0.0442
vn -0.4815 -0.7882 0.3833
vn -0.5016 -0.8202 0.2751
vn -0.2129 0.8140 0.5404
vn -0.3524 -0.7855 -0.5088
vn 0.0708 -0.7683 -0.6361
vn -0.5679 0.8201 -0.0701
vn 0.3920 -0.8067 -0.4422
vn -0.4736 0.7948 -0.3795
vn 0.6031 -0.7818 -0.1581
vn 0.5556 -0.8024 0.2178
vn 0.2933 -0.7705 0.5659
vn -0.6783 -0.5109 -0.5281
vn 0.1058 0.1887 0.9763
vn -0.9159 -0.3514 0.1941
vn -0.3424 -0.4954 -0.7984
vn -0.3771 0.3082 0.8734
vn -0.8188 -0.5377 -0.2013
vn 0.0667 -0.3971 -0.9154
vn -0.8609 0.2326 0.4524
vn 0.5347 -0.3454 -0.7712
vn -0.9230 0.3653 -0.1207
vn 0.8606 -0.3519 -0.3681
vn 0.8432 -0.5362 0.0381
vn -0.7208 0.3882 -0.5742
vn -0.7208 0.3881 -0.5742
vn 0.8105 -0.4461 0.3796
vn -0.3869 0.3443 -0.8554
vn -0.3869 0.3443 -0.8555
vn 0.6311 -0.3524 0.6910
vn 0.1648 0.4031 -0.9002
vn 0.3003 -0.4733 0.8282
vn -0.0413 -0.3814 0.9235
vn 0.7244 0.3653 -0.5846
vn 0.8741 0.1837 0.4497
vn -0.3577 -0.5354 0.7651
vn 0.5697 0.2060 0.7956
vn -0.6947 -0.3959 0.6006
vn -0.0933 -0.9875 0.1267
vn 0.1423 0.9876 0.0665
vn -0.1338 -0.9876 0.0823
vn 0.1050 0.9875 0.1172
vn -0.1533 -0.9875 -0.0356
vn 0.0277 -0.9871 -0.1574
vn -0.1523 0.9875 -0.0395
vn 0.0921 -0.9876 -0.1274
vn 0.1154 -0.9872 0.1104
vn 0.1552 -0.9875 -0.0257
vn 0.0919 0.9871 -0.1314
vn 0.0491 -0.9874 0.1507
vn 0.1463 0.9872 -0.0628
vn -0.0283 -0.9872 0.1570
vn 0.1570 0.9876 0.0071
vn 0.2870 0.3982 -0.8712
vn 0.7875 -0.0498 -0.6143
vn 0.9516 0.3052 -0.0358
vn 0.7304 0.3449 0.5895
vn 0.2390 0.4802 0.8440
vn -0.2732 0.4871 0.8295
vn -0.6883 0.4801 0.5438
vn -0.8625 0.5021 0.0640
vn -0.7849 0.3894 -0.4819
vn -0.2608 0.5126 -0.8181
vn 0.1968 0.9068 -0.3728
vn 0.3446 0.9018 0.2608
vn -0.4636 0.8056 0.3690
vn -0.0029 0.9406 0.3395
vn -0.1788 0.8129 -0.5543
vn 0.4203 0.9074 0.0086
vn -0.4487 0.8586 -0.2482
vn -0.1984 0.8992 0.3901
vn 0.1628 0.8077 0.5666
vn -0.4961 0.8666 0.0528
vn -0.2917 0.9012 0.3206
vn 0.8692 -0.4939 0.0257
vn 0.6776 -0.5339 0.5059
vn -0.0173 -0.4818 0.8761
vn 0.7722 0.1103 0.6258
vn -0.8707 -0.0177 -0.4915
vn 0.4767 -0.0117 0.8790
vn 0.2843 0.0239 -0.9584
vn 0.1065 0.1027 0.9890
vn -0.5086 0.0442 -0.8599
vn 0.6527 0.0107 -0.7576
vn -0.2794 0.0213 0.9599
vn -0.1041 0.0235 -0.9943
vn -0.6427 0.0132 0.7660
vn 0.9514 0.0776 -0.2981
vn -0.9282 0.0066 0.3720
vn 0.9677 0.0432 0.2485
vn -0.9982 0.0257 -0.0535
vn -0.1865 0.7281 0.6596
vn -0.0663 0.7581 -0.6488
vn -0.4281 0.7538 0.4986
vn 0.6694 0.7104 -0.2175
vn -0.5911 0.7622 0.2639
vn 0.6201 0.7821 0.0617
vn -0.6861 0.7257 -0.0517
vn 0.5058 0.7565 0.4146
vn -0.6020 0.7825 -0.1591
vn -0.6021 0.7824 -0.1591
vn -0.6020 0.7824 -0.1591
vn -0.6084 0.7186 -0.3367
vn 0.2045 0.7709 0.6033
vn 0.2045 0.7709 0.6032
vn 0.2046 0.7709 0.6032
vn -0.3976 0.7827 -0.4789
vn 0.2958 0.7773 -0.5552
vn -0.0810 0.7673 0.6361
vn 0.2793 0.5200 0.8072
vn -0.5393 0.5360 -0.6495
vn 0.4799 0.5891 -0.6501
vn -0.0890 0.5062 -0.8578
vn -0.0889 0.5061 -0.8579
vn -0.3358 0.6126 0.7155
vn -0.3358 0.6127 0.7154
vn -0.5313 0.4773 0.6999
vn 0.7582 0.6217 -0.1964
vn -0.7603 0.5524 0.3416
vn -0.7604 0.5524 0.3416
vn 0.6647 0.5974 0.4486
vn -0.8569 0.4656 -0.2211
vn -0.8570 0.4655 -0.2211
vn -0.4249 -0.3317 -0.8423
vn 0.3732 -0.7779 -0.5055
vn -0.0585 -0.5630 -0.8244
vn -0.3324 -0.6372 0.6953
vn 0.6103 -0.7762 -0.1582
vn 0.6101 -0.7764 -0.1578
vn 0.6103 -0.7763 -0.1580
vn -0.9662 -0.2513 0.0578
vn 0.5414 -0.7551 0.3697
vn 0.5414 -0.7552 0.3697
vn 0.5415 -0.7551 0.3695
vn 0.4955 -0.3536 0.7934
vn 0.4955 -0.3534 0.7935
vn 0.4954 -0.3534 0.7936
vn -0.8064 -0.1749 -0.5650
vn 0.1747 -0.7668 0.6176
vn 0.3214 -0.0844 -0.9432
vn 0.7078 0.7064 0.0059
vn -0.8080 0.5864 0.0574
vn 0.6025 0.7184 0.3477
vn 0.6024 0.7184 0.3478
vn 0.6025 0.7184 0.3478
vn -0.6004 0.7972 -0.0626
vn -0.6694 0.5801 -0.4640
vn 0.4943 0.7613 -0.4195
vn 0.7034 0.5820 -0.4081
vn 0.2912 0.3206 0.9013
vn 0.1708 0.8192 0.5475
vn 0.1707 0.8193 0.5474
vn 0.1709 0.8192 0.5475
vn -0.2302 0.0624 0.9711
vn 0.3650 0.5173 -0.7741
vn -0.0477 0.6828 -0.7291
vn 0.8270 0.4863 0.2819
vn -0.6453 0.1723 0.7442
vn 0.9117 0.1157 -0.3942
vn 0.9117 0.1157 -0.3941
vn 0.9117 0.1158 -0.3943
vn -0.9908 0.0860 0.1041
vn 0.1119 0.1871 -0.9759
vn 0.1119 0.1872 -0.9759
vn -0.0579 0.1708 0.9836
vn -0.0579 0.1709 0.9836
vn -0.3335 0.0124 -0.9427
vn 0.1615 -0.0155 -0.9868
vn -0.8607 0.0054 -0.5091
vn 0.1871 0.0137 0.9822
vn 0.5992 -0.0013 -0.8006
vn -0.3902 -0.0049 -0.9207
vn 0.5836 0.0010 -0.8121
vn -0.5928 0.0002 0.8053
vn 0.9592 -0.0040 -0.2826
vn -0.9712 0.0026 0.2383
vn 0.1478 -0.9686 -0.2002
vn 0.2508 -0.9579 -0.1398
vn 0.2446 -0.9669 -0.0733
vn -0.2431 -0.9578 0.1534
vn 0.2389 -0.9616 0.1350
vn -0.2260 -0.9605 -0.1620
vn 0.0430 -0.9682 -0.2465
vn -0.2021 0.5771 0.7913
vn 0.3864 0.8206 0.4212
vn -0.6187 0.6039 -0.5025
vn -0.6187 0.6040 -0.5024
vn -0.6187 0.6041 -0.5023
vn 0.3240 0.6711 -0.6668
vn -0.3722 0.7572 -0.5368
vn 0.1611 0.7680 0.6199
vn 0.1610 0.7681 0.6198
vn 0.1612 0.7679 0.6199
vn -0.3419 0.7295 -0.5924
vn -0.2016 0.5790 0.7900
vn -0.2015 0.5789 0.7901
vn -0.2014 0.5790 0.7901
vn 0.5529 0.7574 -0.3473
vn -0.5268 0.8004 0.2860
vn 0.5824 0.8043 0.1182
vn 0.6415 -0.6857 -0.3440
vn -0.4105 0.6995 -0.5850
vn 0.6660 0.4936 -0.5593
vn -0.3464 0.4749 0.8090
vn -0.7240 0.6365 0.2660
vn 0.8336 0.5217 0.1813
vn 0.5909 0.5902 0.5501
vn 0.5968 0.4994 0.6281
vn 0.5968 0.4993 0.6282
vn -0.7979 0.4535 -0.3971
vn 0.2013 0.4865 0.8502
vn -0.9354 0.1167 0.3338
vn 0.9668 0.1334 0.2179
vn 0.1409 0.0574 0.9884
vn 0.6875 0.3428 -0.6402
vn 0.6875 0.3429 -0.6401
vn 0.6876 0.3430 -0.6400
vn -0.5003 0.0342 0.8652
vn -0.5003 0.0344 0.8651
vn 0.9023 0.0546 -0.4277
vn 0.9435 0.2848 -0.1692
vn 0.9435 0.2847 -0.1693
vn -0.3517 -0.9052 -0.2388
vn 0.2481 -0.5224 -0.8158
vn -0.0265 -0.8263 0.5626
vn -0.2114 -0.5622 -0.7995
vn -0.3093 -0.6235 0.7180
vn 0.7216 -0.5817 -0.3755
vn -0.3866 -0.8141 0.4333
vn 0.4132 -0.9072 -0.0793
vn 0.5951 -0.7759 0.2096
vn 0.5951 -0.7758 0.2098
vn 0.5951 -0.7759 0.2094
vn 0.3407 -0.7748 0.5326
vn 0.8796 0.4621 -0.1129
vn -0.7034 0.5917 -0.3939
vn -0.6667 0.5780 0.4706
vn -0.8155 0.5488 0.1840
vn -0.5138 0.8577 -0.0155
vn -0.5137 0.8578 -0.0156
vn -0.5139 0.8577 -0.0154
vn -0.7882 0.4484 -0.4216
vn 0.0800 0.5613 0.8238
vn -0.2960 0.6851 -0.6656
vn 0.5836 -0.3840 0.7155
vn 0.5368 -0.2868 -0.7935
vn 0.9827 -0.1845 -0.0160
vn -0.7630 -0.3679 0.5315
vn 0.4788 -0.4157 0.7733
vn 0.1140 -0.3910 -0.9133
vn 0.1950 -0.3812 0.9037
vn -0.5794 -0.3844 -0.7187
vn -0.2059 -0.3754 -0.9037
vn -0.3847 -0.3990 0.8323
vn 0.7522 -0.3788 -0.5392
vn 0.9265 -0.3758 0.0190
vn 0.8560 -0.4202 0.3010
vn -0.9176 -0.3952 -0.0425
vn -0.9176 -0.3951 -0.0425
vn -0.4970 0.8660 -0.0559
vn 0.4310 -0.4471 -0.7838
vn 0.8639 -0.4430 -0.2396
vn -0.8662 -0.4422 0.2326
vn -0.8662 -0.4422 0.2327
vn -0.8662 -0.4421 0.2327
vn 0.3051 0.8301 0.4667
vn 0.7239 0.6815 0.1074
vn -0.8112 0.2349 -0.5355
vn -0.2844 0.8339 -0.4729
vn -0.0227 0.9283 0.3710
vn -0.0227 0.9283 0.3711
vn -0.0228 0.9283 0.3710
vn 0.2359 0.7541 0.6129
vn 0.2143 0.8409 -0.4970
vn 0.0562 0.8599 -0.5073
vn -0.3642 0.8048 -0.4686
vn -0.4881 0.8214 0.2949
vn -0.4400 0.8642 0.2440
vn 0.5482 0.8290 0.1107
vn 0.4993 0.8420 0.2043
vn 0.4875 0.8231 -0.2913
vn 0.0700 0.8067 -0.5868
vn 0.8930 0.2238 -0.3904
vn -0.9136 0.0996 -0.3941
vn 0.9139 0.2195 0.3413
vn -0.2819 -0.0190 -0.9593
vn 0.4840 -0.0365 -0.8743
vn 0.0159 0.9998 0.0134
vn 0.0219 0.9997 -0.0113
vn -0.0155 0.9999 -0.0039
vn -0.0203 0.9997 0.0114
vn -0.0060 0.9999 -0.0131
vn 0.0019 0.9998 -0.0183
vn -0.0037 1.0000 0.0013
vn -0.0044 1.0000 0.0028
vn -0.0164 0.9999 0.0003
vn -0.1492 -0.7698 -0.6206
vn 0.2697 0.5750 0.7724
vn 0.2515 0.4497 -0.8570
vn 0.0647 0.4577 0.8868
vn -0.8243 0.5363 -0.1814
vn -0.8243 0.5362 -0.1815
vn 0.0140 0.6011 -0.7991
vn 0.6355 -0.7592 -0.1405
vn 0.5447 -0.8180 0.1848
vn 0.5447 -0.8180 0.1847
vn 0.5628 -0.7626 0.3189
vn 0.0096 -0.8378 -0.5459
vn -0.4728 -0.7621 -0.4423
vn 0.2008 -0.7881 0.5818
vn 0.3433 -0.7287 -0.5926
vn -0.7767 -0.1083 -0.6205
vn 0.3164 -0.3473 0.8828
vn -0.6941 -0.2159 -0.6868
vn -0.6941 -0.2158 -0.6868
vn -0.6942 -0.2157 -0.6867
vn 0.1208 -0.1211 0.9853
vn 0.1206 -0.1211 0.9853
vn -0.3049 -0.1425 -0.9417
vn -0.2216 -0.2359 0.9462
vn 0.9537 -0.2291 -0.1946
vn -0.9346 -0.1615 0.3169
vn 0.8137 -0.2548 0.5225
vn -0.9354 -0.3289 -0.1299
vn -0.9495 -0.1386 -0.2814
vn 0.5807 -0.1463 0.8008
vn -0.6690 0.5012 0.5489
vn 0.2405 0.5234 0.8175
vn 0.2404 0.5235 0.8174
vn 0.2406 0.5233 0.8175
vn -0.6772 0.4598 -0.5745
vn -0.0327 0.6610 0.7497
vn 0.5671 0.6334 -0.5265
vn 0.5671 0.6333 -0.5266
vn -0.6618 0.5204 0.5397
vn -0.0900 0.8361 0.5412
vn -0.1637 0.8166 -0.5535
vn -0.4673 0.7470 0.4729
vn -0.4673 0.7469 0.4731
vn 0.5469 0.8352 0.0584
vn -0.4261 0.9034 0.0481
vn 0.4095 -0.2429 -0.8794
vn 0.7954 0.1097 -0.5961
vn 0.9527 -0.3019 0.0358
vn 0.8063 0.0336 0.5905
vn 0.4290 -0.3647 0.8264
vn -0.0644 -0.4763 0.8769
vn -0.5359 -0.4903 0.6873
vn -0.8073 -0.5398 0.2384
vn -0.8357 -0.3931 -0.3836
vn -0.4601 -0.4633 -0.7574
vn -0.4093 0.9109 -0.0524
vn -0.0809 -0.3348 -0.9388
vn 0.3854 0.8680 0.3130
vn 0.5313 0.8469 -0.0203
vn 0.2740 0.9098 -0.3117
vn -0.3530 0.9169 0.1860
vn -0.1471 0.8512 -0.5038
vn -0.1890 0.8018 0.5669
vn -0.5149 0.7963 -0.3175
vn 0.4698 0.8032 -0.3663
vn 0.1822 0.9118 0.3681
vn 0.0412 0.9197 -0.3906
vn 0.3555 0.9172 -0.1801
vn -0.5499 0.8343 0.0395
vn 0.1883 0.8017 -0.5673
vn -0.2348 0.9273 -0.2915
vn 0.6350 -0.0512 0.7708
vn -0.8767 -0.0003 -0.4811
vn 0.4461 -0.0459 0.8938
vn 0.1079 -0.0948 -0.9896
vn 0.2494 -0.0290 0.9680
vn -0.6236 -0.0936 -0.7761
vn 0.4522 -0.0776 -0.8885
vn -0.1271 -0.0845 0.9883
vn 0.6682 -0.0130 -0.7438
vn -0.2791 -0.0947 -0.9556
vn -0.4525 -0.0782 0.8883
vn 0.8831 -0.1001 -0.4584
vn -0.6696 -0.0267 0.7422
vn 0.9491 0.0826 -0.3039
vn -0.8827 -0.0968 0.4599
vn 0.9877 -0.0751 0.1369
vn -0.9902 -0.0750 0.1176
vn 0.8796 -0.0727 0.4702
vn -0.9887 -0.0474 -0.1424
vn -0.0678 0.7591 -0.6475
vn 0.5591 0.7751 -0.2942
vn -0.4197 0.7262 0.5445
vn -0.5933 0.7575 0.2723
vn 0.6666 0.7243 0.1764
vn 0.5060 0.7588 0.4102
vn 0.3269 0.7279 0.6027
vn 0.1950 0.7278 -0.6575
vn 0.0677 0.7301 0.6800
vn -0.3470 0.7235 -0.5968
vn 0.4589 0.7162 -0.5259
vn 0.2119 0.5767 0.7890
vn 0.2118 0.5767 0.7890
vn -0.5411 0.5342 -0.6495
vn 0.4187 0.4680 -0.7782
vn -0.1210 0.4558 0.8818
vn -0.0388 0.5601 -0.8275
vn 0.7842 0.4601 -0.4164
vn -0.7757 0.4898 0.3978
vn -0.7758 0.4898 0.3978
vn 0.9100 0.4042 0.0925
vn -0.8110 0.5704 -0.1298
vn -0.8110 0.5704 -0.1300
vn 0.6643 0.5101 0.5464
vn -0.0191 -0.1609 0.9868
vn -0.0370 -0.6138 -0.7886
vn -0.4463 -0.4650 0.7646
vn -0.4462 -0.4650 0.7646
vn 0.8443 -0.2175 -0.4898
vn 0.8443 -0.2177 -0.4897
vn 0.8443 -0.2174 -0.4899
vn -0.7339 -0.4554 0.5040
vn -0.6190 -0.7185 0.3171
vn 0.9723 -0.2320 0.0271
vn 0.7712 -0.4828 0.4149
vn -0.6456 -0.7566 -0.1034
vn -0.4528 -0.7067 -0.5436
vn 0.6051 0.7142 0.3519
vn 0.4105 0.6323 0.6570
vn 0.2517 0.6375 -0.7282
vn 0.0154 0.5968 0.8023
vn 0.7143 0.6998 0.0012
vn -0.5934 0.7190 0.3619
vn -0.2108 0.8776 -0.4306
vn -0.1073 0.7083 0.6977
vn -0.1074 0.7083 0.6977
vn -0.4315 0.5879 0.6843
vn -0.6515 0.6663 0.3628
vn 0.3503 0.4971 -0.7938
vn -0.6579 0.3213 -0.6811
vn -0.2741 0.4941 -0.8251
vn -0.2973 0.5434 0.7851
vn 0.7557 0.3348 -0.5629
vn 0.8161 0.5154 -0.2614
vn -0.7041 0.2459 0.6661
vn 0.9420 0.3316 -0.0521
vn -0.8451 0.4985 0.1933
vn -0.8450 0.4986 0.1932
vn 0.8025 0.3656 0.4715
vn -0.9340 0.3409 -0.1070
vn -0.9340 0.3407 -0.1071
vn -0.7726 0.5139 -0.3729
vn 0.3764 0.4757 0.7950
vn -0.7580 0.0958 0.6452
vn 0.8990 0.1285 0.4186
vn 0.8990 0.1286 0.4187
vn -0.9435 0.0708 -0.3239
vn 0.5228 -0.0033 0.8525
vn 0.5402 -0.0287 -0.8411
vn -0.4801 0.1516 -0.8640
vn -0.9787 -0.0033 0.2052
vn 0.8703 0.0124 0.4924
vn -0.9150 -0.0122 -0.4032
vn -0.9150 -0.0120 -0.4032
vn -0.9150 -0.0122 -0.4033
vn 0.5105 -0.0178 0.8597
vn 0.1385 -0.0118 -0.9903
vn -0.4930 -0.0200 -0.8698
vn -0.0686 -0.0228 0.9974
vn -0.6638 -0.0142 0.7478
vn 0.9571 -0.0026 -0.2898
vn 0.9554 -0.0176 0.2949
vn -0.1004 -0.9663 -0.2370
vn -0.0189 -0.9610 0.2760
vn -0.0696 -0.9529 -0.2952
vn -0.1223 -0.9793 0.1613
vn -0.1222 -0.9793 0.1614
vn -0.1224 -0.9793 0.1614
vn 0.2931 -0.9559 -0.0163
vn -0.2324 -0.9710 0.0554
vn 0.2458 -0.9570 0.1538
vn -0.3010 -0.9530 -0.0339
vn -0.2238 -0.9658 -0.1309
vn 0.1282 -0.9517 0.2789
vn 0.0488 -0.9686 0.2439
vn 0.1156 -0.9590 -0.2588
vn -0.6539 -0.5824 0.4829
vn -0.1487 -0.7823 -0.6049
vn -0.5928 0.8039 0.0478
vn 0.7057 0.5834 0.4022
vn 0.7057 0.5833 0.4020
vn 0.7055 0.5835 0.4023
vn -0.7574 0.6502 -0.0591
vn -0.5678 0.7769 -0.2721
vn 0.0319 0.6833 -0.7294
vn 0.2781 0.6509 0.7064
vn 0.3008 0.6978 -0.6501
vn -0.2245 0.8472 0.4815
vn -0.1271 0.8588 -0.4963
vn 0.5036 0.8212 -0.2685
vn 0.7615 0.6468 -0.0425
vn -0.6492 0.5800 0.4921
vn -0.9911 -0.1049 0.0819
vn 0.0970 0.6443 0.7586
vn 0.3353 0.6317 -0.6989
vn -0.1674 0.4287 -0.8878
vn -0.3878 0.6245 0.6779
vn 0.5850 0.7596 -0.2842
vn -0.7239 0.4216 0.5461
vn 0.8456 0.5176 -0.1307
vn 0.8177 0.5438 0.1886
vn -0.7692 0.6330 -0.0880
vn -0.8293 0.3872 0.4028
vn -0.0169 0.5961 -0.8027
vn -0.7133 0.5131 -0.4775
vn -0.7133 0.5130 -0.4775
vn -0.7132 0.5132 -0.4774
vn 0.5659 0.1864 -0.8032
vn -0.3682 0.2231 -0.9026
vn 0.9028 0.2854 0.3219
vn -0.8839 0.4363 0.1687
vn 0.7202 0.0455 0.6923
vn -0.9333 0.0416 -0.3567
vn 0.4780 0.3463 0.8072
vn 0.3304 -0.0847 -0.9400
vn -0.0472 0.2885 0.9563
vn -0.2776 0.3200 -0.9059
vn -0.6246 0.3086 0.7174
vn -0.7200 0.3872 -0.5760
vn -0.8879 0.4290 0.1660
vn -0.4418 -0.8095 -0.3866
vn 0.0852 -0.6742 0.7336
vn 0.2491 -0.5571 -0.7922
vn -0.2115 -0.8323 -0.5124
vn 0.4579 -0.8202 -0.3429
vn -0.5838 -0.6625 0.4694
vn -0.4268 -0.9000 0.0880
vn 0.5928 -0.7776 0.2095
vn -0.8241 -0.5643 -0.0492
vn 0.3010 -0.8069 0.5082
vn 0.9014 0.0479 -0.4302
vn 0.8436 -0.4625 0.2730
vn -0.8318 -0.5528 -0.0502
vn 0.3032 -0.0183 -0.9528
vn -0.6666 0.5783 0.4704
vn 0.7920 0.6052 -0.0805
vn 0.5130 0.8394 0.1795
vn 0.7467 0.5225 0.4117
vn 0.5164 0.5201 0.6803
vn 0.5165 0.5200 0.6803
vn 0.5162 0.5202 0.6804
vn -0.7340 0.5296 -0.4253
vn 0.3919 0.6727 0.6276
vn 0.0479 0.6145 0.7875
vn 0.0478 0.6145 0.7875
vn 0.0478 0.6144 0.7875
vn 0.4061 0.5794 -0.7066
vn 0.4060 0.5794 -0.7067
vn 0.4063 0.5794 -0.7065
vn -0.4046 0.5204 -0.7520
vn -0.4047 0.5204 -0.7519
vn -0.3044 0.5590 0.7712
vn 0.6163 0.6332 -0.4682
vn -0.0105 0.6982 -0.7158
vn -0.3234 0.6534 0.6845
vn -0.3235 0.6534 0.6844
vn -0.0845 -0.2605 -0.9618
vn 0.7095 -0.3316 -0.6218
vn -0.7913 -0.4089 -0.4546
vn 0.0652 -0.3977 0.9152
vn 0.0652 -0.3978 0.9152
vn 0.0653 -0.3977 0.9152
vn 0.3701 -0.3775 -0.8488
vn 0.3700 -0.3776 -0.8488
vn 0.3700 -0.3777 -0.8488
vn -0.4346 -0.4168 -0.7983
vn -0.4346 -0.4169 -0.7983
vn -0.0228 -0.3780 0.9255
vn -0.0227 -0.3778 0.9256
vn -0.0227 -0.3779 0.9256
vn -0.4140 -0.3913 0.8219
vn 0.8664 -0.3971 -0.3026
vn -0.7699 -0.3771 0.5148
vn -0.8643 -0.3378 0.3726
vn 0.8149 -0.3843 0.4338
vn -0.9177 -0.3950 -0.0425
vn -0.8166 -0.3960 -0.4200
vn -0.5009 0.8630 0.0651
vn 0.6830 -0.4426 -0.5810
vn -0.6965 -0.4533 0.5562
vn 0.0540 -0.4374 -0.8976
vn -0.4846 0.4644 0.7413
vn 0.1358 0.8954 0.4241
vn 0.3891 0.9201 -0.0439
vn 0.3892 0.9201 -0.0437
vn 0.3891 0.9201 -0.0440
vn 0.1977 0.8355 -0.5127
vn -0.5238 0.8081 -0.2694
vn -0.4465 0.8408 0.3063
vn -0.1871 0.8502 0.4920
vn -0.1871 0.8502 0.4921
vn -0.1870 0.8502 0.4921
vn 0.3595 0.9287 -0.0909
vn 0.2061 0.8495 -0.4857
vn -0.4985 0.8403 -0.2131
vn -0.4246 0.8218 0.3799
vn -0.4747 0.8681 0.1449
vn 0.4889 0.7964 0.3560
vn 0.5067 0.8416 0.1867
vn 0.5991 0.7941 -0.1019
vn -0.1981 0.8393 -0.5063
vn -0.6348 -0.0616 -0.7702
vn -0.2128 0.2397 0.9472
vn 0.5141 0.2423 0.8228
vn 0.0908 -0.0290 -0.9954
vn -0.8115 0.1707 0.5589
vn -0.0155 0.9999 -0.0040
vn 0.0043 0.9998 -0.0180
vn 0.0046 0.9998 -0.0173
vn -0.0117 0.9998 -0.0158
vn 0.0024 0.9998 0.0199
vn 0.0225 0.9997 0.0050
vn -0.0051 1.0000 0.0008
vn -0.0093 0.9999 -0.0041
vn -0.0070 0.9997 0.0224
vn -0.5146 0.4370 -0.7377
vn -0.4673 0.5981 0.6510
vn -0.4673 0.5981 0.6511
vn -0.4673 0.5982 0.6510
vn 0.7155 0.5721 -0.4010
vn 0.8648 0.4387 -0.2442
vn 0.8648 0.4388 -0.2442
vn -0.7020 0.4331 0.5654
vn 0.7585 0.5916 0.2733
vn 0.6977 0.4525 0.5553
vn -0.7650 0.5941 -0.2487
vn -0.3277 -0.8246 0.4612
vn 0.4896 -0.8285 -0.2717
vn 0.4896 -0.8285 -0.2718
vn -0.4083 -0.7917 0.4544
vn -0.6124 -0.7538 0.2384
vn -0.5960 -0.7965 -0.1012
vn -0.5198 -0.8374 -0.1690
vn 0.1913 -0.7923 0.5794
vn 0.1912 -0.7923 0.5794
vn -0.1291 -0.7749 0.6187
vn 0.1414 -0.0509 -0.9886
vn 0.1414 -0.0510 -0.9886
vn 0.4696 -0.3379 -0.8157
vn -0.2381 -0.1913 -0.9522
vn 0.7280 -0.0562 -0.6833
vn -0.4814 -0.0612 0.8744
vn -0.6196 -0.2915 0.7288
vn 0.9762 -0.1642 -0.1416
vn -0.9342 -0.1493 0.3240
vn 0.8615 -0.1749 0.4766
vn -0.9357 -0.1550 0.3170
vn 0.9790 0.1888 -0.0775
vn 0.9236 0.3763 0.0732
vn 0.8763 0.1695 0.4509
vn -0.9262 0.3649 -0.0947
vn -0.9263 0.3647 -0.0948
vn -0.9263 0.3647 -0.0949
vn -0.4899 0.0009 0.8718
vn -0.4902 0.0012 0.8716
vn -0.4900 0.0011 0.8717
vn 0.4662 0.7833 0.4111
vn -0.8195 0.5627 -0.1090
vn 0.5216 0.6839 0.5101
vn 0.5217 0.6839 0.5101
vn 0.5217 0.6838 0.5102
vn -0.6882 0.6994 -0.1928
vn -0.6882 0.6995 -0.1927
vn 0.2087 0.6209 -0.7556
vn 0.2739 0.3270 0.9045
vn -0.3681 0.5724 -0.7328
vn -0.3681 0.5722 -0.7329
vn -0.3681 0.5725 -0.7327
vn 0.5629 0.6213 -0.5450
vn -0.6090 0.7742 -0.1725
vn -0.0915 0.8369 0.5397
vn -0.0763 0.8401 -0.5370
vn -0.0764 0.8400 -0.5371
vn -0.0764 0.8399 -0.5373
vn 0.4945 0.8177 -0.2946
vn 0.4932 0.8608 0.1259
vn -0.0049 0.9999 0.0112
vn 0.0233 0.9696 -0.2435
vn -0.0690 0.9949 0.0732
vt 0.570747 0.638947
vt 0.570985 0.617349
vt 0.575915 0.635700
vt 0.576135 0.591257
vt 0.570972 0.582402
vt 0.575937 0.567804
vt 0.570747 0.562772
vt 0.636915 0.882034
vt 0.642091 0.869784
vt 0.642005 0.887976
vt 0.642018 0.920118
vt 0.636876 0.908373
vt 0.642116 0.942441
vt 0.636951 0.933372
vt 0.995285 0.321035
vt 0.995786 0.345263
vt 0.990411 0.328339
vt 0.995728 0.370725
vt 0.990722 0.353329
vt 0.995244 0.388647
vt 0.990454 0.378965
vt 0.194129 0.323059
vt 0.194588 0.302076
vt 0.199358 0.318408
vt 0.194623 0.277009
vt 0.199732 0.281766
vt 0.194169 0.254557
vt 0.098468 0.623673
vt 0.075387 0.610930
vt 0.088753 0.524736
vt 0.215867 0.589617
vt 0.197901 0.578925
vt 0.220123 0.584824
vt 0.271125 0.521528
vt 0.272772 0.546646
vt 0.264107 0.554206
vt 0.196124 0.488987
vt 0.214999 0.488964
vt 0.192885 0.496675
vt 0.167348 0.526282
vt 0.177508 0.514735
vt 0.172489 0.541619
vt 0.171979 0.558113
vt 0.180139 0.563604
vt 0.230857 0.484931
vt 0.241877 0.493899
vt 0.241127 0.585925
vt 0.175734 0.506223
vt 0.261831 0.569569
vt 0.258167 0.498737
vt 0.263672 0.518085
vt 0.229374 0.845396
vt 0.225918 0.823399
vt 0.241658 0.832674
vt 0.018648 0.001609
vt 0.054510 0.005730
vt 0.026485 0.009902
vt 0.575926 0.729608
vt 0.568514 0.730213
vt 0.568685 0.705155
vt 0.813456 0.871516
vt 0.820413 0.865600
vt 0.820787 0.880587
vt 0.576074 0.703815
vt 0.573409 0.681696
vt 0.813439 0.916458
vt 0.813744 0.893262
vt 0.820785 0.906981
vt 0.270755 0.816645
vt 0.278161 0.795458
vt 0.278115 0.824691
vt 0.553534 0.925583
vt 0.545930 0.915889
vt 0.550933 0.894057
vt 0.539600 0.853906
vt 0.556703 0.867673
vt 0.544825 0.870451
vt 0.246187 0.865821
vt 0.250050 0.855566
vt 0.325615 0.360097
vt 0.328153 0.368597
vt 0.320529 0.368597
vt 0.266170 0.873300
vt 0.266347 0.865800
vt 0.258800 0.785964
vt 0.267640 0.790825
vt 0.254359 0.797208
vt 0.060187 0.014053
vt 0.056807 0.022455
vt 0.042526 0.020658
vt 0.233846 0.803167
vt 0.244498 0.810458
vt 0.537527 0.926373
vt 0.565747 0.895112
vt 0.735501 0.073959
vt 0.754128 0.074752
vt 0.747993 0.086488
vt 0.358036 0.000027
vt 0.370993 0.012183
vt 0.355331 0.012136
vt 0.056723 0.034602
vt 0.044730 0.033174
vt 0.341549 0.000002
vt 0.333575 0.012172
vt 0.407409 0.008481
vt 0.427763 0.008562
vt 0.403447 0.020655
vt 0.026691 0.019000
vt 0.021714 0.031099
vt 0.770918 0.075008
vt 0.764351 0.086657
vt 0.388434 0.008649
vt 0.366004 0.020967
vt 0.050802 0.042972
vt 0.973222 0.765883
vt 0.976513 0.742295
vt 0.984742 0.745850
vt 0.991424 0.645594
vt 0.988447 0.663014
vt 0.980893 0.657904
vt 0.410070 0.031051
vt 0.393256 0.029563
vt 0.982038 0.768664
vt 0.985802 0.786877
vt 0.386199 0.020755
vt 0.388905 0.029612
vt 0.733392 0.085948
vt 0.744844 0.094771
vt 0.736778 0.094505
vt 0.035523 0.043236
vt 0.031582 0.117711
vt 0.024550 0.100533
vt 0.400588 0.041395
vt 0.392644 0.041429
vt 0.747333 0.106466
vt 0.739369 0.106221
vt 0.762804 0.096212
vt 0.757183 0.167995
vt 0.390941 0.091983
vt 0.736834 0.172159
vt 0.350541 0.022737
vt 0.368771 0.083475
vt 0.353786 0.086577
vt 0.047858 0.054632
vt 0.046359 0.118796
vt 0.040774 0.121401
vt 0.404368 0.096060
vt 0.378653 0.106971
vt 0.376180 0.108806
vt 0.387235 0.092202
vt 0.382420 0.115484
vt 0.421384 0.091612
vt 0.402102 0.140257
vt 0.390117 0.129580
vt 0.017265 0.153308
vt 0.361230 0.125176
vt 0.347833 0.135478
vt 0.008737 0.156414
vt 0.756690 0.205571
vt 0.750490 0.206748
vt 0.379746 0.115840
vt 0.372333 0.127755
vt 0.381968 0.127918
vt 0.390054 0.144185
vt 0.382083 0.138874
vt 0.376848 0.131052
vt 0.770263 0.209110
vt 0.360320 0.151587
vt 0.027641 0.148472
vt 0.024339 0.157104
vt 0.762132 0.225378
vt 0.370349 0.142725
vt 0.399985 0.168519
vt 0.391720 0.170212
vt 0.749694 0.223159
vt 0.748692 0.209775
vt 0.365850 0.161539
vt 0.024445 0.170035
vt 0.019980 0.170499
vt 0.409511 0.151384
vt 0.408070 0.165892
vt 0.760153 0.241690
vt 0.754292 0.236387
vt 0.393902 0.187775
vt 0.023145 0.171215
vt 0.016737 0.183569
vt 0.405306 0.202325
vt 0.766963 0.256770
vt 0.390209 0.189247
vt 0.393542 0.210715
vt 0.007122 0.187818
vt 0.017410 0.195074
vt 0.758767 0.255353
vt 0.750827 0.247556
vt 0.408748 0.237354
vt 0.363233 0.454085
vt 0.364721 0.452730
vt 0.364721 0.463715
vt 0.867639 0.982341
vt 0.875831 0.973471
vt 0.870150 0.996678
vt 0.923018 0.182234
vt 0.937891 0.141891
vt 0.937369 0.178946
vt 0.419820 0.202896
vt 0.426861 0.227585
vt 0.402469 0.249461
vt 0.419577 0.255500
vt 0.927014 0.203279
vt 0.940685 0.197100
vt 0.354415 0.239852
vt 0.339016 0.257830
vt 0.335822 0.246707
vt 0.930549 0.211073
vt 0.941639 0.212628
vt 0.352321 0.194418
vt 0.327876 0.218746
vt 0.567802 0.637680
vt 0.557611 0.666370
vt 0.553510 0.653345
vt 0.785159 0.561546
vt 0.795093 0.539596
vt 0.798301 0.544594
vt 0.273250 0.777532
vt 0.278211 0.766122
vt 0.276231 0.782371
vt 0.562906 0.591517
vt 0.558352 0.597673
vt 0.942241 0.149050
vt 0.945712 0.183140
vt 0.938520 0.127735
vt 0.944481 0.137573
vt 0.945440 0.164465
vt 0.933027 0.535490
vt 0.940167 0.515559
vt 0.941353 0.537361
vt 0.559256 0.584239
vt 0.554676 0.590260
vt 0.551100 0.584120
vt 0.550544 0.628471
vt 0.546469 0.634145
vt 0.549292 0.613855
vt 0.576123 0.616278
vt 0.637002 0.866423
vt 0.989984 0.316112
vt 0.989984 0.392385
vt 0.199272 0.254425
vt 0.113626 0.518599
vt 0.137805 0.525332
vt 0.156787 0.541675
vt 0.165500 0.565764
vt 0.162273 0.592836
vt 0.146477 0.613447
vt 0.124082 0.624765
vt 0.062138 0.589001
vt 0.064117 0.552159
vt 0.277126 0.844466
vt 0.242929 0.578586
vt 0.191013 0.581717
vt 0.004776 0.007874
vt 0.000000 -0.000000
vt 0.575809 0.669224
vt 0.568438 0.671403
vt 0.820413 0.922869
vt 0.074485 0.008598
vt 0.270819 0.791129
vt 0.536473 0.861306
vt 0.534644 0.938455
vt 0.371473 0.000105
vt 0.328507 0.000029
vt 0.423592 0.020791
vt 0.015311 0.018057
vt 0.989087 0.621888
vt 0.981293 0.627937
vt 0.977207 0.787506
vt 0.364353 0.032779
vt 0.764765 0.136948
vt 0.023708 0.041985
vt 0.746173 0.172027
vt 0.731057 0.170563
vt 0.336548 0.022376
vt 0.043263 0.128856
vt 0.733628 0.180508
vt 0.335943 0.092254
vt 0.411364 0.136160
vt 0.364721 0.511516
vt 0.362760 0.504518
vt 0.364721 0.504809
vt 0.745959 0.200983
vt 0.388931 0.151291
vt 0.018316 0.144494
vt 0.344331 0.154930
vt 0.363466 0.190786
vt 0.009093 0.200498
vt 0.000233 0.202411
vt 0.059330 0.855388
vt 0.058764 0.860462
vt 0.052343 0.878073
vt 0.400672 0.250484
vt 0.798301 0.562995
vt 0.798301 0.538096
vt 0.801426 0.550953
vt 0.365296 0.202521
vt 0.071867 0.474979
vt 0.071867 0.450081
vt 0.074391 0.466071
vt 0.963377 0.234460
vt 0.965676 0.234647
vt 0.964124 0.249810
vt 0.930492 0.220106
vt 0.783679 0.538096
vt 0.932734 0.220723
vt 0.546826 0.654106
vt 0.335847 0.194125
vt 0.416015 0.266862
vt 0.945253 0.206190
vt 0.876226 0.994892
vt 0.940799 0.549463
vt 0.937380 0.543216
vt 0.546587 0.597483
vt 0.557157 0.586937
vt 0.564260 0.576452
vt 0.165129 0.784525
vt 0.166297 0.797759
vt 0.161929 0.800300
vt 0.559656 0.562767
vt 0.491181 0.708369
vt 0.491751 0.729751
vt 0.485544 0.711958
vt 0.491848 0.752498
vt 0.486097 0.739170
vt 0.491491 0.774857
vt 0.485890 0.767352
vt 0.490985 0.788634
vt 0.485236 0.788633
vt 0.668264 0.844957
vt 0.668567 0.816730
vt 0.674123 0.836652
vt 0.668456 0.783379
vt 0.674320 0.796871
vt 0.668149 0.766122
vt 0.674019 0.771084
vt 0.158724 0.713870
vt 0.159055 0.687522
vt 0.164678 0.701547
vt 0.159081 0.659711
vt 0.164821 0.662456
vt 0.158867 0.638344
vt 0.158610 0.625982
vt 0.164479 0.630854
vt 0.995362 0.476549
vt 0.995191 0.504924
vt 0.989500 0.490440
vt 0.995316 0.527930
vt 0.989537 0.525435
vt 0.204010 0.288629
vt 0.220238 0.283686
vt 0.212654 0.305455
vt 0.995513 0.541821
vt 0.989759 0.541824
vt 0.085149 0.344616
vt 0.084585 0.279367
vt 0.175763 0.267512
vt 0.286693 0.257836
vt 0.297791 0.283488
vt 0.272057 0.262177
vt 0.199806 0.311088
vt 0.218114 0.353532
vt 0.217847 0.332634
vt 0.232692 0.349848
vt 0.316995 0.325814
vt 0.295704 0.341125
vt 0.305487 0.324425
vt 0.244117 0.367819
vt 0.244002 0.362069
vt 0.278257 0.366870
vt 0.272976 0.355905
vt 0.065201 0.388469
vt 0.071495 0.405202
vt 0.065304 0.410838
vt 0.217231 0.268370
vt 0.238242 0.268351
vt 0.059497 0.496496
vt 0.053231 0.480137
vt 0.059487 0.464773
vt 0.065153 0.429156
vt 0.056282 0.439594
vt 0.055914 0.424451
vt 0.065119 0.225389
vt 0.057588 0.233350
vt 0.058096 0.217243
vt 0.059758 0.444832
vt 0.065474 0.442960
vt 0.065262 0.455780
vt 0.059536 0.410329
vt 0.057389 0.393844
vt 0.479772 0.644720
vt 0.479366 0.633736
vt 0.488364 0.635186
vt 0.065058 0.475004
vt 0.059303 0.374671
vt 0.064933 0.373300
vt 0.480049 0.667088
vt 0.485660 0.643941
vt 0.065071 0.283016
vt 0.059092 0.291745
vt 0.058412 0.280947
vt 0.486021 0.662645
vt 0.489552 0.679235
vt 0.068174 0.494173
vt 0.068377 0.509618
vt 0.065347 0.256858
vt 0.487544 0.691452
vt 0.059558 0.261870
vt 0.055940 0.245012
vt 0.064933 0.440726
vt 0.490377 0.658015
vt 0.069746 0.470901
vt 0.055041 0.290792
vt 0.055017 0.265854
vt 0.070009 0.446887
vt 0.488223 0.702256
vt 0.053455 0.225263
vt 0.054613 0.213518
vt 0.773045 0.725039
vt 0.761557 0.730192
vt 0.764559 0.712106
vt 0.676505 0.705837
vt 0.683880 0.690448
vt 0.684645 0.711952
vt 0.678369 0.731102
vt 0.686887 0.726953
vt 0.755179 0.678595
vt 0.769913 0.699033
vt 0.739431 0.679918
vt 0.690421 0.751711
vt 0.700680 0.747851
vt 0.758722 0.696606
vt 0.751794 0.756990
vt 0.729325 0.764702
vt 0.742001 0.748161
vt 0.537225 0.577937
vt 0.534145 0.597652
vt 0.528631 0.578988
vt 0.000000 0.213301
vt 0.011810 0.213086
vt 0.018797 0.228958
vt 0.035893 0.212993
vt 0.036862 0.229055
vt 0.019344 0.588812
vt 0.036633 0.606119
vt 0.020259 0.604257
vt 0.518912 0.562776
vt 0.511584 0.579190
vt 0.009039 0.609591
vt 0.495906 0.562912
vt 0.497543 0.578977
vt 0.006930 0.588342
vt 0.010658 0.572696
vt 0.023321 0.572000
vt 0.038113 0.588385
vt 0.023593 0.588458
vt 0.049954 0.213121
vt 0.038673 0.572970
vt 0.029012 0.552545
vt 0.504105 0.614593
vt 0.517594 0.655811
vt 0.506740 0.657913
vt 0.022016 0.639238
vt 0.016452 0.679510
vt 0.016074 0.495457
vt 0.046082 0.229156
vt 0.040696 0.264798
vt 0.045657 0.603463
vt 0.037912 0.681234
vt 0.040061 0.553556
vt 0.029040 0.307715
vt 0.020683 0.307436
vt 0.026765 0.493599
vt 0.033650 0.493361
vt 0.024106 0.680625
vt 0.032764 0.681921
vt 0.037560 0.695823
vt 0.022846 0.698428
vt 0.029194 0.321562
vt 0.524297 0.656513
vt 0.530559 0.671467
vt 0.522025 0.673480
vt 0.510708 0.674376
vt 0.019873 0.479831
vt 0.035619 0.478206
vt 0.037290 0.308076
vt 0.040339 0.321635
vt 0.502687 0.671460
vt 0.496726 0.680204
vt 0.044732 0.330335
vt 0.035584 0.329963
vt 0.019316 0.473812
vt 0.043708 0.699570
vt 0.039057 0.706194
vt 0.019666 0.327635
vt 0.017849 0.321634
vt 0.045071 0.701941
vt 0.046683 0.708111
vt 0.043568 0.473633
vt 0.044348 0.466317
vt 0.026809 0.708162
vt 0.025018 0.334032
vt 0.014081 0.333704
vt 0.531927 0.676746
vt 0.526658 0.683426
vt 0.512487 0.683365
vt 0.010456 0.478464
vt 0.006534 0.467647
vt 0.017108 0.467440
vt 0.011951 0.458117
vt 0.024371 0.459094
vt 0.500070 0.683987
vt 0.508646 0.692493
vt 0.499976 0.692688
vt 0.038954 0.340390
vt 0.046555 0.336772
vt 0.045312 0.341769
vt 0.032687 0.467674
vt 0.040228 0.716185
vt 0.029237 0.715174
vt 0.531137 0.692919
vt 0.519476 0.690709
vt 0.781725 0.543595
vt 0.781718 0.556174
vt 0.768460 0.548989
vt 0.942789 0.374788
vt 0.945303 0.380833
vt 0.945200 0.386771
vt 0.930455 0.400433
vt 0.930378 0.391480
vt 0.941522 0.393238
vt 0.937112 0.411149
vt 0.268590 0.770765
vt 0.259662 0.781577
vt 0.257112 0.779088
vt 0.025039 0.342330
vt 0.031180 0.360940
vt 0.767924 0.552825
vt 0.023500 0.440448
vt 0.017629 0.429946
vt 0.022020 0.425878
vt 0.513471 0.710773
vt 0.521066 0.727625
vt 0.510299 0.722298
vt 0.030943 0.425911
vt 0.028364 0.375110
vt 0.024693 0.361043
vt 0.522168 0.710950
vt 0.526078 0.726591
vt 0.718438 0.373744
vt 0.724346 0.373724
vt 0.724598 0.385728
vt 0.021872 0.372127
vt 0.035669 0.372601
vt 0.035705 0.382444
vt 0.030849 0.383634
vt 0.514639 0.733193
vt 0.711132 0.384351
vt 0.714068 0.393826
vt 0.710930 0.397512
vt 0.018246 0.417308
vt 0.022469 0.382788
vt 0.718211 0.401784
vt 0.522207 0.738547
vt 0.031067 0.414825
vt 0.026027 0.419343
vt 0.024643 0.407817
vt 0.028397 0.400595
vt 0.349180 0.366957
vt 0.350001 0.370047
vt 0.348775 0.370001
vt 0.516367 0.750585
vt 0.164365 0.718829
vt 0.989759 0.465640
vt 0.190597 0.291902
vt 0.193077 0.321151
vt 0.147342 0.367677
vt 0.107579 0.363536
vt 0.075357 0.317801
vt 0.110400 0.255713
vt 0.181018 0.346921
vt 0.144038 0.252716
vt 0.313245 0.305243
vt 0.318106 0.298000
vt 0.235243 0.255887
vt 0.258169 0.250729
vt 0.204660 0.333992
vt 0.302646 0.352035
vt 0.308839 0.276542
vt 0.071472 0.236659
vt 0.479649 0.693649
vt 0.054970 0.377312
vt 0.053589 0.402609
vt 0.765620 0.743495
vt 0.693631 0.692694
vt 0.696817 0.675935
vt 0.716927 0.755254
vt 0.706030 0.761871
vt 0.719445 0.668099
vt 0.712884 0.680883
vt 0.008186 0.228163
vt 0.050538 0.588173
vt 0.044436 0.588563
vt 0.541047 0.562993
vt 0.699759 0.705993
vt 0.519165 0.599098
vt 0.036818 0.498083
vt 0.528145 0.658104
vt 0.013364 0.697621
vt 0.535918 0.683551
vt 0.011488 0.707959
vt 0.017013 0.715952
vt 0.039755 0.460561
vt 0.009298 0.716310
vt 0.536494 0.690717
vt 0.013371 0.342763
vt 0.933808 0.379865
vt 0.776810 0.538096
vt 0.945229 0.404043
vt 0.271688 0.780720
vt 0.260748 0.766461
vt 0.776810 0.560826
vt 0.711975 0.373626
vt 0.719127 0.389776
vt 0.035162 0.365375
vt 0.030327 0.440063
vt 0.725038 0.396982
vt 0.508025 0.731674
vt 0.029208 0.400698
vt 0.718445 0.412747
vt 0.022601 0.403513
vt 0.024647 0.400567
vt 0.989339 0.322809
vt 0.989864 0.341466
vt 0.980817 0.325314
vt 0.989958 0.361208
vt 0.981314 0.359312
vt 0.989659 0.380308
vt 0.989221 0.392382
vt 0.980810 0.387735
vt 0.980048 0.729768
vt 0.978712 0.706012
vt 0.988771 0.698162
vt 0.980094 0.686263
vt 0.979805 0.670138
vt 0.988446 0.671242
vt 0.972013 0.317434
vt 0.972336 0.289824
vt 0.980667 0.315077
vt 0.972224 0.255917
vt 0.980968 0.281992
vt 0.971953 0.240742
vt 0.980691 0.247111
vt 0.600165 0.930654
vt 0.600757 0.949055
vt 0.591382 0.956736
vt 0.601650 0.968264
vt 0.600187 0.986881
vt 0.591554 0.985578
vt 0.660458 0.578860
vt 0.577324 0.616732
vt 0.590851 0.580578
vt 0.399242 0.719768
vt 0.383721 0.699575
vt 0.394109 0.704515
vt 0.966007 0.280036
vt 0.457983 0.638592
vt 0.461549 0.650492
vt 0.444638 0.632761
vt 0.421628 0.723784
vt 0.795611 0.564001
vt 0.811269 0.572015
vt 0.796832 0.571950
vt 0.380505 0.679963
vt 0.384203 0.660796
vt 0.397287 0.674370
vt 0.416317 0.633130
vt 0.428164 0.647478
vt 0.406226 0.655856
vt 0.474346 0.681551
vt 0.463662 0.717252
vt 0.451507 0.707208
vt 0.464280 0.680771
vt 0.402434 0.699072
vt 0.423075 0.713779
vt 0.454432 0.657417
vt 0.397985 0.642296
vt 0.523435 0.986326
vt 0.531290 0.975389
vt 0.529529 0.992899
vt 0.778763 0.570137
vt 0.698802 0.866943
vt 0.680492 0.866810
vt 0.681949 0.860806
vt 0.988845 0.693613
vt 0.988963 0.671671
vt 0.996230 0.678090
vt 0.721388 0.866752
vt 0.716250 0.857929
vt 0.523394 0.943998
vt 0.531250 0.943468
vt 0.531868 0.957508
vt 0.523755 0.963346
vt 0.820242 0.564212
vt 0.823278 0.571820
vt 0.989001 0.713206
vt 0.995007 0.712310
vt 0.680594 0.856407
vt 0.700029 0.859005
vt 0.533978 0.989518
vt 0.145414 0.811607
vt 0.162874 0.811265
vt 0.156795 0.832199
vt 0.977254 0.986096
vt 0.974360 0.983266
vt 0.980223 0.975242
vt 0.079324 0.815597
vt 0.090385 0.816224
vt 0.071177 0.828004
vt 0.060862 0.859120
vt 0.060217 0.841068
vt 0.063519 0.848225
vt 0.984905 0.974176
vt 0.982401 0.953771
vt 0.067881 0.871765
vt 0.071175 0.868411
vt 0.983629 0.942328
vt 0.988009 0.956280
vt 0.079324 0.880829
vt 0.977254 0.933693
vt 0.100600 0.884226
vt 0.090388 0.880194
vt 0.100599 0.812200
vt 0.118046 0.817403
vt 0.111450 0.818796
vt 0.111447 0.877621
vt 0.900861 0.564000
vt 0.909974 0.585592
vt 0.890679 0.585611
vt 0.123469 0.811353
vt 0.135007 0.832402
vt 0.790457 0.578443
vt 0.816310 0.578584
vt 0.796604 0.599969
vt 0.693638 0.852498
vt 0.686314 0.830857
vt 0.699771 0.830949
vt 0.772140 0.578657
vt 0.783153 0.600051
vt 0.777839 0.600158
vt 0.712631 0.852461
vt 0.714760 0.830816
vt 0.813076 0.600118
vt 0.807092 0.629169
vt 0.124615 0.832123
vt 0.131928 0.860805
vt 0.796022 0.629079
vt 0.690809 0.801760
vt 0.700953 0.801813
vt 0.909953 0.614726
vt 0.901051 0.614668
vt 0.710921 0.801706
vt 0.148691 0.832422
vt 0.152009 0.860777
vt 0.142712 0.860958
vt 0.892216 0.614726
vt 0.700748 0.778273
vt 0.691218 0.778214
vt 0.691173 0.770895
vt 0.799611 0.652637
vt 0.787909 0.652687
vt 0.911287 0.638298
vt 0.904589 0.638228
vt 0.710124 0.778170
vt 0.150545 0.884353
vt 0.140170 0.884484
vt 0.892653 0.638274
vt 0.807867 0.652733
vt 0.131531 0.884323
vt 0.906658 0.645794
vt 0.704443 0.770538
vt 0.154280 0.890846
vt 0.150680 0.892690
vt 0.892639 0.645306
vt 0.137977 0.892284
vt 0.811185 0.659914
vt 0.801131 0.660242
vt 0.128109 0.891838
vt 0.786499 0.660297
vt 0.916622 0.931403
vt 0.920057 0.943527
vt 0.914874 0.937366
vt 0.082781 0.976937
vt 0.075950 0.964086
vt 0.080011 0.961213
vt 0.991088 0.107456
vt 0.994640 0.098706
vt 0.995120 0.109786
vt 0.993195 0.121119
vt 0.997478 0.121285
vt 0.916113 0.953030
vt 0.913047 0.950994
vt 0.078869 0.951486
vt 0.841346 0.911198
vt 0.833320 0.920139
vt 0.823007 0.898897
vt 0.864285 0.897681
vt 0.865026 0.876393
vt 0.876283 0.893773
vt 0.856885 0.912560
vt 0.857771 0.925577
vt 0.844405 0.926377
vt 0.870260 0.915476
vt 0.852800 0.884356
vt 0.836897 0.893346
vt 0.831749 0.879302
vt 0.847551 0.870901
vt 0.542197 0.232594
vt 0.540166 0.225819
vt 0.546074 0.224125
vt 0.826244 0.914908
vt 0.653507 0.525382
vt 0.672576 0.523541
vt 0.667934 0.532495
vt 0.651734 0.518801
vt 0.660568 0.516687
vt 0.948167 0.623675
vt 0.948319 0.638195
vt 0.939401 0.631585
vt 0.540098 0.257394
vt 0.540011 0.243841
vt 0.545915 0.246967
vt 0.363807 0.960480
vt 0.355122 0.962315
vt 0.355041 0.952293
vt 0.363982 0.945190
vt 0.355096 0.940186
vt 0.355260 0.923511
vt 0.948185 0.658683
vt 0.939562 0.659725
vt 0.654360 0.536239
vt 0.667943 0.544701
vt 0.548807 0.261539
vt 0.555651 0.247440
vt 0.654290 0.547765
vt 0.667894 0.556240
vt 0.555972 0.225543
vt 0.555674 0.235321
vt 0.563502 0.256352
vt 0.559167 0.263657
vt 0.340046 0.946751
vt 0.344987 0.933934
vt 0.929121 0.663684
vt 0.924210 0.657337
vt 0.925170 0.644054
vt 0.939433 0.643688
vt 0.925176 0.630688
vt 0.939408 0.620984
vt 0.925194 0.621588
vt 0.340884 0.960279
vt 0.347950 0.916546
vt 0.338085 0.925032
vt 0.565965 0.226751
vt 0.565844 0.238552
vt 0.677792 0.541954
vt 0.018888 0.973385
vt 0.014346 0.958533
vt 0.029886 0.964933
vt 0.016422 0.921966
vt 0.029507 0.920228
vt 0.020403 0.931968
vt 0.005835 0.933184
vt 0.045714 0.966366
vt 0.032122 0.974404
vt 0.034958 0.933002
vt 0.053268 0.947503
vt 0.041669 0.952574
vt 0.001006 0.952529
vt 0.009781 0.946631
vt 0.045677 0.932069
vt 0.025182 0.950000
vt 0.988608 0.733432
vt 0.591577 0.929177
vt 0.628097 0.666065
vt 0.592862 0.652210
vt 0.662464 0.650485
vt 0.675990 0.614332
vt 0.625217 0.565000
vt 0.474621 0.657434
vt 0.477558 0.701286
vt 0.443186 0.728547
vt 0.773287 0.564201
vt 0.766884 0.570344
vt 0.727942 0.859066
vt 0.996723 0.695750
vt 0.776122 0.574561
vt 0.999342 0.708615
vt 0.067882 0.824661
vt 0.974360 0.936513
vt 0.118046 0.879023
vt 0.881797 0.564136
vt 0.678389 0.852336
vt 0.919470 0.564119
vt 0.723256 0.852277
vt 0.785560 0.629172
vt 0.780859 0.659078
vt 0.713597 0.770998
vt 0.085802 0.945187
vt 0.088318 0.948517
vt 0.088591 0.976139
vt 0.794874 0.665391
vt 0.797966 0.665391
vt 0.091038 0.981531
vt 0.091038 0.943358
vt 0.876158 0.910103
vt 0.651826 0.557356
vt 0.660258 0.560048
vt 0.363885 0.924243
vt 0.007751 0.966627
vt 0.677511 0.556431
vt 0.029658 0.942850
vt 0.994064 0.396061
vt 0.994589 0.414718
vt 0.985605 0.400226
vt 0.994531 0.444129
vt 0.986040 0.432564
vt 0.993946 0.465634
vt 0.985536 0.460987
vt 0.980618 0.852104
vt 0.980003 0.828176
vt 0.989384 0.829829
vt 0.979908 0.809475
vt 0.989234 0.806258
vt 0.980376 0.792476
vt 0.971640 0.396715
vt 0.970244 0.377334
vt 0.980566 0.371006
vt 0.971219 0.359446
vt 0.971851 0.335198
vt 0.980420 0.333112
vt 0.971581 0.320022
vt 0.615084 0.940421
vt 0.618220 0.969998
vt 0.606423 0.947054
vt 0.615199 0.986881
vt 0.606455 0.976682
vt 0.264774 0.630704
vt 0.167338 0.642981
vt 0.174362 0.613686
vt 0.690418 0.274036
vt 0.688987 0.284034
vt 0.660399 0.290727
vt 0.974360 0.842100
vt 0.650207 0.355812
vt 0.632723 0.325928
vt 0.650493 0.347325
vt 0.702238 0.271222
vt 0.717937 0.293307
vt 0.637248 0.295051
vt 0.637697 0.316263
vt 0.726453 0.337653
vt 0.713233 0.356127
vt 0.700627 0.346126
vt 0.726171 0.317766
vt 0.713592 0.326546
vt 0.647780 0.317038
vt 0.657623 0.340391
vt 0.680608 0.350808
vt 0.709628 0.298742
vt 0.663642 0.272372
vt 0.692034 0.366368
vt 0.562780 0.987370
vt 0.571157 0.982899
vt 0.568915 0.992506
vt 0.812808 0.073777
vt 0.812451 0.081106
vt 0.786197 0.079875
vt 0.606390 0.867543
vt 0.582937 0.867440
vt 0.582906 0.861419
vt 0.211442 0.941944
vt 0.211592 0.927542
vt 0.219518 0.928761
vt 0.625067 0.867312
vt 0.609167 0.860196
vt 0.562869 0.946488
vt 0.570489 0.939861
vt 0.572200 0.952199
vt 0.211543 0.967823
vt 0.219382 0.957007
vt 0.563132 0.969590
vt 0.571367 0.968699
vt 0.830889 0.080021
vt 0.789940 0.084221
vt 0.774558 0.082005
vt 0.827461 0.084342
vt 0.908659 0.156764
vt 0.920684 0.156419
vt 0.911861 0.177450
vt 0.282385 0.866025
vt 0.279281 0.848130
vt 0.284892 0.845600
vt 0.988232 0.601094
vt 0.979100 0.609440
vt 0.985578 0.590166
vt 0.293074 0.823109
vt 0.301000 0.823439
vt 0.293074 0.880380
vt 0.287069 0.867092
vt 0.981212 0.566634
vt 0.988877 0.583042
vt 0.979099 0.570924
vt 0.306124 0.887095
vt 0.301003 0.880040
vt 0.810676 0.088184
vt 0.327680 0.886364
vt 0.323450 0.883726
vt 0.335700 0.879227
vt 0.327680 0.817125
vt 0.323453 0.819754
vt 0.885712 0.667166
vt 0.903854 0.688653
vt 0.886475 0.688729
vt 0.889648 0.156740
vt 0.896509 0.177637
vt 0.827521 0.088377
vt 0.818289 0.109821
vt 0.875014 0.156349
vt 0.883429 0.177389
vt 0.788382 0.088248
vt 0.799442 0.109716
vt 0.585079 0.853034
vt 0.585301 0.831436
vt 0.596133 0.831551
vt 0.911614 0.667151
vt 0.914578 0.688761
vt 0.607385 0.853106
vt 0.609807 0.831526
vt 0.617510 0.831393
vt 0.803455 0.138816
vt 0.888896 0.205996
vt 0.591765 0.802373
vt 0.601909 0.802425
vt 0.786948 0.109857
vt 0.792994 0.138910
vt 0.908222 0.717818
vt 0.899320 0.717761
vt 0.611877 0.802319
vt 0.899680 0.206148
vt 0.890485 0.717818
vt 0.807044 0.162375
vt 0.795343 0.162425
vt 0.590283 0.778798
vt 0.598604 0.778874
vt 0.909556 0.741390
vt 0.899881 0.741324
vt 0.611081 0.778783
vt 0.814525 0.138907
vt 0.815301 0.162471
vt 0.904753 0.229598
vt 0.891399 0.229591
vt 0.889190 0.741390
vt 0.904928 0.748888
vt 0.605400 0.771150
vt 0.910220 0.237447
vt 0.899333 0.237793
vt 0.818619 0.169652
vt 0.808565 0.169980
vt 0.889390 0.236129
vt 0.887430 0.749091
vt 0.793932 0.170035
vt 0.587765 0.772498
vt 0.646922 0.969419
vt 0.650358 0.981543
vt 0.645209 0.982464
vt 0.066393 0.976937
vt 0.059561 0.964085
vt 0.068083 0.972592
vt 0.991088 0.082474
vt 0.994640 0.073723
vt 0.995791 0.079147
vt 0.598982 0.766122
vt 0.602075 0.766122
vt 0.993194 0.096135
vt 0.994589 0.089270
vt 0.997477 0.096302
vt 0.062480 0.951486
vt 0.063633 0.958118
vt 0.321642 0.919187
vt 0.327568 0.900275
vt 0.333646 0.923094
vt 0.293872 0.924711
vt 0.288109 0.937181
vt 0.280368 0.917975
vt 0.308674 0.932406
vt 0.321330 0.940665
vt 0.302990 0.903228
vt 0.304600 0.890280
vt 0.317874 0.892041
vt 0.293222 0.911938
vt 0.290416 0.897816
vt 0.316037 0.905120
vt 0.304217 0.945901
vt 0.516244 0.232594
vt 0.514213 0.225819
vt 0.520121 0.224125
vt 0.333518 0.906760
vt 0.658583 0.377077
vt 0.677653 0.375236
vt 0.673009 0.384190
vt 0.656810 0.370495
vt 0.665644 0.368381
vt 0.932854 0.520163
vt 0.933005 0.534682
vt 0.924083 0.528069
vt 0.514145 0.257394
vt 0.514058 0.243841
vt 0.519961 0.246967
vt 0.667949 0.911913
vt 0.657670 0.914666
vt 0.659184 0.903727
vt 0.668125 0.896624
vt 0.659238 0.891620
vt 0.659403 0.874945
vt 0.932872 0.555171
vt 0.924249 0.556211
vt 0.659436 0.387934
vt 0.673018 0.396395
vt 0.522854 0.261539
vt 0.529698 0.247441
vt 0.659366 0.399460
vt 0.672969 0.407934
vt 0.530017 0.225543
vt 0.529719 0.235322
vt 0.537550 0.256353
vt 0.533213 0.263657
vt 0.644188 0.898183
vt 0.649130 0.885368
vt 0.913807 0.560172
vt 0.913989 0.546406
vt 0.924119 0.540175
vt 0.909860 0.527176
vt 0.924959 0.517527
vt 0.909879 0.518077
vt 0.645025 0.911712
vt 0.652094 0.867979
vt 0.642228 0.876466
vt 0.907071 0.554367
vt 0.907212 0.540589
vt 0.540011 0.226751
vt 0.539891 0.238552
vt 0.682867 0.393649
vt 0.960281 0.903122
vt 0.968141 0.913115
vt 0.955154 0.913029
vt 0.952905 0.954070
vt 0.939729 0.953283
vt 0.942824 0.942907
vt 0.925406 0.942010
vt 0.931682 0.927569
vt 0.942580 0.910109
vt 0.966308 0.945942
vt 0.932608 0.904902
vt 0.947483 0.899601
vt 0.973861 0.927003
vt 0.961683 0.934184
vt 0.950086 0.924933
vt 0.943695 0.930513
vt 0.989178 0.855769
vt 0.988907 0.789416
vt 0.980259 0.396406
vt 0.606645 0.925765
vt 0.606645 0.990499
vt 0.215766 0.590254
vt 0.242801 0.599024
vt 0.192066 0.597226
vt 0.258418 0.668936
vt 0.236736 0.689133
vt 0.182875 0.678459
vt 0.213032 0.692786
vt 0.621362 0.951353
vt 0.725587 0.293479
vt 0.965615 0.346600
vt 0.648826 0.277571
vt 0.672566 0.360702
vt 0.785092 0.073869
vt 0.219382 0.942329
vt 0.625893 0.859718
vt 0.830771 0.074012
vt 0.219135 0.970357
vt 0.586650 0.857074
vt 0.573245 0.992013
vt 0.306124 0.816393
vt 0.981213 0.613740
vt 0.283661 0.834178
vt 0.335700 0.824252
vt 0.777987 0.088431
vt 0.624992 0.852869
vt 0.908977 0.205968
vt 0.788292 0.168816
vt 0.592609 0.770980
vt 0.614553 0.771611
vt 0.893622 0.749025
vt 0.886271 0.238747
vt 0.069413 0.945187
vt 0.071930 0.948517
vt 0.642929 0.969639
vt 0.074649 0.981531
vt 0.646413 0.991048
vt 0.074649 0.943358
vt 0.283603 0.901968
vt 0.656901 0.409050
vt 0.665334 0.411743
vt 0.668027 0.875677
vt 0.682587 0.408125
vt 0.924593 0.919935
vt 0.994059 0.130528
vt 0.994584 0.149182
vt 0.985537 0.133029
vt 0.994678 0.168921
vt 0.986034 0.167026
vt 0.994379 0.188022
vt 0.993941 0.200096
vt 0.985530 0.195449
vt 0.370264 0.977673
vt 0.368928 0.953916
vt 0.378987 0.946066
vt 0.370310 0.934170
vt 0.370022 0.918046
vt 0.378662 0.919149
vt 0.965446 0.542330
vt 0.965770 0.514722
vt 0.974101 0.539972
vt 0.965658 0.480815
vt 0.974402 0.506890
vt 0.965387 0.465637
vt 0.974125 0.472006
vt 0.630189 0.930656
vt 0.630782 0.949063
vt 0.621406 0.956738
vt 0.631676 0.968261
vt 0.630211 0.986871
vt 0.621577 0.985568
vt 0.289061 0.599697
vt 0.377886 0.578357
vt 0.357717 0.611273
vt 0.095562 0.627655
vt 0.117265 0.642513
vt 0.088677 0.649206
vt 0.078487 0.714292
vt 0.062965 0.694099
vt 0.073352 0.699038
vt 0.959441 0.504933
vt 0.137225 0.633114
vt 0.140791 0.645015
vt 0.123880 0.627285
vt 0.100872 0.718308
vt 0.059750 0.674486
vt 0.063446 0.655322
vt 0.076058 0.675516
vt 0.153590 0.676077
vt 0.142906 0.711776
vt 0.141871 0.685027
vt 0.137907 0.657224
vt 0.085903 0.698872
vt 0.108889 0.709289
vt 0.122430 0.723070
vt 0.128906 0.704606
vt 0.077228 0.636822
vt 0.988483 0.982607
vt 0.996859 0.978137
vt 0.994618 0.987743
vt 0.418237 0.732105
vt 0.417880 0.739434
vt 0.391625 0.738202
vt 0.854417 0.768500
vt 0.830962 0.768396
vt 0.830930 0.762375
vt 0.986587 0.756563
vt 0.986737 0.742160
vt 0.994663 0.743380
vt 0.873092 0.768268
vt 0.857193 0.761152
vt 0.988572 0.941723
vt 0.996192 0.935099
vt 0.997902 0.947437
vt 0.986688 0.782444
vt 0.994527 0.771626
vt 0.988835 0.964826
vt 0.997069 0.963936
vt 0.436316 0.738349
vt 0.395369 0.742548
vt 0.379986 0.740333
vt 0.432889 0.742669
vt 0.412811 0.837896
vt 0.424573 0.833563
vt 0.419129 0.854470
vt 0.777786 0.226465
vt 0.774683 0.208570
vt 0.780293 0.206062
vt 0.988495 0.110832
vt 0.979363 0.119178
vt 0.985841 0.099902
vt 0.788475 0.183549
vt 0.796400 0.183880
vt 0.788475 0.240820
vt 0.782472 0.227532
vt 0.981479 0.076376
vt 0.989141 0.092780
vt 0.979362 0.080660
vt 0.801525 0.247535
vt 0.796404 0.240480
vt 0.416100 0.746511
vt 0.823083 0.246802
vt 0.818849 0.244166
vt 0.831101 0.239667
vt 0.823083 0.177565
vt 0.818849 0.180192
vt 0.911611 0.754145
vt 0.908243 0.775679
vt 0.889381 0.775691
vt 0.432948 0.746705
vt 0.424463 0.768153
vt 0.379746 0.833457
vt 0.394380 0.833848
vt 0.396707 0.854700
vt 0.393804 0.746576
vt 0.409466 0.768034
vt 0.833102 0.753990
vt 0.835295 0.732426
vt 0.848753 0.732518
vt 0.396014 0.768117
vt 0.390701 0.768223
vt 0.855405 0.754063
vt 0.865214 0.732351
vt 0.419953 0.797235
vt 0.386314 0.854421
vt 0.393628 0.883103
vt 0.408883 0.797144
vt 0.839790 0.703329
vt 0.849934 0.703382
vt 0.908222 0.804813
vt 0.899320 0.804755
vt 0.859902 0.703275
vt 0.413708 0.883075
vt 0.404412 0.883256
vt 0.890485 0.804813
vt 0.412472 0.820703
vt 0.400771 0.820752
vt 0.838308 0.679754
vt 0.846628 0.679830
vt 0.909556 0.828385
vt 0.899881 0.828318
vt 0.859105 0.679739
vt 0.420728 0.820799
vt 0.409485 0.906706
vt 0.396130 0.906698
vt 0.889190 0.828385
vt 0.911003 0.836148
vt 0.850549 0.672287
vt 0.417471 0.913081
vt 0.411052 0.914165
vt 0.424680 0.827998
vt 0.418785 0.828035
vt 0.399465 0.915035
vt 0.891963 0.835244
vt 0.406437 0.827573
vt 0.390110 0.914569
vt 0.838088 0.672013
vt 0.396871 0.828561
vt 0.205132 0.972140
vt 0.206740 0.981417
vt 0.202515 0.979493
vt 0.236730 0.920797
vt 0.235263 0.940968
vt 0.226147 0.929225
vt 0.755252 0.941086
vt 0.758710 0.943806
vt 0.750120 0.953822
vt 0.201160 0.965950
vt 0.199315 0.969517
vt 0.752230 0.972837
vt 0.745399 0.959983
vt 0.756100 0.970689
vt 0.841155 0.546871
vt 0.844707 0.538121
vt 0.845508 0.546116
vt 0.843262 0.560534
vt 0.846547 0.559175
vt 0.202795 0.990920
vt 0.199314 0.989561
vt 0.748317 0.947388
vt 0.263581 0.923375
vt 0.273647 0.905776
vt 0.273767 0.930953
vt 0.224187 0.912593
vt 0.243155 0.904566
vt 0.249056 0.933054
vt 0.254541 0.942726
vt 0.258710 0.905375
vt 0.250573 0.889829
vt 0.263567 0.893439
vt 0.591931 0.243772
vt 0.592037 0.228011
vt 0.600948 0.226691
vt 0.631016 0.380124
vt 0.638260 0.370731
vt 0.640182 0.381281
vt 0.640246 0.393538
vt 0.592035 0.259946
vt 0.600844 0.250382
vt 0.631126 0.393717
vt 0.639648 0.409098
vt 0.727784 0.547205
vt 0.729776 0.557297
vt 0.721449 0.559839
vt 0.721044 0.516716
vt 0.727754 0.530151
vt 0.712135 0.519176
vt 0.955332 0.035920
vt 0.940724 0.037182
vt 0.940779 0.025181
vt 0.955479 0.019082
vt 0.940720 0.013114
vt 0.713760 0.553093
vt 0.713854 0.541025
vt 0.650056 0.405031
vt 0.710728 0.561013
vt 0.600839 0.238068
vt 0.611019 0.228306
vt 0.616115 0.243779
vt 0.655084 0.376862
vt 0.608772 0.259567
vt 0.653684 0.390799
vt 0.947988 0.047329
vt 0.937674 0.046798
vt 0.931056 0.024660
vt 0.703976 0.556430
vt 0.704119 0.541525
vt 0.937673 0.003030
vt 0.930901 0.006688
vt 0.617839 0.228806
vt 0.713823 0.529021
vt 0.703980 0.522526
vt 0.617836 0.259113
vt 0.930922 0.042049
vt 0.973354 0.866893
vt 0.963360 0.873498
vt 0.959692 0.859950
vt 0.962344 0.849815
vt 0.945810 0.854884
vt 0.925028 0.856791
vt 0.938625 0.846948
vt 0.933197 0.862497
vt 0.968528 0.886238
vt 0.950090 0.898503
vt 0.948160 0.888799
vt 0.921092 0.871916
vt 0.932177 0.876503
vt 0.929519 0.889989
vt 0.944629 0.873908
vt 0.378824 0.981338
vt 0.621601 0.929179
vt 0.337442 0.520254
vt 0.369393 0.540568
vt 0.300738 0.528998
vt 0.280572 0.561911
vt 0.321014 0.620015
vt 0.153866 0.651960
vt 0.156801 0.695811
vt 0.390521 0.732197
vt 0.994527 0.756949
vt 0.873917 0.760674
vt 0.436198 0.732340
vt 0.994280 0.784975
vt 0.834677 0.758031
vt 0.998948 0.987250
vt 0.801525 0.176833
vt 0.981479 0.123474
vt 0.779062 0.194617
vt 0.831101 0.184692
vt 0.885157 0.754170
vt 0.383415 0.746759
vt 0.873017 0.753825
vt 0.398422 0.797238
vt 0.903139 0.836180
vt 0.861515 0.672585
vt 0.760487 0.977431
vt 0.760487 0.939258
vt 0.235449 0.895209
vt 0.261254 0.944082
vt 0.278389 0.917712
vt 0.630711 0.370495
vt 0.729729 0.519017
vt 0.956634 0.047249
vt 0.597940 0.261382
vt 0.630836 0.407818
vt 0.956697 0.005717
vt 0.948042 0.003135
vt 0.645903 0.368416
vt 0.656521 0.406953
vt 0.951772 0.869446
vt 0.989712 0.243534
vt 0.990237 0.262189
vt 0.981190 0.246035
vt 0.990179 0.291596
vt 0.981687 0.280032
vt 0.989594 0.313102
vt 0.981183 0.308455
vt 0.370979 0.502066
vt 0.370365 0.478143
vt 0.379702 0.470461
vt 0.370269 0.459440
vt 0.370786 0.438737
vt 0.379452 0.436634
vt 0.369371 0.417408
vt 0.370346 0.399517
vt 0.379723 0.401347
vt 0.370979 0.375273
vt 0.370708 0.360097
vt 0.379446 0.366466
vt 0.585059 0.940421
vt 0.588197 0.969997
vt 0.576370 0.956738
vt 0.585174 0.986871
vt 0.576541 0.985568
vt 0.389888 0.609472
vt 0.478715 0.588133
vt 0.458548 0.621048
vt 0.687913 0.083258
vt 0.686482 0.093255
vt 0.657893 0.099947
vt 0.364721 0.492062
vt 0.647702 0.165033
vt 0.630218 0.135150
vt 0.647989 0.156547
vt 0.699734 0.080443
vt 0.715433 0.102529
vt 0.634743 0.104273
vt 0.635192 0.125484
vt 0.723949 0.146872
vt 0.710728 0.165347
vt 0.698123 0.155347
vt 0.723666 0.126988
vt 0.711087 0.135768
vt 0.645275 0.126259
vt 0.655119 0.149613
vt 0.678105 0.160030
vt 0.707123 0.107965
vt 0.661137 0.081595
vt 0.689527 0.175589
vt 0.988886 0.048915
vt 0.997262 0.044444
vt 0.995021 0.054051
vt 0.530795 0.750502
vt 0.530436 0.757830
vt 0.504183 0.756599
vt 0.854417 0.869951
vt 0.830962 0.869847
vt 0.830930 0.863826
vt 0.989420 0.854451
vt 0.989571 0.840050
vt 0.997497 0.841269
vt 0.873092 0.869719
vt 0.857192 0.862603
vt 0.988975 0.008030
vt 0.996595 0.001406
vt 0.998305 0.013745
vt 0.989522 0.880333
vt 0.997361 0.869515
vt 0.989238 0.031135
vt 0.997473 0.030244
vt 0.548874 0.756746
vt 0.507925 0.760945
vt 0.492543 0.758730
vt 0.545446 0.761066
vt 0.894031 0.271939
vt 0.905792 0.267608
vt 0.900348 0.288516
vt 0.169827 0.834579
vt 0.166724 0.816684
vt 0.172335 0.814175
vt 0.546785 0.975564
vt 0.537652 0.983910
vt 0.544130 0.964634
vt 0.180517 0.791663
vt 0.188442 0.791994
vt 0.180517 0.848934
vt 0.174513 0.835646
vt 0.539764 0.941103
vt 0.547430 0.957511
vt 0.537651 0.945391
vt 0.193567 0.855649
vt 0.188444 0.848593
vt 0.528658 0.764908
vt 0.215123 0.854917
vt 0.210890 0.852279
vt 0.223142 0.847780
vt 0.215123 0.785679
vt 0.210890 0.788306
vt 0.525663 0.851926
vt 0.522294 0.873460
vt 0.503431 0.873472
vt 0.545505 0.765102
vt 0.537021 0.786550
vt 0.860964 0.267502
vt 0.875600 0.267894
vt 0.877925 0.288746
vt 0.506362 0.764973
vt 0.522024 0.786431
vt 0.833102 0.855441
vt 0.835295 0.833877
vt 0.848753 0.833969
vt 0.508571 0.786514
vt 0.503258 0.786620
vt 0.855405 0.855514
vt 0.865214 0.833802
vt 0.532511 0.815632
vt 0.867532 0.288467
vt 0.874846 0.317149
vt 0.521441 0.815541
vt 0.839790 0.804780
vt 0.849934 0.804833
vt 0.522272 0.902594
vt 0.513370 0.902537
vt 0.859902 0.804726
vt 0.894927 0.317121
vt 0.885630 0.317301
vt 0.504535 0.902594
vt 0.525030 0.839100
vt 0.513328 0.839149
vt 0.838308 0.781205
vt 0.846628 0.781281
vt 0.523606 0.926166
vt 0.513931 0.926099
vt 0.859105 0.781190
vt 0.533285 0.839196
vt 0.890703 0.340751
vt 0.877349 0.340744
vt 0.503240 0.926166
vt 0.525053 0.933929
vt 0.850549 0.773739
vt 0.898690 0.347127
vt 0.892270 0.348211
vt 0.537238 0.846394
vt 0.531344 0.846432
vt 0.880683 0.349081
vt 0.506013 0.933025
vt 0.518995 0.845970
vt 0.871328 0.348614
vt 0.838087 0.773464
vt 0.509429 0.846959
vt 0.357639 0.971004
vt 0.359246 0.980281
vt 0.355022 0.978357
vt 0.102192 0.945186
vt 0.105650 0.947906
vt 0.097060 0.957923
vt 0.353667 0.964815
vt 0.351821 0.968381
vt 0.099171 0.976937
vt 0.092339 0.964083
vt 0.103040 0.974789
vt 0.411867 0.982923
vt 0.415420 0.974172
vt 0.416220 0.982168
vt 0.413975 0.996585
vt 0.417259 0.995226
vt 0.355302 0.989784
vt 0.351820 0.988425
vt 0.095257 0.951488
vt 0.104188 0.894283
vt 0.111002 0.898437
vt 0.114236 0.914444
vt 0.100360 0.908779
vt 0.097145 0.925936
vt 0.085926 0.899095
vt 0.073510 0.911363
vt 0.067037 0.896743
vt 0.081720 0.928106
vt 0.092670 0.941817
vt 0.079228 0.940748
vt 0.067927 0.933854
vt 0.090000 0.886748
vt 0.060960 0.919563
vt 0.185466 0.945351
vt 0.185571 0.929591
vt 0.194482 0.928271
vt 0.678139 0.528428
vt 0.685382 0.519036
vt 0.687304 0.529586
vt 0.687368 0.541843
vt 0.185569 0.961525
vt 0.194378 0.951962
vt 0.967579 0.458814
vt 0.958847 0.463137
vt 0.961800 0.449737
vt 0.678248 0.542022
vt 0.686770 0.557403
vt 0.967721 0.446203
vt 0.965588 0.434844
vt 0.926387 0.399006
vt 0.928380 0.409100
vt 0.920053 0.411642
vt 0.919648 0.368519
vt 0.926988 0.376898
vt 0.910739 0.370979
vt 0.951582 0.452990
vt 0.951637 0.440989
vt 0.951579 0.428922
vt 0.912364 0.404897
vt 0.926407 0.387415
vt 0.912458 0.392829
vt 0.912427 0.380824
vt 0.697178 0.553336
vt 0.909332 0.412816
vt 0.194373 0.939647
vt 0.204553 0.929885
vt 0.209406 0.941606
vt 0.701204 0.525715
vt 0.202306 0.961147
vt 0.702105 0.540327
vt 0.948533 0.462606
vt 0.941904 0.445688
vt 0.948532 0.418838
vt 0.941812 0.425855
vt 0.902596 0.407012
vt 0.902737 0.393234
vt 0.211406 0.928331
vt 0.902623 0.377025
vt 0.693026 0.516722
vt 0.703524 0.519864
vt 0.941743 0.459997
vt 0.944907 0.843385
vt 0.929861 0.834655
vt 0.950023 0.833285
vt 0.937015 0.791548
vt 0.951951 0.792642
vt 0.944534 0.800476
vt 0.966308 0.798147
vt 0.962505 0.807981
vt 0.925406 0.802080
vt 0.966308 0.835948
vt 0.921600 0.822112
vt 0.933196 0.807410
vt 0.973862 0.817085
vt 0.963100 0.821581
vt 0.932176 0.821412
vt 0.944629 0.818822
vt 0.379539 0.505731
vt 0.576565 0.929179
vt 0.438271 0.530031
vt 0.470222 0.550345
vt 0.401567 0.538775
vt 0.381400 0.571688
vt 0.421843 0.629792
vt 0.591337 0.951353
vt 0.723082 0.102700
vt 0.364742 0.386675
vt 0.646320 0.086794
vt 0.670062 0.169924
vt 0.503078 0.750594
vt 0.997361 0.854838
vt 0.873917 0.862125
vt 0.548756 0.750736
vt 0.997114 0.882865
vt 0.834675 0.859482
vt 0.999351 0.053558
vt 0.193567 0.784947
vt 0.539765 0.988210
vt 0.171103 0.802731
vt 0.223142 0.792805
vt 0.499208 0.851951
vt 0.495972 0.765156
vt 0.873017 0.855276
vt 0.510979 0.815635
vt 0.517189 0.933960
vt 0.861515 0.774037
vt 0.107427 0.981531
vt 0.107427 0.943358
vt 0.106493 0.933652
vt 0.076732 0.888509
vt 0.061087 0.903229
vt 0.677833 0.518801
vt 0.928333 0.370820
vt 0.191474 0.962962
vt 0.677958 0.556124
vt 0.967556 0.421525
vt 0.958901 0.418943
vt 0.211342 0.958273
vt 0.703610 0.556431
vt 0.951772 0.814359
vt 0.728218 0.927938
vt 0.728744 0.946592
vt 0.719697 0.930439
vt 0.728838 0.966331
vt 0.720193 0.964438
vt 0.728538 0.985424
vt 0.728100 0.997506
vt 0.719689 0.992869
vt 0.980618 0.924243
vt 0.979281 0.900485
vt 0.989341 0.892635
vt 0.980664 0.880739
vt 0.980376 0.864614
vt 0.989015 0.865718
vt 0.976360 0.204428
vt 0.976684 0.176823
vt 0.985014 0.202072
vt 0.976572 0.142912
vt 0.985315 0.168992
vt 0.976301 0.127735
vt 0.985039 0.134105
vt 0.983231 0.470532
vt 0.983825 0.488935
vt 0.974448 0.496612
vt 0.984718 0.508140
vt 0.983253 0.526749
vt 0.974620 0.525446
vt 0.363024 0.636552
vt 0.279895 0.674426
vt 0.293423 0.638271
vt 0.671231 0.504116
vt 0.655706 0.483916
vt 0.666097 0.488865
vt 0.970355 0.167029
vt 0.729972 0.422941
vt 0.733538 0.434842
vt 0.716624 0.417112
vt 0.693615 0.508133
vt 0.362286 0.258758
vt 0.364915 0.266722
vt 0.350482 0.266652
vt 0.652494 0.464312
vt 0.656190 0.445147
vt 0.670456 0.455618
vt 0.746334 0.465900
vt 0.735651 0.501602
vt 0.734051 0.478108
vt 0.733778 0.453011
vt 0.674422 0.483422
vt 0.695066 0.498128
vt 0.716292 0.434593
vt 0.718588 0.495822
vt 0.669972 0.426648
vt 0.689596 0.433670
vt 0.805007 0.992656
vt 0.812862 0.981722
vt 0.811101 0.999230
vt 0.337201 0.258764
vt 0.332410 0.264843
vt 0.849515 0.665419
vt 0.831204 0.665286
vt 0.832664 0.659282
vt 0.323285 0.258980
vt 0.872100 0.665228
vt 0.866960 0.656405
vt 0.805283 0.966468
vt 0.811181 0.947072
vt 0.813771 0.957375
vt 0.989464 0.826522
vt 0.989472 0.799834
vt 0.996800 0.800429
vt 0.376923 0.266525
vt 0.831305 0.654883
vt 0.850747 0.657484
vt 0.815974 0.968575
vt 0.815551 0.995848
vt 0.908660 0.074139
vt 0.919842 0.073829
vt 0.913763 0.094764
vt 0.849827 0.463769
vt 0.849181 0.445718
vt 0.852484 0.452875
vt 0.559201 0.978939
vt 0.551665 0.983910
vt 0.558144 0.964635
vt 0.856780 0.430058
vt 0.557928 0.947093
vt 0.562306 0.961044
vt 0.868295 0.485482
vt 0.856780 0.475667
vt 0.870042 0.481160
vt 0.551551 0.938455
vt 0.551664 0.945393
vt 0.889564 0.488876
vt 0.889569 0.416851
vt 0.907011 0.422053
vt 0.904738 0.425370
vt 0.892489 0.484844
vt 0.904737 0.480345
vt 0.892491 0.420873
vt 0.870038 0.424558
vt 0.911614 0.841140
vt 0.908243 0.862673
vt 0.888948 0.862692
vt 0.889646 0.074115
vt 0.905658 0.094987
vt 0.356887 0.273152
vt 0.373732 0.273345
vt 0.366720 0.294824
vt 0.875014 0.073723
vt 0.891973 0.094967
vt 0.334593 0.273216
vt 0.350247 0.294675
vt 0.834837 0.650898
vt 0.837033 0.629333
vt 0.850483 0.629425
vt 0.336797 0.294757
vt 0.331484 0.294864
vt 0.857140 0.650970
vt 0.865472 0.629292
vt 0.360736 0.323875
vt 0.881582 0.094688
vt 0.888896 0.123370
vt 0.349666 0.323785
vt 0.841521 0.600237
vt 0.851664 0.600289
vt 0.908222 0.891807
vt 0.899320 0.891750
vt 0.861634 0.600182
vt 0.908977 0.123342
vt 0.899680 0.123522
vt 0.890485 0.891807
vt 0.851460 0.576749
vt 0.841930 0.576690
vt 0.852280 0.569194
vt 0.353255 0.347344
vt 0.341554 0.347393
vt 0.909556 0.915379
vt 0.902859 0.915309
vt 0.860836 0.576647
vt 0.907512 0.146918
vt 0.897137 0.147048
vt 0.890923 0.915355
vt 0.361511 0.347439
vt 0.888499 0.146888
vt 0.911002 0.923142
vt 0.911745 0.153390
vt 0.907646 0.155253
vt 0.900708 0.922754
vt 0.894942 0.154849
vt 0.360424 0.354501
vt 0.347221 0.354214
vt 0.885378 0.154836
vt 0.337654 0.355202
vt 0.918449 0.961435
vt 0.920057 0.970713
vt 0.915832 0.968789
vt 0.781542 0.947006
vt 0.784998 0.949727
vt 0.776409 0.959743
vt 0.914478 0.955246
vt 0.912629 0.958808
vt 0.778519 0.978758
vt 0.771688 0.965907
vt 0.782386 0.976608
vt 0.991077 0.275384
vt 0.994629 0.266634
vt 0.995427 0.274635
vt 0.993184 0.289047
vt 0.996472 0.287693
vt 0.916116 0.980213
vt 0.912632 0.978857
vt 0.774605 0.953308
vt 0.424943 0.925096
vt 0.431759 0.929252
vt 0.434992 0.945257
vt 0.394266 0.942178
vt 0.387737 0.961370
vt 0.382823 0.936679
vt 0.421116 0.939595
vt 0.417902 0.956750
vt 0.406682 0.929910
vt 0.394183 0.922076
vt 0.402477 0.958920
vt 0.413426 0.972631
vt 0.399983 0.971562
vt 0.411326 0.917244
vt 0.565978 0.243773
vt 0.566084 0.228013
vt 0.574995 0.226692
vt 0.683214 0.380123
vt 0.691277 0.370355
vt 0.692379 0.381281
vt 0.696883 0.927762
vt 0.697050 0.938886
vt 0.688897 0.937873
vt 0.692444 0.393537
vt 0.566082 0.259946
vt 0.574890 0.250381
vt 0.667994 0.959254
vt 0.658350 0.964064
vt 0.662216 0.950175
vt 0.683323 0.393716
vt 0.691845 0.409098
vt 0.668137 0.946642
vt 0.666006 0.935282
vt 0.694938 0.955950
vt 0.696930 0.966035
vt 0.688603 0.968583
vt 0.651998 0.953430
vt 0.652053 0.941430
vt 0.651995 0.929362
vt 0.680914 0.961838
vt 0.681009 0.949771
vt 0.702254 0.405031
vt 0.677882 0.969758
vt 0.574883 0.238070
vt 0.585066 0.228306
vt 0.590162 0.243780
vt 0.706692 0.379233
vt 0.687323 0.926631
vt 0.674585 0.934250
vt 0.677882 0.926012
vt 0.586698 0.258910
vt 0.705881 0.390799
vt 0.645726 0.959736
vt 0.642332 0.940908
vt 0.671130 0.965175
vt 0.671273 0.950269
vt 0.648948 0.919278
vt 0.642176 0.922937
vt 0.591885 0.228805
vt 0.957204 0.617537
vt 0.943969 0.618557
vt 0.950894 0.609031
vt 0.930377 0.610519
vt 0.933077 0.588281
vt 0.939029 0.605088
vt 0.943779 0.564590
vt 0.956956 0.565377
vt 0.956432 0.575549
vt 0.968339 0.610780
vt 0.961745 0.602679
vt 0.930376 0.572717
vt 0.943802 0.574656
vt 0.975084 0.596682
vt 0.922822 0.591655
vt 0.966309 0.590786
vt 0.970255 0.577334
vt 0.951377 0.589278
vt 0.945621 0.595443
vt 0.989178 0.927909
vt 0.974644 0.469056
vt 0.330669 0.723760
vt 0.295431 0.709904
vt 0.365037 0.708179
vt 0.378561 0.672028
vt 0.327788 0.622695
vt 0.746611 0.441785
vt 0.749548 0.485630
vt 0.688306 0.417481
vt 0.715175 0.512896
vt 0.320529 0.265050
vt 0.804857 0.947744
vt 0.878652 0.657544
vt 0.998404 0.827801
vt 0.376981 0.258980
vt 0.995577 0.834647
vt 0.868296 0.420244
vt 0.329771 0.269267
vt 0.815432 0.945687
vt 0.999798 0.813319
vt 0.551551 0.990858
vt 0.907011 0.483673
vt 0.892817 0.841083
vt 0.880067 0.841218
vt 0.324198 0.273399
vt 0.874747 0.650733
vt 0.339205 0.323878
vt 0.862766 0.569099
vt 0.865828 0.570290
vt 0.889688 0.922618
vt 0.839818 0.568919
vt 0.786776 0.983351
vt 0.786775 0.945179
vt 0.427248 0.964467
vt 0.380810 0.950560
vt 0.682908 0.370495
vt 0.575799 0.263110
vt 0.683034 0.407814
vt 0.667972 0.921966
vt 0.659319 0.919385
vt 0.704607 0.369952
vt 0.708718 0.406953
vt 0.727217 0.187891
vt 0.727747 0.216317
vt 0.719022 0.220223
vt 0.727605 0.241043
vt 0.727006 0.262286
vt 0.718424 0.257941
vt 0.047777 0.770594
vt 0.048134 0.739263
vt 0.056841 0.742340
vt 0.048019 0.703964
vt 0.056772 0.706694
vt 0.047817 0.680651
vt 0.056503 0.682236
vt 0.048161 0.653569
vt 0.056863 0.656523
vt 0.048140 0.617459
vt 0.056923 0.625830
vt 0.047781 0.592010
vt 0.056631 0.598789
vt 0.436134 0.833457
vt 0.435865 0.856340
vt 0.427161 0.853675
vt 0.435879 0.891917
vt 0.427139 0.889773
vt 0.436134 0.913366
vt 0.427412 0.913370
vt 0.081570 0.034717
vt 0.129542 0.000915
vt 0.191325 0.031995
vt 0.316693 0.032018
vt 0.316925 0.051444
vt 0.312567 0.035951
vt 0.233868 0.117847
vt 0.208328 0.093079
vt 0.223127 0.103090
vt 0.297963 0.114426
vt 0.269347 0.124454
vt 0.273688 0.116080
vt 0.324610 0.067259
vt 0.313026 0.083255
vt 0.317097 0.068060
vt 0.261451 0.000000
vt 0.272868 0.009162
vt 0.251756 0.009244
vt 0.206971 0.034720
vt 0.228789 0.018084
vt 0.212528 0.035951
vt 0.209145 0.073632
vt 0.212528 0.089423
vt 0.293939 0.108556
vt 0.304918 0.097462
vt 0.290530 0.007110
vt 0.302225 0.022542
vt 0.288385 0.014343
vt 0.252419 0.116253
vt 0.231882 0.008551
vt 0.295987 0.516302
vt 0.284394 0.513772
vt 0.307107 0.513772
vt 0.355321 0.516011
vt 0.345277 0.513878
vt 0.359107 0.512452
vt 0.609061 0.270766
vt 0.623209 0.270987
vt 0.620972 0.283665
vt 0.327267 0.515345
vt 0.343706 0.507244
vt 0.571033 0.419015
vt 0.576063 0.430787
vt 0.560036 0.419076
vt 0.592806 0.270817
vt 0.607423 0.282017
vt 0.582938 0.278737
vt 0.492128 0.574408
vt 0.489617 0.574657
vt 0.491618 0.563433
vt 0.539458 0.418918
vt 0.550562 0.427047
vt 0.524416 0.420168
vt 0.574125 0.271992
vt 0.560440 0.283502
vt 0.125202 0.373303
vt 0.145790 0.374597
vt 0.136938 0.381575
vt 0.108953 0.381533
vt 0.089877 0.373890
vt 0.108135 0.374921
vt 0.300493 0.503137
vt 0.592817 0.288195
vt 0.353931 0.498555
vt 0.361950 0.497536
vt 0.564843 0.436080
vt 0.539739 0.434017
vt 0.574276 0.288597
vt 0.152921 0.388713
vt 0.139385 0.391947
vt 0.520224 0.437062
vt 0.503809 0.427438
vt 0.119920 0.390956
vt 0.279656 0.506936
vt 0.279270 0.498636
vt 0.098844 0.390676
vt 0.084423 0.382579
vt 0.629946 0.279027
vt 0.630276 0.288000
vt 0.339068 0.498730
vt 0.496368 0.434218
vt 0.079279 0.390659
vt 0.291305 0.497114
vt 0.302223 0.468382
vt 0.315100 0.493422
vt 0.319501 0.503771
vt 0.614839 0.292849
vt 0.164399 0.391366
vt 0.546891 0.440937
vt 0.556851 0.293050
vt 0.613978 0.317699
vt 0.316963 0.468054
vt 0.331543 0.468510
vt 0.600203 0.317587
vt 0.885370 0.666648
vt 0.881437 0.651639
vt 0.889641 0.651552
vt 0.548643 0.464636
vt 0.561507 0.732800
vt 0.560911 0.748983
vt 0.546480 0.741667
vt 0.546212 0.729657
vt 0.526808 0.464725
vt 0.141749 0.420441
vt 0.507642 0.440754
vt 0.509926 0.464124
vt 0.292360 0.468289
vt 0.099094 0.420438
vt 0.611354 0.334837
vt 0.594454 0.334939
vt 0.561366 0.463997
vt 0.557470 0.482313
vt 0.322794 0.451279
vt 0.340282 0.451155
vt 0.542395 0.481468
vt 0.150144 0.420877
vt 0.146439 0.437745
vt 0.135983 0.437565
vt 0.524788 0.481179
vt 0.513071 0.482104
vt 0.112844 0.420819
vt 0.127920 0.420751
vt 0.117130 0.437568
vt 0.295401 0.449948
vt 0.303897 0.451049
vt 0.102186 0.437591
vt 0.094672 0.437747
vt 0.575172 0.334936
vt 0.579482 0.341435
vt 0.570330 0.346224
vt 0.123720 0.444222
vt 0.528534 0.489611
vt 0.109026 0.449305
vt 0.299985 0.440619
vt 0.316925 0.444659
vt 0.100682 0.446571
vt 0.612493 0.343821
vt 0.596262 0.341417
vt 0.333273 0.444563
vt 0.344365 0.444336
vt 0.142785 0.444396
vt 0.544513 0.492660
vt 0.310716 0.436244
vt 0.326170 0.437006
vt 0.340514 0.437300
vt 0.599783 0.348846
vt 0.582650 0.349170
vt 0.146429 0.451217
vt 0.134133 0.451979
vt 0.120581 0.452112
vt 0.519356 0.496182
vt 0.509349 0.494482
vt 0.531601 0.501828
vt 0.096403 0.454004
vt 0.612753 0.351547
vt 0.143160 0.461257
vt 0.129523 0.461458
vt 0.111297 0.461811
vt 0.326435 0.427128
vt 0.598496 0.359250
vt 0.551477 0.504817
vt 0.539820 0.506739
vt 0.579936 0.358481
vt 0.309389 0.427153
vt 0.301413 0.422056
vt 0.321035 0.416414
vt 0.099239 0.461527
vt 0.102178 0.473851
vt 0.098007 0.470210
vt 0.554452 0.515158
vt 0.545092 0.516637
vt 0.338366 0.427601
vt 0.333670 0.415509
vt 0.340461 0.415640
vt 0.530827 0.516881
vt 0.586706 0.370299
vt 0.575413 0.370794
vt 0.142085 0.473149
vt 0.130225 0.473572
vt 0.517087 0.516448
vt 0.115944 0.472823
vt 0.297107 0.413170
vt 0.307797 0.413373
vt 0.132829 0.494368
vt 0.291714 0.394234
vt 0.111129 0.494370
vt 0.095098 0.494499
vt 0.312862 0.394512
vt 0.711189 0.665030
vt 0.706448 0.654032
vt 0.715350 0.654031
vt 0.602690 0.370468
vt 0.617827 0.391732
vt 0.597244 0.391558
vt 0.338100 0.394442
vt 0.562983 0.538399
vt 0.542611 0.538853
vt 0.827843 0.255245
vt 0.828220 0.264819
vt 0.817399 0.266981
vt 0.575752 0.391620
vt 0.152453 0.494720
vt 0.564049 0.391792
vt 0.606251 0.415478
vt 0.594558 0.406337
vt 0.553262 0.843096
vt 0.552849 0.819595
vt 0.568614 0.823345
vt 0.322882 0.379770
vt 0.345875 0.379576
vt 0.352197 0.393995
vt 0.565361 0.562168
vt 0.543224 0.562767
vt 0.531431 0.553653
vt 0.571494 0.406457
vt 0.153571 0.518556
vt 0.133565 0.518259
vt 0.123277 0.508838
vt 0.516815 0.538724
vt 0.508999 0.553291
vt 0.502160 0.538271
vt 0.098907 0.508955
vt 0.290513 0.370336
vt 0.312470 0.370617
vt 0.618751 0.415631
vt 0.833599 0.392046
vt 0.849618 0.393865
vt 0.849289 0.408339
vt 0.556676 0.851333
vt 0.568872 0.838361
vt 0.016334 0.974919
vt 0.025941 0.976759
vt 0.025941 0.992272
vt 0.290094 0.980077
vt 0.274273 0.976849
vt 0.274525 0.961790
vt 0.994778 0.563001
vt 0.987959 0.550163
vt 0.994778 0.543172
vt 0.255569 0.970559
vt 0.239570 0.968597
vt 0.239693 0.952499
vt 0.286478 0.946890
vt 0.289883 0.955141
vt 0.893917 0.240332
vt 0.909717 0.243710
vt 0.909527 0.259324
vt 0.044642 0.992172
vt 0.035292 0.990570
vt 0.035292 0.974919
vt 0.936419 0.979580
vt 0.920593 0.976382
vt 0.920922 0.961907
vt 0.894108 0.265417
vt 0.921071 0.650980
vt 0.922309 0.666914
vt 0.913485 0.666914
vt 0.994872 0.073652
vt 0.988776 0.061474
vt 0.994872 0.054051
vt 0.803504 0.968846
vt 0.787506 0.966886
vt 0.787626 0.950769
vt 0.447625 0.991559
vt 0.447625 0.975336
vt 0.456921 0.975350
vt 0.725712 0.908569
vt 0.671958 0.902242
vt 0.689155 0.869575
vt 0.761341 0.980435
vt 0.770453 0.975955
vt 0.770647 0.984454
vt 0.627013 0.245070
vt 0.617884 0.237993
vt 0.627165 0.232072
vt 0.761231 0.952210
vt 0.770622 0.940497
vt 0.770384 0.958710
vt 0.220670 0.994505
vt 0.211470 0.994251
vt 0.211424 0.978177
vt 0.718444 0.185975
vt 0.056504 0.770392
vt 0.427412 0.833461
vt 0.074485 0.063806
vt 0.083025 0.093385
vt 0.199251 0.067256
vt 0.186254 0.100973
vt 0.109202 0.118294
vt 0.150902 0.122636
vt 0.101416 0.011186
vt 0.165148 0.007085
vt 0.315296 0.096593
vt 0.199864 0.063796
vt 0.208975 0.052505
vt 0.235811 0.112707
vt 0.162700 0.372987
vt 0.159712 0.377545
vt 0.560161 0.271796
vt 0.508502 0.418766
vt 0.495552 0.419325
vt 0.489617 0.597249
vt 0.489617 0.586323
vt 0.492128 0.592299
vt 0.361699 0.506936
vt 0.903812 0.666044
vt 0.908228 0.650980
vt 0.912017 0.665957
vt 0.344011 0.468161
vt 0.585408 0.317997
vt 0.571442 0.317638
vt 0.863031 0.267459
vt 0.851864 0.267459
vt 0.857573 0.252421
vt 0.090863 0.420714
vt 0.092999 0.446770
vt 0.556402 0.492266
vt 0.514576 0.509634
vt 0.296919 0.430874
vt 0.359397 0.366564
vt 0.356477 0.364087
vt 0.359397 0.360380
vt 0.611654 0.358715
vt 0.574073 0.360737
vt 0.612496 0.372809
vt 0.816953 0.253695
vt 0.352253 0.370293
vt 0.563978 0.415680
vt 0.502067 0.562143
vt 0.090841 0.518469
vt 0.085271 0.494895
vt 0.225416 0.882690
vt 0.234174 0.873742
vt 0.234174 0.887000
vt 0.803115 0.945179
vt 0.016414 0.991118
vt 0.834008 0.415572
vt 0.251773 0.981587
vt 0.696826 0.664340
vt 0.696826 0.653901
vt 0.706435 0.660612
vt 0.255180 0.946890
vt 0.044565 0.975925
vt 0.160734 0.804481
vt 0.145122 0.785508
vt 0.160925 0.788869
vt 0.556676 0.808393
vt 0.936203 0.954674
vt 0.799692 0.979881
vt 0.145315 0.810576
vt 0.457004 0.991594
vt 0.706364 0.924276
vt 0.687623 0.921561
vt 0.672350 0.887215
vt 0.706709 0.867820
vt 0.719766 0.875287
vt 0.728406 0.889480
vt 0.761435 0.984452
vt 0.733405 0.662217
vt 0.737347 0.653901
vt 0.737347 0.664289
vt 0.618080 0.223682
vt 0.761435 0.939258
vt 0.220663 0.980383
vt 0.275696 0.590237
vt 0.276263 0.605925
vt 0.267684 0.615166
vt 0.276608 0.629233
vt 0.276466 0.653953
vt 0.267672 0.657092
vt 0.275867 0.675202
vt 0.368911 0.809524
vt 0.369269 0.778190
vt 0.377784 0.798754
vt 0.369154 0.742890
vt 0.377939 0.751714
vt 0.368832 0.724774
vt 0.377554 0.724795
vt 0.480488 0.620560
vt 0.480832 0.593472
vt 0.489326 0.612592
vt 0.480811 0.557366
vt 0.489569 0.566618
vt 0.480452 0.531919
vt 0.489168 0.531654
vt 0.575602 0.851854
vt 0.575333 0.874745
vt 0.566812 0.856016
vt 0.575295 0.904247
vt 0.566571 0.889791
vt 0.575528 0.927153
vt 0.566782 0.925626
vt 0.076538 0.177810
vt 0.101554 0.137936
vt 0.198442 0.174744
vt 0.316692 0.157395
vt 0.316925 0.176823
vt 0.312567 0.161330
vt 0.228117 0.240455
vt 0.208333 0.218465
vt 0.215913 0.219869
vt 0.297961 0.239807
vt 0.275625 0.249386
vt 0.273687 0.241459
vt 0.324609 0.192639
vt 0.313025 0.208634
vt 0.317097 0.193439
vt 0.261451 0.125379
vt 0.272868 0.134541
vt 0.251754 0.134623
vt 0.206970 0.160099
vt 0.228794 0.143458
vt 0.212528 0.161330
vt 0.251012 0.249691
vt 0.231767 0.235384
vt 0.209145 0.199012
vt 0.293946 0.233932
vt 0.304918 0.222841
vt 0.290526 0.132487
vt 0.302231 0.147927
vt 0.288385 0.139722
vt 0.252419 0.241633
vt 0.231878 0.133932
vt 0.560298 0.078524
vt 0.572300 0.081100
vt 0.550380 0.080605
vt 0.624623 0.419096
vt 0.644231 0.419292
vt 0.630878 0.427091
vt 0.535137 0.412434
vt 0.519961 0.412554
vt 0.536410 0.404454
vt 0.622894 0.079930
vt 0.627923 0.091702
vt 0.611897 0.079991
vt 0.603958 0.427042
vt 0.492128 0.580610
vt 0.489617 0.586078
vt 0.489617 0.574658
vt 0.456419 0.270413
vt 0.468017 0.271255
vt 0.466280 0.279101
vt 0.591311 0.079834
vt 0.602419 0.087963
vt 0.587487 0.092413
vt 0.593260 0.421726
vt 0.581462 0.431806
vt 0.447096 0.273436
vt 0.555663 0.088353
vt 0.430465 0.270515
vt 0.442197 0.278784
vt 0.414210 0.278742
vt 0.488400 0.412358
vt 0.474540 0.410762
vt 0.472359 0.404145
vt 0.395137 0.271099
vt 0.413387 0.272129
vt 0.503853 0.412515
vt 0.493198 0.400347
vt 0.612701 0.435992
vt 0.546633 0.395762
vt 0.554654 0.394745
vt 0.616703 0.096995
vt 0.595299 0.436903
vt 0.458174 0.285923
vt 0.436973 0.285452
vt 0.572084 0.097979
vt 0.471973 0.395844
vt 0.404104 0.287885
vt 0.389684 0.279789
vt 0.646468 0.435898
vt 0.628837 0.437027
vt 0.531774 0.395940
vt 0.548229 0.095134
vt 0.388304 0.287416
vt 0.484008 0.394324
vt 0.506002 0.365390
vt 0.507801 0.390630
vt 0.512208 0.400980
vt 0.469659 0.288575
vt 0.446582 0.292760
vt 0.598752 0.101852
vt 0.577875 0.441356
vt 0.421963 0.288924
vt 0.891151 0.650980
vt 0.902318 0.650980
vt 0.900849 0.665958
vt 0.524244 0.365719
vt 0.635000 0.466006
vt 0.621225 0.465893
vt 0.868416 0.267443
vt 0.864486 0.252427
vt 0.872688 0.252340
vt 0.600502 0.125552
vt 0.767376 0.544138
vt 0.766781 0.560323
vt 0.752347 0.553008
vt 0.752077 0.540999
vt 0.578671 0.125642
vt 0.447011 0.317650
vt 0.559504 0.101670
vt 0.560879 0.125032
vt 0.488373 0.365507
vt 0.404354 0.317650
vt 0.632378 0.483144
vt 0.615477 0.483246
vt 0.519001 0.348084
vt 0.531844 0.350242
vt 0.613226 0.124914
vt 0.609331 0.143230
vt 0.594256 0.142383
vt 0.576645 0.142094
vt 0.564929 0.143018
vt 0.418098 0.318025
vt 0.433180 0.317960
vt 0.422492 0.334780
vt 0.488105 0.347160
vt 0.496604 0.348257
vt 0.407446 0.334801
vt 0.514760 0.343068
vt 0.399933 0.334957
vt 0.596197 0.483243
vt 0.607373 0.489725
vt 0.591354 0.494532
vt 0.531990 0.342206
vt 0.438306 0.334716
vt 0.428981 0.341430
vt 0.580400 0.150528
vt 0.409102 0.341488
vt 0.629294 0.491786
vt 0.596375 0.153575
vt 0.489791 0.334569
vt 0.499499 0.341748
vt 0.506516 0.333673
vt 0.522714 0.334202
vt 0.533217 0.334507
vt 0.622388 0.498742
vt 0.603674 0.497476
vt 0.441907 0.345865
vt 0.425841 0.349322
vt 0.572681 0.156061
vt 0.561209 0.155400
vt 0.406789 0.349175
vt 0.583459 0.162749
vt 0.568088 0.159309
vt 0.451690 0.348428
vt 0.448420 0.358467
vt 0.434781 0.358667
vt 0.416557 0.359020
vt 0.635906 0.497755
vt 0.632677 0.507021
vt 0.519136 0.324336
vt 0.619519 0.507555
vt 0.603339 0.165735
vt 0.591680 0.167655
vt 0.600957 0.506786
vt 0.502094 0.324361
vt 0.493779 0.312957
vt 0.511123 0.312851
vt 0.404500 0.358737
vt 0.408979 0.370281
vt 0.402385 0.370323
vt 0.606314 0.176075
vt 0.596950 0.177552
vt 0.626563 0.519181
vt 0.609216 0.518352
vt 0.531069 0.324811
vt 0.526370 0.312716
vt 0.533165 0.312846
vt 0.582687 0.177797
vt 0.596435 0.519101
vt 0.447349 0.370359
vt 0.435486 0.370781
vt 0.570874 0.176580
vt 0.421204 0.370032
vt 0.566654 0.164791
vt 0.564622 0.176887
vt 0.438090 0.391577
vt 0.568676 0.199639
vt 0.416391 0.391579
vt 0.400358 0.391708
vt 0.484417 0.291444
vt 0.505564 0.291722
vt 0.716452 0.665030
vt 0.715376 0.654032
vt 0.724279 0.654031
vt 0.638851 0.540037
vt 0.618270 0.539863
vt 0.530804 0.291651
vt 0.618244 0.199170
vt 0.607282 0.199574
vt 0.815999 0.255252
vt 0.816377 0.264819
vt 0.805556 0.266981
vt 0.590285 0.199808
vt 0.592569 0.539987
vt 0.457709 0.391928
vt 0.627274 0.563783
vt 0.615581 0.554642
vt 0.731690 0.551104
vt 0.731277 0.527602
vt 0.747042 0.531350
vt 0.515585 0.276979
vt 0.538578 0.276785
vt 0.544900 0.291205
vt 0.617221 0.223083
vt 0.595084 0.223682
vt 0.583291 0.214568
vt 0.592518 0.554762
vt 0.458830 0.415765
vt 0.438826 0.415468
vt 0.428537 0.406047
vt 0.560859 0.214206
vt 0.554021 0.199187
vt 0.404168 0.406164
vt 0.483216 0.267545
vt 0.505173 0.267827
vt 0.639774 0.563937
vt 0.876347 0.241891
vt 0.892366 0.243710
vt 0.892036 0.258185
vt 0.735104 0.559341
vt 0.747300 0.546368
vt 0.006725 0.974919
vt 0.016334 0.976759
vt 0.016334 0.992272
vt 0.307446 0.980077
vt 0.291625 0.976849
vt 0.291877 0.961792
vt 0.492055 0.851163
vt 0.485236 0.838325
vt 0.492055 0.831334
vt 0.272920 0.970559
vt 0.256922 0.968597
vt 0.257045 0.952500
vt 0.303830 0.946889
vt 0.307234 0.955141
vt 0.816467 0.390486
vt 0.832266 0.393865
vt 0.832076 0.409480
vt 0.035292 0.992172
vt 0.025941 0.990570
vt 0.025941 0.974919
vt 0.953771 0.979580
vt 0.937945 0.976382
vt 0.938274 0.961908
vt 0.816657 0.415572
vt 0.813218 0.924728
vt 0.821185 0.938583
vt 0.813218 0.942376
vt 0.488928 0.994937
vt 0.482833 0.982760
vt 0.488928 0.975336
vt 0.238218 0.970554
vt 0.222218 0.968597
vt 0.222339 0.952480
vt 0.438245 0.991559
vt 0.438245 0.975336
vt 0.447542 0.975350
vt 0.630971 0.909182
vt 0.577219 0.902856
vt 0.594415 0.870188
vt 0.867763 0.969247
vt 0.876876 0.964767
vt 0.877070 0.973266
vt 0.117298 0.964746
vt 0.108169 0.957670
vt 0.117450 0.951751
vt 0.867653 0.941022
vt 0.877045 0.929308
vt 0.876807 0.947521
vt 0.389010 0.995061
vt 0.379810 0.994807
vt 0.379764 0.978733
vt 0.266982 0.590235
vt 0.266982 0.679319
vt 0.126915 0.248704
vt 0.087042 0.223690
vt 0.167869 0.242219
vt 0.141744 0.125992
vt 0.179392 0.143350
vt 0.194646 0.209958
vt 0.315291 0.221980
vt 0.199864 0.189173
vt 0.208974 0.177884
vt 0.581184 0.420101
vt 0.604182 0.418733
vt 0.650970 0.427333
vt 0.547962 0.412148
vt 0.489617 0.562988
vt 0.489617 0.552063
vt 0.492128 0.558047
vt 0.554403 0.404145
vt 0.380186 0.287883
vt 0.892646 0.666050
vt 0.536713 0.365370
vt 0.606431 0.466303
vt 0.592469 0.465945
vt 0.840697 0.267460
vt 0.847700 0.252411
vt 0.455405 0.318087
vt 0.448476 0.334396
vt 0.396123 0.317923
vt 0.398349 0.341771
vt 0.608265 0.153183
vt 0.452857 0.340474
vt 0.491345 0.325089
vt 0.356477 0.366564
vt 0.353557 0.364078
vt 0.356477 0.360380
vt 0.595097 0.509043
vt 0.723187 0.665030
vt 0.805111 0.253689
vt 0.544956 0.267502
vt 0.585002 0.563986
vt 0.553927 0.223058
vt 0.396101 0.415678
vt 0.390532 0.392104
vt 0.266982 0.691842
vt 0.266982 0.679321
vt 0.276256 0.688796
vt 0.237828 0.946889
vt 0.006806 0.991118
vt 0.876756 0.265417
vt 0.269125 0.981587
vt 0.688268 0.659878
vt 0.696826 0.665621
vt 0.272532 0.946889
vt 0.035215 0.975925
vt 0.958860 0.557843
vt 0.943249 0.538871
vt 0.959051 0.542231
vt 0.735104 0.516400
vt 0.953555 0.954674
vt 0.234405 0.981591
vt 0.943442 0.563938
vt 0.447625 0.991594
vt 0.611622 0.924889
vt 0.592881 0.922173
vt 0.577610 0.887828
vt 0.611971 0.868434
vt 0.625024 0.875899
vt 0.633666 0.890095
vt 0.867857 0.973264
vt 0.729464 0.662217
vt 0.733405 0.653901
vt 0.733405 0.664289
vt 0.108365 0.943359
vt 0.867857 0.928070
vt 0.389003 0.980939
vt 0.218272 0.870776
vt 0.204814 0.884761
vt 0.204982 0.864485
vt 0.507033 0.954872
vt 0.494485 0.964610
vt 0.492303 0.943411
vt 0.504606 0.977533
vt 0.051980 0.864633
vt 0.051929 0.894283
vt 0.038497 0.881040
vt 0.052047 0.908850
vt 0.038706 0.909517
vt 0.975398 0.546679
vt 0.987959 0.533841
vt 0.986891 0.551547
vt 0.920699 0.755709
vt 0.934143 0.755198
vt 0.934075 0.776196
vt 0.933978 0.734642
vt 0.848184 0.542564
vt 0.862411 0.509945
vt 0.862432 0.539855
vt 0.477915 0.856827
vt 0.478116 0.866961
vt 0.468788 0.857225
vt 0.827036 0.542616
vt 0.815258 0.554200
vt 0.814910 0.540450
vt 0.520130 0.101868
vt 0.489819 0.110756
vt 0.433138 0.049114
vt 0.920619 0.686719
vt 0.934734 0.675592
vt 0.934591 0.702691
vt 0.934755 0.722462
vt 0.920673 0.715060
vt 0.967682 0.967175
vt 0.968844 0.983824
vt 0.956529 0.980341
vt 0.879556 0.045803
vt 0.892658 0.024425
vt 0.892643 0.045747
vt 0.971702 0.212951
vt 0.983894 0.210474
vt 0.982965 0.228917
vt 0.492149 0.903536
vt 0.478001 0.914368
vt 0.478237 0.887969
vt 0.492181 0.869004
vt 0.965202 0.653727
vt 0.965883 0.631616
vt 0.977074 0.628047
vt 0.810167 0.853029
vt 0.810384 0.833411
vt 0.824263 0.847829
vt 0.810343 0.812175
vt 0.824358 0.821401
vt 0.942911 0.749647
vt 0.943376 0.768176
vt 0.985063 0.221835
vt 0.997418 0.210465
vt 0.996551 0.229806
vt 0.540097 0.151910
vt 0.468714 0.219026
vt 0.434252 0.158544
vt 0.943914 0.707039
vt 0.943259 0.724275
vt 0.029921 0.892115
vt 0.029939 0.873366
vt 0.801422 0.863330
vt 0.801134 0.852594
vt 0.204891 0.905530
vt 0.195519 0.905934
vt 0.943540 0.732804
vt 0.862904 0.492342
vt 0.871889 0.493711
vt 0.030051 0.909370
vt 0.810094 0.794238
vt 0.801780 0.799292
vt 0.801217 0.788872
vt 0.801100 0.834821
vt 0.205135 0.919519
vt 0.196562 0.921960
vt 0.892182 0.004933
vt 0.901887 0.011788
vt 0.469713 0.909163
vt 0.862904 0.554972
vt 0.872934 0.546202
vt 0.030294 0.919907
vt 0.801951 0.816583
vt 0.943563 0.671031
vt 0.943915 0.688493
vt 0.038748 0.852741
vt 0.030068 0.855971
vt 0.030286 0.845217
vt 0.901563 0.029370
vt 0.942568 0.785575
vt 0.469631 0.872402
vt 0.871589 0.528374
vt 0.195531 0.869874
vt 0.892231 0.061403
vt 0.902057 0.047659
vt 0.771221 0.846884
vt 0.771304 0.841523
vt 0.071674 0.212972
vt 0.902014 0.500883
vt 0.901806 0.505860
vt 0.166455 0.903375
vt 0.166392 0.897437
vt 0.771221 0.805398
vt 0.166547 0.908729
vt 0.771360 0.835580
vt 0.771389 0.829283
vt 0.973790 0.677111
vt 0.973704 0.682370
vt 0.166665 0.913292
vt 0.771389 0.822873
vt 0.000168 0.861808
vt 0.771360 0.816597
vt 0.973645 0.688242
vt 0.973615 0.694503
vt 0.000086 0.867169
vt 0.771304 0.810697
vt 0.973615 0.700911
vt 0.000029 0.873112
vt 0.973645 0.707222
vt 0.000000 0.879409
vt 0.973704 0.713191
vt -0.000000 0.885819
vt 0.973790 0.718590
vt 0.000029 0.892095
vt 0.900772 -0.000039
vt 0.930353 0.011081
vt 0.930561 0.016015
vt 0.000086 0.897995
vt 0.000168 0.903294
vt 0.000273 0.907787
vt 0.930809 0.027776
vt 0.930841 0.034152
vt 0.972550 0.774026
vt 0.972464 0.779284
vt 0.930809 0.040534
vt 0.972609 0.768154
vt 0.930714 0.046678
vt 0.901128 0.064493
vt 0.930561 0.052347
vt 0.972640 0.755484
vt 0.972640 0.761893
vt 0.972609 0.749174
vt 0.469211 0.921284
vt 0.438963 0.911281
vt 0.972550 0.743204
vt 0.959100 0.733889
vt 0.972464 0.737805
vt 0.439147 0.900070
vt 0.439195 0.893792
vt 0.901806 0.542192
vt 0.902014 0.547125
vt 0.469057 0.890629
vt 0.439212 0.887382
vt 0.901653 0.536554
vt 0.901558 0.530430
vt 0.195700 0.857666
vt 0.166455 0.872548
vt 0.166547 0.867243
vt 0.439195 0.881087
vt 0.439147 0.875149
vt 0.901526 0.524055
vt 0.166392 0.878454
vt 0.452561 0.860392
vt 0.439068 0.869795
vt 0.871391 0.510020
vt 0.901653 0.511529
vt 0.166359 0.891142
vt 0.166359 0.884732
vt 0.771116 0.851455
vt 0.789696 0.667322
vt 0.799100 0.749162
vt 0.788171 0.749066
vt 0.844904 0.073753
vt 0.851214 0.073723
vt 0.850945 0.155928
vt 0.833535 0.073899
vt 0.838934 0.073813
vt 0.844264 0.156088
vt 0.802403 0.667351
vt 0.808679 0.667322
vt 0.485204 0.732051
vt 0.473318 0.813416
vt 0.467543 0.814517
vt 0.814579 0.667265
vt 0.810572 0.749188
vt 0.474634 0.732412
vt 0.459609 0.813603
vt 0.819878 0.667183
vt 0.824371 0.667078
vt 0.462134 0.732539
vt 0.468509 0.732507
vt 0.734530 0.765595
vt 0.740402 0.765654
vt 0.746586 0.847405
vt 0.455752 0.732507
vt 0.450656 0.813625
vt 0.753072 0.765685
vt 0.757480 0.847743
vt 0.813115 0.538056
vt 0.807210 0.537978
vt 0.814350 0.455387
vt 0.000000 0.723068
vt 0.004934 0.722861
vt 0.019781 0.806620
vt 0.832098 0.538105
vt 0.825803 0.538121
vt 0.822646 0.454946
vt 0.855659 0.389024
vt 0.848127 0.307000
vt 0.858447 0.368660
vt 0.838037 0.538056
vt 0.843391 0.537978
vt 0.831184 0.455170
vt 0.849754 0.388945
vt 0.843476 0.388897
vt 0.840023 0.306880
vt 0.836598 0.455115
vt 0.029453 0.722612
vt 0.035597 0.722707
vt 0.030885 0.804862
vt 0.824832 0.388945
vt 0.831734 0.307388
vt 0.786029 0.415837
vt 0.791973 0.415894
vt 0.786375 0.498387
vt 0.751355 0.416081
vt 0.755848 0.415976
vt 0.772119 0.498004
vt 0.779732 0.415808
vt 0.778392 0.667183
vt 0.776895 0.687565
vt 0.863884 0.073753
vt 0.860442 0.157155
vt 0.464809 0.853369
vt 0.752271 0.887083
vt 0.740977 0.887034
vt 0.451598 0.853225
vt 0.761261 0.887007
vt 0.827790 0.415899
vt 0.011999 0.806539
vt 0.015169 0.845150
vt 0.029059 0.845120
vt 0.842555 0.267530
vt 0.790042 0.538096
vt 0.781870 0.537984
vt 0.035359 0.808338
vt 0.865052 0.195973
vt 0.857775 0.195898
vt 0.826984 0.304619
vt 0.829700 0.267583
vt 0.794647 0.788757
vt 0.785657 0.788640
vt 0.767649 0.538020
vt 0.846132 0.195933
vt 0.809431 0.788693
vt 0.666268 0.237639
vt 0.674355 0.264922
vt 0.634917 0.242638
vt 0.738483 0.610195
vt 0.733861 0.597025
vt 0.749949 0.575784
vt 0.720741 0.592413
vt 0.707511 0.600723
vt 0.709990 0.567094
vt 0.680718 0.622758
vt 0.682605 0.587967
vt 0.664971 0.207798
vt 0.632343 0.205364
vt 0.652143 0.183016
vt 0.679239 0.206559
vt 0.678207 0.177981
vt 0.688597 0.215516
vt 0.703925 0.190627
vt 0.717441 0.216801
vt 0.714500 0.623794
vt 0.701894 0.648762
vt 0.689448 0.227190
vt 0.710544 0.245699
vt 0.731151 0.652103
vt 0.730167 0.623364
vt 0.680592 0.237097
vt 0.658100 0.983803
vt 0.668946 0.975074
vt 0.669068 0.983418
vt 0.295852 0.736573
vt 0.335811 0.727883
vt 0.322292 0.757272
vt 0.363196 0.748756
vt 0.365083 0.783546
vt 0.336642 0.769429
vt 0.232338 0.699027
vt 0.252138 0.721375
vt 0.219001 0.728316
vt 0.332675 0.760479
vt 0.332136 0.779224
vt 0.208520 0.725810
vt 0.167040 0.732813
vt 0.180556 0.706638
vt 0.199743 0.733894
vt 0.343907 0.809551
vt 0.206274 0.693992
vt 0.173937 0.761710
vt 0.314650 0.812892
vt 0.318513 0.780571
vt 0.210126 0.780933
vt 0.200902 0.745667
vt 0.287614 0.794900
vt 0.312164 0.766650
vt 0.249564 0.758649
vt 0.211649 0.750639
vt 0.794136 0.033590
vt 0.812185 0.022080
vt 0.811794 0.043239
vt 0.941908 0.065517
vt 0.930841 0.070053
vt 0.930926 0.063806
vt 0.657969 0.973241
vt 0.669091 0.966704
vt 0.693202 0.983395
vt 0.682243 0.986586
vt 0.682226 0.974720
vt 0.389030 0.980402
vt 0.400064 0.975070
vt 0.400014 0.980832
vt 0.941918 0.054745
vt 0.930886 0.052368
vt 0.952997 0.053716
vt 0.941973 0.061485
vt 0.942036 0.050822
vt 0.400053 0.988879
vt 0.953009 0.066848
vt 0.942059 0.070053
vt 0.959178 0.558585
vt 0.970131 0.548595
vt 0.970127 0.561127
vt 0.400128 0.979158
vt 0.411108 0.976687
vt 0.411122 0.987051
vt 0.682158 0.979116
vt 0.671104 0.988002
vt 0.671156 0.977526
vt 0.842928 0.020651
vt 0.834752 0.031854
vt 0.818869 0.016274
vt 0.775488 0.021612
vt 0.771010 0.002011
vt 0.787467 0.000531
vt 0.854607 0.022695
vt 0.870222 0.009885
vt 0.878067 0.024224
vt 0.758085 0.009992
vt 0.859650 0.031025
vt 0.769583 0.034139
vt 0.749890 0.028099
vt 0.857346 0.001991
vt 0.854829 0.041679
vt 0.875732 0.046454
vt 0.753635 0.048925
vt 0.777024 0.044561
vt 0.767210 0.061597
vt 0.841205 0.043882
vt 0.842421 0.064702
vt 0.787821 0.043565
vt 0.782081 0.065238
vt 0.797933 0.060576
vt 0.825339 0.056849
vt 0.996777 0.291616
vt 0.996777 0.315999
vt 0.990357 0.313664
vt 0.922423 0.233002
vt 0.922615 0.220723
vt 0.944677 0.241940
vt 0.166104 0.748194
vt 0.166011 0.769337
vt 0.143787 0.749663
vt 0.568388 0.671957
vt 0.545497 0.692567
vt 0.545518 0.676538
vt 0.922346 0.249299
vt 0.944727 0.262964
vt 0.568282 0.690136
vt 0.545626 0.708898
vt 0.974360 0.982184
vt 0.970548 0.985883
vt 0.970548 0.954674
vt 0.545886 0.723002
vt 0.942913 0.279403
vt 0.942668 0.267503
vt 0.965953 0.276409
vt 0.051015 0.999135
vt 0.051015 0.974919
vt 0.057355 0.977066
vt 0.947487 0.174229
vt 0.970316 0.159374
vt 0.970309 0.173536
vt 0.942781 0.298166
vt 0.965856 0.295607
vt 0.947539 0.159433
vt 0.970081 0.136059
vt 0.274367 0.735602
vt 0.278506 0.731705
vt 0.278506 0.763066
vt 0.988815 0.739027
vt 0.988815 0.715433
vt 0.995464 0.718222
vt 0.969856 0.211036
vt 0.969581 0.231264
vt 0.947544 0.214965
vt 0.697276 0.962120
vt 0.719154 0.952468
vt 0.719422 0.968789
vt 0.719217 0.936437
vt 0.969873 0.197318
vt 0.947480 0.184379
vt 0.965537 0.326412
vt 0.942776 0.354864
vt 0.942684 0.333229
vt 0.697133 0.943528
vt 0.719498 0.925146
vt 0.965480 0.341260
vt 0.943056 0.370067
vt 0.165735 0.784134
vt 0.143710 0.768978
vt 0.225070 0.857353
vt 0.225070 0.883213
vt 0.218354 0.879702
vt 0.058990 0.767825
vt 0.065339 0.747118
vt 0.101273 0.768855
vt 0.063248 0.786704
vt 0.738026 0.334139
vt 0.731347 0.319064
vt 0.772627 0.309814
vt 0.143573 0.769902
vt 0.139958 0.786006
vt 0.140752 0.753643
vt 0.730945 0.302542
vt 0.738815 0.284913
vt 0.131920 0.739696
vt 0.115596 0.729371
vt 0.758299 0.270333
vt 0.094030 0.727189
vt 0.795272 0.274064
vt 0.807210 0.285435
vt 0.813903 0.300544
vt 0.813393 0.319803
vt 0.078652 0.733124
vt 0.563115 0.808104
vt 0.563115 0.750448
vt 0.573570 0.750737
vt 0.551520 0.808328
vt 0.551520 0.750672
vt 0.975967 0.057898
vt 0.975967 0.000244
vt 0.988776 0.000000
vt 0.057855 0.787635
vt 0.057855 0.845287
vt 0.046242 0.845037
vt 0.774318 0.249239
vt 0.789426 0.249239
vt 0.789426 0.265547
vt 0.804535 0.249239
vt 0.804535 0.265547
vt 0.855160 0.973894
vt 0.867639 0.974012
vt 0.867185 0.986249
vt 0.854706 0.928070
vt 0.867185 0.928188
vt 0.840697 0.267010
vt 0.828220 0.266773
vt 0.828220 0.251774
vt 0.135543 0.949498
vt 0.148018 0.949229
vt 0.148018 0.995131
vt 0.166359 0.984963
vt 0.166359 0.925262
vt 0.185452 0.925262
vt 0.975967 0.000000
vt 0.975967 0.059701
vt 0.956874 0.059701
vt 0.826593 0.560046
vt 0.218253 0.902973
vt 0.503295 0.938848
vt 0.920594 0.785864
vt 0.828753 0.560046
vt 0.828303 0.542687
vt 0.840010 0.553415
vt 0.840435 0.540451
vt 0.848246 0.500945
vt 0.457177 0.102418
vt 0.438715 0.080838
vt 0.450583 0.016032
vt 0.495257 0.002368
vt 0.536638 0.031805
vt 0.539011 0.076938
vt 0.920747 0.671243
vt 0.957446 0.954674
vt 0.879526 0.017415
vt 0.972484 0.239638
vt 0.976649 0.656809
vt 0.824223 0.799043
vt 0.439936 0.195135
vt 0.510714 0.117704
vt 0.473463 0.114325
vt 0.448705 0.128216
vt 0.534735 0.196901
vt 0.505644 0.220403
vt 0.196035 0.887836
vt 0.871409 0.558110
vt 0.933920 0.787161
vt 0.771116 0.800905
vt 0.000273 0.857236
vt 0.930714 0.021652
vt 0.930353 0.057323
vt 0.439068 0.905975
vt 0.901558 0.517672
vt 0.438963 0.865231
vt 0.761146 0.415894
vt 0.783753 0.667265
vt 0.795993 0.667351
vt 0.480271 0.732258
vt 0.729272 0.765509
vt 0.740317 0.847071
vt 0.449608 0.732412
vt 0.746663 0.765685
vt 0.443939 0.732258
vt 0.438963 0.732051
vt 0.759382 0.765654
vt 0.801905 0.537872
vt 0.765351 0.765595
vt 0.770751 0.765509
vt 0.819393 0.538105
vt 0.010571 0.722707
vt 0.016695 0.722612
vt 0.860964 0.389130
vt 0.023070 0.722580
vt 0.847954 0.537872
vt 0.837066 0.388881
vt 0.797333 0.415976
vt 0.801905 0.416081
vt 0.041265 0.722861
vt 0.830771 0.388897
vt 0.046242 0.723068
vt 0.763187 0.499870
vt 0.819478 0.389024
vt 0.869756 0.073813
vt 0.875014 0.073899
vt 0.814915 0.389130
vt 0.773322 0.415808
vt 0.773820 0.667078
vt 0.767047 0.415837
vt 0.857623 0.073723
vt 0.813732 0.415841
vt 0.851389 0.267634
vt 0.474186 0.853158
vt 0.758187 0.634112
vt 0.766380 0.605673
vt 0.657200 0.223709
vt 0.705630 0.613834
vt 0.279421 0.766462
vt 0.222998 0.741448
vt 0.801344 0.007005
vt 0.788263 0.022254
vt 0.682084 0.970513
vt 0.693233 0.973610
vt 0.658129 0.966078
vt 0.941840 0.049831
vt 0.693282 0.988935
vt 0.389066 0.989869
vt 0.959114 0.547181
vt 0.400107 0.988820
vt 0.682084 0.988936
vt 0.363013 0.995730
vt 0.359435 0.992248
vt 0.363013 0.964814
vt 0.836205 0.002402
vt 0.860990 0.061742
vt 0.815117 0.037139
vt 0.944776 0.227800
vt 0.206929 0.965950
vt 0.210438 0.968886
vt 0.206929 0.995596
vt 0.143641 0.730315
vt 0.463463 0.998570
vt 0.463463 0.975336
vt 0.469847 0.996557
vt 0.808827 0.376378
vt 0.808827 0.352086
vt 0.814854 0.374683
vt 0.568417 0.708580
vt 0.994704 0.162161
vt 0.998172 0.165037
vt 0.994704 0.191684
vt 0.965262 0.315909
vt 0.568430 0.726756
vt 0.568430 0.750036
vt 0.562006 0.728851
vt 0.947414 0.226221
vt 0.947444 0.146845
vt 0.947598 0.198631
vt 0.697813 0.977643
vt 0.808828 0.397966
vt 0.814559 0.376378
vt 0.814559 0.398646
vt 0.143573 0.779661
vt 0.965583 0.353812
vt 0.765389 0.351476
vt 0.749988 0.345534
vt 0.130469 0.799489
vt 0.116527 0.808328
vt 0.779855 0.268112
vt 0.803265 0.338961
vt 0.079569 0.804793
vt 0.786941 0.349289
vt 0.100267 0.811158
vt 0.573570 0.808393
vt 0.988776 0.057655
vt 0.046242 0.787385
vt 0.774318 0.265547
vt 0.854706 0.986131
vt 0.840697 0.252011
vt 0.135543 0.995400
vt 0.185452 0.984963
vt 0.956874 0.000000
vt 0.378678 0.819724
vt 0.379234 0.845052
vt 0.374454 0.822456
vt 0.379032 0.877270
vt 0.374650 0.879242
vt 0.378467 0.894665
vt 0.054502 0.948744
vt 0.054634 0.911681
vt 0.058978 0.919129
vt 0.054313 0.887665
vt 0.058747 0.894677
vt 0.274250 0.565612
vt 0.274557 0.541372
vt 0.278740 0.554004
vt 0.274542 0.509133
vt 0.278904 0.522290
vt 0.274219 0.486114
vt 0.278585 0.489805
vt 0.057779 0.518279
vt 0.057559 0.551826
vt 0.053253 0.543522
vt 0.057791 0.583690
vt 0.053325 0.571100
vt 0.186132 0.384265
vt 0.251980 0.379805
vt 0.278030 0.436574
vt 0.386118 0.446972
vt 0.401288 0.437346
vt 0.392491 0.448814
vt 0.398122 0.512231
vt 0.403652 0.508495
vt 0.425775 0.520138
vt 0.491494 0.465501
vt 0.485829 0.497251
vt 0.484348 0.480996
vt 0.463359 0.520718
vt 0.446102 0.519813
vt 0.470154 0.507440
vt 0.408690 0.423455
vt 0.445424 0.417668
vt 0.435845 0.422956
vt 0.388282 0.482124
vt 0.478324 0.435587
vt 0.471310 0.437887
vt 0.454832 0.426697
vt 0.479567 0.495357
vt 0.431831 0.527731
vt 0.484212 0.462493
vt 0.479567 0.448814
vt 0.958353 0.521985
vt 0.959045 0.536461
vt 0.954056 0.537251
vt 0.957586 0.494246
vt 0.954276 0.504948
vt 0.070201 0.359300
vt 0.070579 0.369551
vt 0.065428 0.370528
vt 0.943205 0.514934
vt 0.943516 0.495384
vt 0.968519 0.405364
vt 0.983883 0.405148
vt 0.983767 0.428141
vt 0.943106 0.477389
vt 0.257062 0.706162
vt 0.272368 0.697669
vt 0.273090 0.714829
vt 0.954058 0.469448
vt 0.942884 0.466268
vt 0.968018 0.442886
vt 0.983947 0.452440
vt 0.257144 0.719693
vt 0.272922 0.738858
vt 0.054581 0.366783
vt 0.054776 0.350588
vt 0.968169 0.460673
vt 0.983897 0.465179
vt 0.070679 0.345600
vt 0.056083 0.327479
vt 0.256922 0.752851
vt 0.272605 0.762282
vt 0.070552 0.312423
vt 0.054529 0.307098
vt 0.942968 0.532884
vt 0.070537 0.299982
vt 0.054628 0.292529
vt 0.653187 0.757905
vt 0.635400 0.765196
vt 0.642856 0.747962
vt 0.635334 0.667991
vt 0.636363 0.682539
vt 0.615441 0.682534
vt 0.666855 0.744395
vt 0.576972 0.721299
vt 0.582572 0.693395
vt 0.590361 0.713507
vt 0.674679 0.721457
vt 0.655787 0.736550
vt 0.594551 0.733617
vt 0.671750 0.697964
vt 0.660817 0.717078
vt 0.584686 0.744104
vt 0.608916 0.747955
vt 0.653775 0.694369
vt 0.656926 0.678572
vt 0.616197 0.765169
vt 0.625907 0.752547
vt 0.598365 0.675417
vt 0.598094 0.694237
vt 0.910653 0.931023
vt 0.910972 0.945966
vt 0.899679 0.948043
vt 0.822472 0.960770
vt 0.822485 0.940172
vt 0.833709 0.941144
vt 0.839473 0.951005
vt 0.849902 0.937709
vt 0.850149 0.955404
vt 0.822745 0.973243
vt 0.833693 0.959613
vt 0.894114 0.969017
vt 0.882769 0.971679
vt 0.882935 0.955490
vt 0.894160 0.952657
vt 0.839269 0.970415
vt 0.849937 0.968066
vt 0.892981 0.934502
vt 0.910863 0.965837
vt 0.899571 0.968331
vt 0.822643 0.928489
vt 0.836856 0.950765
vt 0.836791 0.962184
vt 0.853225 0.947708
vt 0.836994 0.969886
vt 0.879463 0.969601
vt 0.853147 0.966695
vt 0.882856 0.939080
vt 0.880035 0.943384
vt 0.879759 0.931996
vt 0.896853 0.953330
vt 0.896191 0.939291
vt 0.836745 0.939345
vt 0.899537 0.936206
vt 0.853019 0.931728
vt 0.788681 0.384052
vt 0.783462 0.391154
vt 0.786652 0.381314
vt 0.730855 0.381612
vt 0.735055 0.365467
vt 0.736816 0.369143
vt 0.782901 0.368210
vt 0.733711 0.384841
vt 0.735151 0.397441
vt 0.770486 0.408173
vt 0.766194 0.407365
vt 0.776875 0.402386
vt 0.784099 0.397628
vt 0.372357 0.911507
vt 0.358975 0.913294
vt 0.369266 0.903982
vt 0.370134 0.914900
vt 0.655787 0.774096
vt 0.663783 0.777130
vt 0.658143 0.792410
vt 0.929359 0.417594
vt 0.936676 0.426221
vt 0.923040 0.429533
vt 0.909623 0.268775
vt 0.917786 0.269042
vt 0.927518 0.278398
vt 0.344650 0.912832
vt 0.344151 0.903977
vt 0.356532 0.900397
vt 0.645392 0.792371
vt 0.912619 0.426244
vt 0.911670 0.441420
vt 0.634732 0.780705
vt 0.645172 0.777010
vt 0.937963 0.441380
vt 0.929775 0.441603
vt 0.664116 0.792515
vt 0.913734 0.278465
vt 0.916349 0.293800
vt 0.937391 0.515074
vt 0.930719 0.514942
vt 0.928840 0.293757
vt 0.936687 0.366866
vt 0.927436 0.366667
vt 0.365825 0.888661
vt 0.360183 0.815067
vt 0.370184 0.815005
vt 0.920609 0.514967
vt 0.915460 0.367471
vt 0.660521 0.866090
vt 0.646688 0.866020
vt 0.911577 0.515083
vt 0.635605 0.865220
vt 0.598481 0.032491
vt 0.595173 0.022960
vt 0.610188 0.022387
vt 0.612295 0.041733
vt 0.594755 0.045874
vt 0.558683 0.035894
vt 0.550002 0.052444
vt 0.545661 0.026961
vt 0.581556 0.054009
vt 0.604512 0.056800
vt 0.572384 0.015468
vt 0.557555 0.007498
vt 0.576059 0.000344
vt 0.585670 0.015982
vt 0.595479 0.004692
vt 0.074418 0.251712
vt 0.072881 0.265321
vt 0.072096 0.247178
vt 0.640338 0.067474
vt 0.629421 0.057251
vt 0.647330 0.063301
vt 0.654833 0.000780
vt 0.669766 0.008528
vt 0.660676 0.008470
vt 0.623422 0.009828
vt 0.631203 0.010034
vt 0.620884 0.023425
vt 0.644681 0.005469
vt 0.663009 0.064946
vt 0.663837 0.058873
vt 0.638261 0.001582
vt 0.678362 0.048276
vt 0.613641 0.040724
vt 0.615006 0.023843
vt 0.680391 0.025195
vt 0.674252 0.045312
vt 0.620773 0.055687
vt 0.619677 0.042923
vt 0.730298 0.978137
vt 0.730111 0.957230
vt 0.731918 0.971200
vt 0.321365 0.972941
vt 0.322485 0.959679
vt 0.327365 0.979017
vt 0.736217 0.961595
vt 0.963530 0.647297
vt 0.962752 0.662167
vt 0.956959 0.658010
vt 0.961156 0.625777
vt 0.962640 0.633799
vt 0.957316 0.641816
vt 0.521718 0.966839
vt 0.522150 0.979572
vt 0.516615 0.976209
vt 0.516231 0.966730
vt 0.516592 0.951948
vt 0.522789 0.950811
vt 0.322217 0.948363
vt 0.329196 0.957079
vt 0.820410 0.982504
vt 0.818942 0.996271
vt 0.817304 0.992601
vt 0.949257 0.638458
vt 0.951815 0.630188
vt 0.508770 0.975538
vt 0.516492 0.941407
vt 0.508302 0.946828
vt 0.742595 0.954573
vt 0.744397 0.969050
vt 0.949528 0.652852
vt 0.735828 0.975431
vt 0.743587 0.976669
vt 0.488149 0.955657
vt 0.486605 0.938648
vt 0.491090 0.941183
vt 0.478262 0.968270
vt 0.481820 0.969408
vt 0.464771 0.974815
vt 0.460084 0.925109
vt 0.446653 0.933079
vt 0.453124 0.924458
vt 0.490706 0.956744
vt 0.465613 0.921324
vt 0.453908 0.969502
vt 0.446187 0.966717
vt 0.474528 0.925928
vt 0.445088 0.961794
vt 0.438723 0.948499
vt 0.441509 0.947901
vt 0.442798 0.933325
vt 0.274478 0.728682
vt 0.277625 0.724961
vt 0.277382 0.731705
vt 0.994778 0.132842
vt 0.997837 0.129613
vt 0.996339 0.144570
vt 0.976025 0.103122
vt 0.974056 0.100401
vt 0.969186 0.086817
vt 0.964702 0.079130
vt 0.974438 0.090731
vt 0.958559 0.077801
vt 0.947417 0.074022
vt 0.971803 0.115734
vt 0.961535 0.124589
vt 0.963439 0.121027
vt 0.932724 0.079753
vt 0.946696 0.076372
vt 0.874632 0.226076
vt 0.838008 0.225797
vt 0.833749 0.209621
vt 0.118202 0.908218
vt 0.139406 0.905891
vt 0.118612 0.919014
vt 0.118313 0.930407
vt 0.138513 0.930747
vt 0.118819 0.939096
vt 0.902365 0.373714
vt 0.900931 0.388342
vt 0.881089 0.375460
vt 0.874475 0.211955
vt 0.130877 0.900900
vt 0.153661 0.893788
vt 0.839719 0.198997
vt 0.729498 0.912605
vt 0.764031 0.906224
vt 0.770469 0.923272
vt 0.729992 0.924558
vt 0.764306 0.935665
vt 0.902066 0.398745
vt 0.861216 0.407450
vt 0.154032 0.917149
vt 0.874028 0.239957
vt 0.839875 0.251089
vt 0.833760 0.244021
vt 0.902096 0.364301
vt 0.867411 0.361917
vt 0.797099 0.355958
vt 0.807425 0.367932
vt 0.798692 0.371110
vt 0.160734 0.901282
vt 0.160893 0.933941
vt 0.153816 0.945903
vt 0.861246 0.374045
vt 0.310980 0.971483
vt 0.310525 0.955681
vt 0.319155 0.959112
vt 0.328153 0.360097
vt 0.332975 0.365425
vt 0.328153 0.370024
vt 0.316610 0.975196
vt 0.318889 0.984044
vt 0.788907 0.874853
vt 0.800244 0.864782
vt 0.803363 0.873541
vt 0.318453 0.998445
vt 0.309971 0.986778
vt 0.792041 0.879880
vt 0.783826 0.889638
vt 0.797143 0.412467
vt 0.791376 0.407487
vt 0.798941 0.395878
vt 0.773699 0.901116
vt 0.775860 0.884850
vt 0.782870 0.929762
vt 0.786759 0.925970
vt 0.797431 0.935022
vt 0.806500 0.384228
vt 0.807299 0.399964
vt 0.780064 0.901717
vt 0.781298 0.915384
vt 0.808915 0.944590
vt 0.793062 0.943215
vt 0.801185 0.383740
vt 0.772541 0.918511
vt 0.337178 0.369235
vt 0.332975 0.365197
vt 0.337178 0.360097
vt 0.569425 0.808393
vt 0.575443 0.816893
vt 0.568909 0.824911
vt 0.485409 0.819876
vt 0.491710 0.829223
vt 0.485288 0.828144
vt 0.476357 0.983932
vt 0.482822 0.976803
vt 0.482785 0.994049
vt 0.485325 0.794192
vt 0.491837 0.802798
vt 0.485401 0.803590
vt 0.568903 0.833516
vt 0.575438 0.842884
vt 0.569002 0.842725
vt 0.715475 0.066997
vt 0.707165 0.050206
vt 0.722738 0.051030
vt 0.728285 0.064448
vt 0.715657 0.000000
vt 0.737106 0.008364
vt 0.717337 0.014458
vt 0.739202 0.057140
vt 0.693747 0.008389
vt 0.688239 0.052793
vt 0.682360 0.031064
vt 0.696965 0.035346
vt 0.748434 0.030805
vt 0.733261 0.038918
vt 0.729949 0.021655
vt 0.463240 0.240247
vt 0.473158 0.236704
vt 0.474458 0.249122
vt 0.198466 0.973722
vt 0.185528 0.979812
vt 0.185473 0.972983
vt 0.909965 0.252698
vt 0.909779 0.240440
vt 0.922302 0.250570
vt 0.198350 0.965950
vt 0.801929 0.544822
vt 0.802009 0.538121
vt 0.814910 0.543323
vt 0.922167 0.244677
vt 0.453674 0.256392
vt 0.464097 0.263288
vt 0.448354 0.265496
vt 0.445413 0.252203
vt 0.436561 0.256965
vt 0.462361 0.252182
vt 0.464864 0.227404
vt 0.432791 0.244147
vt 0.148409 0.954959
vt 0.159115 0.954230
vt 0.157709 0.965281
vt 0.135021 0.951961
vt 0.135207 0.963284
vt 0.127707 0.956783
vt 0.148388 0.967902
vt 0.124372 0.950580
vt 0.160222 0.975405
vt 0.962856 0.401268
vt 0.962790 0.408313
vt 0.953714 0.408259
vt 0.945136 0.266328
vt 0.945390 0.254384
vt 0.954724 0.258121
vt 0.962928 0.391558
vt 0.955437 0.392558
vt 0.956341 0.377822
vt 0.135127 0.977860
vt 0.127639 0.978003
vt 0.124795 0.963785
vt 0.962693 0.375998
vt 0.962875 0.380972
vt 0.156259 0.949230
vt 0.948984 0.401817
vt 0.950887 0.383552
vt 0.165417 0.962453
vt 0.511789 0.228133
vt 0.511627 0.235104
vt 0.505290 0.224148
vt 0.962221 0.245410
vt 0.960428 0.261426
vt 0.945838 0.386702
vt 0.503684 0.240832
vt 0.493535 0.231595
vt 0.479651 0.258355
vt 0.486350 0.241626
vt 0.490409 0.256747
vt 0.485688 0.227260
vt 0.512721 0.249371
vt 0.504074 0.259309
vt 0.498345 0.250311
vt 0.374981 0.848085
vt 0.058559 0.964921
vt 0.058848 0.946647
vt 0.278445 0.570277
vt 0.053473 0.518520
vt 0.053534 0.586527
vt 0.180331 0.463078
vt 0.167636 0.438534
vt 0.168781 0.411676
vt 0.215789 0.371115
vt 0.266675 0.460843
vt 0.245096 0.478186
vt 0.213429 0.481008
vt 0.275598 0.408995
vt 0.380566 0.478935
vt 0.387673 0.463356
vt 0.417126 0.426738
vt 0.967968 0.423523
vt 0.959096 0.477570
vt 0.256508 0.694456
vt 0.257277 0.734971
vt 0.070780 0.330576
vt 0.261552 0.761492
vt 0.069978 0.293117
vt 0.615872 0.668096
vt 0.598641 0.757967
vt 0.840573 0.932211
vt 0.893866 0.980114
vt 0.833804 0.968834
vt 0.910671 0.978303
vt 0.882709 0.931100
vt 0.490194 0.540091
vt 0.491959 0.544730
vt 0.489880 0.548628
vt 0.879486 0.955664
vt 0.362760 0.491328
vt 0.364678 0.493795
vt 0.362760 0.497220
vt 0.896091 0.968218
vt 0.489839 0.537461
vt 0.489617 0.528740
vt 0.491620 0.535558
vt 0.786893 0.370416
vt 0.777682 0.358882
vt 0.754030 0.410070
vt 0.764487 0.356733
vt 0.760486 0.352669
vt 0.746575 0.355585
vt 0.925604 0.267502
vt 0.935709 0.269256
vt 0.656965 0.766146
vt 0.665650 0.768631
vt 0.649084 0.766122
vt 0.638175 0.767923
vt 0.939875 0.417586
vt 0.914789 0.418373
vt 0.907011 0.418807
vt 0.630228 0.769652
vt 0.938419 0.282063
vt 0.344738 0.888620
vt 0.345498 0.814979
vt 0.565953 0.049249
vt 0.567886 0.066933
vt 0.562169 0.023422
vt 0.587734 0.067421
vt 0.073558 0.225267
vt 0.072015 0.447723
vt 0.072741 0.430375
vt 0.074318 0.443540
vt 0.671651 0.017698
vt 0.676313 0.028646
vt 0.962169 0.619592
vt 0.817378 0.978441
vt 0.641559 0.994890
vt 0.639113 0.995906
vt 0.637758 0.981662
vt 0.321930 0.982890
vt 0.164346 0.938680
vt 0.161915 0.930385
vt 0.165648 0.925810
vt 0.162252 0.944217
vt 0.903025 0.364025
vt 0.903393 0.352744
vt 0.905628 0.363635
vt 0.734591 0.947955
vt 0.736657 0.941996
vt 0.334921 0.968783
vt 0.508150 0.961292
vt 0.949612 0.624742
vt 0.329443 0.949778
vt 0.335152 0.955195
vt 0.743604 0.947041
vt 0.510101 0.942939
vt 0.334574 0.980044
vt 0.465522 0.972575
vt 0.480605 0.926734
vt 0.275647 0.710838
vt 0.904503 0.511137
vt 0.905083 0.525601
vt 0.902089 0.523812
vt 0.074259 0.315451
vt 0.073797 0.326765
vt 0.071308 0.318796
vt 0.276079 0.694001
vt 0.277613 0.699589
vt 0.936473 0.124197
vt 0.927131 0.113701
vt 0.935623 0.121268
vt 0.949388 0.124958
vt 0.949160 0.127736
vt 0.971257 0.111746
vt 0.922653 0.102827
vt 0.926517 0.089786
vt 0.924645 0.100732
vt 0.935530 0.080249
vt 0.729586 0.901271
vt 0.874355 0.206786
vt 0.867191 0.413547
vt 0.866630 0.392282
vt 0.861214 0.350233
vt 0.770472 0.890274
vt 0.791367 0.360111
vt 0.316610 0.968598
vt 0.813218 0.864727
vt 0.199046 0.363320
vt 0.194020 0.369293
vt 0.194020 0.358489
vt 0.808965 0.938763
vt 0.319538 0.946890
vt 0.485438 0.813431
vt 0.844725 0.990324
vt 0.838257 0.983747
vt 0.844735 0.976157
vt 0.438119 0.996810
vt 0.431582 0.990484
vt 0.438032 0.979553
vt 0.569255 0.850704
vt 0.476341 0.992221
vt 0.469857 0.985149
vt 0.476357 0.975336
vt 0.703583 0.019058
vt 0.746418 0.046321
vt 0.696828 0.061057
vt 0.801961 0.558703
vt 0.814868 0.551525
vt 0.338037 0.976481
vt 0.350937 0.988567
vt 0.338001 0.987307
vt 0.922211 0.259580
vt 0.909778 0.264947
vt 0.350940 0.970989
vt 0.198418 0.988806
vt 0.185470 0.987202
vt 0.451144 0.235095
vt 0.443034 0.243007
vt 0.436198 0.233797
vt 0.443419 0.226935
vt 0.453548 0.224147
vt 0.954883 0.244012
vt 0.945182 0.237771
vt 0.955954 0.234690
vt 0.148398 0.976002
vt 0.952639 0.267429
vt 0.120800 0.973485
vt 0.119831 0.980421
vt 0.950145 0.375346
vt 0.475508 0.231020
vt 0.478209 0.227489
vt 0.118096 0.958925
vt 0.165503 0.951891
vt 0.482836 0.262240
vt 0.476216 0.243816
s 0
f 2/1/1 3/2/1 1/3/1
f 5/4/2 3/2/2 6/5/2
f 7/6/3 6/5/3 8/7/3
f 9/8/4 8/9/4 10/10/4
f 10/10/5 12/11/6 11/12/7
f 12/11/8 14/13/8 13/14/8
f 14/15/9 16/16/9 15/17/9
f 16/16/10 18/18/10 17/19/10
f 18/18/11 20/20/11 19/21/11
f 20/22/12 22/23/12 21/24/12
f 22/23/13 24/25/13 23/26/13
f 23/26/14 24/25/14 2/27/14
f 17/28/15 19/29/15 1/30/15
f 16/31/16 31/32/16 32/33/16
f 24/34/17 22/35/17 34/36/17
f 6/37/18 26/38/18 27/39/18
f 10/40/19 28/41/19 29/42/19
f 12/43/20 30/44/20 31/32/20
f 3/45/21 25/46/21 26/38/21
f 18/47/22 16/31/22 32/33/22
f 8/48/23 6/37/23 27/39/23
f 22/35/24 20/49/24 34/36/24
f 2/50/25 24/34/25 35/51/25
f 6/37/26 3/45/26 26/38/26
f 12/43/27 29/42/27 30/44/27
f 3/45/28 2/50/28 25/46/28
f 40/52/29 30/53/29 49/54/29
f 35/55/30 34/56/30 43/57/30
f 25/58/31 36/59/31 37/60/31
f 31/61/32 30/62/32 40/63/32
f 26/64/33 37/60/33 27/65/33
f 33/66/34 32/67/34 41/68/34
f 29/69/35 38/70/35 39/71/35
f 43/72/36 53/73/36 44/74/36
f 27/75/37 37/76/37 45/77/37
f 41/78/38 40/52/38 50/79/38
f 38/80/39 27/81/39 46/82/39
f 42/83/40 41/78/40 51/84/40
f 38/85/41 46/86/41 47/87/41
f 42/88/42 51/89/42 52/90/42
f 39/91/43 47/87/43 48/92/43
f 39/91/44 48/92/45 49/54/46
f 43/72/47 52/93/47 53/73/47
f 37/76/48 36/94/48 44/74/48
f 51/95/49 50/96/49 59/97/49
f 47/98/50 56/99/50 57/100/50
f 51/89/51 60/101/51 61/102/51
f 48/103/52 57/100/52 58/104/52
f 45/105/53 44/106/53 55/107/53
f 53/108/54 61/102/54 54/109/54
f 50/96/55 49/110/55 58/111/55
f 46/112/56 45/105/56 55/107/56
f 57/100/57 56/99/57 64/113/57
f 61/102/58 60/101/58 68/114/58
f 58/115/59 57/116/59 65/117/59
f 54/118/60 61/119/60 69/120/60
f 55/107/61 62/121/61 63/122/61
f 58/115/62 66/123/62 67/124/62
f 56/125/63 63/122/63 64/126/63
f 60/127/64 67/128/64 68/129/65
f 69/130/66 83/131/66 84/132/66
f 63/122/67 70/133/67 71/134/67
f 67/128/68 72/135/68 73/136/68
f 72/135/69 66/137/69 78/138/69
f 71/134/70 70/133/70 75/139/70
f 73/136/71 72/135/71 80/140/71
f 65/141/72 76/142/72 77/143/73
f 73/144/74 81/145/74 82/146/74
f 69/130/75 82/146/75 83/131/75
f 70/133/76 62/121/76 74/147/76
f 76/142/77 85/148/77 86/149/77
f 76/142/78 86/149/78 77/143/78
f 76/150/79 75/139/79 85/151/79
f 74/147/80 84/152/80 90/153/80
f 85/151/81 74/147/81 87/154/81
f 83/131/82 82/146/82 97/155/82
f 77/143/83 88/156/83 93/157/83
f 84/132/84 83/131/84 98/158/84
f 80/140/85 94/159/85 95/160/85
f 85/148/86 91/161/86 86/149/86
f 86/149/87 92/162/87 88/156/87
f 91/163/88 100/164/89 99/165/90
f 86/149/91 99/166/91 92/162/91
f 78/138/92 93/167/92 94/159/92
f 88/156/93 92/162/93 101/168/93
f 97/155/94 96/169/95 102/170/95
f 94/159/96 93/167/96 106/171/96
f 92/162/97 99/166/97 103/172/97
f 100/164/98 104/173/98 105/174/98
f 95/160/99 94/159/99 107/175/99
f 102/176/100 95/160/101 107/175/102
f 101/168/103 103/172/104 105/177/104
f 102/170/105 107/178/105 108/179/105
f 90/153/106 98/180/106 109/181/106
f 93/157/107 88/156/107 101/168/107
f 107/175/108 115/182/109 116/183/108
f 105/174/110 104/173/110 110/184/110
f 108/179/111 107/185/112 116/186/113
f 104/173/114 109/181/114 112/187/114
f 110/184/115 104/173/115 112/187/115
f 106/171/116 114/188/116 115/182/116
f 111/189/117 110/184/118 113/190/119
f 109/191/120 116/186/120 118/192/120
f 115/182/121 117/193/121 118/194/121
f 113/190/122 112/187/122 120/195/122
f 118/196/123 117/197/123 123/198/123
f 121/199/124 136/200/124 128/201/124
f 117/202/125 131/203/125 132/204/125
f 112/187/126 119/205/126 126/206/126
f 121/207/127 120/195/127 127/208/127
f 123/209/128 132/204/128 133/210/128
f 122/211/129 129/212/129 130/213/129
f 124/214/130 133/210/130 134/215/130
f 114/216/131 130/213/131 131/217/131
f 120/195/132 112/187/132 126/206/132
f 119/218/133 125/219/133 135/220/133
f 129/221/134 128/222/134 138/223/134
f 130/224/135 129/225/135 144/226/135
f 126/227/136 135/220/136 141/228/136
f 132/204/137 139/229/137 140/230/137
f 131/203/138 130/231/138 144/232/138
f 131/203/139 144/232/139 139/229/139
f 140/230/140 139/229/140 145/233/140
f 138/234/141 136/235/141 142/236/141
f 138/237/142 143/238/142 144/239/142
f 137/240/143 140/241/143 145/242/143
f 4/243/144 1/3/144 3/2/144
f 5/4/145 4/243/145 3/2/145
f 5/4/146 6/5/146 7/6/146
f 7/244/147 8/9/147 9/8/147
f 9/8/148 10/10/149 11/12/149
f 13/14/150 11/12/151 12/11/152
f 13/245/153 14/15/153 15/17/153
f 15/17/154 16/16/154 17/19/154
f 17/19/155 18/18/155 19/21/155
f 19/21/156 20/20/156 21/246/156
f 21/24/157 22/23/157 23/26/157
f 10/40/158 8/48/158 28/41/158
f 1/247/159 23/26/159 2/27/159
f 4/248/15 5/249/15 7/250/15
f 9/251/15 11/252/15 13/253/15
f 7/250/15 9/251/15 13/253/15
f 13/253/15 15/254/15 17/28/15
f 19/29/15 21/255/15 1/30/15
f 1/30/15 4/248/15 7/250/15
f 13/253/15 17/28/15 1/30/15
f 21/255/160 23/256/160 1/30/160
f 1/30/15 7/250/15 13/253/15
f 30/257/161 29/69/161 39/71/161
f 35/51/162 24/34/162 34/36/162
f 34/36/163 20/49/163 33/258/163
f 14/259/164 12/43/164 31/32/164
f 12/43/165 10/40/166 29/42/167
f 33/258/168 18/47/168 32/33/168
f 28/41/169 8/48/169 27/39/169
f 16/31/170 14/259/170 31/32/170
f 20/49/171 18/47/171 33/258/171
f 25/46/172 2/50/172 35/51/173
f 26/64/174 25/58/174 37/60/174
f 36/260/175 35/55/175 43/57/175
f 25/261/176 35/55/176 36/260/176
f 32/67/177 31/61/177 40/63/177
f 41/68/178 32/67/178 40/63/178
f 28/262/179 27/65/179 38/263/179
f 42/264/180 33/66/180 41/68/180
f 34/56/181 33/265/181 42/88/181
f 29/69/182 28/266/182 38/70/182
f 43/57/183 34/56/183 42/88/183
f 36/94/184 43/72/184 44/74/184
f 50/79/185 40/52/185 49/54/185
f 46/267/186 27/75/187 45/77/187
f 51/84/188 41/78/188 50/79/188
f 39/91/189 38/85/189 47/87/189
f 43/72/190 42/268/190 52/93/190
f 30/53/191 39/91/191 49/54/191
f 45/77/192 37/76/192 44/74/192
f 60/127/193 51/95/193 59/97/193
f 47/98/194 46/269/195 56/99/194
f 52/90/196 51/89/196 61/102/196
f 48/103/197 47/98/197 57/100/197
f 49/270/198 48/103/198 58/104/198
f 55/107/199 44/106/199 54/271/199
f 53/108/200 52/90/200 61/102/200
f 44/272/201 53/108/201 54/109/201
f 59/97/202 50/96/202 58/111/202
f 56/125/203 46/112/203 55/107/203
f 69/130/204 68/114/204 73/144/204
f 65/141/205 57/100/205 64/113/205
f 69/130/206 61/102/206 68/114/206
f 55/273/207 54/118/207 62/274/207
f 66/123/208 58/115/208 65/117/208
f 62/274/209 54/118/209 69/120/209
f 59/275/210 58/115/210 67/124/210
f 56/125/211 55/107/211 63/122/211
f 60/127/212 59/97/212 67/128/212
f 63/122/213 62/121/213 70/133/213
f 67/128/214 66/137/214 72/135/214
f 64/126/215 63/122/215 71/134/215
f 68/129/216 67/128/216 73/136/216
f 65/141/217 64/113/217 71/276/217
f 78/138/218 66/137/218 77/277/218
f 62/278/219 69/130/219 84/132/219
f 75/139/220 70/133/220 74/147/220
f 79/279/221 72/135/221 78/138/221
f 80/140/222 72/135/222 79/279/222
f 76/150/223 71/134/223 75/139/223
f 81/280/224 73/136/225 80/140/226
f 65/141/227 71/276/227 76/142/227
f 69/130/228 73/144/228 82/146/228
f 74/147/229 62/121/229 84/152/229
f 66/281/230 65/141/230 77/143/230
f 82/146/231 81/145/231 89/282/231
f 85/151/232 75/139/232 74/147/232
f 77/143/233 86/149/233 88/156/233
f 87/154/234 74/147/234 90/153/234
f 81/280/235 80/140/235 89/283/235
f 78/284/236 77/143/236 93/157/236
f 98/158/237 83/131/237 97/155/237
f 90/153/238 84/152/239 98/285/239
f 79/279/240 78/138/240 94/159/240
f 91/163/241 85/151/241 87/154/241
f 80/140/242 79/279/242 94/159/242
f 89/283/243 80/140/244 95/160/245
f 96/169/246 82/146/246 89/282/246
f 97/155/247 82/146/247 96/169/247
f 86/149/248 91/161/249 99/166/250
f 89/286/251 95/287/251 96/288/251
f 91/163/252 87/154/252 100/164/252
f 96/289/253 95/160/253 102/176/253
f 87/154/254 90/153/254 100/164/254
f 99/165/255 100/164/255 103/290/255
f 101/168/256 92/162/256 103/172/256
f 109/191/257 98/158/257 97/291/257
f 100/164/258 90/153/258 104/173/258
f 103/290/259 100/164/260 105/174/261
f 107/175/262 94/159/262 106/171/262
f 97/155/263 102/170/263 108/179/263
f 106/292/264 93/157/264 101/168/264
f 104/173/265 90/153/265 109/181/265
f 111/189/266 105/174/266 110/184/266
f 101/168/267 105/177/267 111/293/267
f 106/292/268 101/168/268 114/216/268
f 97/291/269 108/179/269 109/191/269
f 101/168/270 111/293/270 114/216/270
f 109/191/271 108/179/272 116/186/273
f 113/190/274 110/184/274 112/187/274
f 107/175/275 106/171/275 115/182/275
f 119/294/276 109/191/276 118/192/276
f 112/295/277 109/191/277 119/294/277
f 115/182/278 114/188/278 117/193/278
f 116/183/279 115/182/279 118/194/279
f 119/296/280 118/297/280 125/298/280
f 121/207/281 113/190/281 120/195/281
f 122/299/282 113/190/282 121/207/282
f 124/300/283 118/301/283 123/302/283
f 111/293/284 113/303/284 122/211/284
f 125/304/285 118/305/285 124/306/285
f 114/216/286 111/293/286 122/211/286
f 126/227/287 119/218/287 135/220/287
f 123/209/288 117/202/288 132/204/288
f 122/307/289 121/308/289 128/309/289
f 124/310/290 123/209/290 133/210/290
f 129/221/291 122/311/291 128/222/291
f 125/312/292 124/214/292 134/215/292
f 135/220/293 125/219/293 134/313/293
f 114/216/294 122/211/294 130/213/295
f 127/208/296 120/195/296 126/206/296
f 117/314/297 114/216/297 131/217/297
f 137/240/298 135/220/298 134/313/298
f 136/315/299 121/207/299 127/208/299
f 134/316/300 133/210/300 140/230/300
f 137/240/301 134/313/301 140/241/301
f 141/228/302 135/220/302 137/240/302
f 132/204/303 131/203/303 139/229/303
f 128/201/304 136/200/304 138/317/304
f 133/210/305 132/204/305 140/230/305
f 142/236/306 141/318/306 143/319/306
f 139/320/307 144/239/307 143/238/307
f 143/238/308 141/228/308 139/320/308
f 145/242/309 139/320/309 141/228/309
f 142/321/310 126/227/310 141/228/310
f 141/228/311 137/240/311 145/242/311
f 127/322/312 126/227/312 142/321/312
f 136/323/313 127/324/313 142/325/313
f 143/319/314 138/234/314 142/236/314
f 129/326/315 138/237/315 144/239/315
f 147/327/316 148/328/316 146/329/316
f 148/328/317 150/330/317 149/331/317
f 150/330/318 152/332/318 151/333/318
f 152/332/319 154/334/319 153/335/319
f 154/336/320 155/337/320 153/338/320
f 155/337/321 157/339/321 156/340/321
f 157/339/322 159/341/322 158/342/322
f 159/343/323 161/344/323 160/345/323
f 161/344/324 163/346/324 162/347/324
f 163/346/325 164/348/325 162/347/325
f 164/348/326 166/349/326 165/350/326
f 166/351/327 168/352/328 167/353/329
f 168/352/330 170/354/330 169/355/330
f 148/356/331 171/357/331 172/358/331
f 170/354/332 147/359/332 146/360/332
f 158/361/333 162/362/333 169/363/333
f 166/364/334 179/365/334 180/366/334
f 148/356/335 172/358/335 150/367/335
f 154/368/336 173/369/336 174/370/336
f 161/371/337 177/372/337 178/373/337
f 155/374/338 174/370/338 175/375/338
f 157/376/339 176/377/339 177/372/339
f 176/378/340 155/379/340 175/380/340
f 171/357/341 147/381/341 181/382/341
f 181/383/342 168/384/342 180/385/342
f 173/369/343 150/367/343 172/358/343
f 174/386/344 187/387/344 188/388/344
f 179/389/345 195/390/346 196/391/347
f 175/380/348 174/386/348 188/388/348
f 179/392/349 196/393/349 197/394/349
f 175/380/350 189/395/350 190/396/350
f 171/397/351 181/398/351 182/399/351
f 180/385/352 197/394/352 198/400/352
f 176/378/353 190/396/353 191/401/353
f 177/402/354 176/378/354 191/401/354
f 172/403/355 171/397/355 183/404/355
f 181/383/356 180/385/356 198/400/356
f 177/405/357 191/406/357 192/407/357
f 172/403/358 184/408/358 185/409/358
f 181/383/359 199/410/359 182/411/359
f 178/412/360 177/405/360 192/407/360
f 172/403/361 185/409/361 186/413/361
f 178/412/362 193/414/362 194/415/362
f 178/412/363 194/415/364 195/390/365
f 174/386/366 173/416/366 187/387/366
f 183/404/367 182/399/367 200/417/367
f 198/400/368 204/418/368 199/410/368
f 191/406/369 201/419/369 192/407/369
f 184/408/370 200/417/370 185/409/370
f 193/414/371 202/420/371 194/415/371
f 189/395/372 188/388/372 190/396/372
f 197/394/373 203/421/373 204/418/373
f 186/413/374 185/409/375 187/422/376
f 196/391/377 195/390/378 206/423/379
f 196/391/380 206/423/380 203/424/380
f 192/407/381 201/419/381 202/420/381
f 188/425/382 209/426/382 210/427/382
f 203/428/383 206/429/383 214/430/383
f 204/431/384 203/428/384 214/430/384
f 204/431/385 214/430/385 215/432/385
f 201/433/386 205/434/386 212/435/386
f 199/436/387 204/431/387 207/437/387
f 205/434/388 211/438/388 212/435/388
f 204/431/389 215/432/390 207/437/389
f 185/439/391 200/440/391 216/441/391
f 222/442/392 229/443/392 223/444/392
f 208/445/393 207/446/393 227/447/394
f 215/448/395 226/449/395 227/447/395
f 216/450/396 218/451/396 219/452/396
f 217/453/397 223/444/397 224/454/397
f 216/450/398 219/452/398 220/455/398
f 213/456/399 224/454/399 225/457/399
f 209/458/400 220/459/400 221/460/400
f 211/461/401 210/462/401 221/460/401
f 215/448/402 214/463/402 226/449/402
f 222/464/403 221/460/403 228/465/403
f 235/466/404 241/467/404 242/468/404
f 220/455/405 219/452/405 232/469/405
f 220/455/406 232/469/406 233/470/406
f 221/460/407 220/459/407 233/471/408
f 225/457/409 224/454/410 235/466/410
f 221/460/411 233/471/412 228/465/413
f 226/449/414 225/472/414 235/473/414
f 227/474/415 231/475/415 218/451/415
f 222/464/416 228/465/416 229/476/416
f 219/452/417 218/451/417 232/469/417
f 227/447/418 236/477/418 231/478/418
f 228/465/419 239/479/419 240/480/419
f 229/476/420 228/465/420 240/480/420
f 232/469/421 218/451/421 238/481/421
f 233/470/422 232/469/422 238/481/422
f 237/482/423 243/483/423 244/484/423
f 231/478/424 236/477/424 251/485/424
f 234/486/425 247/487/425 248/488/425
f 233/470/426 238/481/427 244/484/428
f 241/467/429 248/488/429 249/489/429
f 239/479/430 233/471/430 246/490/430
f 239/479/431 246/490/431 247/491/431
f 242/492/432 250/493/432 251/485/432
f 250/494/433 249/489/434 255/495/435
f 250/493/436 255/496/436 256/497/436
f 247/491/437 246/490/437 253/498/437
f 243/483/438 257/499/438 252/500/438
f 251/485/439 256/497/439 257/501/439
f 243/483/440 252/500/440 244/484/440
f 243/502/441 251/485/442 257/501/442
f 257/503/443 258/504/443 252/500/443
f 254/505/444 247/491/444 263/506/444
f 244/484/445 252/500/445 259/507/445
f 257/501/446 267/508/446 258/509/446
f 248/488/447 254/510/447 264/511/447
f 249/489/448 248/488/448 265/512/448
f 253/498/449 245/513/449 260/514/449
f 261/515/450 260/514/450 274/516/450
f 261/515/451 274/516/451 275/517/451
f 266/518/452 277/519/452 278/520/452
f 272/521/453 266/522/454 278/523/455
f 262/524/456 261/515/456 275/517/456
f 252/500/457 258/504/457 273/525/458
f 268/526/459 252/500/459 273/525/459
f 264/511/460 276/527/461 271/528/461
f 276/529/462 270/530/462 283/531/462
f 279/532/463 285/533/463 280/534/463
f 269/535/464 268/536/464 281/537/464
f 274/538/465 269/535/465 281/537/465
f 278/539/466 284/540/466 285/541/466
f 279/542/467 272/521/467 285/543/467
f 270/530/468 282/544/468 283/531/468
f 282/545/469 289/546/469 287/547/469
f 284/548/470 291/549/470 292/550/470
f 282/545/471 287/547/471 290/551/471
f 285/543/472 293/552/472 280/553/472
f 283/554/473 290/555/473 291/549/473
f 281/556/474 280/557/474 288/558/474
f 280/553/475 293/552/475 288/559/476
f 292/560/477 299/561/477 300/562/477
f 292/550/478 291/549/478 298/563/478
f 289/564/479 295/565/479 296/566/479
f 287/547/480 289/546/481 296/567/482
f 293/552/483 300/562/483 294/568/483
f 295/565/484 301/569/484 296/566/484
f 291/549/485 302/570/485 298/563/485
f 302/571/486 297/572/486 304/573/486
f 294/568/487 300/562/488 303/574/489
f 302/575/490 304/576/491 305/577/492
f 298/563/493 302/570/493 305/578/493
f 146/329/494 148/328/494 149/331/494
f 149/331/495 150/330/495 151/333/495
f 151/333/496 152/332/496 153/335/496
f 153/338/497 155/337/497 156/340/497
f 156/340/498 157/339/498 158/342/498
f 158/579/499 159/343/499 160/345/499
f 160/345/500 161/344/500 162/347/500
f 162/347/501 164/348/501 165/350/501
f 165/580/502 166/351/502 167/353/502
f 167/353/503 168/352/503 169/355/503
f 169/355/504 170/354/504 146/360/504
f 169/363/333 146/581/333 149/582/333
f 153/583/333 156/584/333 158/361/333
f 160/585/333 162/362/333 158/361/333
f 162/362/333 165/586/333 169/363/333
f 169/363/333 149/582/333 151/587/333
f 151/587/333 153/583/333 158/361/333
f 165/586/333 167/588/333 169/363/333
f 169/363/333 151/587/333 158/361/333
f 178/589/505 163/590/505 161/371/505
f 170/591/506 168/592/506 181/382/506
f 154/368/507 152/593/507 173/369/507
f 157/376/508 155/374/508 176/377/508
f 161/371/509 159/594/509 177/372/509
f 179/365/510 164/595/510 163/590/510
f 155/374/511 154/368/511 174/370/511
f 168/592/512 166/364/512 180/366/512
f 173/369/513 152/593/513 150/367/513
f 148/356/514 147/381/514 171/357/514
f 159/594/515 157/376/515 177/372/515
f 179/365/516 166/364/516 164/595/516
f 163/596/517 178/412/517 179/389/517
f 147/381/518 170/591/518 181/382/518
f 189/395/519 175/380/519 188/388/519
f 180/385/520 179/392/520 197/394/520
f 176/378/521 175/380/521 190/396/521
f 183/404/522 171/397/522 182/399/522
f 184/408/523 172/403/523 183/404/523
f 199/410/524 181/383/524 198/400/524
f 193/414/525 178/412/525 192/407/525
f 173/597/526 172/403/526 186/413/526
f 187/422/527 173/597/527 186/413/527
f 179/389/528 178/412/528 195/390/528
f 184/408/529 183/404/529 200/417/529
f 193/414/530 192/407/530 202/420/530
f 197/394/531 196/393/531 203/421/531
f 198/400/532 197/394/532 204/418/532
f 191/401/533 190/396/533 201/598/533
f 206/423/534 195/390/535 194/415/536
f 190/396/537 188/388/537 205/599/537
f 201/598/538 190/396/538 205/599/538
f 188/425/539 187/600/539 209/426/539
f 213/601/540 206/429/540 194/602/540
f 205/434/541 188/425/541 210/427/541
f 211/438/542 205/434/542 210/427/542
f 208/603/543 182/604/543 207/437/543
f 200/440/544 182/604/544 208/603/544
f 202/605/545 201/433/545 212/435/545
f 182/604/546 199/436/546 207/437/546
f 187/600/547 185/439/547 209/426/547
f 214/430/548 206/429/548 213/601/548
f 200/440/549 208/603/549 216/441/549
f 217/606/550 202/605/550 212/435/550
f 209/426/551 185/439/551 216/441/551
f 194/602/552 202/605/552 217/606/552
f 213/601/553 194/602/553 217/606/553
f 218/607/554 208/445/554 227/447/554
f 212/608/555 211/461/555 222/464/555
f 216/450/556 208/609/556 218/451/556
f 207/446/557 215/448/557 227/447/557
f 223/444/558 212/610/558 222/442/558
f 217/453/559 212/610/559 223/444/559
f 209/458/560 216/450/560 220/455/560
f 213/456/561 217/453/561 224/454/561
f 210/462/562 209/458/562 221/460/562
f 214/430/563 213/601/563 225/611/563
f 226/449/564 214/463/564 225/472/564
f 222/464/565 211/461/565 221/460/565
f 224/454/566 223/444/566 230/612/566
f 235/466/567 224/454/568 230/612/569
f 236/477/570 226/449/570 235/473/570
f 227/447/571 226/449/571 236/477/571
f 234/486/572 223/444/573 229/443/574
f 230/612/575 223/444/575 234/486/575
f 228/465/576 233/471/576 239/479/576
f 236/477/577 235/473/577 242/492/577
f 218/451/578 231/475/578 237/482/579
f 234/613/580 229/476/580 240/480/580
f 238/481/581 218/451/581 237/482/581
f 230/612/582 234/486/582 241/467/582
f 235/466/583 230/612/583 241/467/583
f 234/486/584 240/614/584 247/487/584
f 238/481/585 237/482/585 244/484/585
f 243/502/586 231/478/586 251/485/586
f 241/467/587 234/486/587 248/488/587
f 245/615/588 233/470/588 244/484/588
f 242/468/589 241/467/589 249/489/589
f 246/490/590 233/471/590 245/513/590
f 250/494/591 242/468/591 249/489/591
f 236/477/592 242/492/592 251/485/593
f 240/480/594 239/479/594 247/491/594
f 237/482/595 231/475/595 243/483/595
f 253/498/596 246/490/597 245/513/598
f 251/485/599 250/493/599 256/497/599
f 248/488/600 247/487/601 254/510/602
f 262/524/603 253/498/603 261/515/603
f 247/491/604 253/498/604 262/524/604
f 263/506/605 247/491/605 262/524/605
f 257/501/606 256/497/606 267/508/606
f 264/511/607 254/510/608 263/616/609
f 260/617/610 244/484/611 259/507/612
f 265/512/613 248/488/613 264/511/613
f 245/615/614 244/484/615 260/617/615
f 261/515/616 253/498/616 260/514/616
f 266/518/617 249/489/618 265/512/619
f 255/495/620 249/489/620 266/518/620
f 260/617/621 259/507/621 269/618/621
f 265/512/622 264/511/622 271/528/622
f 272/521/623 255/496/623 266/522/623
f 256/497/624 255/496/624 272/521/624
f 267/508/625 256/497/626 272/521/627
f 263/506/628 262/524/628 270/619/628
f 268/526/629 259/507/629 252/500/629
f 274/620/630 260/617/630 269/618/630
f 277/519/631 265/512/631 271/528/631
f 266/518/632 265/512/632 277/519/632
f 270/619/633 262/524/633 275/517/633
f 267/508/634 272/521/634 279/542/634
f 276/527/635 263/616/635 270/621/635
f 258/509/636 267/508/636 279/542/636
f 264/511/637 263/616/637 276/527/637
f 269/618/638 259/507/638 268/526/638
f 273/622/639 258/509/639 279/542/639
f 268/536/640 273/623/640 281/537/640
f 273/623/641 279/532/641 280/534/641
f 271/624/642 276/529/642 283/531/642
f 284/548/643 271/528/643 283/554/643
f 277/519/644 271/528/644 284/548/644
f 282/625/645 274/538/645 281/537/645
f 278/539/646 277/626/646 284/540/646
f 275/517/647 274/516/647 282/545/647
f 272/627/648 278/539/648 285/541/648
f 270/530/649 275/628/649 282/544/649
f 281/537/650 273/623/650 280/534/650
f 282/629/651 281/556/651 289/564/651
f 286/630/652 281/556/652 288/558/652
f 281/556/653 286/630/653 289/564/653
f 285/543/654 284/631/654 292/560/654
f 293/552/655 285/543/656 292/560/657
f 283/632/658 282/545/658 290/551/658
f 284/548/659 283/554/659 291/549/659
f 293/552/660 292/560/660 300/562/660
f 286/630/661 288/558/661 294/633/662
f 288/559/663 293/552/663 294/568/663
f 289/564/664 286/630/664 295/565/664
f 299/634/665 292/550/665 298/563/665
f 290/551/666 287/547/666 297/572/666
f 291/549/667 290/555/668 302/570/669
f 297/572/670 287/547/670 296/567/671
f 290/551/672 297/572/673 302/571/674
f 286/630/675 294/633/675 301/569/675
f 295/565/676 286/630/676 301/569/676
f 299/634/677 298/563/677 305/578/677
f 297/572/678 296/567/679 304/573/678
f 300/562/680 299/561/681 305/635/682
f 301/569/683 294/633/684 303/636/685
f 303/574/686 300/562/687 305/635/688
f 296/566/689 301/569/689 303/636/689
f 304/573/690 296/567/691 303/637/692
f 305/638/693 304/573/694 303/637/695
f 307/639/696 308/640/696 306/641/696
f 308/640/697 310/642/697 309/643/697
f 310/642/698 311/644/698 309/643/698
f 311/644/699 313/645/699 312/646/699
f 313/647/700 315/648/701 314/649/701
f 315/648/702 316/650/702 314/649/702
f 316/650/703 318/651/703 317/652/703
f 318/653/704 319/654/704 317/655/704
f 319/654/705 321/656/705 320/657/705
f 321/656/706 323/658/706 322/659/706
f 323/660/707 325/661/707 324/662/707
f 325/661/708 326/663/708 324/662/708
f 326/663/709 307/664/709 306/665/709
f 320/666/333 312/667/333 314/668/333
f 313/669/710 311/670/710 327/671/710
f 321/656/711 319/654/711 328/672/711
f 323/673/712 329/674/712 325/675/712
f 313/669/713 327/671/713 315/676/713
f 335/677/714 345/678/715 346/679/715
f 310/680/716 308/681/716 331/682/716
f 326/683/717 337/684/717 330/685/717
f 328/686/718 318/687/718 334/688/718
f 327/671/719 310/680/719 331/682/719
f 329/674/720 328/686/720 335/689/720
f 327/671/721 332/690/721 333/691/721
f 329/674/722 336/692/722 337/684/722
f 315/676/723 333/691/723 334/688/723
f 308/681/724 307/693/724 330/685/724
f 332/694/725 340/695/725 341/696/725
f 335/677/726 346/679/726 347/697/726
f 333/698/727 332/699/727 341/700/727
f 337/701/728 336/702/728 348/703/728
f 334/704/729 333/698/730 343/705/731
f 330/706/732 338/707/732 339/708/732
f 331/709/733 339/708/733 340/695/733
f 334/710/734 344/711/734 345/678/734
f 330/712/735 337/701/735 338/713/735
f 341/700/736 351/714/736 342/715/736
f 341/696/737 340/695/737 351/716/737
f 354/717/738 353/718/738 370/719/738
f 342/720/739 356/721/740 357/722/741
f 348/723/742 360/724/742 361/725/742
f 338/726/743 350/727/743 353/728/743
f 343/729/744 357/722/744 358/730/744
f 339/731/745 338/726/745 354/732/745
f 350/727/746 361/725/746 353/728/746
f 345/733/747 344/734/747 358/730/747
f 340/735/748 339/731/749 354/732/749
f 346/736/750 345/733/750 358/730/750
f 351/737/751 340/735/751 355/738/751
f 352/739/752 346/740/752 359/741/752
f 351/737/753 355/738/753 356/742/753
f 361/743/754 369/744/754 370/745/754
f 355/746/755 354/717/755 363/747/755
f 359/748/756 358/749/756 367/750/756
f 356/751/757 364/752/757 365/753/757
f 360/754/758 359/748/758 368/755/758
f 360/754/759 368/755/759 369/756/759
f 357/757/760 365/753/760 366/758/760
f 367/750/761 366/759/761 375/760/761
f 364/761/762 363/747/762 373/762/762
f 368/755/763 367/750/763 376/763/763
f 364/752/764 373/764/764 374/765/764
f 369/744/765 377/766/765 378/767/765
f 366/758/766 374/765/766 375/768/766
f 362/769/767 370/719/767 371/770/767
f 363/747/768 362/769/768 372/771/768
f 370/745/769 378/767/769 371/772/769
f 382/773/770 381/774/770 389/775/770
f 376/763/771 384/776/771 385/777/771
f 374/765/772 381/774/772 382/773/772
f 377/766/773 385/778/773 386/779/773
f 374/765/774 382/773/774 383/780/774
f 375/768/775 374/765/775 383/780/775
f 372/771/776 379/781/776 380/782/776
f 378/767/777 386/779/777 379/783/777
f 375/760/778 383/784/778 384/776/778
f 373/762/779 380/782/779 381/785/779
f 386/779/780 385/778/780 394/786/780
f 383/780/781 382/773/781 390/787/781
f 379/781/782 395/788/782 387/789/782
f 379/783/783 386/779/783 395/790/783
f 380/782/784 387/789/784 388/791/784
f 383/784/785 391/792/785 392/793/785
f 381/785/786 388/791/786 389/794/786
f 384/776/787 392/793/787 393/795/787
f 392/796/788 391/797/788 398/798/788
f 389/799/789 388/800/790 396/801/789
f 393/802/791 392/803/791 399/804/791
f 394/805/792 399/804/793 400/806/794
f 390/807/795 397/808/795 398/798/795
f 388/800/796 387/809/796 396/801/796
f 396/810/797 403/811/797 404/812/797
f 399/813/798 407/814/798 408/815/798
f 400/816/799 401/817/799 402/818/799
f 400/816/800 399/813/801 409/819/802
f 398/820/803 397/821/803 405/822/803
f 396/810/804 402/818/804 403/811/804
f 398/820/805 406/823/805 407/814/805
f 411/824/806 408/825/806 419/826/806
f 403/811/807 410/827/807 404/812/807
f 402/828/808 421/829/809 422/830/808
f 401/831/810 412/832/810 402/828/810
f 406/833/811 405/834/811 415/835/811
f 401/836/812 409/837/812 420/838/812
f 406/839/813 416/840/813 417/841/813
f 407/842/814 417/841/814 418/843/814
f 407/842/815 418/843/815 419/844/815
f 405/834/816 404/845/817 413/846/816
f 403/847/818 422/830/818 423/848/818
f 412/849/819 420/838/819 427/850/819
f 410/851/820 423/848/820 424/852/820
f 411/824/821 419/826/821 425/853/821
f 420/838/822 411/824/823 426/854/824
f 412/849/825 434/855/826 421/856/826
f 418/843/827 417/841/827 432/857/827
f 419/844/828 418/843/828 433/858/828
f 413/846/829 424/859/829 428/860/829
f 413/846/830 428/860/830 429/861/830
f 414/862/831 429/861/831 430/863/831
f 416/864/832 430/863/832 431/865/832
f 417/841/833 416/840/833 431/866/833
f 425/867/834 433/858/834 436/868/834
f 425/853/835 436/869/835 437/870/835
f 427/850/836 437/870/836 434/855/836
f 423/848/837 422/830/837 435/871/837
f 424/852/838 423/848/838 435/871/838
f 430/872/839 440/873/839 441/874/839
f 421/875/840 434/876/840 438/877/840
f 435/878/841 421/875/841 438/877/841
f 432/879/842 431/880/842 441/874/842
f 434/876/843 443/881/844 438/877/845
f 436/882/846 432/879/846 442/883/846
f 428/884/847 439/885/847 440/873/847
f 437/886/848 442/883/848 443/881/848
f 439/885/849 438/877/849 444/887/849
f 442/883/850 441/874/850 444/887/850
f 306/641/851 308/640/851 309/643/851
f 309/643/852 311/644/852 312/646/852
f 312/888/853 313/647/854 314/649/853
f 314/649/855 316/650/855 317/652/855
f 317/655/856 319/654/856 320/657/856
f 320/657/857 321/656/857 322/659/857
f 322/889/858 323/660/858 324/662/858
f 324/662/859 326/663/859 306/665/859
f 306/890/333 309/891/333 324/892/333
f 312/667/333 320/666/333 322/893/333
f 317/894/333 320/666/333 314/668/333
f 322/893/333 309/891/333 312/667/333
f 309/891/333 322/893/333 324/892/333
f 323/673/860 321/895/860 329/674/860
f 329/674/861 321/895/862 328/686/863
f 328/686/864 319/896/864 318/687/864
f 327/671/865 311/670/865 310/680/865
f 307/693/866 326/683/866 330/685/866
f 335/689/867 328/686/867 334/688/867
f 332/690/868 327/671/868 331/682/868
f 336/692/869 329/674/869 335/689/869
f 315/676/870 327/671/870 333/691/870
f 325/675/871 329/674/871 337/684/871
f 316/897/872 315/676/872 334/688/872
f 331/682/873 308/681/873 330/685/873
f 326/683/874 325/675/874 337/684/874
f 318/687/875 316/897/875 334/688/875
f 336/898/876 335/677/876 347/697/876
f 342/715/877 333/698/878 341/700/879
f 348/899/880 336/898/880 347/697/880
f 343/705/881 333/698/881 342/715/881
f 344/900/882 334/704/882 343/705/883
f 331/709/884 330/706/885 339/708/884
f 349/901/886 337/701/886 348/703/886
f 338/713/887 337/701/887 349/901/887
f 335/677/888 334/710/889 345/678/890
f 332/694/891 331/709/891 340/695/891
f 348/723/892 352/739/892 360/724/892
f 348/899/893 347/697/893 352/902/893
f 338/713/894 349/901/894 350/903/894
f 352/902/895 347/697/895 346/679/895
f 362/769/896 354/717/896 370/719/896
f 343/729/897 342/720/897 357/722/897
f 349/904/898 348/723/898 361/725/898
f 354/732/899 338/726/899 353/728/899
f 344/734/900 343/729/900 358/730/900
f 350/727/901 349/904/901 361/725/901
f 355/738/902 340/735/902 354/732/902
f 359/905/903 346/736/903 358/730/903
f 360/724/904 352/739/905 359/741/906
f 342/906/907 351/737/907 356/742/907
f 363/747/908 354/717/908 362/769/908
f 353/907/909 361/743/909 370/745/909
f 367/750/910 358/749/910 366/759/910
f 364/761/911 355/746/911 363/747/911
f 356/751/912 355/908/912 364/752/912
f 368/755/913 359/748/913 367/750/913
f 357/757/914 356/751/914 365/753/914
f 361/743/915 360/909/915 369/744/915
f 358/910/916 357/757/916 366/758/916
f 376/763/917 367/750/917 375/760/917
f 373/762/918 363/747/918 372/771/918
f 377/911/919 368/755/919 376/763/919
f 365/753/920 364/752/920 374/765/920
f 369/756/921 368/755/921 377/911/921
f 366/758/922 365/753/922 374/765/922
f 372/771/923 362/769/923 371/770/923
f 370/745/924 369/744/924 378/767/924
f 377/911/925 376/763/925 385/777/925
f 374/765/926 373/764/926 381/774/926
f 378/767/927 377/766/927 386/779/927
f 372/771/928 371/770/928 379/781/928
f 371/772/929 378/767/929 379/783/929
f 376/763/930 375/760/930 384/776/930
f 373/762/931 372/771/931 380/782/931
f 394/912/932 385/777/932 393/795/932
f 390/787/933 382/773/933 389/775/933
f 391/913/934 383/780/934 390/787/934
f 395/790/935 386/779/935 394/786/935
f 380/782/936 379/781/936 387/789/936
f 384/776/937 383/784/937 392/793/937
f 381/785/938 380/782/938 388/791/938
f 385/777/939 384/776/940 393/795/941
f 387/809/942 395/914/942 400/915/942
f 397/916/943 389/799/944 396/801/944
f 399/917/945 392/793/946 398/918/947
f 390/919/948 389/799/948 397/916/948
f 394/805/949 393/802/949 399/804/949
f 396/801/950 387/809/950 400/915/950
f 391/797/951 390/807/951 398/798/951
f 395/914/952 394/920/952 400/915/952
f 397/821/953 396/810/953 404/812/953
f 399/813/954 398/820/954 407/814/954
f 405/822/955 397/821/955 404/812/955
f 409/819/956 399/813/956 408/815/956
f 396/810/957 400/816/957 402/818/957
f 406/823/958 398/820/958 405/822/958
f 401/817/959 400/816/959 409/819/959
f 411/921/960 409/819/961 408/815/962
f 415/835/963 405/834/963 414/862/963
f 420/838/964 409/837/964 411/824/964
f 416/864/965 406/833/966 415/835/966
f 412/849/967 401/836/967 420/838/967
f 407/842/968 406/839/969 417/841/970
f 404/922/971 410/851/971 413/923/971
f 408/924/972 407/842/972 419/844/972
f 414/862/973 405/834/973 413/846/973
f 427/850/974 420/838/974 426/854/974
f 403/847/975 402/828/975 422/830/975
f 410/851/976 403/847/976 423/848/976
f 413/923/977 410/851/977 424/852/978
f 426/854/979 411/824/979 425/853/979
f 402/828/980 412/832/980 421/829/980
f 433/858/981 418/843/981 432/857/981
f 425/867/982 419/844/982 433/858/982
f 414/862/983 413/846/983 429/861/983
f 415/835/984 414/862/984 430/863/984
f 416/864/985 415/835/985 430/863/985
f 412/849/986 427/850/986 434/855/987
f 432/857/988 417/841/988 431/866/988
f 429/925/989 428/884/989 440/873/989
f 436/868/990 433/858/991 432/857/992
f 426/854/993 425/853/993 437/870/993
f 427/850/994 426/854/994 437/870/994
f 435/871/995 422/830/995 421/829/995
f 428/926/996 424/852/997 435/871/998
f 430/872/999 429/925/999 440/873/999
f 431/880/1000 430/872/1000 441/874/1000
f 434/876/1001 437/886/1001 443/881/1001
f 442/883/1002 432/879/1002 441/874/1002
f 439/885/1003 428/884/1003 435/878/1003
f 437/886/1004 436/882/1004 442/883/1004
f 439/885/1005 435/878/1005 438/877/1005
f 438/877/1006 443/881/1006 445/927/1006
f 440/873/1007 439/885/1007 444/887/1007
f 445/927/1008 442/883/1009 444/887/1010
f 443/881/1011 442/883/1012 445/927/1013
f 441/874/1014 440/873/1014 444/887/1014
f 444/887/1015 438/877/1015 445/927/1015
f 447/928/1016 448/929/1016 446/930/1016
f 448/929/1017 450/931/1017 449/932/1017
f 450/931/1018 452/933/1018 451/934/1018
f 452/935/1019 454/936/1019 453/937/1019
f 454/936/1020 456/938/1020 455/939/1020
f 456/938/1021 457/940/1021 455/939/1021
f 457/941/1022 460/942/1022 459/943/1022
f 460/942/1023 461/944/1023 459/943/1023
f 461/944/1024 463/945/1024 462/946/1024
f 463/945/1025 464/947/1025 462/946/1025
f 464/948/1026 466/949/1026 465/950/1026
f 466/949/1027 447/951/1027 467/952/1027
f 462/953/333 451/954/333 453/955/333
f 471/956/1028 479/957/1029 472/958/1028
f 452/935/1030 469/959/1030 454/936/1030
f 452/960/1031 450/961/1031 469/962/1031
f 464/963/1032 470/964/1032 471/956/1032
f 450/961/1033 448/965/1033 468/966/1033
f 460/967/1034 457/968/1034 476/969/1034
f 461/970/1035 460/967/1035 477/971/1035
f 469/962/1036 468/966/1036 473/972/1036
f 470/964/1037 461/970/1037 477/971/1037
f 469/962/1038 474/973/1038 475/974/1038
f 470/964/1039 478/975/1039 479/957/1039
f 448/965/1040 466/976/1040 472/958/1040
f 456/977/1041 475/974/1041 476/969/1041
f 468/966/1042 448/965/1042 472/958/1042
f 474/978/1043 483/979/1043 484/980/1043
f 477/981/1044 487/982/1044 488/983/1044
f 475/984/1045 474/985/1045 484/986/1045
f 479/987/1046 478/988/1047 489/989/1048
f 476/990/1049 475/984/1049 485/991/1049
f 472/992/1050 480/993/1050 481/994/1050
f 472/995/1051 479/987/1052 491/996/1051
f 473/997/1053 481/994/1053 482/998/1053
f 477/981/1054 486/999/1054 487/982/1054
f 473/997/1055 482/998/1055 483/979/1055
f 488/983/1056 494/1000/1056 489/1001/1056
f 487/982/1057 486/999/1057 493/1002/1057
f 488/983/1058 487/982/1058 494/1000/1058
f 495/1003/1059 503/1004/1059 504/1005/1059
f 481/1006/1060 480/1007/1060 503/1008/1060
f 486/1009/1061 498/1010/1061 499/1011/1061
f 490/1012/1062 502/1013/1062 503/1008/1062
f 482/1014/1063 481/1006/1063 495/1015/1063
f 487/1016/1064 493/1017/1064 500/1018/1064
f 483/1019/1065 482/1014/1066 496/1020/1067
f 494/1000/1068 487/982/1068 500/1021/1068
f 492/1022/1069 483/1019/1069 496/1020/1069
f 492/1022/1070 497/1023/1070 498/1024/1070
f 494/1025/1071 501/1026/1071 502/1013/1071
f 503/1027/1072 512/1028/1072 504/1029/1072
f 496/1030/1073 495/1003/1073 505/1031/1073
f 500/1021/1074 499/1032/1074 509/1033/1074
f 497/1034/1075 496/1030/1075 506/1035/1075
f 501/1036/1076 500/1021/1076 510/1037/1076
f 497/1038/1077 506/1039/1077 507/1040/1078
f 502/1041/1079 511/1042/1079 512/1028/1079
f 498/1043/1080 507/1040/1080 508/1044/1080
f 498/1043/1081 508/1044/1081 509/1045/1081
f 510/1037/1082 509/1033/1082 518/1046/1082
f 506/1035/1083 505/1031/1083 515/1047/1083
f 507/1040/1084 515/1048/1084 516/1049/1084
f 511/1050/1085 510/1037/1085 519/1051/1085
f 512/1028/1086 519/1052/1086 520/1053/1086
f 508/1044/1087 516/1049/1087 517/1054/1087
f 505/1031/1088 504/1005/1088 514/1055/1088
f 504/1029/1089 520/1053/1089 513/1056/1089
f 518/1046/771 525/1057/771 526/1058/771
f 515/1048/1090 522/1059/1090 523/1060/1090
f 519/1052/1091 526/1061/1091 527/1062/1091
f 516/1049/1092 523/1060/1092 524/1063/1092
f 517/1054/1093 516/1049/1093 524/1063/1094
f 517/1064/778 524/1065/778 525/1057/778
f 514/1055/1095 521/1066/1095 522/1067/1095
f 513/1056/1096 527/1062/1096 521/1068/1096
f 527/1062/1097 526/1061/1097 536/1069/1097
f 524/1063/1098 523/1060/1098 532/1070/1098
f 521/1066/1099 528/1071/1099 529/1072/1099
f 524/1065/785 533/1073/785 534/1074/785
f 521/1066/1100 529/1072/1100 530/1075/1100
f 521/1068/1101 527/1062/1101 528/1076/1101
f 525/1057/1102 534/1074/1102 535/1077/1102
f 523/1060/1103 522/1059/1103 530/1078/1103
f 534/1079/1104 533/1080/1104 540/1081/1104
f 531/1082/1105 529/1083/1106 539/1084/1105
f 535/1085/1107 534/1086/1107 541/1087/1107
f 532/1070/1108 539/1088/1108 540/1089/1108
f 536/1090/1109 542/1091/1109 543/1092/1109
f 529/1083/1110 528/1093/1110 538/1094/1110
f 539/1095/1111 546/1096/1111 547/1097/1111
f 541/1098/1112 550/1099/1112 551/1100/1112
f 540/1101/1113 539/1095/1113 548/1102/1113
f 543/1103/1114 544/1104/1114 545/1105/1114
f 543/1103/1115 542/1106/1115 552/1107/1115
f 538/1108/1116 545/1105/1117 546/1096/1118
f 540/1101/1119 549/1109/1119 550/1099/1119
f 554/1110/1120 551/1111/1121 562/1112/1120
f 546/1096/1122 553/1113/1122 547/1097/1122
f 545/1114/1123 564/1115/1123 565/1116/1123
f 544/1117/1124 555/1118/1124 545/1114/1124
f 549/1119/811 548/1120/811 558/1121/811
f 544/1122/1125 552/1123/1125 563/1124/1125
f 549/1125/1126 559/1126/1127 560/1127/1127
f 550/1128/814 560/1127/814 561/1129/814
f 550/1128/1128 561/1129/1128 562/1130/1128
f 548/1120/1129 547/1131/1129 556/1132/1129
f 546/1133/818 565/1116/818 566/1134/818
f 555/1135/819 563/1124/819 570/1136/819
f 553/1137/820 566/1134/820 567/1138/820
f 554/1110/1130 562/1112/1130 568/1139/1130
f 563/1124/1131 554/1110/1131 569/1140/1131
f 555/1135/1132 576/1141/1132 564/1142/1132
f 561/1129/1133 560/1127/1133 574/1143/1133
f 562/1130/828 561/1129/828 575/1144/828
f 556/1132/1134 567/1145/1134 571/1146/1134
f 557/1147/1135 571/1146/1135 572/1148/1135
f 559/1149/1136 572/1148/1136 573/1150/1136
f 560/1127/1137 559/1126/1137 573/1151/1137
f 568/1152/1138 575/1144/1139 580/1153/1140
f 571/1146/1141 578/1154/1141 579/1155/1141
f 568/1139/1142 580/1156/1142 581/1157/1142
f 571/1146/1143 579/1155/1143 572/1148/1143
f 570/1136/1144 581/1157/1144 576/1141/1144
f 566/1134/1145 565/1116/1145 577/1158/1145
f 567/1138/1146 566/1134/1146 577/1158/1146
f 572/1159/1147 579/1160/1147 586/1161/1147
f 564/1162/1148 576/1163/1148 582/1164/1148
f 581/1165/1149 585/1166/1150 582/1164/1151
f 572/1159/1152 586/1161/1152 584/1167/1152
f 577/1168/1153 564/1162/1153 582/1164/1153
f 574/1169/1154 573/1170/1154 584/1167/1154
f 578/1171/1155 577/1168/1155 583/1172/1155
f 578/1171/1156 583/1172/1156 579/1160/1156
f 584/1167/1157 586/1161/1157 587/1173/1157
f 579/1160/1158 583/1172/1158 586/1161/1158
f 585/1166/1159 584/1167/1159 587/1173/1159
f 583/1172/1160 582/1164/1160 588/1174/1160
f 446/930/1161 448/929/1161 449/932/1161
f 449/932/1162 450/931/1162 451/934/1162
f 451/1175/1163 452/935/1163 453/937/1163
f 453/937/1164 454/936/1164 455/939/1164
f 455/939/1165 457/940/1165 458/1176/1165
f 458/1177/1166 457/941/1166 459/943/1166
f 459/943/1167 461/944/1167 462/946/1167
f 462/1178/1168 464/948/1168 465/950/1168
f 465/950/1169 466/949/1169 467/952/1169
f 467/952/1170 447/951/1170 446/1179/1170
f 458/1180/333 459/1181/333 455/1182/333
f 459/1181/333 462/953/333 453/955/333
f 462/953/333 465/1183/333 451/954/333
f 465/1183/333 467/1184/333 449/1185/333
f 453/955/333 455/1182/333 459/1181/333
f 446/1186/333 449/1185/333 467/1184/333
f 465/1183/333 449/1185/333 451/954/333
f 466/976/1171 471/956/1171 472/958/1171
f 466/949/1172 464/948/1172 471/1187/1172
f 469/962/1173 450/961/1173 468/966/1173
f 464/963/1174 463/1188/1174 470/964/1174
f 470/1189/1175 463/945/1175 461/944/1175
f 448/965/1176 447/1190/1176 466/976/1176
f 477/971/1177 460/967/1177 476/969/1177
f 474/973/1178 469/962/1178 473/972/1178
f 478/975/1179 470/964/1179 477/971/1179
f 454/1191/1180 469/962/1180 475/974/1180
f 471/956/1181 470/964/1181 479/957/1181
f 456/977/1182 454/1191/1182 475/974/1182
f 457/968/1183 456/977/1183 476/969/1183
f 473/972/1184 468/966/1184 472/958/1184
f 474/978/1185 473/997/1185 483/979/1185
f 478/1192/1186 477/981/1186 488/983/1186
f 485/991/1187 475/984/1187 484/986/1187
f 489/1001/1188 478/1192/1188 488/983/1188
f 490/1193/1189 479/987/1189 489/989/1189
f 486/1194/1190 476/990/1190 485/991/1190
f 491/996/1191 479/987/1191 490/1193/1191
f 473/997/1192 472/992/1192 481/994/1192
f 477/981/1193 476/1195/1193 486/999/1193
f 480/1196/1194 472/995/1194 491/996/1194
f 485/991/1195 484/986/1195 492/1197/1195
f 492/1198/1196 484/980/1196 483/979/1196
f 490/1012/1197 489/1199/1198 502/1013/1199
f 486/1009/1200 485/1200/1200 498/1010/1200
f 495/1015/1201 481/1006/1201 503/1008/1201
f 491/1201/1202 490/1012/1202 503/1008/1202
f 493/1017/1203 486/1009/1203 499/1011/1203
f 496/1020/1204 482/1014/1205 495/1015/1206
f 480/1007/1207 491/1201/1207 503/1008/1207
f 500/1018/1208 493/1017/1208 499/1011/1208
f 497/1023/1209 492/1022/1209 496/1020/1209
f 501/1026/1210 494/1025/1210 500/1202/1210
f 489/1199/1211 494/1025/1211 502/1013/1211
f 485/991/1212 492/1197/1212 498/1043/1212
f 503/1027/1213 502/1041/1213 512/1028/1213
f 505/1031/1214 495/1003/1214 504/1005/1214
f 510/1037/1215 500/1021/1215 509/1033/1215
f 506/1035/1216 496/1030/1216 505/1031/1216
f 511/1050/1217 501/1036/1217 510/1037/1217
f 498/1043/1218 497/1038/1218 507/1040/1218
f 502/1203/1219 501/1036/1219 511/1050/1219
f 499/1204/1220 498/1043/1220 509/1045/1220
f 518/1046/1221 509/1033/1221 517/1064/1221
f 515/1047/1222 505/1031/1222 514/1055/1222
f 507/1040/1223 506/1039/1224 515/1048/1223
f 519/1051/1225 510/1037/1225 518/1046/1225
f 512/1028/1226 511/1042/1226 519/1052/1226
f 508/1044/1227 507/1040/1227 516/1049/1227
f 509/1045/1228 508/1044/1228 517/1054/1228
f 514/1055/1229 504/1005/1229 513/1205/1229
f 504/1029/1230 512/1028/1230 520/1053/1230
f 519/1051/925 518/1046/925 526/1058/925
f 516/1049/1231 515/1048/1231 523/1060/1231
f 520/1053/1232 519/1052/1232 527/1062/1232
f 514/1055/1233 513/1205/1233 521/1066/1233
f 513/1056/1234 520/1053/1234 527/1062/1234
f 518/1046/930 517/1064/930 525/1057/930
f 515/1047/1235 514/1055/1235 522/1067/1235
f 536/1206/1236 526/1058/1236 535/1077/1236
f 532/1070/1237 523/1060/1237 531/1207/1237
f 533/1208/934 524/1063/934 532/1070/934
f 537/1209/1238 527/1062/1238 536/1069/1238
f 528/1076/1239 527/1062/1239 537/1209/1239
f 525/1057/1240 524/1065/1240 534/1074/1240
f 522/1067/1241 521/1066/1241 530/1075/1241
f 526/1058/939 525/1057/941 535/1077/941
f 531/1207/1242 523/1060/1242 530/1078/1242
f 531/1210/1243 530/1075/1243 529/1072/1244
f 539/1084/1245 529/1083/1245 538/1094/1245
f 528/1093/1246 537/1211/1246 543/1212/1246
f 541/1213/1247 534/1079/1247 540/1081/1247
f 542/1091/1248 535/1085/1248 541/1087/1248
f 532/1214/1249 531/1082/1249 539/1084/1249
f 536/1090/1250 535/1085/1251 542/1091/1252
f 538/1094/1253 528/1093/1253 543/1212/1253
f 533/1080/1254 532/1215/1254 540/1081/1254
f 537/1211/1255 536/1216/1255 543/1212/1255
f 542/1106/1256 541/1098/1257 551/1100/1258
f 548/1102/1259 539/1095/1259 547/1097/1260
f 552/1107/1261 542/1106/1261 551/1100/1261
f 538/1108/1262 543/1103/1262 545/1105/1262
f 549/1109/1263 540/1101/1263 548/1102/1263
f 544/1104/1264 543/1103/1264 552/1107/1264
f 539/1095/1265 538/1108/1265 546/1096/1265
f 541/1098/1266 540/1101/1267 550/1099/1268
f 554/1217/1269 552/1107/1269 551/1100/1269
f 558/1121/1270 548/1120/1270 557/1147/1270
f 563/1124/1271 552/1123/1271 554/1110/1271
f 559/1149/1272 549/1119/1272 558/1121/1272
f 555/1135/1273 544/1122/1273 563/1124/1273
f 550/1128/1274 549/1125/1275 560/1127/1275
f 547/1218/971 553/1137/971 556/1219/971
f 551/1220/972 550/1128/972 562/1130/972
f 557/1147/973 548/1120/973 556/1132/973
f 570/1136/974 563/1124/974 569/1140/974
f 546/1133/975 545/1114/975 565/1116/975
f 553/1137/1276 546/1133/1276 566/1134/1276
f 556/1219/1277 553/1137/1277 567/1138/1277
f 569/1140/979 554/1110/979 568/1139/979
f 545/1114/980 555/1118/980 564/1115/980
f 575/1144/981 561/1129/981 574/1143/981
f 568/1152/1278 562/1130/1279 575/1144/1280
f 557/1147/1281 556/1132/1281 571/1146/1281
f 558/1121/1282 557/1147/1282 572/1148/1282
f 559/1149/1283 558/1121/1283 572/1148/1283
f 555/1135/1284 570/1136/1284 576/1141/1284
f 574/1143/1285 560/1127/1285 573/1151/1285
f 580/1153/1286 575/1144/1286 574/1143/1286
f 571/1146/1287 567/1145/1287 578/1154/1287
f 569/1140/1288 568/1139/1288 581/1157/1289
f 570/1136/1290 569/1140/1290 581/1157/1290
f 577/1158/1291 565/1116/1291 564/1115/1291
f 578/1221/1292 567/1138/1292 577/1158/1292
f 581/1165/1293 580/1222/1293 585/1166/1293
f 573/1170/1294 572/1159/1294 584/1167/1294
f 583/1172/1295 577/1168/1295 582/1164/1295
f 576/1163/1296 581/1165/1296 582/1164/1296
f 580/1222/1297 574/1169/1297 584/1167/1297
f 585/1166/1298 580/1222/1298 584/1167/1298
f 588/1174/1299 585/1166/1299 587/1173/1299
f 586/1161/1300 583/1172/1300 587/1173/1300
f 582/1164/1301 585/1166/1301 588/1174/1301
f 587/1173/1302 583/1172/1303 588/1174/1304
f 590/1223/1305 591/1224/1305 589/1225/1305
f 591/1224/697 593/1226/697 592/1227/697
f 593/1226/1306 594/1228/1306 592/1227/1306
f 594/1228/1307 596/1229/1307 595/1230/1307
f 596/1231/1308 598/1232/1308 597/1233/1308
f 598/1232/1309 599/1234/1309 597/1233/1309
f 599/1234/703 601/1235/703 600/1236/703
f 601/1237/704 602/1238/704 600/1239/704
f 602/1238/1310 604/1240/1310 603/1241/1310
f 604/1240/706 606/1242/706 605/1243/706
f 606/1244/1311 608/1245/1311 607/1246/1312
f 608/1245/1313 609/1247/1313 607/1246/1313
f 609/1247/1314 590/1248/1314 589/1249/1314
f 603/1250/333 595/1251/333 597/1252/333
f 609/1253/1315 620/1254/1315 613/1255/1315
f 596/1256/710 594/1257/710 610/1258/710
f 604/1240/1316 602/1238/1316 611/1259/1316
f 606/1260/1317 612/1261/1317 608/1262/1317
f 596/1256/1318 610/1258/1318 598/1263/1318
f 593/1264/1319 591/1265/1319 614/1266/1319
f 611/1267/1320 601/1268/1320 618/1269/1320
f 610/1258/1321 593/1264/1321 614/1266/1321
f 612/1261/1322 611/1267/1322 619/1270/1322
f 598/1263/1323 615/1271/1323 616/1272/1323
f 612/1261/1324 619/1270/1324 620/1254/1324
f 599/1273/1325 616/1272/1325 617/1274/1325
f 591/1265/1326 590/1275/1326 613/1255/1326
f 615/1276/1327 624/1277/1327 625/1278/1327
f 618/1279/1328 628/1280/1328 629/1281/1328
f 616/1282/1329 615/1283/1329 625/1284/1329
f 620/1285/1048 619/1286/1048 630/1287/1048
f 617/1288/1330 616/1282/1330 626/1289/1330
f 613/1290/1331 621/1291/1331 622/1292/1331
f 613/1293/1332 620/1285/1332 632/1294/1332
f 614/1295/1053 622/1292/1053 623/1296/1053
f 618/1279/1333 627/1297/1333 628/1280/1333
f 614/1295/1055 623/1296/1055 624/1277/1055
f 629/1281/1334 635/1298/1334 630/1299/1334
f 628/1280/1335 627/1297/1336 634/1300/1336
f 629/1281/1337 628/1280/1337 635/1298/1337
f 636/1301/1338 644/1302/1338 652/1303/1338
f 622/1304/1339 621/1305/1339 644/1306/1339
f 627/1307/1340 639/1308/1340 640/1309/1340
f 631/1310/1341 643/1311/1341 644/1306/1341
f 623/1312/1342 622/1304/1342 636/1313/1342
f 628/1314/1343 634/1315/1343 641/1316/1343
f 624/1317/1344 623/1312/1344 637/1318/1344
f 635/1298/1345 628/1280/1345 641/1319/1345
f 633/1320/1346 624/1317/1347 637/1318/1348
f 633/1320/1349 638/1321/1349 639/1322/1349
f 635/1323/1350 642/1324/1351 643/1311/1351
f 643/1325/1352 651/1326/1352 652/1327/1352
f 641/1319/1353 640/1328/1353 648/1329/1353
f 638/1330/1354 637/1331/1354 645/1332/1354
f 642/1333/1355 641/1319/1356 649/1334/1356
f 638/1335/1357 646/1336/1357 647/1337/1357
f 642/1333/1358 650/1338/1358 651/1339/1358
f 639/1340/1359 647/1337/1359 648/1341/1359
f 649/1334/761 648/1329/761 657/1342/761
f 646/1343/1360 645/1332/1360 655/1344/1360
f 650/1338/1361 649/1334/1361 658/1345/1361
f 646/1336/764 655/1346/764 656/1347/764
f 651/1326/1362 659/1348/1362 660/1349/1362
f 648/1341/766 656/1347/766 657/1350/766
f 636/1301/1363 652/1303/1363 653/1351/1363
f 645/1332/1364 636/1301/1364 654/1352/1364
f 652/1327/1365 660/1349/1365 653/1353/1365
f 658/1345/771 665/1354/771 666/1355/771
f 655/1346/1090 662/1356/1090 663/1357/1090
f 659/1348/1091 666/1358/1091 667/1359/1091
f 656/1347/1092 663/1357/1092 664/1360/1092
f 657/1350/775 656/1347/775 664/1360/775
f 657/1342/778 664/1361/778 665/1354/778
f 654/1352/1095 661/1362/1095 662/1363/1095
f 653/1353/1096 667/1359/1096 661/1364/1096
f 667/1359/1366 666/1358/1366 675/1365/1366
f 664/1360/1367 663/1357/1367 671/1366/1367
f 661/1362/1368 677/1367/1368 668/1368/1368
f 664/1361/1369 672/1369/1369 673/1370/1369
f 661/1362/1370 668/1368/1370 669/1371/1370
f 661/1364/1371 667/1359/1371 677/1372/1371
f 665/1354/1372 673/1370/1373 674/1373/1374
f 662/1363/1375 669/1371/1375 670/1374/1375
f 663/1357/1376 662/1356/1377 670/1375/1378
f 666/1355/1379 674/1373/1380 675/1376/1380
f 673/1377/1381 672/1378/1381 680/1379/1381
f 681/1380/1382 688/1381/1382 689/1382/1382
f 677/1383/1383 682/1384/1383 678/1385/1383
f 674/1386/1384 673/1377/1384 681/1387/1384
f 670/1388/1385 669/1389/1385 679/1390/1385
f 675/1391/1386 674/1392/1386 681/1393/1386
f 676/1394/1387 681/1393/1387 682/1395/1387
f 671/1396/1388 679/1397/1388 680/1379/1388
f 669/1389/1389 668/1398/1389 678/1385/1389
f 679/1399/1390 685/1400/1390 686/1401/1390
f 681/1380/1391 689/1382/1391 690/1402/1391
f 682/1403/1392 681/1380/1392 690/1402/1392
f 680/1404/1393 679/1399/1393 687/1405/1393
f 678/1406/1394 683/1407/1394 684/1408/1394
f 678/1406/1395 684/1408/1395 685/1400/1395
f 680/1404/1396 687/1405/1396 688/1381/1396
f 678/1406/1397 682/1403/1397 683/1407/1397
f 691/1409/1398 690/1410/1398 699/1411/1398
f 684/1412/1399 694/1413/1400 695/1414/1401
f 684/1412/1402 695/1414/1402 696/1415/1402
f 683/1416/1403 691/1409/1403 701/1417/1403
f 685/1418/1404 696/1415/1404 697/1419/1404
f 686/1420/1405 692/1421/1405 697/1422/1405
f 698/1423/1406 693/1424/1406 706/1425/1406
f 688/1426/1407 707/1427/1407 708/1428/1407
f 689/1429/1408 708/1428/1408 709/1430/1408
f 686/1420/1409 697/1422/1409 703/1431/1409
f 693/1424/1410 686/1420/1411 704/1432/1411
f 697/1419/1412 696/1415/1412 712/1433/1412
f 697/1422/1413 712/1434/1413 703/1431/1413
f 700/1435/1414 713/1436/1414 714/1437/1414
f 695/1414/1415 694/1413/1415 710/1438/1415
f 701/1417/1416 714/1437/1416 702/1439/1416
f 696/1415/1417 695/1414/1417 711/1440/1417
f 707/1427/1418 698/1441/1418 706/1442/1418
f 709/1430/1419 708/1428/1419 718/1443/1419
f 703/1431/1420 715/1444/1420 716/1445/1420
f 713/1446/1421 709/1430/1421 719/1447/1421
f 713/1436/1422 719/1448/1422 714/1437/1422
f 705/1449/1423 716/1445/1423 717/1450/1423
f 702/1439/1424 714/1437/1425 710/1451/1426
f 707/1427/1427 706/1442/1427 717/1452/1427
f 708/1428/1428 707/1427/1428 718/1443/1428
f 719/1453/1429 724/1454/1429 725/1455/1429
f 714/1456/1430 725/1455/1430 720/1457/1430
f 711/1458/1431 710/1459/1431 721/1460/1431
f 718/1461/1432 717/1462/1432 723/1463/1432
f 715/1464/1433 711/1458/1433 721/1460/1433
f 715/1464/1434 722/1465/1434 716/1466/1434
f 716/1466/1435 722/1465/1436 723/1463/1437
f 724/1454/1438 723/1463/1438 726/1467/1438
f 722/1465/1439 721/1460/1439 726/1467/1439
f 721/1460/1440 720/1457/1440 726/1467/1440
f 589/1225/1441 591/1224/1441 592/1227/1441
f 592/1227/1442 594/1228/1442 595/1230/1442
f 595/1468/1443 596/1231/1443 597/1233/1443
f 597/1233/1444 599/1234/1444 600/1236/1444
f 600/1239/856 602/1238/856 603/1241/856
f 603/1241/1445 604/1240/1445 605/1243/1445
f 605/1469/1446 606/1244/1446 607/1246/1446
f 607/1246/1447 609/1247/1447 589/1249/1447
f 589/1470/333 592/1471/333 607/1472/333
f 595/1251/333 603/1250/333 605/1473/333
f 600/1474/333 603/1250/333 597/1252/333
f 605/1473/333 592/1471/333 595/1251/333
f 592/1471/333 605/1473/333 607/1472/333
f 606/1260/1448 604/1475/1448 612/1261/1448
f 612/1261/1449 604/1475/1449 611/1267/1450
f 611/1267/864 602/1476/864 601/1268/864
f 610/1258/865 594/1257/865 593/1264/865
f 618/1269/1451 601/1268/1451 617/1274/1451
f 590/1275/1452 609/1253/1452 613/1255/1452
f 615/1271/1453 610/1258/1453 614/1266/1453
f 619/1270/1454 611/1267/1454 618/1269/1454
f 598/1263/1455 610/1258/1455 615/1271/1455
f 608/1262/1456 612/1261/1456 620/1254/1456
f 599/1273/1457 598/1263/1457 616/1272/1457
f 609/1253/1458 608/1262/1458 620/1254/1458
f 601/1268/1459 599/1273/1459 617/1274/1459
f 614/1266/1460 591/1265/1460 613/1255/1460
f 615/1276/1461 614/1295/1461 624/1277/1461
f 619/1477/1462 618/1279/1462 629/1281/1462
f 626/1289/1187 616/1282/1187 625/1284/1187
f 630/1299/1463 619/1477/1463 629/1281/1463
f 631/1478/1189 620/1285/1189 630/1287/1189
f 627/1479/1190 617/1288/1190 626/1289/1190
f 632/1294/1191 620/1285/1191 631/1478/1191
f 614/1295/1192 613/1290/1192 622/1292/1192
f 618/1279/1193 617/1480/1193 627/1297/1193
f 621/1481/1464 613/1293/1464 632/1294/1464
f 626/1289/1465 625/1284/1465 633/1482/1465
f 633/1483/1466 625/1278/1467 624/1277/1468
f 631/1310/1469 630/1484/1469 643/1311/1469
f 627/1307/1200 626/1485/1200 639/1308/1200
f 636/1313/1470 622/1304/1470 644/1306/1470
f 632/1486/1471 631/1310/1471 644/1306/1471
f 634/1315/1472 627/1307/1473 640/1309/1474
f 637/1318/1475 623/1312/1475 636/1313/1475
f 621/1305/1476 632/1486/1476 644/1306/1476
f 641/1316/1477 634/1315/1477 640/1309/1477
f 638/1321/1478 633/1320/1479 637/1318/1478
f 642/1324/1480 635/1323/1480 641/1487/1480
f 630/1484/1481 635/1323/1481 643/1311/1481
f 626/1289/1482 633/1482/1482 639/1340/1482
f 644/1488/1483 643/1325/1483 652/1327/1483
f 645/1332/1484 637/1331/1484 636/1301/1484
f 649/1334/1485 641/1319/1485 648/1329/1485
f 646/1343/1486 638/1330/1486 645/1332/1486
f 650/1338/1487 642/1333/1487 649/1334/1487
f 639/1340/1488 638/1335/1488 647/1337/1488
f 643/1489/1489 642/1333/1489 651/1339/1489
f 640/1490/1490 639/1340/1490 648/1341/1490
f 658/1345/917 649/1334/917 657/1342/917
f 655/1344/918 645/1332/918 654/1352/918
f 659/1491/1491 650/1338/1491 658/1345/1491
f 647/1337/1492 646/1336/1492 656/1347/1492
f 651/1339/1493 650/1338/1493 659/1491/1493
f 648/1341/922 647/1337/922 656/1347/922
f 654/1352/1494 636/1301/1494 653/1351/1494
f 652/1327/924 651/1326/924 660/1349/924
f 659/1491/925 658/1345/925 666/1355/925
f 656/1347/1231 655/1346/1231 663/1357/1231
f 660/1349/1495 659/1348/1495 667/1359/1496
f 654/1352/1497 653/1351/1497 661/1362/1497
f 653/1353/1234 660/1349/1234 667/1359/1234
f 658/1345/930 657/1342/930 665/1354/930
f 655/1344/1498 654/1352/1499 662/1363/1499
f 676/1492/1500 667/1359/1500 675/1365/1500
f 672/1493/1501 664/1360/1502 671/1366/1501
f 677/1372/1503 667/1359/1503 676/1492/1503
f 665/1354/1504 664/1361/1504 673/1370/1504
f 662/1363/1505 661/1362/1505 669/1371/1505
f 666/1355/1506 665/1354/1506 674/1373/1506
f 671/1366/1507 663/1357/1507 670/1375/1507
f 668/1398/1508 677/1383/1508 678/1385/1508
f 681/1387/1509 673/1377/1509 680/1379/1509
f 679/1390/1510 669/1389/1510 678/1385/1510
f 671/1494/1511 670/1388/1511 679/1390/1511
f 676/1394/1512 675/1391/1512 681/1393/1512
f 672/1378/1513 671/1396/1513 680/1379/1513
f 677/1383/1514 676/1495/1514 682/1384/1514
f 687/1405/1515 679/1399/1515 686/1401/1515
f 691/1496/1516 682/1403/1516 690/1402/1516
f 683/1407/1517 682/1403/1517 691/1496/1517
f 681/1380/1518 680/1404/1519 688/1381/1518
f 679/1399/1520 678/1406/1520 685/1400/1520
f 693/1497/1521 687/1405/1521 686/1401/1521
f 686/1401/1522 685/1400/1522 692/1498/1522
f 700/1435/1523 691/1409/1523 699/1411/1523
f 684/1412/1524 683/1499/1524 694/1413/1524
f 701/1417/1525 691/1409/1525 700/1435/1525
f 698/1423/1526 687/1500/1526 693/1424/1526
f 688/1426/1527 687/1501/1527 698/1441/1527
f 685/1418/1528 684/1412/1528 696/1415/1528
f 694/1502/1529 683/1416/1529 701/1417/1529
f 692/1503/1530 685/1418/1531 697/1419/1531
f 690/1504/1532 689/1429/1532 699/1505/1532
f 712/1433/1533 696/1415/1534 711/1440/1535
f 702/1439/1536 694/1502/1536 701/1417/1536
f 688/1426/1537 698/1441/1537 707/1427/1537
f 689/1429/1538 688/1426/1538 708/1428/1538
f 699/1505/1539 689/1429/1539 709/1430/1539
f 704/1432/1540 686/1420/1540 703/1431/1540
f 705/1449/1541 693/1424/1541 704/1432/1541
f 706/1425/1542 693/1424/1542 705/1449/1542
f 713/1446/1543 699/1505/1544 709/1430/1545
f 700/1435/1546 699/1411/1546 713/1436/1546
f 710/1438/1547 694/1413/1547 702/1506/1547
f 701/1417/1548 700/1435/1548 714/1437/1548
f 711/1440/1549 695/1414/1549 710/1438/1549
f 703/1431/1550 712/1434/1550 715/1444/1550
f 719/1447/1551 709/1430/1551 718/1443/1552
f 704/1432/1553 703/1431/1553 716/1445/1553
f 705/1449/1554 704/1432/1554 716/1445/1554
f 706/1425/1555 705/1449/1555 717/1450/1555
f 718/1443/1556 707/1427/1556 717/1452/1556
f 715/1507/1557 712/1433/1557 711/1440/1557
f 714/1456/1558 719/1453/1558 725/1455/1558
f 717/1462/1559 716/1466/1560 723/1463/1559
f 721/1460/1561 710/1459/1561 720/1457/1561
f 710/1459/1562 714/1456/1562 720/1457/1562
f 722/1465/1563 715/1464/1563 721/1460/1563
f 724/1454/1564 719/1453/1564 718/1461/1564
f 724/1454/1565 718/1461/1565 723/1463/1565
f 727/1508/1566 724/1454/1566 726/1467/1566
f 725/1455/1567 724/1454/1568 727/1508/1569
f 723/1463/1570 722/1465/1570 726/1467/1570
f 726/1467/1571 720/1457/1572 727/1508/1571
f 720/1457/1573 725/1455/1573 727/1508/1573
f 729/1509/1574 730/1510/1574 728/1511/1574
f 730/1510/1017 732/1512/1017 731/1513/1017
f 732/1512/1018 734/1514/1018 733/1515/1018
f 734/1516/1575 736/1517/1575 735/1518/1575
f 736/1517/1576 737/1519/1576 735/1518/1576
f 737/1519/1577 739/1520/1577 738/1521/1577
f 739/1520/1578 740/1522/1578 738/1521/1578
f 740/1522/1579 742/1523/1579 741/1524/1579
f 742/1523/1580 743/1525/1580 741/1524/1580
f 743/1525/1581 745/1526/1581 744/1527/1581
f 745/1528/1582 747/1529/1582 746/1530/1582
f 747/1529/1583 729/1531/1583 728/1532/1583
f 741/1533/333 733/1534/333 735/1535/333
f 751/1536/1584 759/1537/1584 752/1538/1584
f 734/1516/1585 749/1539/1585 736/1517/1585
f 734/1540/1031 732/1541/1031 749/1542/1031
f 745/1543/1586 750/1544/1587 751/1536/1588
f 732/1541/1589 730/1545/1589 748/1546/1589
f 740/1547/1034 739/1548/1034 756/1549/1034
f 742/1550/1590 740/1547/1590 757/1551/1590
f 749/1542/1036 748/1546/1036 753/1552/1036
f 750/1544/1591 742/1550/1591 757/1551/1591
f 749/1542/1038 754/1553/1038 755/1554/1038
f 750/1544/1039 758/1555/1039 759/1537/1039
f 730/1545/1592 747/1556/1592 752/1538/1592
f 737/1557/1041 755/1554/1041 756/1549/1041
f 748/1546/1042 730/1545/1042 752/1538/1042
f 754/1558/1327 763/1559/1327 764/1560/1327
f 757/1561/1044 767/1562/1044 768/1563/1044
f 755/1564/1329 754/1565/1329 764/1566/1329
f 759/1567/1593 758/1568/1593 769/1569/1593
f 756/1570/1594 755/1564/1594 765/1571/1594
f 752/1572/1595 760/1573/1595 761/1574/1595
f 752/1575/1332 759/1567/1332 771/1576/1332
f 753/1577/1596 761/1574/1596 762/1578/1596
f 757/1561/1597 766/1579/1597 767/1562/1597
f 753/1577/1598 762/1578/1598 763/1559/1598
f 768/1563/1056 774/1580/1056 769/1581/1056
f 767/1562/1599 766/1579/1599 773/1582/1599
f 768/1563/1600 767/1562/1600 774/1580/1600
f 775/1583/1338 783/1584/1338 791/1585/1338
f 761/1586/1060 760/1587/1060 783/1588/1060
f 766/1589/1061 778/1590/1061 779/1591/1061
f 770/1592/1062 782/1593/1062 783/1588/1062
f 762/1594/1601 761/1586/1601 775/1595/1601
f 767/1596/1602 773/1597/1602 780/1598/1602
f 763/1599/1603 762/1594/1603 776/1600/1603
f 774/1580/1068 767/1562/1068 780/1601/1068
f 772/1602/1069 763/1599/1069 776/1600/1069
f 772/1602/1604 777/1603/1604 778/1604/1604
f 774/1605/1605 781/1606/1605 782/1593/1605
f 782/1607/1606 790/1608/1606 791/1609/1606
f 780/1601/1607 779/1610/1607 787/1611/1607
f 777/1612/1608 776/1613/1608 784/1614/1608
f 781/1615/1609 780/1601/1609 788/1616/1609
f 777/1617/1357 785/1618/1357 786/1619/1357
f 781/1615/1358 789/1620/1358 790/1621/1358
f 778/1622/1359 786/1619/1359 787/1623/1359
f 788/1616/761 787/1611/761 796/1624/761
f 785/1625/1360 784/1614/1610 794/1626/1610
f 789/1620/1361 788/1616/1361 797/1627/1361
f 785/1618/764 794/1628/764 795/1629/764
f 790/1608/1362 798/1630/1362 799/1631/1362
f 787/1623/766 795/1629/766 796/1632/766
f 775/1583/1611 791/1585/1611 792/1633/1611
f 784/1614/1612 775/1583/1612 793/1634/1612
f 791/1609/1365 799/1631/1365 792/1635/1365
f 797/1627/771 804/1636/771 805/1637/771
f 794/1628/1090 801/1638/1090 802/1639/1090
f 798/1630/1091 805/1640/1091 806/1641/1091
f 795/1629/1092 802/1639/1092 803/1642/1092
f 796/1632/775 795/1629/775 803/1642/775
f 796/1624/778 803/1643/778 804/1636/778
f 793/1634/1095 800/1644/1095 801/1645/1095
f 792/1635/1096 806/1641/1096 800/1646/1096
f 806/1641/1613 805/1640/1613 814/1647/1613
f 803/1642/1367 802/1639/1367 810/1648/1367
f 800/1644/1368 816/1649/1368 807/1650/1368
f 803/1643/1614 811/1651/1614 812/1652/1614
f 800/1644/1370 807/1650/1370 808/1653/1370
f 800/1646/1371 806/1641/1371 816/1654/1371
f 804/1636/1372 812/1652/1373 813/1655/1374
f 801/1645/1375 808/1653/1375 809/1656/1375
f 802/1639/1378 801/1638/1377 809/1657/1377
f 805/1637/1615 813/1655/1615 814/1658/1615
f 812/1659/1616 811/1660/1616 819/1661/1616
f 816/1662/1617 821/1663/1617 817/1664/1617
f 813/1665/1618 812/1659/1618 820/1666/1618
f 809/1667/1619 808/1668/1620 818/1669/1621
f 814/1670/1622 813/1671/1622 820/1672/1622
f 815/1673/1623 820/1672/1623 821/1674/1623
f 810/1675/1624 818/1676/1624 819/1661/1624
f 808/1668/1625 807/1677/1625 817/1664/1625
f 829/1678/1626 833/1679/1626 830/1680/1626
f 820/1681/1627 829/1678/1627 830/1680/1627
f 821/1682/1628 820/1681/1628 830/1680/1628
f 819/1683/1629 818/1684/1629 826/1685/1629
f 817/1686/1630 822/1687/1630 823/1688/1630
f 817/1686/1631 823/1688/1631 824/1689/1631
f 817/1686/1632 821/1682/1632 822/1687/1632
f 819/1683/1633 828/1690/1634 829/1678/1635
f 817/1686/1636 824/1689/1636 825/1691/1636
f 831/1692/1398 830/1693/1398 840/1694/1398
f 823/1695/1399 834/1696/1400 835/1697/1401
f 823/1695/1402 835/1697/1402 836/1698/1402
f 822/1699/1637 831/1692/1637 842/1700/1637
f 828/1701/1638 838/1702/1638 839/1703/1638
f 824/1704/1639 836/1698/1639 837/1705/1639
f 829/1706/1640 839/1703/1640 833/1707/1640
f 832/1708/1641 825/1709/1641 837/1710/1641
f 838/1711/1642 827/1712/1642 847/1713/1642
f 839/1703/1643 848/1714/1643 849/1715/1643
f 833/1707/1644 849/1715/1644 850/1716/1645
f 832/1708/1646 837/1710/1646 844/1717/1646
f 826/1718/1647 832/1708/1647 845/1719/1647
f 827/1712/1648 826/1718/1648 846/1720/1648
f 837/1705/1412 836/1698/1412 853/1721/1412
f 837/1710/1413 853/1722/1413 844/1717/1413
f 841/1723/1649 854/1724/1649 855/1725/1649
f 835/1697/1650 834/1696/1650 851/1726/1650
f 842/1700/1651 855/1725/1651 843/1727/1651
f 836/1698/1652 835/1697/1652 852/1728/1652
f 848/1714/1418 838/1702/1418 847/1729/1418
f 850/1716/1653 849/1715/1653 860/1730/1653
f 854/1731/1654 850/1716/1654 861/1732/1654
f 844/1717/1655 857/1733/1655 858/1734/1655
f 854/1724/1656 861/1735/1656 855/1725/1656
f 845/1719/1657 858/1734/1657 859/1736/1657
f 851/1726/1658 843/1737/1658 856/1738/1658
f 848/1714/1659 847/1729/1660 859/1739/1660
f 849/1715/1661 848/1714/1661 860/1730/1661
f 859/1740/1662 858/1741/1662 865/1742/1662
f 851/1743/1663 856/1744/1663 862/1745/1663
f 855/1746/1664 867/1747/1664 856/1744/1664
f 852/1748/1665 851/1743/1665 862/1745/1665
f 860/1749/1666 859/1740/1666 865/1742/1666
f 857/1750/1667 852/1748/1667 863/1751/1667
f 861/1752/1668 860/1749/1668 866/1753/1668
f 857/1750/1669 864/1754/1669 858/1741/1669
f 856/1744/1670 867/1747/1670 862/1745/1670
f 858/1741/1671 864/1754/1671 865/1742/1671
f 866/1753/1672 865/1742/1673 868/1755/1674
f 864/1754/1675 863/1751/1676 868/1755/1676
f 863/1751/1677 862/1745/1677 868/1755/1677
f 728/1511/1678 730/1510/1678 731/1513/1678
f 731/1513/1162 732/1512/1162 733/1515/1162
f 733/1756/1679 734/1516/1679 735/1518/1679
f 735/1518/1680 737/1519/1680 738/1521/1680
f 738/1521/1681 740/1522/1681 741/1524/1681
f 741/1524/857 743/1525/857 744/1527/857
f 744/1757/1682 745/1528/1682 746/1530/1682
f 746/1530/1683 747/1529/1683 728/1532/1683
f 728/1758/333 731/1759/333 746/1760/333
f 733/1534/333 741/1533/333 744/1761/333
f 738/1762/333 741/1533/333 735/1535/333
f 744/1761/333 731/1759/333 733/1534/333
f 731/1759/333 744/1761/333 746/1760/333
f 747/1556/1684 751/1536/1684 752/1538/1684
f 747/1529/1685 745/1528/1685 751/1763/1685
f 749/1542/1173 732/1541/1173 748/1546/1173
f 745/1543/1174 743/1764/1174 750/1544/1174
f 750/1765/1175 743/1525/1175 742/1523/1175
f 730/1545/1686 729/1766/1686 747/1556/1686
f 757/1551/1177 740/1547/1177 756/1549/1177
f 754/1553/1687 749/1542/1687 753/1552/1687
f 758/1555/1688 750/1544/1688 757/1551/1688
f 736/1767/1689 749/1542/1689 755/1554/1689
f 751/1536/1181 750/1544/1181 759/1537/1181
f 737/1557/1690 736/1767/1690 755/1554/1690
f 739/1548/1691 737/1557/1691 756/1549/1691
f 753/1552/1692 748/1546/1692 752/1538/1692
f 754/1558/1461 753/1577/1461 763/1559/1461
f 758/1768/1462 757/1561/1462 768/1563/1462
f 765/1571/1187 755/1564/1187 764/1566/1187
f 769/1581/1188 758/1768/1188 768/1563/1188
f 770/1769/1189 759/1567/1189 769/1569/1189
f 766/1770/1190 756/1570/1190 765/1571/1190
f 771/1576/1191 759/1567/1191 770/1769/1191
f 753/1577/1693 752/1572/1693 761/1574/1693
f 757/1561/1193 756/1771/1193 766/1579/1193
f 760/1772/1694 752/1575/1694 771/1576/1694
f 765/1571/1695 764/1566/1695 772/1773/1695
f 772/1774/1196 764/1560/1196 763/1559/1196
f 770/1592/1696 769/1775/1696 782/1593/1696
f 766/1589/1697 765/1776/1697 778/1590/1697
f 775/1595/1698 761/1586/1698 783/1588/1698
f 771/1777/1699 770/1592/1699 783/1588/1699
f 773/1597/1203 766/1589/1203 779/1591/1203
f 776/1600/1700 762/1594/1701 775/1595/1702
f 760/1587/1207 771/1777/1207 783/1588/1207
f 780/1598/1703 773/1597/1703 779/1591/1703
f 777/1603/1704 772/1602/1704 776/1600/1704
f 781/1606/1705 774/1605/1705 780/1778/1705
f 769/1775/1706 774/1605/1706 782/1593/1706
f 765/1571/1707 772/1773/1707 778/1622/1707
f 783/1779/1708 782/1607/1708 791/1609/1708
f 784/1614/1484 776/1613/1484 775/1583/1484
f 788/1616/1485 780/1601/1485 787/1611/1485
f 785/1625/1709 777/1612/1709 784/1614/1709
f 789/1620/1487 781/1615/1487 788/1616/1487
f 778/1622/1710 777/1617/1711 786/1619/1710
f 782/1780/1489 781/1615/1489 790/1621/1489
f 779/1781/1490 778/1622/1490 787/1623/1490
f 797/1627/917 788/1616/917 796/1624/917
f 794/1626/918 784/1614/918 793/1634/918
f 798/1782/1491 789/1620/1491 797/1627/1491
f 786/1619/1492 785/1618/1492 795/1629/1492
f 790/1621/1712 789/1620/1713 798/1782/1713
f 787/1623/922 786/1619/922 795/1629/922
f 793/1634/1494 775/1583/1494 792/1633/1494
f 791/1609/924 790/1608/924 799/1631/924
f 798/1782/925 797/1627/925 805/1637/925
f 795/1629/1231 794/1628/1231 802/1639/1231
f 799/1631/1714 798/1630/1714 806/1641/1496
f 793/1634/1497 792/1633/1497 800/1644/1497
f 792/1635/1234 799/1631/1234 806/1641/1234
f 797/1627/930 796/1624/930 804/1636/930
f 794/1626/1498 793/1634/1499 801/1645/1499
f 815/1783/1715 806/1641/1715 814/1647/1715
f 811/1784/1501 803/1642/1716 810/1648/1716
f 816/1654/1503 806/1641/1503 815/1783/1503
f 804/1636/1504 803/1643/1504 812/1652/1504
f 801/1645/1505 800/1644/1505 808/1653/1505
f 805/1637/1717 804/1636/1717 813/1655/1717
f 810/1648/1507 802/1639/1507 809/1657/1507
f 807/1677/1718 816/1662/1718 817/1664/1718
f 820/1666/1719 812/1659/1719 819/1661/1719
f 818/1669/1720 808/1668/1720 817/1664/1720
f 810/1785/1721 809/1667/1721 818/1669/1721
f 815/1673/1722 814/1670/1722 820/1672/1722
f 811/1660/1723 810/1675/1723 819/1661/1723
f 816/1662/1724 815/1786/1724 821/1663/1724
f 826/1685/1725 818/1684/1725 825/1691/1725
f 831/1787/1726 821/1682/1726 830/1680/1726
f 827/1788/1727 819/1683/1727 826/1685/1727
f 828/1690/1728 819/1683/1728 827/1788/1728
f 822/1687/1729 821/1682/1729 831/1787/1730
f 820/1681/1731 819/1683/1732 829/1678/1733
f 818/1684/1734 817/1686/1734 825/1691/1734
f 832/1789/1735 826/1685/1735 825/1691/1735
f 841/1723/1736 831/1692/1737 840/1694/1736
f 823/1695/1738 822/1790/1739 834/1696/1740
f 842/1700/1525 831/1692/1525 841/1723/1525
f 838/1711/1741 828/1791/1741 827/1712/1741
f 824/1704/1742 823/1695/1742 836/1698/1742
f 834/1792/1743 822/1699/1744 842/1700/1744
f 829/1706/1745 828/1701/1745 839/1703/1745
f 825/1793/1746 824/1704/1747 837/1705/1747
f 830/1794/1748 833/1707/1748 840/1795/1748
f 853/1721/1749 836/1698/1750 852/1728/1751
f 843/1727/1536 834/1792/1536 842/1700/1536
f 839/1703/1752 838/1702/1752 848/1714/1752
f 833/1707/1753 839/1703/1754 849/1715/1755
f 840/1795/1756 833/1707/1756 850/1716/1756
f 845/1719/1757 832/1708/1757 844/1717/1757
f 846/1720/1758 826/1718/1758 845/1719/1758
f 847/1713/1759 827/1712/1759 846/1720/1759
f 854/1731/1760 840/1795/1760 850/1716/1760
f 841/1723/1546 840/1694/1546 854/1724/1546
f 851/1726/1761 834/1696/1761 843/1737/1761
f 842/1700/1762 841/1723/1762 855/1725/1762
f 852/1728/1763 835/1697/1763 851/1726/1763
f 861/1732/1764 850/1716/1764 860/1730/1764
f 844/1717/1765 853/1722/1765 857/1733/1765
f 845/1719/1766 844/1717/1766 858/1734/1766
f 846/1720/1767 845/1719/1767 859/1736/1767
f 847/1713/1768 846/1720/1768 859/1736/1768
f 843/1727/1769 855/1725/1769 856/1796/1769
f 860/1730/1770 848/1714/1771 859/1739/1772
f 857/1797/1773 853/1721/1773 852/1728/1773
f 855/1746/1774 861/1752/1774 867/1747/1774
f 863/1751/1775 852/1748/1775 862/1745/1775
f 866/1753/1776 860/1749/1776 865/1742/1776
f 864/1754/1777 857/1750/1777 863/1751/1777
f 867/1747/1778 861/1752/1778 866/1753/1778
f 869/1798/1779 866/1753/1780 868/1755/1780
f 867/1747/1781 866/1753/1782 869/1798/1783
f 865/1742/1784 864/1754/1784 868/1755/1784
f 868/1755/1785 862/1745/1785 869/1798/1785
f 862/1745/1786 867/1747/1787 869/1798/1788
f 871/1799/1305 872/1800/1305 870/1801/1305
f 872/1800/697 874/1802/697 873/1803/697
f 874/1802/1789 875/1804/1789 873/1803/1789
f 875/1804/699 877/1805/699 876/1806/699
f 877/1807/1790 879/1808/1790 878/1809/1790
f 879/1808/1309 880/1810/1309 878/1809/1309
f 880/1810/703 882/1811/703 881/1812/703
f 882/1813/704 883/1814/704 881/1815/704
f 883/1814/1791 885/1816/1791 884/1817/1791
f 885/1816/706 887/1818/706 886/1819/706
f 887/1820/1792 889/1821/1792 888/1822/1792
f 889/1821/1793 890/1823/1793 888/1822/1793
f 890/1823/1314 871/1824/1314 870/1825/1314
f 884/1826/333 876/1827/333 878/1828/333
f 877/1829/1794 875/1830/1794 891/1831/1794
f 885/1816/1795 883/1814/1795 892/1832/1795
f 887/1833/1796 893/1834/1796 889/1835/1796
f 877/1829/713 891/1831/713 879/1836/713
f 898/1837/1797 909/1838/1797 910/1839/1797
f 874/1840/1798 872/1841/1798 894/1842/1798
f 892/1843/1799 882/1844/1799 898/1845/1799
f 891/1831/1800 874/1840/1800 894/1842/1800
f 893/1834/1801 892/1843/1801 899/1846/1801
f 891/1831/1802 895/1847/1802 896/1848/1802
f 893/1834/1803 899/1846/1803 900/1849/1803
f 879/1836/1804 896/1848/1804 897/1850/1804
f 872/1841/1805 871/1851/1805 894/1842/1805
f 889/1835/1806 900/1849/1806 901/1852/1806
f 895/1853/1807 904/1854/1807 905/1855/1807
f 899/1856/1808 910/1839/1808 911/1857/1808
f 896/1858/1809 895/1859/1809 905/1860/1809
f 900/1861/1810 899/1856/1810 911/1857/1810
f 897/1862/1811 896/1858/1811 907/1863/1811
f 894/1864/1812 902/1865/1812 903/1866/1812
f 901/1867/1813 900/1868/1813 912/1869/1813
f 894/1864/1814 903/1866/1814 904/1854/1814
f 898/1837/1815 908/1870/1815 909/1838/1815
f 905/1860/1816 915/1871/1816 906/1872/1816
f 904/1854/1817 903/1866/1817 914/1873/1817
f 905/1855/1818 904/1854/1818 915/1874/1818
f 914/1875/1819 918/1876/1819 934/1877/1819
f 903/1878/1820 913/1879/1821 918/1880/1822
f 907/1881/1823 921/1882/1823 922/1883/1823
f 913/1879/1824 917/1884/1824 918/1880/1824
f 909/1885/1825 908/1886/1825 922/1883/1825
f 904/1887/1826 914/1888/1826 919/1889/1826
f 910/1890/1827 909/1885/1827 923/1891/1827
f 915/1892/1828 904/1887/1829 919/1889/1830
f 916/1893/1831 910/1894/1831 923/1895/1831
f 915/1892/1832 920/1896/1832 921/1897/1832
f 916/1893/1833 924/1898/1833 925/1899/1833
f 925/1900/1606 933/1901/1606 934/1902/1606
f 919/1903/1834 914/1875/1834 926/1904/1834
f 923/1905/1607 922/1906/1607 930/1907/1607
f 920/1908/1354 919/1903/1354 927/1909/1354
f 924/1910/1835 923/1905/1835 931/1911/1835
f 920/1912/1836 928/1913/1836 929/1914/1836
f 924/1910/1837 932/1915/1837 933/1916/1837
f 921/1917/1838 929/1914/1838 930/1918/1838
f 931/1911/761 930/1907/761 939/1919/761
f 928/1920/1839 927/1909/1839 937/1921/1839
f 932/1915/1361 931/1911/1361 940/1922/1361
f 928/1913/764 937/1923/764 938/1924/764
f 933/1901/1840 941/1925/1840 942/1926/1840
f 930/1918/1841 938/1924/1841 939/1927/1841
f 926/1904/767 934/1877/767 935/1928/767
f 927/1909/768 926/1904/768 936/1929/768
f 934/1902/1842 942/1926/1842 935/1930/1842
f 946/1931/1843 945/1932/1843 955/1933/1843
f 940/1922/1844 948/1934/1844 949/1935/1844
f 938/1924/772 945/1932/772 946/1931/772
f 941/1925/773 949/1936/773 950/1937/773
f 938/1924/1845 946/1931/1845 947/1938/1845
f 939/1927/775 938/1924/775 947/1938/775
f 936/1929/776 943/1939/776 944/1940/776
f 942/1926/777 950/1937/777 943/1941/777
f 939/1919/778 947/1942/778 948/1934/778
f 937/1921/779 944/1940/779 945/1943/779
f 950/1937/1846 949/1936/1846 959/1944/1846
f 947/1938/1847 946/1931/1848 955/1933/1847
f 943/1939/1849 951/1945/1849 952/1946/1849
f 943/1941/1850 950/1937/1850 960/1947/1850
f 944/1940/1851 952/1946/1851 953/1948/1851
f 948/1934/1852 957/1949/1852 958/1950/1852
f 945/1943/1853 953/1948/1853 954/1951/1853
f 949/1935/1854 958/1950/1854 959/1952/1854
f 957/1953/1855 956/1954/1855 963/1955/1855
f 951/1956/1856 965/1957/1856 961/1958/1856
f 958/1959/1857 957/1953/1857 964/1960/1857
f 954/1961/1858 953/1962/1858 962/1963/1858
f 959/1964/1859 958/1965/1859 964/1966/1859
f 960/1967/1860 964/1966/1861 965/1968/1861
f 955/1969/1862 962/1970/1862 963/1955/1862
f 953/1962/1863 952/1971/1863 961/1958/1863
f 972/1972/1864 976/1973/1864 973/1974/1864
f 962/1975/1865 968/1976/1865 969/1977/1866
f 964/1978/1867 972/1972/1867 973/1974/1867
f 965/1979/1868 964/1978/1868 973/1974/1868
f 963/1980/1869 962/1975/1869 970/1981/1869
f 961/1982/1870 966/1983/1870 967/1984/1870
f 963/1980/1871 970/1981/1871 971/1985/1871
f 961/1982/1395 967/1984/1395 968/1976/1395
f 961/1982/1397 965/1979/1397 966/1983/1397
f 963/1980/1872 971/1985/1872 972/1972/1872
f 974/1986/1873 973/1987/1873 984/1988/1873
f 967/1989/1874 977/1990/1875 978/1991/1876
f 971/1992/1877 970/1993/1878 981/1994/1879
f 967/1989/1402 978/1991/1402 979/1995/1402
f 966/1996/1403 974/1986/1403 986/1997/1403
f 971/1998/1880 982/1999/1880 983/2000/1880
f 968/2001/1881 979/1995/1882 980/2002/1881
f 972/2003/1883 983/2000/1883 976/2004/1883
f 969/2005/1884 975/2006/1884 980/2007/1884
f 983/2000/1885 989/2008/1885 990/2009/1885
f 976/2004/1886 990/2009/1886 991/2010/1886
f 969/2005/1409 980/2007/1409 987/2011/1409
f 981/1994/1887 969/2005/1888 988/2012/1889
f 980/2002/1412 979/1995/1412 995/2013/1412
f 980/2007/1413 995/2014/1413 987/2011/1413
f 985/2015/1890 998/2016/1890 999/2017/1890
f 978/1991/1891 977/1990/1891 993/2018/1891
f 982/2019/1892 996/2020/1892 997/2021/1892
f 986/1997/1893 999/2017/1893 992/2022/1893
f 979/1995/1417 978/1991/1417 994/2023/1417
f 989/2008/1894 982/1999/1894 997/2024/1894
f 991/2010/1895 990/2009/1895 1002/2025/1895
f 987/2011/1420 1000/2026/1420 1001/2027/1420
f 998/2028/1421 991/2010/1421 1003/2029/1421
f 998/2016/1422 1003/2030/1422 999/2017/1422
f 990/2009/1896 989/2008/1896 1002/2025/1896
f 993/2031/1897 992/2032/1897 1004/2033/1897
f 999/2034/1898 1009/2035/1898 1010/2036/1898
f 997/2037/1899 996/2038/1899 1007/2039/1899
f 994/2040/1900 993/2031/1900 1005/2041/1900
f 992/2032/1901 1010/2036/1901 1004/2033/1901
f 1002/2042/1902 997/2037/1902 1008/2043/1902
f 1000/2044/1903 994/2040/1903 1005/2041/1903
f 1003/2045/1904 1002/2042/1904 1009/2035/1904
f 1000/2044/1905 1006/2046/1905 1001/2047/1905
f 1001/2047/1906 1006/2046/1906 1007/2039/1906
f 1009/2035/1907 1008/2043/1907 1011/2048/1907
f 1006/2046/1908 1005/2041/1908 1011/2048/1908
f 1005/2041/1909 1004/2033/1909 1012/2049/1909
f 870/1801/1910 872/1800/1910 873/1803/1910
f 873/1803/1911 875/1804/1911 876/1806/1911
f 876/2050/1679 877/1807/1679 878/1809/1679
f 878/1809/1444 880/1810/1444 881/1812/1444
f 881/1815/1912 883/1814/1912 884/1817/1912
f 884/1817/1913 885/1816/1913 886/1819/1913
f 886/2051/858 887/1820/858 888/1822/858
f 888/1822/1914 890/1823/1914 870/1825/1914
f 870/2052/333 873/2053/333 888/2054/333
f 876/1827/333 884/1826/333 886/2055/333
f 881/2056/333 884/1826/333 878/1828/333
f 886/2055/333 873/2053/333 876/1827/333
f 873/2053/333 886/2055/333 888/2054/333
f 887/1833/860 885/2057/860 893/1834/860
f 893/1834/1450 885/2057/1915 892/1843/1916
f 892/1843/864 883/2058/864 882/1844/864
f 891/1831/865 875/1830/865 874/1840/865
f 898/1845/1917 882/1844/1917 897/1850/1917
f 871/1851/1918 890/2059/1918 901/1852/1918
f 895/1847/1919 891/1831/1919 894/1842/1919
f 899/1846/1920 892/1843/1920 898/1845/1920
f 879/1836/1921 891/1831/1921 896/1848/1921
f 889/1835/1922 893/1834/1922 900/1849/1922
f 880/2060/1923 879/1836/1923 897/1850/1923
f 894/1842/1924 871/1851/1924 901/1852/1924
f 890/2059/1925 889/1835/1925 901/1852/1925
f 882/1844/1926 880/2060/1926 897/1850/1926
f 899/1856/1927 898/1837/1927 910/1839/1927
f 906/1872/1928 896/1858/1928 905/1860/1928
f 912/2061/1929 900/1861/1929 911/1857/1929
f 907/1863/1930 896/1858/1930 906/1872/1930
f 894/1864/1931 901/2062/1931 902/1865/1931
f 908/2063/1932 897/1862/1932 907/1863/1932
f 913/2064/1933 901/1867/1933 912/1869/1933
f 898/1837/1934 897/2065/1934 908/1870/1934
f 902/2066/1935 901/1867/1935 913/2064/1935
f 895/1853/1936 894/1864/1936 904/1854/1936
f 912/2067/1937 916/1893/1938 925/1899/1939
f 912/2061/1940 911/1857/1940 916/2068/1940
f 903/1866/1941 902/1865/1941 913/2069/1941
f 913/2064/1942 912/1869/1942 917/2070/1942
f 916/2068/1943 911/1857/1943 910/1839/1943
f 926/1904/1944 914/1875/1944 934/1877/1944
f 907/1881/1945 906/2071/1945 921/1882/1945
f 917/1884/1946 912/2067/1946 925/1899/1946
f 914/1888/1947 903/1878/1947 918/1880/1947
f 908/1886/1948 907/1881/1948 922/1883/1948
f 923/1891/1949 909/1885/1949 922/1883/1949
f 920/1896/1950 915/1892/1950 919/1889/1950
f 924/1898/1951 916/1893/1951 923/1895/1951
f 906/2072/1952 915/1892/1952 921/1897/1953
f 917/2073/1954 925/1900/1954 934/1902/1954
f 927/1909/1955 919/1903/1955 926/1904/1955
f 918/2074/1956 917/2073/1956 934/1902/1956
f 931/1911/1957 923/1905/1957 930/1907/1957
f 928/1920/1958 920/1908/1958 927/1909/1958
f 932/1915/1959 924/1910/1959 931/1911/1959
f 921/1917/1960 920/1912/1960 929/1914/1960
f 925/2075/1961 924/1910/1961 933/1916/1961
f 922/2076/1962 921/1917/1962 930/1918/1962
f 940/1922/1963 931/1911/1963 939/1919/1963
f 937/1921/918 927/1909/918 936/1929/918
f 941/2077/1491 932/1915/1491 940/1922/1491
f 929/1914/920 928/1913/920 938/1924/920
f 933/1916/1493 932/1915/1493 941/2077/1493
f 930/1918/1964 929/1914/1965 938/1924/1966
f 936/1929/923 926/1904/923 935/1928/923
f 934/1902/1967 933/1901/1968 942/1926/1967
f 941/2077/925 940/1922/925 949/1935/925
f 938/1924/926 937/1923/926 945/1932/926
f 942/1926/1969 941/1925/1969 950/1937/1969
f 936/1929/928 935/1928/928 943/1939/928
f 935/1930/929 942/1926/929 943/1941/929
f 940/1922/930 939/1919/930 948/1934/930
f 937/1921/931 936/1929/931 944/1940/931
f 960/1947/1970 950/1937/1970 959/1944/1970
f 956/2078/1971 947/1938/1972 955/1933/1973
f 957/2079/1974 947/1938/1974 956/2078/1974
f 944/1940/1975 943/1939/1976 952/1946/1977
f 951/2080/1978 943/1941/1978 960/1947/1978
f 948/1934/1979 947/1942/1979 957/1949/1979
f 945/1943/938 944/1940/938 953/1948/938
f 949/1935/1717 948/1934/1717 958/1950/1717
f 955/1933/1980 945/1932/1980 954/2081/1980
f 952/1971/1981 951/1956/1981 961/1958/1981
f 964/1960/1982 957/1953/1982 963/1955/1983
f 962/1963/1984 953/1962/1984 961/1958/1984
f 955/2082/1985 954/1961/1985 962/1963/1985
f 960/1967/1986 959/1964/1987 964/1966/1988
f 956/1954/1989 955/1969/1990 963/1955/1991
f 951/1956/1992 960/2083/1992 965/1957/1992
f 970/1981/1993 962/1975/1994 969/1977/1995
f 974/2084/1996 965/1979/1996 973/1974/1996
f 966/1983/1517 965/1979/1517 974/2084/1517
f 964/1978/1997 963/1980/1998 972/1972/1999
f 962/1975/1520 961/1982/1520 968/1976/1520
f 969/1977/2000 968/1976/2000 975/2085/2000
f 985/2015/2001 974/1986/2001 984/1988/2001
f 967/1989/2002 966/2086/2002 977/1990/2002
f 986/1997/2003 974/1986/2003 985/2015/2003
f 982/2019/2004 971/1992/2004 981/1994/2004
f 968/2001/2005 967/1989/2005 979/1995/2005
f 977/2087/2006 966/1996/2006 986/1997/2006
f 972/2003/2007 971/1998/2007 983/2000/2007
f 975/2088/2008 968/2001/2008 980/2002/2008
f 973/2089/2009 976/2004/2009 984/2090/2009
f 981/1994/2010 970/1993/2010 969/2005/2010
f 995/2013/2011 979/1995/2011 994/2023/2011
f 992/2022/2012 977/2087/2012 986/1997/2012
f 983/2000/2013 982/1999/2013 989/2008/2013
f 976/2004/2014 983/2000/2014 990/2009/2014
f 984/2090/2015 976/2004/2016 991/2010/2015
f 988/2012/1540 969/2005/1540 987/2011/1540
f 998/2028/1760 984/2090/1760 991/2010/1760
f 981/1994/2017 988/2012/2017 996/2020/2017
f 985/2015/1546 984/1988/1546 998/2016/1546
f 993/2018/2018 977/1990/2018 992/2091/2018
f 982/2019/2019 981/1994/2019 996/2020/2019
f 986/1997/1548 985/2015/1548 999/2017/1548
f 994/2023/2020 978/1991/2020 993/2018/2020
f 987/2011/2021 995/2014/2021 1000/2026/2021
f 1003/2029/2022 991/2010/2023 1002/2025/2024
f 988/2012/2025 987/2011/2025 1001/2027/2025
f 996/2020/2026 988/2012/2026 1001/2027/2026
f 1002/2025/2027 989/2008/2027 997/2024/2027
f 1000/2092/2028 995/2013/2028 994/2023/2028
f 999/2034/2029 1003/2045/2029 1009/2035/2029
f 996/2038/2030 1001/2047/2030 1007/2039/2030
f 1005/2041/2031 993/2031/2031 1004/2033/2031
f 1008/2043/2032 997/2037/2032 1007/2039/2032
f 992/2032/2033 999/2034/2033 1010/2036/2033
f 1006/2046/2034 1000/2044/2034 1005/2041/2034
f 1009/2035/2035 1002/2042/2035 1008/2043/2035
f 1004/2033/2036 1010/2036/2036 1012/2049/2036
f 1012/2049/2037 1009/2035/2038 1011/2048/2039
f 1007/2039/2040 1006/2046/2040 1011/2048/2040
f 1010/2036/2041 1009/2035/2042 1012/2049/2043
f 1008/2043/2044 1007/2039/2044 1011/2048/2044
f 1011/2048/2045 1005/2041/2045 1012/2049/2045
f 1014/2093/2046 1016/2094/2046 1015/2095/2046
f 1016/2094/2047 1017/2096/2047 1015/2095/2047
f 1017/2096/2048 1019/2097/2048 1018/2098/2048
f 1019/2099/2049 1021/2100/2049 1020/2101/2049
f 1021/2100/2050 1023/2102/2051 1022/2103/2051
f 1023/2102/2052 1025/2104/2052 1024/2105/2052
f 1025/2104/2053 1027/2106/2053 1026/2107/2053
f 1027/2106/2054 1029/2108/2054 1028/2109/2054
f 1029/2108/2055 1031/2110/2055 1030/2111/2055
f 1031/2112/2056 1033/2113/2056 1032/2114/2056
f 1033/2113/2057 1035/2115/2057 1034/2116/2057
f 1035/2115/2058 1014/2117/2058 1013/2118/2058
f 1026/2119/333 1030/2120/333 1034/2121/333
f 1021/2122/2059 1042/2123/2060 1043/2124/2060
f 1035/2125/2061 1033/2126/2061 1053/2127/2061
f 1016/2128/2062 1014/2129/2062 1037/2130/2062
f 1019/2131/2063 1040/2132/2063 1041/2133/2063
f 1025/2134/2064 1046/2135/2064 1047/2136/2064
f 1029/2137/2065 1048/2138/2066 1049/2139/2067
f 1033/2126/2068 1051/2140/2068 1052/2141/2068
f 1016/2128/2069 1038/2142/2069 1039/2143/2069
f 1023/2144/2070 1044/2145/2070 1045/2146/2070
f 1014/2129/2071 1036/2147/2071 1037/2130/2071
f 1014/2129/2072 1035/2125/2072 1036/2147/2072
f 1027/2148/2073 1047/2136/2073 1048/2138/2073
f 1042/2149/2074 1041/2150/2074 1043/2151/2074
f 1046/2152/2075 1045/2153/2075 1055/2154/2075
f 1052/2155/2076 1051/2156/2076 1065/2157/2077
f 1045/2153/2078 1044/2158/2078 1061/2159/2078
f 1036/2160/2079 1056/2161/2079 1037/2162/2079
f 1053/2163/2080 1052/2155/2080 1066/2164/2080
f 1053/2163/2081 1066/2164/2081 1067/2165/2081
f 1045/2166/2082 1061/2167/2083 1055/2168/2084
f 1038/2169/2085 1057/2170/2085 1039/2171/2085
f 1054/2172/2086 1067/2165/2086 1056/2173/2086
f 1048/2174/2087 1047/2175/2087 1062/2176/2087
f 1048/2174/2088 1062/2176/2088 1063/2177/2088
f 1050/2178/2089 1049/2179/2089 1063/2177/2090
f 1043/2151/2091 1041/2150/2091 1059/2180/2091
f 1067/2165/2092 1066/2164/2092 1081/2181/2092
f 1061/2159/2093 1074/2182/2093 1075/2183/2093
f 1057/2170/2094 1068/2184/2094 1069/2185/2094
f 1067/2165/2095 1081/2181/2095 1082/2186/2095
f 1056/2173/2096 1067/2165/2096 1082/2186/2096
f 1062/2176/2097 1076/2187/2097 1077/2188/2097
f 1039/2171/2098 1070/2189/2098 1058/2190/2098
f 1062/2176/2099 1077/2188/2100 1078/2191/2099
f 1063/2177/2101 1062/2176/2101 1078/2191/2101
f 1059/2180/2102 1058/2192/2102 1071/2193/2102
f 1063/2177/2103 1079/2194/2104 1064/2195/2105
f 1064/2196/2106 1080/2197/2106 1065/2157/2106
f 1061/2159/2107 1073/2198/2107 1074/2182/2107
f 1058/2190/2108 1070/2189/2108 1071/2199/2108
f 1064/2195/2109 1079/2194/2109 1080/2200/2109
f 1072/2201/2110 1091/2202/2110 1085/2203/2110
f 1059/2180/2111 1072/2201/2111 1085/2203/2111
f 1060/2204/2112 1059/2180/2112 1085/2203/2112
f 1060/2204/2113 1085/2203/2113 1073/2198/2113
f 1066/2164/2114 1086/2205/2114 1081/2181/2114
f 1076/2187/2115 1075/2206/2115 1077/2188/2115
f 1069/2185/2116 1083/2207/2116 1070/2189/2116
f 1056/2173/2117 1082/2186/2117 1068/2208/2117
f 1086/2205/2118 1080/2197/2118 1099/2209/2118
f 1085/2203/2119 1092/2210/2119 1093/2211/2119
f 1086/2205/2120 1099/2209/2120 1100/2212/2120
f 1068/2213/2121 1087/2214/2121 1088/2215/2121
f 1074/2182/2122 1073/2198/2122 1093/2211/2122
f 1068/2184/2123 1088/2216/2123 1083/2207/2123
f 1075/2217/2124 1074/2218/2125 1094/2219/2124
f 1075/2217/2126 1094/2219/2126 1095/2220/2126
f 1083/2207/2127 1088/2216/2127 1089/2221/2127
f 1077/2188/2128 1075/2206/2128 1095/2222/2128
f 1083/2207/2129 1089/2221/2129 1070/2189/2129
f 1084/2223/2130 1089/2221/2130 1090/2224/2130
f 1072/2201/2131 1071/2193/2131 1090/2225/2131
f 1080/2200/2132 1079/2194/2132 1098/2226/2132
f 1099/2209/2133 1112/2227/2133 1113/2228/2133
f 1088/2216/2134 1087/2229/2134 1102/2230/2134
f 1093/2211/2135 1107/2231/2135 1108/2232/2135
f 1088/2216/2136 1102/2230/2137 1103/2233/2137
f 1094/2234/2138 1108/2235/2138 1109/2236/2138
f 1089/2221/2139 1103/2233/2139 1104/2237/2139
f 1089/2221/2140 1104/2237/2140 1105/2238/2140
f 1097/2239/2141 1096/2240/2141 1110/2241/2141
f 1090/2225/2142 1105/2242/2142 1106/2243/2142
f 1097/2239/2143 1110/2241/2143 1111/2244/2143
f 1091/2202/2144 1106/2243/2144 1107/2231/2144
f 1098/2226/2145 1111/2244/2145 1112/2245/2145
f 1102/2246/2146 1125/2247/2146 1114/2248/2146
f 1110/2241/2147 1109/2236/2147 1120/2249/2147
f 1104/2237/2148 1116/2250/2148 1105/2238/2148
f 1110/2241/2149 1120/2249/2149 1121/2251/2149
f 1111/2244/2150 1110/2241/2150 1121/2251/2150
f 1106/2243/2151 1126/2252/2151 1117/2253/2151
f 1112/2245/2152 1111/2244/2152 1122/2254/2152
f 1112/2227/2153 1123/2255/2153 1124/2256/2153
f 1108/2232/2154 1107/2231/2154 1118/2257/2154
f 1108/2232/2155 1118/2257/2155 1119/2258/2155
f 1113/2228/2156 1124/2256/2156 1125/2247/2156
f 1109/2236/2157 1108/2235/2157 1119/2259/2157
f 1103/2233/2158 1115/2260/2158 1116/2250/2158
f 1102/2246/2159 1113/2228/2160 1125/2247/2161
f 1104/2237/2162 1103/2233/2163 1116/2250/2164
f 1117/2253/2165 1128/2261/2165 1129/2262/2165
f 1118/2257/2166 1129/2262/2166 1130/2263/2166
f 1124/2256/2167 1133/2264/2167 1134/2265/2167
f 1119/2258/2168 1118/2257/2168 1130/2263/2168
f 1119/2259/2169 1130/2266/2169 1131/2267/2169
f 1114/2248/2170 1125/2247/2170 1134/2265/2170
f 1120/2249/2171 1131/2267/2171 1132/2268/2171
f 1105/2238/2172 1127/2269/2172 1126/2270/2172
f 1120/2249/2173 1132/2268/2173 1121/2251/2173
f 1116/2250/2174 1135/2271/2174 1127/2269/2174
f 1122/2254/2175 1121/2251/2176 1136/2272/2177
f 1133/2264/2178 1123/2255/2178 1136/2273/2178
f 1131/2267/2179 1130/2266/2179 1141/2274/2179
f 1132/2268/2180 1131/2267/2180 1142/2275/2180
f 1132/2268/2181 1142/2275/2181 1143/2276/2182
f 1136/2272/2183 1121/2251/2183 1143/2276/2183
f 1129/2262/2184 1128/2261/2184 1140/2277/2184
f 1130/2263/2185 1129/2262/2185 1140/2277/2185
f 1134/2265/2186 1133/2264/2186 1145/2278/2186
f 1115/2260/2187 1138/2279/2187 1135/2271/2187
f 1135/2271/2188 1138/2279/2188 1146/2280/2188
f 1134/2265/2189 1145/2278/2189 1137/2281/2189
f 1139/2282/2190 1147/2283/2190 1152/2284/2190
f 1144/2285/2191 1157/2286/2191 1158/2287/2191
f 1140/2277/2192 1139/2282/2192 1152/2284/2192
f 1138/2279/2193 1148/2288/2193 1149/2289/2193
f 1141/2290/2194 1153/2291/2194 1154/2292/2194
f 1146/2280/2195 1149/2289/2195 1150/2293/2195
f 1137/2281/2196 1159/2294/2196 1148/2295/2196
f 1142/2275/2197 1154/2296/2197 1155/2297/2197
f 1135/2271/2198 1150/2293/2198 1151/2298/2198
f 1143/2276/2199 1142/2275/2199 1156/2299/2199
f 1143/2276/2200 1156/2299/2200 1157/2286/2200
f 1147/2283/2201 1151/2300/2201 1160/2301/2201
f 1152/2284/2202 1147/2283/2203 1160/2301/2203
f 1156/2299/2204 1155/2297/2204 1168/2302/2204
f 1160/2301/2205 1151/2300/2205 1164/2303/2205
f 1156/2299/2206 1169/2304/2206 1170/2305/2206
f 1160/2301/2207 1164/2303/2207 1165/2306/2207
f 1157/2307/2208 1170/2308/2208 1171/2309/2208
f 1158/2310/2209 1171/2311/2209 1172/2312/2209
f 1153/2291/2210 1152/2284/2210 1166/2313/2210
f 1148/2288/2211 1161/2314/2211 1162/2315/2211
f 1154/2316/2212 1153/2317/2212 1166/2318/2212
f 1159/2294/2213 1172/2312/2213 1173/2319/2213
f 1155/2297/2214 1154/2296/2214 1167/2320/2214
f 1148/2295/2215 1173/2319/2215 1161/2321/2215
f 1172/2312/2216 1187/2322/2216 1188/2323/2216
f 1189/2324/2217 1188/2325/2217 1202/2326/2217
f 1166/2313/2218 1180/2327/2218 1181/2328/2218
f 1167/2329/2219 1166/2313/2219 1181/2328/2219
f 1162/2315/2220 1174/2330/2220 1175/2331/2220
f 1162/2315/2221 1175/2331/2221 1176/2332/2221
f 1173/2319/2222 1188/2323/2222 1189/2333/2222
f 1161/2321/2223 1173/2319/2223 1189/2333/2223
f 1168/2302/2224 1182/2334/2224 1183/2335/2224
f 1168/2302/2225 1183/2335/2225 1184/2336/2225
f 1163/2337/2226 1176/2332/2226 1177/2338/2226
f 1164/2339/2227 1163/2337/2227 1177/2338/2227
f 1169/2304/2228 1184/2336/2228 1185/2340/2228
f 1165/2306/2229 1178/2341/2229 1179/2342/2229
f 1165/2306/2230 1179/2342/2230 1180/2327/2230
f 1171/2311/2231 1186/2343/2231 1187/2322/2231
f 1176/2344/2232 1192/2345/2232 1193/2346/2232
f 1174/2347/2233 1189/2324/2233 1203/2348/2233
f 1184/2349/2234 1183/2350/2234 1198/2351/2234
f 1184/2352/2235 1205/2353/2235 1199/2354/2235
f 1177/2355/2236 1193/2356/2236 1194/2357/2236
f 1178/2358/2237 1194/2359/2237 1195/2360/2237
f 1186/2361/2238 1185/2362/2238 1199/2354/2238
f 1186/2363/2239 1200/2364/2239 1201/2365/2239
f 1180/2366/2240 1179/2367/2240 1195/2368/2240
f 1180/2369/2241 1204/2370/2241 1196/2371/2241
f 1187/2372/2242 1186/2363/2242 1201/2365/2242
f 1187/2373/2243 1201/2374/2243 1202/2375/2243
f 1181/2376/2244 1196/2377/2244 1197/2378/2244
f 1182/2379/2245 1197/2380/2245 1198/2381/2245
f 1175/2382/2246 1191/2383/2246 1192/2384/2246
f 1205/2385/2247 1193/2386/2247 1203/2387/2247
f 1194/2388/2248 1193/2389/2248 1204/2390/2248
f 1202/2391/2249 1201/2392/2249 1206/2393/2249
f 1191/2394/2250 1203/2395/2250 1192/2396/2250
f 1197/2397/2251 1196/2398/2251 1205/2399/2251
f 1013/2400/2252 1014/2093/2252 1015/2095/2252
f 1015/2095/2253 1017/2096/2253 1018/2098/2253
f 1018/2401/2254 1019/2099/2254 1020/2101/2254
f 1020/2101/2255 1021/2100/2255 1022/2103/2255
f 1022/2103/2256 1023/2102/2256 1024/2105/2256
f 1024/2105/2257 1025/2104/2257 1026/2107/2257
f 1026/2107/2258 1027/2106/2258 1028/2109/2258
f 1028/2109/2259 1029/2108/2259 1030/2111/2259
f 1030/2402/2260 1031/2112/2260 1032/2114/2260
f 1032/2114/2261 1033/2113/2262 1034/2116/2262
f 1034/2116/2263 1035/2115/2263 1013/2118/2263
f 1024/2403/333 1026/2119/333 1022/2404/333
f 1034/2121/333 1013/2405/333 1015/2406/333
f 1020/2407/333 1022/2404/333 1018/2408/333
f 1026/2119/333 1028/2409/333 1030/2120/333
f 1034/2121/333 1015/2406/333 1018/2408/333
f 1022/2404/333 1026/2119/333 1034/2121/333
f 1030/2120/333 1032/2410/333 1034/2121/333
f 1034/2121/333 1018/2408/333 1022/2404/333
f 1019/2131/2264 1017/2411/2264 1040/2132/2264
f 1025/2134/2265 1023/2144/2265 1046/2135/2265
f 1051/2140/2266 1031/2412/2266 1050/2413/2266
f 1038/2142/2267 1016/2128/2267 1037/2130/2267
f 1044/2145/2268 1021/2122/2268 1043/2124/2268
f 1029/2137/2269 1027/2148/2269 1048/2138/2269
f 1054/2414/2270 1035/2125/2270 1053/2127/2270
f 1033/2126/2271 1031/2412/2271 1051/2140/2271
f 1023/2144/2272 1021/2122/2272 1044/2145/2272
f 1036/2147/2273 1035/2125/2273 1054/2414/2273
f 1042/2123/2274 1019/2131/2274 1041/2133/2274
f 1027/2148/2275 1025/2134/2275 1047/2136/2275
f 1017/2411/2276 1016/2128/2276 1039/2143/2276
f 1050/2413/2277 1029/2137/2277 1049/2139/2277
f 1021/2122/2278 1019/2131/2278 1042/2123/2278
f 1053/2127/2279 1033/2126/2279 1052/2141/2279
f 1040/2132/2280 1017/2411/2280 1039/2143/2280
f 1046/2135/2281 1023/2144/2281 1045/2146/2281
f 1031/2412/2282 1029/2137/2282 1050/2413/2282
f 1047/2175/2283 1046/2415/2283 1055/2416/2283
f 1065/2157/2284 1051/2156/2284 1064/2196/2284
f 1057/2170/2285 1037/2162/2286 1068/2184/2287
f 1061/2159/2288 1044/2158/2288 1060/2204/2288
f 1066/2164/2289 1052/2155/2289 1065/2157/2289
f 1038/2169/2290 1037/2162/2290 1057/2170/2290
f 1054/2172/2291 1053/2163/2291 1067/2165/2291
f 1062/2176/2292 1047/2175/2292 1055/2416/2292
f 1036/2417/2293 1054/2172/2293 1056/2173/2294
f 1040/2418/2295 1039/2171/2295 1058/2190/2295
f 1049/2179/2296 1048/2174/2296 1063/2177/2296
f 1041/2419/2297 1040/2418/2297 1058/2190/2297
f 1059/2180/2298 1041/2150/2298 1058/2192/2298
f 1064/2195/2299 1050/2178/2299 1063/2177/2299
f 1060/2204/2300 1043/2151/2300 1059/2180/2300
f 1051/2420/2301 1050/2421/2301 1064/2422/2301
f 1044/2158/2302 1043/2151/2302 1060/2204/2302
f 1055/2423/2303 1061/2159/2303 1075/2183/2303
f 1076/2187/2304 1055/2416/2304 1075/2206/2304
f 1039/2171/2305 1057/2170/2305 1069/2185/2305
f 1062/2176/2306 1055/2416/2306 1076/2187/2306
f 1070/2189/2307 1039/2171/2307 1069/2185/2307
f 1079/2194/2308 1063/2177/2308 1078/2191/2308
f 1072/2201/2309 1059/2180/2309 1071/2193/2309
f 1073/2198/2310 1061/2159/2310 1060/2204/2310
f 1068/2184/2311 1037/2162/2311 1056/2161/2311
f 1086/2205/2312 1065/2157/2312 1080/2197/2312
f 1066/2164/2313 1065/2157/2313 1086/2205/2313
f 1069/2185/2314 1068/2184/2314 1083/2207/2314
f 1071/2199/2315 1070/2189/2315 1084/2223/2315
f 1099/2424/2316 1080/2425/2316 1098/2426/2316
f 1073/2198/2317 1085/2203/2317 1093/2211/2317
f 1081/2181/2318 1086/2205/2318 1100/2212/2318
f 1094/2427/2319 1074/2182/2319 1093/2211/2319
f 1101/2428/2320 1082/2186/2320 1081/2181/2320
f 1087/2429/2321 1082/2186/2321 1101/2428/2321
f 1068/2208/2322 1082/2186/2322 1087/2429/2322
f 1089/2221/2323 1084/2223/2323 1070/2189/2323
f 1096/2240/2324 1078/2191/2324 1077/2188/2324
f 1071/2430/2325 1084/2431/2325 1090/2432/2325
f 1097/2239/2326 1079/2194/2326 1078/2191/2326
f 1091/2202/2327 1072/2201/2327 1090/2225/2327
f 1098/2226/2328 1079/2194/2328 1097/2239/2328
f 1077/2188/2329 1095/2222/2329 1096/2240/2329
f 1078/2191/2330 1096/2240/2330 1097/2239/2330
f 1085/2203/2331 1091/2202/2331 1092/2210/2331
f 1081/2181/2332 1100/2212/2332 1101/2428/2332
f 1093/2211/2333 1092/2210/2333 1107/2231/2333
f 1100/2212/2334 1099/2209/2334 1113/2228/2334
f 1094/2427/2335 1093/2211/2335 1108/2232/2335
f 1101/2428/2336 1100/2212/2336 1113/2228/2336
f 1102/2246/2337 1101/2428/2337 1113/2228/2337
f 1095/2222/2338 1094/2234/2338 1109/2236/2338
f 1089/2221/2339 1088/2216/2339 1103/2233/2339
f 1087/2429/2340 1101/2428/2340 1102/2246/2340
f 1096/2240/2341 1095/2222/2341 1109/2236/2341
f 1110/2241/2342 1096/2240/2342 1109/2236/2342
f 1090/2224/2343 1089/2221/2343 1105/2238/2343
f 1091/2202/2344 1090/2225/2344 1106/2243/2344
f 1098/2226/2345 1097/2239/2345 1111/2244/2345
f 1092/2210/2346 1091/2202/2346 1107/2231/2346
f 1099/2433/2347 1098/2226/2347 1112/2245/2347
f 1120/2249/2348 1109/2236/2349 1119/2259/2350
f 1126/2252/2351 1106/2243/2351 1105/2242/2351
f 1122/2254/2352 1111/2244/2352 1121/2251/2352
f 1107/2231/2353 1106/2243/2353 1117/2253/2353
f 1123/2434/2354 1112/2245/2354 1122/2254/2354
f 1118/2257/2355 1107/2231/2355 1117/2253/2355
f 1113/2228/2356 1112/2227/2357 1124/2256/2356
f 1103/2233/2358 1102/2230/2358 1114/2435/2358
f 1115/2260/2359 1103/2233/2359 1114/2435/2359
f 1118/2257/2360 1117/2253/2360 1129/2262/2360
f 1124/2256/2361 1123/2255/2361 1133/2264/2361
f 1125/2247/2362 1124/2256/2362 1134/2265/2362
f 1120/2249/2363 1119/2259/2363 1131/2267/2363
f 1105/2238/2364 1116/2250/2364 1127/2269/2364
f 1117/2253/2365 1126/2252/2365 1128/2261/2365
f 1116/2250/2366 1115/2260/2366 1135/2271/2366
f 1123/2434/2367 1122/2254/2367 1136/2272/2367
f 1147/2436/2368 1127/2269/2368 1135/2271/2368
f 1142/2275/2369 1131/2267/2370 1141/2274/2369
f 1114/2248/2371 1134/2265/2371 1137/2281/2371
f 1121/2251/2372 1132/2268/2372 1143/2276/2372
f 1139/2282/2373 1126/2252/2373 1127/2437/2373
f 1128/2261/2374 1126/2252/2374 1139/2282/2374
f 1144/2285/2375 1136/2272/2375 1143/2276/2375
f 1133/2264/2376 1136/2273/2376 1145/2278/2376
f 1138/2438/2377 1114/2439/2377 1137/2440/2377
f 1141/2290/2378 1130/2263/2378 1140/2277/2378
f 1115/2260/2379 1114/2435/2379 1138/2279/2379
f 1139/2282/2380 1127/2437/2381 1147/2283/2382
f 1140/2277/2383 1128/2261/2384 1139/2282/2385
f 1145/2278/2386 1136/2273/2386 1144/2441/2386
f 1144/2285/2387 1143/2276/2387 1157/2286/2387
f 1145/2278/2388 1144/2441/2388 1158/2310/2388
f 1153/2291/2389 1140/2277/2389 1152/2284/2389
f 1141/2290/2390 1140/2277/2390 1153/2291/2390
f 1146/2280/2391 1138/2279/2391 1149/2289/2391
f 1159/2294/2392 1145/2278/2392 1158/2310/2392
f 1137/2281/2393 1145/2278/2393 1159/2294/2393
f 1142/2275/2394 1141/2274/2394 1154/2296/2394
f 1135/2271/2395 1146/2280/2395 1150/2293/2395
f 1138/2442/2396 1137/2281/2396 1148/2295/2396
f 1156/2299/2397 1142/2275/2397 1155/2297/2397
f 1147/2436/2398 1135/2271/2398 1151/2298/2398
f 1151/2298/2399 1150/2293/2399 1163/2337/2399
f 1169/2304/2400 1156/2299/2400 1168/2302/2400
f 1164/2339/2401 1151/2298/2401 1163/2337/2401
f 1157/2286/2402 1156/2299/2402 1170/2305/2402
f 1152/2284/2403 1160/2301/2403 1165/2306/2403
f 1158/2310/2404 1157/2443/2404 1171/2311/2404
f 1166/2313/2405 1152/2284/2405 1165/2306/2405
f 1149/2289/2406 1148/2288/2406 1162/2315/2406
f 1159/2294/2407 1158/2310/2407 1172/2312/2407
f 1167/2444/2408 1154/2316/2408 1166/2318/2408
f 1150/2293/2409 1149/2289/2409 1162/2315/2409
f 1148/2295/2410 1159/2294/2410 1173/2319/2410
f 1168/2302/2411 1155/2297/2411 1167/2320/2411
f 1163/2337/2412 1150/2293/2412 1162/2315/2412
f 1203/2348/2413 1189/2324/2413 1202/2326/2413
f 1162/2315/2414 1161/2314/2414 1174/2330/2414
f 1182/2445/2415 1167/2329/2415 1181/2328/2415
f 1173/2319/2416 1172/2312/2416 1188/2323/2416
f 1168/2302/2417 1167/2320/2417 1182/2334/2417
f 1163/2337/2418 1162/2315/2418 1176/2332/2418
f 1174/2446/2419 1161/2321/2419 1189/2333/2419
f 1169/2304/2420 1168/2302/2420 1184/2336/2420
f 1178/2447/2421 1164/2339/2421 1177/2338/2421
f 1170/2305/2422 1169/2304/2422 1185/2340/2422
f 1165/2306/2423 1164/2303/2423 1178/2341/2423
f 1186/2448/2424 1170/2305/2424 1185/2340/2424
f 1171/2449/2425 1170/2305/2425 1186/2448/2425
f 1166/2313/2426 1165/2306/2426 1180/2327/2426
f 1172/2312/2427 1171/2311/2427 1187/2322/2427
f 1190/2450/2428 1174/2451/2428 1203/2452/2428
f 1183/2453/2429 1182/2379/2429 1198/2381/2429
f 1205/2454/2430 1184/2349/2430 1198/2351/2430
f 1177/2455/2431 1176/2344/2431 1193/2346/2431
f 1178/2358/2432 1177/2456/2432 1194/2359/2432
f 1185/2362/2433 1184/2352/2433 1199/2354/2433
f 1200/2457/2434 1186/2458/2434 1199/2459/2434
f 1179/2460/2435 1178/2358/2435 1195/2360/2435
f 1204/2461/2436 1180/2366/2436 1195/2368/2436
f 1191/2462/2437 1174/2463/2437 1190/2464/2437
f 1188/2325/2438 1187/2465/2438 1202/2326/2438
f 1181/2466/2439 1180/2369/2439 1196/2371/2439
f 1182/2379/2440 1181/2467/2440 1197/2380/2440
f 1175/2468/2441 1174/2463/2441 1191/2462/2441
f 1176/2469/2442 1175/2382/2442 1192/2384/2442
f 1196/2470/2443 1204/2471/2443 1205/2385/2443
f 1193/2386/2444 1192/2472/2444 1203/2387/2444
f 1203/2387/2445 1202/2473/2445 1206/2474/2445
f 1206/2474/2446 1199/2475/2446 1203/2387/2446
f 1204/2471/2447 1193/2386/2447 1205/2385/2447
f 1203/2387/2448 1199/2475/2448 1205/2385/2448
f 1195/2476/2449 1194/2388/2450 1204/2390/2449
f 1206/2477/2451 1200/2478/2451 1199/2479/2451
f 1201/2392/2452 1200/2480/2452 1206/2393/2452
f 1191/2394/2453 1190/2481/2454 1203/2395/2455
f 1198/2482/2456 1197/2397/2456 1205/2399/2456
f 1208/2483/2457 1210/2484/2457 1209/2485/2457
f 1210/2484/2458 1211/2486/2458 1209/2485/2458
f 1211/2486/2459 1213/2487/2459 1212/2488/2459
f 1213/2487/2460 1214/2489/2460 1212/2488/2460
f 1214/2490/2461 1216/2491/2461 1215/2492/2461
f 1216/2491/2462 1218/2493/2462 1217/2494/2462
f 1218/2493/2463 1220/2495/2463 1219/2496/2463
f 1220/2497/2464 1221/2498/2464 1219/2499/2464
f 1221/2498/2465 1223/2500/2465 1222/2501/2465
f 1223/2500/2466 1225/2502/2466 1224/2503/2466
f 1225/2504/2467 1226/2505/2467 1224/2506/2467
f 1226/2505/2468 1228/2507/2468 1227/2508/2468
f 1228/2507/2469 1208/2509/2469 1207/2510/2469
f 1219/2511/333 1222/2512/333 1207/2513/333
f 1216/2514/2470 1235/2515/2470 1236/2516/2470
f 1228/2517/2471 1226/2518/2471 1245/2519/2471
f 1211/2520/2472 1210/2521/2472 1230/2522/2472
f 1214/2523/2473 1233/2524/2473 1234/2525/2473
f 1220/2526/2474 1239/2527/2474 1240/2528/2474
f 1223/2529/2475 1241/2530/2475 1242/2531/2475
f 1208/2532/2476 1228/2517/2476 1246/2533/2476
f 1226/2518/2477 1244/2534/2477 1245/2519/2477
f 1211/2520/2478 1231/2535/2478 1232/2536/2478
f 1218/2537/2479 1237/2538/2479 1238/2539/2479
f 1208/2532/2480 1229/2540/2480 1230/2522/2480
f 1221/2541/2481 1240/2528/2481 1241/2530/2481
f 1233/2542/2482 1232/2543/2482 1234/2544/2482
f 1245/2545/2483 1244/2546/2484 1260/2547/2485
f 1238/2548/2486 1237/2549/2486 1255/2550/2486
f 1229/2551/2487 1249/2552/2488 1230/2553/2489
f 1245/2545/2490 1260/2547/2490 1261/2554/2490
f 1239/2555/2491 1255/2556/2491 1256/2557/2491
f 1240/2558/2492 1239/2559/2492 1256/2560/2492
f 1231/2561/2493 1250/2562/2493 1251/2563/2493
f 1248/2564/2494 1261/2554/2495 1249/2565/2496
f 1247/2566/2497 1240/2558/2497 1256/2560/2497
f 1232/2543/2498 1231/2561/2498 1251/2563/2498
f 1232/2543/2499 1251/2563/2499 1252/2567/2499
f 1241/2568/2500 1247/2566/2500 1257/2569/2500
f 1241/2568/2501 1257/2569/2501 1258/2570/2501
f 1235/2571/2502 1234/2572/2502 1252/2573/2502
f 1243/2574/2503 1242/2575/2503 1258/2570/2504
f 1236/2576/2505 1235/2571/2505 1253/2577/2505
f 1261/2554/2506 1260/2547/2506 1276/2578/2506
f 1255/2550/2507 1267/2579/2507 1268/2580/2507
f 1250/2562/2508 1262/2581/2508 1251/2563/2508
f 1261/2554/2509 1276/2578/2509 1277/2582/2509
f 1249/2565/2510 1261/2554/2510 1277/2582/2510
f 1257/2569/2511 1269/2583/2511 1270/2584/2511
f 1251/2563/2512 1263/2585/2512 1252/2567/2512
f 1258/2570/2513 1257/2569/2513 1270/2584/2513
f 1253/2577/2514 1252/2573/2515 1264/2586/2516
f 1258/2570/2517 1272/2587/2517 1259/2588/2517
f 1260/2547/2518 1274/2589/2519 1275/2590/2520
f 1255/2550/2521 1266/2591/2521 1267/2579/2521
f 1252/2567/2522 1263/2585/2522 1264/2592/2522
f 1259/2588/2523 1272/2587/2523 1273/2593/2523
f 1265/2594/2524 1286/2595/2524 1280/2596/2524
f 1253/2577/2525 1265/2594/2525 1280/2596/2525
f 1254/2597/2112 1253/2577/2112 1280/2596/2112
f 1254/2597/2526 1280/2596/2526 1266/2591/2526
f 1269/2583/2527 1268/2598/2527 1281/2599/2527
f 1251/2563/2528 1278/2600/2528 1263/2585/2528
f 1249/2565/2529 1277/2582/2529 1262/2601/2529
f 1270/2584/2530 1281/2599/2530 1271/2602/2530
f 1274/2603/2531 1273/2604/2531 1292/2605/2531
f 1280/2596/2532 1286/2595/2533 1287/2606/2534
f 1274/2589/2535 1293/2607/2535 1294/2608/2535
f 1262/2609/2536 1282/2610/2536 1283/2611/2536
f 1267/2579/2537 1266/2591/2537 1287/2606/2537
f 1262/2581/2123 1283/2612/2123 1278/2600/2123
f 1275/2590/2538 1294/2608/2538 1276/2578/2538
f 1268/2613/2539 1267/2614/2539 1288/2615/2539
f 1268/2613/2126 1288/2615/2126 1289/2616/2126
f 1278/2600/2540 1283/2612/2541 1284/2617/2541
f 1281/2599/2542 1268/2598/2542 1289/2618/2542
f 1278/2600/2129 1284/2617/2129 1263/2585/2129
f 1279/2619/2543 1284/2617/2543 1285/2620/2543
f 1265/2594/2544 1264/2586/2544 1285/2621/2544
f 1265/2594/2545 1285/2621/2545 1286/2595/2545
f 1273/2593/2546 1272/2587/2546 1292/2622/2546
f 1293/2607/2547 1307/2623/2547 1308/2624/2547
f 1287/2606/2548 1302/2625/2548 1303/2626/2548
f 1283/2612/2549 1282/2627/2549 1296/2628/2549
f 1283/2612/2550 1296/2628/2550 1297/2629/2550
f 1284/2617/2551 1297/2629/2551 1298/2630/2551
f 1284/2617/2552 1298/2630/2552 1299/2631/2552
f 1291/2632/2553 1290/2633/2553 1305/2634/2553
f 1285/2621/2554 1299/2635/2555 1300/2636/2555
f 1291/2632/2143 1305/2634/2143 1306/2637/2143
f 1286/2595/2556 1300/2636/2557 1301/2638/2557
f 1292/2622/2558 1306/2637/2558 1307/2639/2558
f 1286/2595/2559 1301/2638/2559 1302/2625/2559
f 1296/2640/2560 1318/2641/2560 1310/2642/2560
f 1303/2626/2561 1302/2625/2561 1309/2643/2561
f 1305/2634/2562 1304/2644/2562 1315/2645/2562
f 1298/2630/2563 1312/2646/2563 1299/2631/2563
f 1305/2634/2564 1315/2645/2564 1316/2647/2564
f 1306/2637/2565 1305/2634/2565 1316/2647/2565
f 1307/2639/2566 1306/2637/2566 1316/2647/2566
f 1308/2624/2567 1317/2648/2567 1318/2641/2567
f 1297/2629/2568 1311/2649/2568 1312/2646/2568
f 1296/2640/2569 1308/2624/2569 1318/2641/2569
f 1298/2630/2570 1297/2629/2571 1312/2646/2572
f 1299/2635/2573 1319/2650/2573 1313/2651/2573
f 1301/2638/2574 1321/2652/2574 1322/2653/2574
f 1309/2643/2575 1322/2653/2575 1323/2654/2575
f 1318/2641/2576 1329/2655/2576 1326/2656/2576
f 1310/2642/2577 1318/2641/2577 1326/2656/2577
f 1315/2645/2578 1314/2657/2578 1324/2658/2578
f 1299/2631/2579 1320/2659/2579 1319/2660/2579
f 1315/2645/2580 1324/2658/2580 1325/2661/2580
f 1313/2651/2581 1319/2650/2581 1321/2652/2581
f 1312/2646/2582 1327/2662/2582 1320/2659/2583
f 1320/2659/2584 1328/2663/2584 1319/2660/2584
f 1314/2657/2585 1323/2664/2585 1334/2665/2585
f 1324/2658/2586 1314/2657/2586 1335/2666/2586
f 1324/2658/2587 1335/2666/2587 1336/2667/2587
f 1329/2655/2588 1325/2668/2588 1337/2669/2588
f 1323/2654/2589 1322/2653/2589 1333/2670/2589
f 1326/2656/2590 1329/2655/2590 1338/2671/2590
f 1311/2649/2591 1331/2672/2591 1327/2662/2591
f 1327/2662/2592 1331/2672/2593 1339/2673/2594
f 1326/2656/2595 1338/2671/2595 1330/2674/2596
f 1332/2675/2597 1344/2676/2597 1345/2677/2597
f 1337/2678/2598 1350/2679/2598 1351/2680/2598
f 1333/2670/2599 1332/2675/2599 1345/2677/2599
f 1331/2672/2193 1340/2681/2193 1341/2682/2193
f 1338/2671/2600 1351/2683/2600 1352/2684/2600
f 1334/2685/2601 1346/2686/2601 1347/2687/2601
f 1339/2673/2602 1341/2682/2602 1342/2688/2602
f 1330/2674/2603 1352/2684/2603 1340/2689/2603
f 1335/2666/2604 1347/2690/2604 1348/2691/2604
f 1327/2662/2605 1342/2688/2605 1343/2692/2605
f 1336/2667/2199 1335/2666/2199 1349/2693/2199
f 1328/2694/2606 1343/2692/2606 1344/2695/2606
f 1336/2667/2607 1349/2693/2607 1350/2679/2607
f 1349/2693/2608 1348/2691/2608 1361/2696/2608
f 1344/2695/2609 1343/2692/2609 1356/2697/2609
f 1349/2693/2610 1362/2698/2610 1363/2699/2610
f 1344/2676/2611 1357/2700/2611 1358/2701/2611
f 1350/2702/2612 1363/2703/2612 1364/2704/2612
f 1351/2683/2613 1364/2705/2613 1365/2706/2613
f 1346/2686/2614 1345/2677/2614 1359/2707/2614
f 1340/2681/2615 1353/2708/2615 1354/2709/2615
f 1347/2710/2616 1346/2711/2616 1359/2712/2616
f 1341/2682/2617 1354/2709/2617 1355/2713/2617
f 1352/2684/2618 1365/2706/2618 1353/2714/2618
f 1348/2691/2619 1347/2690/2619 1360/2715/2619
f 1365/2706/2216 1379/2716/2216 1380/2717/2216
f 1381/2718/2217 1380/2719/2217 1394/2720/2217
f 1359/2707/2218 1372/2721/2218 1373/2722/2218
f 1360/2723/2620 1359/2707/2620 1373/2722/2620
f 1354/2709/2621 1366/2724/2621 1367/2725/2621
f 1355/2713/2622 1367/2725/2622 1368/2726/2622
f 1353/2714/2623 1380/2717/2623 1381/2727/2623
f 1361/2696/2624 1374/2728/2624 1375/2729/2624
f 1361/2696/2625 1375/2729/2625 1376/2730/2625
f 1356/2697/2226 1368/2726/2226 1369/2731/2226
f 1357/2732/2227 1356/2697/2227 1369/2731/2227
f 1362/2698/2228 1376/2730/2228 1377/2733/2228
f 1358/2701/2229 1370/2734/2229 1371/2735/2229
f 1358/2701/2230 1371/2735/2230 1372/2721/2230
f 1364/2705/2231 1378/2736/2231 1379/2716/2231
f 1368/2737/2626 1384/2738/2626 1385/2739/2626
f 1366/2740/2233 1381/2718/2233 1395/2741/2233
f 1376/2742/2627 1375/2743/2627 1390/2744/2627
f 1376/2745/2235 1397/2746/2235 1391/2747/2235
f 1369/2748/2628 1385/2749/2628 1386/2750/2628
f 1370/2751/2629 1386/2752/2629 1387/2753/2629
f 1378/2754/2630 1377/2755/2630 1391/2747/2630
f 1378/2756/2631 1392/2757/2631 1393/2758/2631
f 1372/2759/2632 1371/2760/2632 1387/2761/2632
f 1372/2762/2241 1396/2763/2241 1388/2764/2241
f 1379/2765/2242 1378/2756/2242 1393/2758/2242
f 1379/2766/2633 1393/2767/2633 1394/2768/2633
f 1373/2769/2634 1388/2770/2634 1389/2771/2634
f 1374/2772/2245 1389/2773/2245 1390/2774/2245
f 1367/2775/2635 1383/2776/2635 1384/2777/2635
f 1397/2778/2636 1385/2779/2636 1395/2780/2636
f 1386/2781/2248 1385/2782/2248 1396/2783/2248
f 1394/2784/2637 1393/2785/2637 1398/2786/2637
f 1383/2787/2638 1395/2788/2638 1384/2789/2638
f 1389/2790/2639 1388/2791/2640 1397/2792/2639
f 1207/2793/2641 1208/2483/2641 1209/2485/2641
f 1209/2485/2642 1211/2486/2642 1212/2488/2642
f 1212/2488/2643 1214/2489/2643 1215/2794/2643
f 1215/2492/2644 1216/2491/2644 1217/2494/2644
f 1217/2494/2645 1218/2493/2645 1219/2496/2645
f 1219/2499/2646 1221/2498/2646 1222/2501/2646
f 1222/2501/2647 1223/2500/2647 1224/2503/2647
f 1224/2506/2648 1226/2505/2648 1227/2508/2648
f 1227/2508/2649 1228/2507/2649 1207/2510/2649
f 1215/2795/333 1217/2796/333 1212/2797/333
f 1222/2512/333 1224/2798/333 1227/2799/333
f 1207/2513/333 1209/2800/333 1212/2797/333
f 1217/2796/333 1219/2511/333 1207/2513/333
f 1222/2512/333 1227/2799/333 1207/2513/333
f 1207/2513/333 1212/2797/333 1217/2796/333
f 1246/2533/2650 1228/2517/2650 1245/2519/2650
f 1214/2523/2651 1213/2801/2651 1233/2524/2651
f 1220/2526/2652 1218/2537/2652 1239/2527/2652
f 1244/2534/2266 1225/2802/2266 1243/2803/2266
f 1231/2535/2267 1211/2520/2267 1230/2522/2267
f 1237/2538/2653 1216/2514/2653 1236/2516/2653
f 1223/2529/2654 1221/2541/2654 1241/2530/2654
f 1226/2518/2655 1225/2802/2655 1244/2534/2655
f 1218/2537/2656 1216/2514/2656 1237/2538/2656
f 1229/2540/2657 1208/2532/2657 1246/2533/2657
f 1235/2515/2658 1214/2523/2658 1234/2525/2658
f 1221/2541/2659 1220/2526/2659 1240/2528/2659
f 1213/2801/2660 1211/2520/2660 1232/2536/2660
f 1243/2803/2661 1223/2529/2661 1242/2531/2661
f 1210/2521/2662 1208/2532/2663 1230/2522/2664
f 1216/2514/2665 1214/2523/2665 1235/2515/2665
f 1233/2524/2666 1213/2801/2666 1232/2536/2666
f 1239/2527/2667 1218/2537/2667 1238/2539/2667
f 1225/2802/2668 1223/2529/2668 1243/2803/2668
f 1229/2804/2669 1246/2805/2669 1248/2564/2669
f 1241/2568/2670 1240/2558/2670 1247/2566/2670
f 1260/2547/2671 1244/2546/2672 1259/2806/2673
f 1250/2562/2674 1230/2553/2674 1262/2581/2674
f 1255/2550/2675 1237/2549/2675 1254/2597/2675
f 1239/2807/2676 1238/2548/2676 1255/2550/2676
f 1246/2805/2677 1245/2545/2677 1261/2554/2677
f 1231/2561/2678 1230/2553/2678 1250/2562/2678
f 1248/2564/2679 1246/2805/2679 1261/2554/2679
f 1257/2569/2680 1247/2566/2680 1256/2560/2680
f 1229/2804/2681 1248/2564/2681 1249/2565/2681
f 1234/2544/2682 1232/2543/2682 1252/2567/2682
f 1242/2575/2296 1241/2568/2296 1258/2570/2296
f 1253/2577/2683 1235/2571/2683 1252/2573/2683
f 1259/2588/2684 1243/2574/2684 1258/2570/2684
f 1254/2597/2685 1236/2576/2685 1253/2577/2685
f 1244/2808/2686 1243/2809/2686 1259/2810/2686
f 1237/2549/2687 1236/2576/2687 1254/2597/2687
f 1256/2811/2688 1255/2550/2688 1268/2580/2688
f 1269/2583/2689 1256/2560/2689 1268/2598/2689
f 1257/2569/2690 1256/2560/2691 1269/2583/2692
f 1271/2602/2693 1258/2570/2693 1270/2584/2693
f 1272/2587/2694 1258/2570/2694 1271/2602/2694
f 1265/2594/2695 1253/2577/2695 1264/2586/2695
f 1274/2812/2696 1259/2588/2696 1273/2593/2696
f 1260/2547/2697 1259/2806/2697 1274/2589/2697
f 1266/2591/2310 1255/2550/2310 1254/2597/2310
f 1262/2581/2698 1230/2553/2698 1249/2552/2698
f 1276/2578/2699 1260/2547/2699 1275/2590/2699
f 1251/2563/2700 1262/2581/2700 1278/2600/2700
f 1270/2584/2701 1269/2583/2701 1281/2599/2701
f 1264/2592/2702 1263/2585/2702 1279/2619/2702
f 1293/2813/2703 1274/2603/2703 1292/2605/2703
f 1266/2591/2704 1280/2596/2704 1287/2606/2704
f 1275/2590/2705 1274/2589/2705 1294/2608/2705
f 1288/2814/2706 1267/2579/2706 1287/2606/2706
f 1295/2815/2707 1277/2582/2707 1276/2578/2707
f 1282/2816/2708 1277/2582/2708 1295/2815/2708
f 1262/2601/2709 1277/2582/2709 1282/2816/2709
f 1284/2617/2323 1279/2619/2323 1263/2585/2323
f 1290/2633/2710 1271/2602/2710 1281/2599/2710
f 1264/2431/2711 1279/2817/2711 1285/2818/2711
f 1291/2632/2712 1272/2587/2712 1271/2602/2712
f 1292/2622/2328 1272/2587/2328 1291/2632/2328
f 1281/2599/2713 1289/2618/2713 1290/2633/2713
f 1271/2602/2714 1290/2633/2714 1291/2632/2714
f 1276/2578/2715 1294/2608/2715 1295/2815/2715
f 1287/2606/2716 1286/2595/2716 1302/2625/2716
f 1294/2608/2717 1293/2607/2717 1308/2624/2717
f 1288/2814/2718 1287/2606/2718 1303/2626/2718
f 1295/2815/2719 1294/2608/2719 1308/2624/2719
f 1296/2640/2337 1295/2815/2337 1308/2624/2337
f 1289/2618/2720 1288/2819/2721 1303/2820/2722
f 1284/2617/2723 1283/2612/2723 1297/2629/2723
f 1282/2816/2724 1295/2815/2724 1296/2640/2724
f 1304/2644/2725 1289/2618/2725 1303/2820/2725
f 1290/2633/2726 1289/2618/2726 1304/2644/2726
f 1305/2634/2727 1290/2633/2727 1304/2644/2727
f 1285/2620/2728 1284/2617/2728 1299/2631/2728
f 1292/2622/2729 1291/2632/2729 1306/2637/2729
f 1286/2595/2730 1285/2621/2731 1300/2636/2732
f 1293/2821/2347 1292/2622/2347 1307/2639/2347
f 1315/2645/2733 1304/2644/2733 1314/2657/2733
f 1313/2651/2734 1300/2636/2734 1299/2635/2734
f 1301/2638/2735 1300/2636/2735 1313/2651/2735
f 1317/2822/2736 1307/2639/2736 1316/2647/2736
f 1308/2624/2737 1307/2623/2737 1317/2648/2737
f 1309/2643/2738 1302/2625/2738 1301/2638/2738
f 1297/2629/2739 1296/2628/2739 1310/2823/2739
f 1311/2649/2740 1297/2629/2740 1310/2823/2740
f 1314/2657/2741 1303/2820/2741 1309/2824/2741
f 1304/2644/2742 1303/2820/2742 1314/2657/2742
f 1317/2822/2743 1316/2647/2744 1325/2661/2745
f 1301/2638/2746 1313/2651/2747 1321/2652/2746
f 1309/2643/2748 1301/2638/2748 1322/2653/2748
f 1318/2641/2749 1317/2648/2749 1329/2655/2749
f 1314/2657/2750 1309/2824/2750 1323/2664/2750
f 1299/2631/2751 1312/2646/2751 1320/2659/2751
f 1316/2647/2752 1315/2645/2752 1325/2661/2752
f 1312/2646/2753 1311/2649/2753 1327/2662/2753
f 1329/2655/2754 1317/2648/2754 1325/2668/2754
f 1335/2666/2755 1314/2657/2755 1334/2665/2755
f 1310/2642/2371 1326/2656/2371 1330/2674/2371
f 1328/2694/2756 1320/2659/2756 1327/2662/2756
f 1325/2661/2757 1324/2658/2757 1336/2667/2757
f 1332/2675/2758 1319/2650/2758 1328/2825/2758
f 1321/2652/2759 1319/2650/2759 1332/2675/2759
f 1337/2678/2760 1325/2661/2760 1336/2667/2760
f 1322/2653/2761 1321/2652/2761 1333/2670/2761
f 1331/2826/2377 1310/2827/2377 1330/2828/2377
f 1334/2685/2378 1323/2654/2378 1333/2670/2378
f 1311/2649/2762 1310/2823/2762 1331/2672/2762
f 1332/2675/2763 1328/2825/2763 1344/2676/2763
f 1333/2670/2764 1321/2652/2764 1332/2675/2764
f 1338/2671/2765 1329/2655/2765 1337/2669/2765
f 1337/2678/2766 1336/2667/2766 1350/2679/2766
f 1338/2671/2767 1337/2669/2767 1351/2683/2767
f 1346/2686/2768 1333/2670/2768 1345/2677/2768
f 1334/2685/2390 1333/2670/2390 1346/2686/2390
f 1339/2673/2769 1331/2672/2769 1341/2682/2769
f 1330/2674/2770 1338/2671/2770 1352/2684/2770
f 1335/2666/2771 1334/2665/2771 1347/2690/2771
f 1327/2662/2772 1339/2673/2772 1342/2688/2772
f 1331/2829/2773 1330/2674/2773 1340/2689/2773
f 1349/2693/2774 1335/2666/2774 1348/2691/2774
f 1328/2694/2775 1327/2662/2775 1343/2692/2775
f 1343/2692/2776 1342/2688/2776 1356/2697/2776
f 1362/2698/2400 1349/2693/2400 1361/2696/2400
f 1357/2732/2777 1344/2695/2777 1356/2697/2777
f 1350/2679/2778 1349/2693/2778 1363/2699/2778
f 1345/2677/2779 1344/2676/2779 1358/2701/2779
f 1351/2830/2780 1350/2702/2780 1364/2704/2780
f 1359/2707/2781 1345/2677/2781 1358/2701/2781
f 1341/2682/2782 1340/2681/2782 1354/2709/2782
f 1352/2684/2783 1351/2683/2783 1365/2706/2783
f 1360/2831/2784 1347/2710/2784 1359/2712/2784
f 1342/2688/2785 1341/2682/2785 1355/2713/2785
f 1340/2689/2786 1352/2684/2786 1353/2714/2786
f 1361/2696/2411 1348/2691/2411 1360/2715/2411
f 1356/2697/2787 1342/2688/2788 1355/2713/2789
f 1395/2741/2413 1381/2718/2413 1394/2720/2413
f 1374/2832/2790 1360/2723/2790 1373/2722/2790
f 1355/2713/2791 1354/2709/2791 1367/2725/2791
f 1353/2714/2792 1365/2706/2792 1380/2717/2792
f 1361/2696/2417 1360/2715/2417 1374/2728/2417
f 1356/2697/2793 1355/2713/2793 1368/2726/2793
f 1366/2833/2794 1353/2714/2794 1381/2727/2794
f 1362/2698/2420 1361/2696/2420 1376/2730/2420
f 1370/2834/2421 1357/2732/2421 1369/2731/2421
f 1363/2699/2422 1362/2698/2422 1377/2733/2422
f 1358/2701/2423 1357/2700/2423 1370/2734/2423
f 1378/2835/2424 1363/2699/2424 1377/2733/2424
f 1364/2836/2425 1363/2699/2425 1378/2835/2425
f 1359/2707/2426 1358/2701/2426 1372/2721/2426
f 1365/2706/2795 1364/2705/2795 1379/2716/2795
f 1354/2709/2796 1353/2708/2796 1366/2724/2796
f 1382/2837/2428 1366/2838/2428 1395/2839/2428
f 1375/2840/2797 1374/2772/2797 1390/2774/2797
f 1397/2841/2798 1376/2742/2798 1390/2744/2798
f 1369/2842/2799 1368/2737/2799 1385/2739/2799
f 1370/2751/2800 1369/2843/2800 1386/2752/2800
f 1377/2755/2433 1376/2745/2433 1391/2747/2433
f 1392/2844/2801 1378/2458/2801 1391/2845/2801
f 1371/2846/2802 1370/2751/2802 1387/2753/2802
f 1396/2847/2803 1372/2759/2803 1387/2761/2803
f 1383/2848/2437 1366/2849/2437 1382/2850/2437
f 1380/2719/2804 1379/2851/2804 1394/2720/2804
f 1373/2852/2439 1372/2762/2439 1388/2764/2439
f 1374/2772/2805 1373/2853/2805 1389/2773/2805
f 1367/2854/2441 1366/2849/2441 1383/2848/2441
f 1368/2855/2806 1367/2775/2806 1384/2777/2806
f 1388/2856/2807 1396/2857/2807 1397/2778/2807
f 1385/2779/2808 1384/2858/2808 1395/2780/2808
f 1395/2780/2445 1394/2859/2445 1398/2860/2445
f 1398/2860/2446 1391/2861/2446 1395/2780/2446
f 1396/2857/2809 1385/2779/2809 1397/2778/2809
f 1395/2780/2448 1391/2861/2448 1397/2778/2448
f 1387/2862/2810 1386/2781/2810 1396/2783/2810
f 1398/2863/2811 1392/2864/2811 1391/2865/2811
f 1393/2785/2812 1392/2866/2812 1398/2786/2812
f 1383/2787/2813 1382/2867/2813 1395/2788/2813
f 1390/2868/2456 1389/2790/2456 1397/2792/2814
f 1400/2869/2815 1401/2870/2815 1399/2871/2815
f 1404/2872/2816 1405/2873/2816 1403/2874/2816
f 1404/2872/2817 1406/2875/2817 1405/2873/2817
f 1406/2876/2818 1408/2877/2818 1407/2878/2818
f 1408/2877/2819 1409/2879/2819 1410/2880/2819
f 1409/2881/2820 1411/2882/2820 1410/2883/2820
f 1412/2884/2821 1413/2885/2821 1411/2886/2821
f 1412/2884/2822 1414/2887/2822 1413/2885/2822
f 1415/2888/2823 1417/2889/2823 1416/2890/2823
f 1435/2891/2824 1433/2892/2825 1467/2893/2825
f 1418/2894/2826 1399/2895/2826 1417/2896/2826
f 1408/2897/2827 1406/2898/2827 1400/2899/2827
f 1421/2900/2828 1420/2901/2828 1422/2902/2828
f 1422/2902/2829 1424/2903/2829 1423/2904/2829
f 1424/2905/2830 1426/2906/2830 1425/2907/2830
f 1427/2908/2831 1426/2909/2831 1428/2910/2831
f 1427/2911/2832 1428/2912/2832 1429/2913/2832
f 1430/2914/2833 1429/2915/2833 1431/2916/2833
f 1432/2917/2834 1431/2916/2834 1433/2892/2834
f 1433/2918/2835 1435/2919/2835 1434/2920/2835
f 1435/2921/2836 1436/2922/2836 1434/2923/2836
f 1436/2922/2837 1438/2924/2837 1437/2925/2837
f 1413/2885/2838 1450/2926/2838 1449/2927/2838
f 1419/2928/2839 1438/2929/2839 1420/2930/2839
f 1427/2931/2840 1434/2932/2840 1419/2933/2840
f 1422/2902/2841 1458/2934/2841 1459/2935/2841
f 1407/2878/2842 1446/2936/2842 1445/2937/2842
f 1435/2921/2843 1467/2938/2843 1468/2939/2843
f 1401/2870/2844 1403/2940/2844 1442/2941/2844
f 1414/2887/2845 1451/2942/2845 1450/2926/2845
f 1417/2889/2846 1399/2943/2846 1439/2944/2846
f 1410/2880/2847 1447/2945/2848 1446/2936/2848
f 1420/2946/2849 1455/2947/2849 1456/2948/2849
f 1435/2921/2850 1468/2939/2850 1469/2949/2850
f 1403/2940/2851 1405/2950/2851 1443/2951/2851
f 1426/2909/2852 1424/2952/2852 1460/2953/2852
f 1431/2916/2853 1429/2915/2854 1464/2954/2855
f 1414/2955/2856 1416/2890/2857 1452/2956/2856
f 1410/2880/2858 1448/2957/2858 1447/2945/2858
f 1436/2922/2859 1469/2949/2859 1470/2958/2859
f 1420/2901/2860 1456/2959/2860 1457/2960/2860
f 1405/2961/2861 1444/2962/2861 1443/2963/2861
f 1428/2910/2862 1426/2909/2862 1461/2964/2862
f 1411/2886/2863 1449/2927/2863 1448/2965/2863
f 1433/2892/2864 1431/2916/2864 1466/2966/2864
f 1416/2890/2865 1417/2889/2865 1453/2967/2865
f 1438/2924/2866 1470/2958/2866 1455/2947/2866
f 1399/2871/2867 1401/2870/2867 1440/2968/2867
f 1422/2902/2868 1457/2960/2868 1458/2934/2868
f 1407/2878/2869 1445/2937/2869 1444/2962/2869
f 1429/2969/2870 1428/2910/2870 1462/2970/2870
f 1468/2939/2871 1528/2971/2871 1529/2972/2871
f 1450/2926/2872 1451/2942/2872 1449/2927/2872
f 1532/2973/2873 1531/2973/2874 1595/2973/2875
f 1478/2973/2876 1479/2973/2874 1543/2973/2877
f 1439/2944/2878 1471/2974/2878 1502/2975/2878
f 1442/2941/2879 1477/2976/2879 1476/2977/2879
f 1469/2949/2880 1468/2939/2880 1529/2972/2880
f 1456/2948/2881 1455/2947/2881 1503/2978/2881
f 1443/2951/2882 1478/2979/2882 1477/2976/2882
f 1469/2949/2883 1530/2980/2883 1531/2981/2883
f 1456/2959/2884 1504/2982/2884 1505/2983/2884
f 1443/2951/2885 1479/2984/2885 1478/2979/2885
f 1469/2949/2886 1531/2981/2886 1532/2985/2886
f 1443/2963/2887 1444/2962/2887 1480/2986/2887
f 1469/2949/2888 1532/2985/2888 1533/2987/2888
f 1456/2959/2889 1506/2988/2889 1507/2989/2889
f 1444/2962/2890 1481/2990/2890 1480/2986/2890
f 1470/2958/2891 1533/2987/2891 1534/2991/2892
f 1457/2960/2893 1507/2989/2893 1508/2992/2893
f 1445/2937/2894 1482/2993/2894 1481/2990/2894
f 1455/2947/2895 1534/2991/2895 1503/2978/2895
f 1457/2960/2896 1508/2992/2896 1509/2994/2896
f 1445/2937/2897 1483/2995/2897 1482/2993/2897
f 1458/2934/2898 1509/2994/2898 1510/2996/2898
f 1445/2937/2899 1446/2936/2899 1484/2997/2899
f 1458/2934/2900 1510/2996/2900 1511/2998/2900
f 1446/2936/2901 1485/2999/2901 1484/2997/2901
f 1459/3000/2902 1511/3001/2902 1512/3002/2902
f 1446/2936/2903 1447/2945/2903 1486/3003/2903
f 1447/2945/2904 1487/3004/2904 1486/3003/2904
f 1448/2957/2905 1488/3005/2905 1487/3004/2905
f 1460/2953/2906 1514/3006/2906 1515/3007/2906
f 1448/2965/2907 1489/3008/2907 1488/3009/2907
f 1462/2970/2908 1515/3007/2908 1516/3010/2908
f 1448/2965/2909 1449/2927/2909 1490/3011/2909
f 1462/2970/2910 1516/3010/2910 1517/3012/2910
f 1463/3013/2911 1517/3012/2911 1518/3014/2911
f 1449/2927/2912 1492/3015/2912 1491/3016/2912
f 1451/2942/2913 1493/3017/2913 1492/3015/2913
f 1464/2954/2914 1463/3018/2915 1519/3019/2916
f 1451/2942/2917 1494/3020/2917 1493/3017/2917
f 1452/3021/2918 1495/3022/2918 1494/3020/2918
f 1464/2954/2919 1521/3023/2919 1522/3024/2919
f 1452/2956/2920 1496/3025/2920 1495/3026/2920
f 1465/3027/2921 1522/3024/2921 1523/3028/2921
f 1452/2956/2922 1497/3029/2922 1496/3025/2922
f 1452/2956/2923 1498/3030/2923 1497/3029/2923
f 1439/3031/2924 1472/3032/2924 1471/3033/2924
f 1465/3027/2925 1524/3034/2926 1525/3035/2927
f 1453/2967/2928 1499/3036/2928 1498/3030/2928
f 1440/2968/2929 1473/3037/2930 1472/3032/2929
f 1468/3038/2931 1467/2893/2931 1526/3039/2931
f 1453/2967/2932 1454/3040/2932 1501/3041/2932
f 1442/2941/2933 1475/3042/2933 1474/3043/2933
f 1468/2939/2934 1527/3044/2934 1528/2971/2934
f 1454/3040/2935 1502/2975/2935 1501/3041/2935
f 1546/3045/2936 1603/3046/2936 1602/3047/2936
f 1506/2973/2875 1505/2973/2874 1569/2973/2875
f 1479/2973/2937 1480/2973/2938 1544/2973/2875
f 1533/2973/2876 1532/2973/2874 1596/2973/2875
f 1507/2973/2875 1506/2973/2874 1570/2973/2875
f 1480/2973/2876 1481/2973/2938 1545/2973/2875
f 1534/2973/2876 1533/2973/2874 1597/2973/2875
f 1508/2973/2875 1507/2973/2938 1571/2973/2875
f 1481/2973/2939 1482/2973/2938 1546/2973/2875
f 1503/2973/2876 1534/2973/2938 1598/2973/2875
f 1509/2973/2875 1508/2973/2938 1572/2973/2875
f 1482/2973/2876 1483/2973/2938 1547/2973/2875
f 1510/2973/2875 1509/2973/2938 1573/2973/2875
f 1483/2973/2876 1484/2973/2874 1548/2973/2875
f 1511/2973/2875 1510/2973/2874 1574/2973/2875
f 1484/2973/2876 1485/2973/2874 1549/2973/2875
f 1512/2973/2875 1511/2973/2938 1575/2973/2873
f 1485/2973/2937 1486/2973/2938 1550/2973/2875
f 1513/2973/2875 1512/2973/2874 1576/2973/2877
f 1486/2973/2937 1487/2973/2938 1551/2973/2875
f 1514/2973/2875 1513/2973/2874 1577/2973/2875
f 1487/2973/2875 1488/2973/2938 1552/2973/2875
f 1515/2973/2875 1514/2973/2938 1578/2973/2875
f 1488/2973/2875 1489/2973/2938 1553/2973/2937
f 1516/2973/2875 1515/2973/2874 1579/2973/2875
f 1489/2973/2875 1490/2973/2874 1554/2973/2875
f 1517/2973/2875 1516/2973/2874 1580/2973/2877
f 1490/2973/2940 1491/2973/2874 1555/2973/2937
f 1518/2973/2875 1517/2973/2874 1581/2973/2937
f 1491/2973/2875 1492/2973/2938 1556/2973/2875
f 1519/2973/2875 1518/2973/2938 1582/2973/2937
f 1492/2973/2940 1493/2973/2938 1557/2973/2875
f 1520/2973/2876 1519/2973/2938 1583/2973/2875
f 1493/2973/2875 1494/2973/2938 1558/2973/2875
f 1521/2973/2937 1520/2973/2874 1584/2973/2875
f 1494/2973/2875 1495/2973/2874 1559/2973/2937
f 1522/2973/2876 1521/2973/2874 1585/2973/2877
f 1495/2973/2875 1496/2973/2874 1560/2973/2877
f 1523/2973/2937 1522/2973/2938 1586/2973/2940
f 1496/2973/2875 1497/2973/2938 1561/2973/2875
f 1524/2973/2876 1523/2973/2938 1587/2973/2875
f 1497/2973/2875 1498/2973/2938 1562/2973/2875
f 1471/2973/2937 1472/2973/2938 1536/2973/2940
f 1525/2973/2876 1524/2973/2874 1588/2973/2875
f 1498/2973/2875 1499/2973/2874 1563/2973/2877
f 1472/2973/2876 1473/2973/2874 1537/2973/2877
f 1526/2973/2876 1525/2973/2938 1589/2973/2940
f 1499/2973/2875 1500/2973/2938 1564/2973/2873
f 1473/2973/2876 1474/2973/2874 1538/2973/2877
f 1527/2973/2937 1526/2973/2874 1590/2973/2877
f 1500/2973/2875 1501/2973/2874 1565/2973/2877
f 1474/2973/2876 1475/2973/2874 1539/2973/2875
f 1528/2973/2939 1527/2973/2874 1591/2973/2875
f 1501/2973/2875 1502/2973/2874 1566/2973/2877
f 1475/2973/2876 1476/2973/2874 1540/2973/2877
f 1529/2973/2876 1528/2973/2874 1592/2973/2875
f 1502/2973/2875 1471/2973/2938 1535/2973/2940
f 1476/2973/2876 1477/2973/2938 1541/2973/2875
f 1530/2973/2876 1529/2973/2938 1593/2973/2875
f 1504/2973/2875 1503/2973/2874 1567/2973/2937
f 1477/2973/2876 1478/2973/2938 1542/2973/2875
f 1531/2973/2876 1530/2973/2938 1594/2973/2875
f 1505/2973/2875 1504/2973/2874 1568/2973/2875
f 1573/3048/2941 1572/3049/2941 1610/3050/2941
f 1575/3051/2942 1574/3052/2943 1611/3053/2942
f 1548/3054/2944 1549/3055/2944 1603/3046/2944
f 1575/3056/2945 1611/3057/2945 1612/3058/2945
f 1550/3059/2946 1604/3060/2946 1603/3046/2946
f 1577/3061/2947 1612/3058/2947 1613/3062/2947
f 1551/3063/2948 1552/3064/2948 1604/3060/2948
f 1579/3065/2949 1578/3066/2949 1613/3062/2949
f 1553/3067/2950 1554/3068/2950 1605/3069/2950
f 1580/3070/2951 1613/3062/2951 1614/3071/2951
f 1556/3072/2952 1606/3073/2952 1605/3069/2952
f 1585/3074/2953 1584/3075/2953 1614/3076/2953
f 1559/3077/2954 1560/3078/2954 1607/3079/2954
f 1588/3080/2955 1587/3081/2955 1615/3082/2955
f 1536/3083/2956 1599/3084/2956 1608/3085/2956
f 1589/3086/2957 1588/3080/2957 1615/3082/2957
f 1590/3087/2958 1589/3086/2958 1616/3088/2958
f 1537/3089/2959 1538/3090/2959 1600/3091/2959
f 1590/3087/2960 1616/3088/2960 1617/3092/2960
f 1564/3093/2961 1565/3094/2961 1608/3095/2961
f 1541/3096/2962 1601/3097/2962 1600/3091/2962
f 1594/3098/2963 1593/3099/2963 1617/3100/2963
f 1568/3101/2964 1567/3102/2964 1618/3103/2964
f 1595/3104/2965 1594/3098/2965 1617/3100/2965
f 1544/3105/2966 1602/3047/2966 1601/3106/2966
f 1570/3107/2967 1609/3108/2967 1610/3050/2967
f 1613/3062/2968 1612/3058/2968 1629/3109/2968
f 1605/3069/2969 1623/3110/2969 1622/3111/2969
f 1614/3071/2970 1613/3062/2970 1630/3112/2970
f 1606/3073/2971 1624/3113/2971 1623/3110/2971
f 1615/3082/2972 1614/3076/2972 1631/3114/2972
f 1606/3115/2973 1607/3079/2973 1624/3116/2973
f 1616/3088/2974 1615/3082/2974 1631/3114/2974
f 1607/3079/2975 1608/3095/2975 1625/3117/2975
f 1599/3084/2976 1600/3091/2976 1619/3118/2976
f 1617/3092/2977 1616/3088/2977 1631/3114/2977
f 1617/3100/2978 1631/3119/2978 1632/3120/2978
f 1600/3091/2979 1601/3097/2979 1619/3118/2979
f 1608/3095/2980 1599/3121/2981 1625/3117/2981
f 1609/3108/2982 1626/3122/2982 1627/3123/2982
f 1601/3097/2983 1602/3124/2983 1620/3125/2983
f 1602/3047/2984 1621/3126/2984 1620/3127/2984
f 1618/3103/2985 1632/3120/2985 1626/3128/2985
f 1610/3050/2986 1627/3123/2986 1628/3129/2986
f 1603/3046/2987 1622/3130/2987 1621/3126/2987
f 1612/3058/2988 1611/3057/2988 1629/3109/2988
f 1630/3131/2989 1644/3132/2989 1645/3133/2989
f 1623/3134/2990 1624/3135/2990 1639/3136/2990
f 1625/3137/2991 1619/3138/2991 1640/3139/2991
f 1619/3138/2992 1634/3140/2992 1633/3141/2992
f 1632/3142/2993 1646/3143/2993 1647/3144/2993
f 1626/3145/2994 1632/3142/2994 1648/3146/2994
f 1627/3147/2995 1641/3148/2995 1642/3149/2995
f 1621/3150/2996 1635/3151/2996 1634/3140/2996
f 1628/3152/2997 1642/3149/2997 1643/3153/2997
f 1621/3150/2998 1636/3154/2998 1635/3151/2998
f 1621/3150/2999 1622/3155/2999 1636/3154/2999
f 1629/3156/3000 1628/3152/3000 1643/3153/3000
f 1629/3156/3001 1643/3153/3001 1644/3132/3001
f 1653/3157/3002 1666/3158/3003 1665/3159/3002
f 1639/3160/3004 1640/3161/3004 1654/3162/3004
f 1633/3163/3005 1634/3164/3005 1650/3165/3005
f 1647/3166/3006 1646/3167/3006 1659/3168/3006
f 1640/3161/3007 1649/3169/3007 1654/3162/3007
f 1634/3164/3008 1651/3170/3008 1650/3165/3008
f 1647/3166/3009 1659/3168/3009 1660/3171/3009
f 1642/3172/3010 1641/3173/3010 1655/3174/3010
f 1634/3164/3011 1635/3175/3011 1651/3170/3011
f 1641/3173/3012 1648/3176/3012 1660/3171/3012
f 1643/3177/3013 1642/3172/3013 1655/3174/3013
f 1635/3175/3014 1636/3178/3014 1652/3179/3014
f 1644/3180/3015 1643/3177/3015 1656/3181/3015
f 1636/3178/3016 1637/3182/3016 1652/3179/3016
f 1637/3182/3017 1653/3183/3017 1652/3179/3017
f 1645/3184/3018 1644/3180/3018 1657/3185/3018
f 1666/3186/3019 1683/3187/3019 1682/3188/3019
f 1659/3189/3020 1671/3190/3020 1672/3191/3020
f 1654/3192/3021 1661/3193/3021 1666/3158/3021
f 1650/3194/3022 1662/3195/3022 1661/3196/3022
f 1655/3197/3023 1667/3198/3024 1668/3199/3023
f 1660/3200/3025 1672/3191/3025 1667/3201/3025
f 1651/3202/3026 1663/3203/3026 1662/3204/3026
f 1655/3197/3027 1668/3199/3027 1669/3205/3027
f 1652/3206/3028 1664/3207/3028 1663/3203/3028
f 1657/3208/3029 1669/3209/3029 1670/3210/3029
f 1653/3211/3030 1665/3212/3030 1664/3213/3030
f 1658/3214/3031 1670/3215/3031 1671/3216/3031
f 1672/3217/3032 1671/3218/3032 1691/3219/3032
f 1662/3220/3033 1675/3221/3033 1674/3222/3033
f 1667/3223/3034 1684/3224/3034 1685/3225/3034
f 1662/3220/3035 1676/3226/3035 1675/3221/3035
f 1668/3227/3036 1667/3223/3036 1685/3225/3036
f 1663/3228/3037 1677/3229/3037 1676/3226/3037
f 1667/3223/3038 1693/3230/3038 1684/3224/3038
f 1669/3231/3039 1668/3227/3039 1686/3232/3039
f 1663/3228/3040 1678/3233/3040 1677/3229/3040
f 1663/3228/3041 1664/3234/3041 1679/3235/3041
f 1670/3236/3042 1669/3231/3042 1688/3237/3042
f 1664/3234/3043 1665/3238/3043 1680/3239/3043
f 1665/3238/3044 1681/3240/3044 1680/3239/3044
f 1671/3218/3045 1670/3236/3046 1689/3241/3045
f 1665/3238/3047 1682/3188/3047 1681/3240/3047
f 1665/3238/3048 1666/3186/3048 1682/3188/3048
f 1675/3242/3049 1697/3243/3049 1696/3244/3049
f 1685/3245/3050 1684/3246/3050 1709/3247/3050
f 1693/3248/3051 1692/3249/3051 1720/3250/3051
f 1676/3251/3052 1698/3252/3052 1697/3253/3052
f 1686/3254/3053 1685/3245/3053 1710/3255/3053
f 1677/3256/3054 1699/3257/3054 1698/3252/3054
f 1684/3258/3055 1693/3259/3055 1708/3260/3055
f 1677/3256/3056 1700/3261/3056 1699/3257/3056
f 1687/3262/3057 1686/3263/3057 1711/3264/3057
f 1678/3265/3058 1701/3266/3058 1700/3267/3058
f 1679/3268/3059 1702/3269/3059 1701/3270/3059
f 1688/3271/3060 1687/3262/3060 1712/3272/3060
f 1680/3273/3061 1703/3274/3061 1702/3269/3061
f 1689/3275/3062 1688/3276/3062 1714/3277/3062
f 1681/3278/3063 1704/3279/3063 1703/3280/3063
f 1690/3281/3064 1689/3282/3064 1715/3283/3064
f 1682/3284/3065 1705/3285/3065 1704/3286/3065
f 1682/3284/3066 1706/3287/3066 1705/3285/3066
f 1691/3288/3067 1690/3281/3068 1717/3289/3067
f 1673/3290/3069 1695/3291/3069 1694/3292/3069
f 1683/3293/3070 1707/3294/3070 1706/3287/3070
f 1674/3295/3071 1696/3296/3071 1695/3291/3071
f 1692/3249/3072 1691/3297/3072 1719/3298/3072
f 1683/3299/3073 1694/3300/3073 1707/3301/3073
f 1710/3302/3074 1709/3303/3074 1723/3304/3074
f 1711/3305/3075 1710/3302/3075 1723/3304/3075
f 1699/3306/3076 1700/3307/3076 1722/3308/3076
f 1717/3309/3077 1716/3310/3077 1723/3304/3077
f 1718/3311/3078 1717/3309/3078 1723/3304/3078
f 1701/3312/3079 1702/3313/3079 1722/3308/3079
f 1719/3314/3080 1718/3311/3080 1723/3304/3080
f 1720/3315/3081 1719/3314/3081 1723/3304/3081
f 1702/3313/3082 1703/3316/3082 1722/3308/3082
f 1721/3317/3083 1720/3315/3083 1723/3304/3083
f 1705/3318/3084 1706/3319/3084 1722/3308/3084
f 1707/3320/3085 1694/3321/3085 1722/3308/3085
f 1709/3303/3086 1708/3322/3086 1723/3304/3086
f 1727/3323/2938 1726/3324/2938 1724/3325/2938
f 1731/3326/2875 1730/3327/2875 1726/3324/2875
f 1729/3328/2874 1728/3329/2874 1730/3330/2874
f 1725/3331/3087 1724/3332/3087 1728/3333/3087
f 1726/3334/333 1730/3335/333 1728/3336/333
f 1731/3335/3088 1727/3337/3088 1725/3338/3088
f 1735/3339/2938 1734/3340/2938 1732/3341/2938
f 1739/3342/2875 1738/3343/2875 1734/3340/2875
f 1737/3344/2874 1736/3345/2874 1738/3346/2874
f 1733/3347/3087 1732/3348/3087 1736/3349/3087
f 1734/3350/333 1738/3351/333 1736/3352/333
f 1739/3353/3088 1735/3354/3088 1733/3355/3088
f 1418/2894/3089 1400/3356/3089 1399/2895/3089
f 1400/2869/3090 1402/3357/3090 1401/2870/3090
f 1401/2870/3091 1402/3357/3091 1403/2940/3091
f 1402/3358/3092 1404/2872/3092 1403/2874/3092
f 1405/2961/3093 1406/2876/3093 1407/2878/3093
f 1407/2878/3094 1408/2877/3094 1410/2880/3094
f 1409/3359/3095 1412/2884/3095 1411/2886/3095
f 1412/3360/3096 1415/3361/3096 1414/3362/3096
f 1414/3362/3097 1415/3361/3097 1416/3363/3097
f 1415/2888/3098 1418/3364/3098 1417/2889/3098
f 1406/2898/3099 1404/3365/3099 1402/3366/3099
f 1400/2899/3100 1418/3367/3100 1415/3368/3100
f 1402/3366/3101 1400/2899/3101 1406/2898/3101
f 1415/3368/3102 1412/3369/3102 1400/2899/3102
f 1409/3370/3103 1408/2897/3103 1400/2899/3103
f 1400/2899/3104 1412/3369/3104 1409/3370/3104
f 1419/3371/3105 1420/2901/3105 1421/2900/3105
f 1423/2904/3106 1421/2900/3106 1422/2902/3106
f 1425/2907/3107 1423/3372/3107 1424/2905/3107
f 1427/2908/3108 1425/3373/3108 1426/2909/3108
f 1427/2911/3109 1429/2913/3109 1430/3374/3109
f 1430/2914/3110 1431/2916/3110 1432/2917/3110
f 1432/3375/3111 1433/2918/3111 1434/2920/3111
f 1434/2923/3112 1436/2922/3112 1437/2925/3112
f 1437/2925/3113 1438/2924/3113 1419/3376/3113
f 1434/2932/3114 1437/3377/3114 1419/2933/3114
f 1425/3378/3115 1427/2931/3115 1423/3379/3115
f 1419/2933/3116 1421/3380/3116 1423/3379/3116
f 1427/2931/3115 1430/3381/3115 1432/3382/3115
f 1432/3382/3117 1434/2932/3117 1427/2931/3117
f 1419/2933/3118 1423/3379/3118 1427/2931/3118
f 1424/2903/3119 1422/2902/3119 1459/2935/3119
f 1454/3040/3120 1417/2889/3120 1439/2944/3120
f 1441/3383/3121 1401/2870/3121 1442/2941/3121
f 1464/2954/3122 1429/2915/3122 1463/3018/3122
f 1413/2885/3123 1414/2887/3123 1450/2926/3123
f 1460/2953/3124 1424/2952/3124 1459/3000/3124
f 1407/2878/3125 1410/2880/3125 1446/2936/3125
f 1436/2922/3126 1435/2921/3126 1469/2949/3126
f 1442/2941/3127 1403/2940/3127 1443/2951/3127
f 1465/3027/3128 1431/2916/3128 1464/2954/3128
f 1451/3384/3129 1414/2955/3129 1452/2956/3130
f 1461/2964/3131 1426/2909/3131 1460/2953/3131
f 1438/2924/3132 1436/2922/3132 1470/2958/3132
f 1410/3385/3133 1411/2886/3133 1448/2965/3133
f 1466/2966/3134 1431/2916/3135 1465/3027/3134
f 1439/3031/3136 1399/2871/3136 1440/2968/3136
f 1452/2956/3137 1416/2890/3137 1453/2967/3137
f 1422/2902/3138 1420/2901/3138 1457/2960/3138
f 1462/2970/3139 1428/2910/3139 1461/2964/3139
f 1405/2961/3140 1407/2878/3140 1444/2962/3140
f 1411/2886/3141 1413/2885/3141 1449/2927/3141
f 1467/2893/3142 1433/2892/3142 1466/2966/3142
f 1453/2967/3143 1417/2889/3143 1454/3040/3143
f 1420/2946/3144 1438/2924/3144 1455/2947/3144
f 1440/2968/3145 1401/2870/3145 1441/3383/3145
f 1463/3013/3146 1429/2969/3147 1462/2970/3146
f 1475/3042/3148 1442/2941/3148 1476/2977/3148
f 1440/2968/3149 1441/3383/3149 1442/2941/3149
f 1462/2970/3150 1461/2964/3150 1460/2953/3150
f 1467/2893/3151 1466/2966/3151 1465/3027/3151
f 1596/2973/2938 1532/2973/2873 1595/2973/2875
f 1542/2973/2874 1478/2973/2875 1543/2973/2875
f 1454/3040/3152 1439/2944/3152 1502/2975/3152
f 1530/2980/3153 1469/2949/3153 1529/2972/3153
f 1504/3386/3154 1456/2948/3154 1503/2978/3154
f 1442/2941/3155 1443/2951/3155 1477/2976/3155
f 1506/2988/3156 1456/2959/3156 1505/2983/3156
f 1479/3387/2887 1443/2963/2887 1480/2986/2887
f 1470/2958/3157 1469/2949/3157 1533/2987/3157
f 1457/2960/3158 1456/2959/3158 1507/2989/3158
f 1455/2947/3159 1470/2958/3159 1534/2991/3159
f 1444/2962/3160 1445/2937/3160 1481/2990/3160
f 1458/2934/3161 1457/2960/3161 1509/2994/3161
f 1483/2995/3162 1445/2937/3162 1484/2997/3162
f 1459/2935/3163 1458/2934/3163 1511/2998/3163
f 1460/2953/3164 1459/3000/3164 1512/3002/3164
f 1485/2999/3165 1446/2936/3165 1486/3003/3165
f 1513/3388/3166 1460/2953/3166 1512/3002/3166
f 1514/3006/3167 1460/2953/3167 1513/3388/3167
f 1447/2945/3168 1448/2957/3169 1487/3004/3168
f 1462/2970/3170 1460/2953/3170 1515/3007/3170
f 1489/3008/3171 1448/2965/3171 1490/3011/3171
f 1463/3013/3172 1462/2970/3172 1517/3012/3172
f 1490/3011/3173 1449/2927/3173 1491/3016/3173
f 1519/3389/3174 1463/3013/3174 1518/3014/3174
f 1449/2927/3175 1451/2942/3175 1492/3015/3175
f 1520/3390/3176 1464/2954/3176 1519/3019/3176
f 1521/3023/3177 1464/2954/3177 1520/3390/3177
f 1451/2942/3178 1452/3021/3178 1494/3020/3178
f 1465/3027/3179 1464/2954/3179 1522/3024/3179
f 1524/3034/3180 1465/3027/3180 1523/3028/3180
f 1467/2893/3181 1465/3027/3181 1525/3035/3181
f 1452/2956/3182 1453/2967/3182 1498/3030/3182
f 1439/3031/3183 1440/2968/3183 1472/3032/3183
f 1526/3039/3184 1467/2893/3184 1525/3035/3184
f 1499/3036/3185 1453/2967/3185 1500/3391/3185
f 1473/3037/3186 1440/2968/3186 1474/3043/3186
f 1527/3392/3187 1468/3038/3187 1526/3039/3187
f 1500/3391/3188 1453/2967/3188 1501/3041/3188
f 1440/2968/3189 1442/2941/3190 1474/3043/3191
f 1567/3102/3192 1598/3393/3192 1618/3103/3192
f 1545/3394/3193 1546/3045/3193 1602/3047/3193
f 1570/2973/2874 1506/2973/2877 1569/2973/2876
f 1543/2973/2938 1479/2973/2873 1544/2973/2875
f 1597/2973/2874 1533/2973/2877 1596/2973/2875
f 1571/2973/2874 1507/2973/2875 1570/2973/2876
f 1544/2973/2874 1480/2973/2877 1545/2973/2875
f 1598/2973/2874 1534/2973/2877 1597/2973/2875
f 1572/2973/2874 1508/2973/2877 1571/2973/2876
f 1545/2973/2874 1481/2973/2875 1546/2973/2875
f 1567/2973/2938 1503/2973/2940 1598/2973/2875
f 1573/2973/2938 1509/2973/2875 1572/2973/2876
f 1546/2973/2938 1482/2973/2875 1547/2973/2875
f 1574/2973/2938 1510/2973/2875 1573/2973/2876
f 1547/2973/2874 1483/2973/2875 1548/2973/2875
f 1575/2973/2874 1511/2973/2877 1574/2973/2876
f 1548/2973/2874 1484/2973/2877 1549/2973/2875
f 1576/2973/2938 1512/2973/2875 1575/2973/2937
f 1549/2973/2874 1485/2973/2937 1550/2973/2875
f 1577/2973/2938 1513/2973/2875 1576/2973/2876
f 1550/2973/2938 1486/2973/2937 1551/2973/2875
f 1578/2973/2938 1514/2973/2875 1577/2973/2939
f 1551/2973/2938 1487/2973/2875 1552/2973/2876
f 1579/2973/2938 1515/2973/2875 1578/2973/2876
f 1552/2973/2874 1488/2973/2875 1553/2973/2937
f 1580/2973/2874 1516/2973/2875 1579/2973/2876
f 1553/2973/2874 1489/2973/2877 1554/2973/2876
f 1581/2973/2874 1517/2973/2875 1580/2973/2876
f 1554/2973/2938 1490/2973/2940 1555/2973/2937
f 1582/2973/2938 1518/2973/2875 1581/2973/2937
f 1555/2973/2938 1491/2973/2875 1556/2973/2876
f 1583/2973/2938 1519/2973/2875 1582/2973/2937
f 1556/2973/2874 1492/2973/2875 1557/2973/2876
f 1584/2973/2938 1520/2973/2875 1583/2973/2875
f 1557/2973/2938 1493/2973/2940 1558/2973/2876
f 1585/2973/2938 1521/2973/2937 1584/2973/2875
f 1558/2973/2874 1494/2973/2877 1559/2973/2937
f 1586/2973/2874 1522/2973/2875 1585/2973/2875
f 1559/2973/2874 1495/2973/2875 1560/2973/2939
f 1587/2973/2874 1523/2973/2937 1586/2973/2940
f 1560/2973/2874 1496/2973/2875 1561/2973/2876
f 1588/2973/2938 1524/2973/2875 1587/2973/2875
f 1561/2973/2938 1497/2973/2875 1562/2973/2876
f 1535/2973/2874 1471/2973/2937 1536/2973/2875
f 1589/2973/2938 1525/2973/2875 1588/2973/2940
f 1562/2973/2938 1498/2973/2875 1563/2973/2876
f 1536/2973/2874 1472/2973/2875 1537/2973/2875
f 1590/2973/2938 1526/2973/2875 1589/2973/2875
f 1563/2973/2874 1499/2973/2875 1564/2973/2873
f 1537/2973/2874 1473/2973/2875 1538/2973/2875
f 1591/2973/2874 1527/2973/2937 1590/2973/2875
f 1564/2973/2874 1500/2973/2875 1565/2973/2876
f 1538/2973/2874 1474/2973/2875 1539/2973/2875
f 1592/2973/2874 1528/2973/2877 1591/2973/2875
f 1565/2973/2874 1501/2973/2875 1566/2973/2876
f 1539/2973/2938 1475/2973/2875 1540/2973/2875
f 1593/2973/2938 1529/2973/2875 1592/2973/2875
f 1566/2973/2938 1502/2973/2875 1535/2973/2876
f 1540/2973/2938 1476/2973/2875 1541/2973/2875
f 1594/2973/2938 1530/2973/2875 1593/2973/2875
f 1568/2973/2938 1504/2973/2940 1567/2973/2937
f 1541/2973/2938 1477/2973/2875 1542/2973/2875
f 1595/2973/2874 1531/2973/2877 1594/2973/2875
f 1569/2973/2874 1505/2973/2877 1568/2973/2876
f 1611/3053/3194 1573/3048/3194 1610/3050/3194
f 1546/3045/3195 1547/3395/3195 1603/3046/3195
f 1574/3052/3196 1573/3048/3197 1611/3053/3197
f 1547/3395/3198 1548/3054/3198 1603/3046/3198
f 1576/3396/3199 1575/3056/3200 1612/3058/3200
f 1549/3055/3201 1550/3059/3201 1603/3046/3201
f 1577/3061/3202 1576/3396/3202 1612/3058/3202
f 1550/3059/3203 1551/3063/3203 1604/3060/3203
f 1578/3066/3204 1577/3061/3204 1613/3062/3204
f 1552/3397/3205 1553/3067/3205 1604/3398/3205
f 1580/3070/3206 1579/3065/3206 1613/3062/3206
f 1604/3398/3207 1553/3067/3207 1605/3069/3207
f 1581/3399/3208 1580/3070/3208 1614/3071/3208
f 1554/3068/3209 1555/3400/3209 1605/3069/3209
f 1582/3401/3210 1581/3399/3210 1614/3071/3210
f 1555/3400/3211 1556/3072/3211 1605/3069/3211
f 1583/3402/3212 1582/3401/3212 1614/3071/3212
f 1556/3072/3213 1557/3403/3213 1606/3073/3213
f 1584/3075/3214 1583/3404/3214 1614/3076/3214
f 1557/3403/3215 1558/3405/3215 1606/3073/3215
f 1615/3082/3216 1585/3074/3216 1614/3076/3216
f 1558/3405/3217 1559/3406/3217 1606/3073/3217
f 1586/3407/3218 1585/3074/3218 1615/3082/3218
f 1606/3115/3219 1559/3077/3219 1607/3079/3219
f 1587/3081/3220 1586/3407/3220 1615/3082/3220
f 1560/3078/3221 1561/3408/3221 1607/3079/3221
f 1561/3408/3222 1562/3409/3222 1607/3079/3222
f 1535/3410/3223 1536/3083/3223 1608/3085/3223
f 1616/3088/3224 1589/3086/3224 1615/3082/3224
f 1562/3409/3225 1563/3411/3225 1607/3079/3225
f 1536/3083/3226 1537/3089/3226 1599/3084/3226
f 1563/3411/3227 1564/3093/3227 1607/3079/3227
f 1599/3084/3228 1537/3089/3228 1600/3091/3228
f 1591/3412/3229 1590/3087/3229 1617/3092/3229
f 1607/3079/3230 1564/3093/3230 1608/3095/3230
f 1538/3090/3231 1539/3413/3231 1600/3091/3231
f 1592/3414/3232 1591/3415/3232 1617/3100/3232
f 1565/3094/3233 1566/3416/3233 1608/3095/3233
f 1539/3413/3234 1540/3417/3234 1600/3091/3234
f 1593/3099/3235 1592/3414/3235 1617/3100/3235
f 1566/3416/3236 1535/3418/3236 1608/3095/3236
f 1540/3417/3237 1541/3096/3237 1600/3091/3237
f 1609/3419/3238 1568/3101/3238 1618/3103/3238
f 1541/3096/3239 1542/3420/3239 1601/3097/3239
f 1618/3103/3240 1595/3104/3240 1617/3100/3240
f 1569/3421/3241 1568/3422/3241 1609/3108/3241
f 1542/3420/3242 1543/3423/3242 1601/3097/3242
f 1596/3424/3243 1595/3104/3243 1618/3103/3243
f 1570/3107/3244 1569/3421/3244 1609/3108/3244
f 1543/3425/3245 1544/3105/3245 1601/3106/3246
f 1597/3426/3247 1596/3424/3247 1618/3103/3247
f 1571/3427/3248 1570/3107/3248 1610/3050/3248
f 1544/3105/3249 1545/3394/3249 1602/3047/3249
f 1598/3393/3250 1597/3426/3251 1618/3103/3251
f 1572/3049/3252 1571/3427/3252 1610/3050/3252
f 1604/3398/3253 1605/3069/3253 1622/3111/3253
f 1630/3112/3254 1613/3062/3254 1629/3109/3254
f 1605/3069/3255 1606/3073/3255 1623/3110/3255
f 1631/3114/3256 1614/3076/3256 1630/3428/3256
f 1625/3429/3257 1599/3084/3257 1619/3118/3258
f 1624/3116/3259 1607/3079/3259 1625/3117/3259
f 1619/3118/3260 1601/3097/3260 1620/3125/3260
f 1609/3419/3261 1618/3103/3261 1626/3128/3261
f 1618/3103/3262 1617/3100/3262 1632/3120/3262
f 1610/3050/3263 1609/3108/3263 1627/3123/3263
f 1602/3047/3264 1603/3046/3264 1621/3126/3264
f 1611/3053/3265 1610/3050/3265 1628/3129/3265
f 1629/3109/3266 1611/3057/3266 1628/3430/3266
f 1603/3046/3267 1604/3060/3267 1622/3130/3267
f 1637/3431/3268 1623/3134/3268 1638/3432/3268
f 1631/3433/3269 1630/3131/3269 1645/3133/3269
f 1638/3432/3270 1623/3134/3270 1639/3136/3270
f 1646/3143/3271 1631/3433/3271 1645/3133/3271
f 1624/3135/3272 1625/3137/3272 1639/3136/3272
f 1640/3139/3273 1619/3138/3273 1633/3141/3273
f 1639/3136/3274 1625/3137/3274 1640/3139/3274
f 1632/3142/3275 1631/3433/3275 1646/3143/3275
f 1619/3138/3276 1620/3434/3276 1634/3140/3276
f 1627/3147/3277 1626/3145/3277 1641/3148/3277
f 1648/3146/3278 1632/3142/3278 1647/3144/3278
f 1620/3434/3279 1621/3150/3279 1634/3140/3279
f 1641/3148/3280 1626/3145/3280 1648/3146/3280
f 1628/3152/3281 1627/3147/3282 1642/3149/3281
f 1636/3154/3283 1622/3155/3283 1637/3431/3283
f 1622/3155/3284 1623/3134/3284 1637/3431/3284
f 1630/3131/3285 1629/3156/3285 1644/3132/3285
f 1638/3435/3286 1639/3160/3286 1653/3183/3286
f 1653/3183/3287 1639/3160/3287 1654/3162/3287
f 1646/3167/3288 1645/3184/3288 1658/3436/3288
f 1640/3161/3289 1633/3163/3289 1649/3169/3289
f 1659/3168/3290 1646/3167/3290 1658/3436/3290
f 1649/3169/3291 1633/3163/3291 1650/3165/3292
f 1655/3174/3293 1641/3173/3293 1660/3171/3293
f 1648/3176/3294 1647/3166/3294 1660/3171/3294
f 1656/3181/3295 1643/3177/3295 1655/3174/3295
f 1651/3170/3296 1635/3175/3296 1652/3179/3296
f 1657/3185/3297 1644/3180/3297 1656/3181/3297
f 1637/3182/3298 1638/3435/3298 1653/3183/3298
f 1658/3436/3299 1645/3184/3299 1657/3185/3299
f 1673/3437/3300 1661/3438/3300 1674/3222/3300
f 1653/3157/3301 1654/3192/3301 1666/3158/3301
f 1659/3439/3302 1658/3214/3302 1671/3216/3302
f 1649/3440/3303 1650/3194/3303 1661/3196/3303
f 1654/3192/3304 1649/3441/3304 1661/3193/3304
f 1655/3442/3305 1660/3200/3305 1667/3201/3305
f 1650/3194/3306 1651/3443/3306 1662/3195/3306
f 1660/3200/3307 1659/3189/3307 1672/3191/3307
f 1656/3444/3308 1655/3197/3308 1669/3205/3308
f 1651/3202/3309 1652/3206/3309 1663/3203/3309
f 1657/3208/3310 1656/3445/3310 1669/3209/3310
f 1652/3446/3311 1653/3211/3311 1664/3213/3311
f 1658/3214/3312 1657/3447/3312 1670/3215/3312
f 1683/3448/3313 1673/3449/3313 1694/3450/3313
f 1692/3451/3314 1672/3217/3314 1691/3219/3314
f 1666/3186/3315 1661/3438/3316 1683/3187/3316
f 1661/3438/3317 1662/3220/3317 1674/3222/3317
f 1683/3187/3318 1661/3438/3318 1673/3437/3318
f 1693/3230/3319 1672/3217/3319 1692/3451/3319
f 1667/3223/3320 1672/3217/3320 1693/3230/3320
f 1662/3220/3321 1663/3228/3321 1676/3226/3321
f 1686/3232/3322 1668/3227/3322 1685/3225/3322
f 1687/3452/3323 1669/3231/3323 1686/3232/3323
f 1678/3233/3324 1663/3228/3324 1679/3235/3324
f 1688/3237/3325 1669/3231/3325 1687/3452/3325
f 1679/3235/3326 1664/3234/3326 1680/3239/3326
f 1689/3241/3327 1670/3236/3327 1688/3237/3327
f 1690/3453/3328 1671/3218/3328 1689/3241/3328
f 1691/3219/3329 1671/3218/3329 1690/3453/3329
f 1709/3247/3330 1684/3246/3330 1708/3454/3330
f 1675/3455/3331 1676/3456/3331 1697/3457/3331
f 1721/3458/3332 1693/3248/3332 1720/3250/3332
f 1710/3255/3333 1685/3245/3333 1709/3247/3333
f 1676/3251/3334 1677/3256/3334 1698/3252/3334
f 1708/3459/3335 1693/3460/3335 1721/3461/3335
f 1711/3462/3336 1686/3463/3336 1710/3464/3336
f 1677/3256/3337 1678/3465/3337 1700/3261/3337
f 1712/3272/3338 1687/3262/3338 1711/3264/3338
f 1678/3466/3339 1679/3467/3339 1701/3468/3339
f 1713/3469/3340 1688/3271/3340 1712/3272/3340
f 1714/3470/3341 1688/3471/3341 1713/3472/3341
f 1679/3268/3342 1680/3273/3342 1702/3269/3343
f 1715/3283/3344 1689/3282/3344 1714/3473/3344
f 1680/3273/3345 1681/3474/3346 1703/3274/3346
f 1716/3475/3347 1690/3281/3347 1715/3283/3347
f 1681/3476/3348 1682/3284/3348 1704/3286/3348
f 1717/3289/3349 1690/3281/3349 1716/3475/3349
f 1718/3477/3350 1691/3478/3350 1717/3479/3350
f 1682/3284/3351 1683/3293/3351 1706/3287/3351
f 1673/3290/3352 1674/3295/3352 1695/3291/3352
f 1719/3298/3353 1691/3297/3353 1718/3480/3353
f 1674/3295/3354 1675/3481/3354 1696/3296/3354
f 1720/3250/3355 1692/3249/3355 1719/3298/3355
f 1697/3482/3356 1698/3483/3356 1722/3308/3356
f 1715/3484/3357 1714/3485/3357 1723/3304/3357
f 1698/3483/3358 1699/3306/3358 1722/3308/3358
f 1716/3310/3359 1715/3484/3359 1723/3304/3359
f 1700/3307/3360 1701/3312/3360 1722/3308/3360
f 1703/3316/3361 1704/3486/3361 1722/3308/3361
f 1708/3322/3362 1721/3317/3362 1723/3304/3362
f 1704/3486/3363 1705/3318/3363 1722/3308/3363
f 1694/3321/3364 1695/3487/3364 1722/3308/3364
f 1706/3319/3365 1707/3320/3365 1722/3308/3365
f 1712/3488/3366 1711/3305/3366 1723/3304/3366
f 1695/3487/3367 1696/3489/3367 1722/3308/3367
f 1713/3490/3368 1712/3488/3368 1723/3304/3368
f 1696/3489/3369 1697/3482/3369 1722/3308/3369
f 1714/3485/3370 1713/3490/3370 1723/3304/3370
f 1725/3491/2938 1727/3323/2938 1724/3325/2938
f 1727/3323/2875 1731/3326/2875 1726/3324/2875
f 1731/3492/2874 1729/3328/2874 1730/3330/2874
f 1729/3493/3087 1725/3331/3087 1728/3333/3087
f 1724/3494/333 1726/3334/333 1728/3336/333
f 1729/3336/3088 1731/3335/3088 1725/3338/3088
f 1733/3495/2938 1735/3339/2938 1732/3341/2938
f 1735/3339/2875 1739/3342/2875 1734/3340/2875
f 1739/3496/2874 1737/3344/2874 1738/3346/2874
f 1737/3497/3087 1733/3347/3087 1736/3349/3087
f 1732/3498/333 1734/3350/333 1736/3352/333
f 1737/3499/3088 1739/3353/3088 1733/3355/3088
f 1741/3500/3371 1742/3501/3371 1740/3502/3371
f 1742/3501/3372 1745/3503/3372 1744/3504/3372
f 1745/3503/3373 1746/3505/3373 1744/3504/3373
f 1746/3506/3374 1749/3507/3374 1748/3508/3374
f 1749/3507/3375 1751/3509/3375 1750/3510/3375
f 1751/3511/3376 1753/3512/3376 1752/3513/3376
f 1753/3512/3377 1755/3514/3377 1754/3515/3377
f 1755/3514/3378 1757/3516/3378 1756/3517/3378
f 1757/3518/3379 1759/3519/3379 1758/3520/3379
f 1759/3519/3380 1741/3521/3380 1760/3522/3380
f 1752/3523/333 1756/3524/333 1760/3525/333
f 1742/3526/3381 1762/3527/3381 1763/3528/3381
f 1746/3529/3382 1766/3530/3382 1767/3531/3382
f 1755/3532/3383 1753/3533/3383 1771/3534/3383
f 1751/3535/3384 1768/3536/3384 1769/3537/3384
f 1741/3538/3385 1759/3539/3385 1776/3540/3385
f 1746/3529/3386 1765/3541/3386 1766/3530/3386
f 1757/3542/3387 1774/3543/3387 1775/3544/3387
f 1753/3533/3388 1769/3537/3388 1770/3545/3388
f 1751/3535/3389 1749/3546/3389 1768/3536/3389
f 1755/3532/3390 1772/3547/3390 1773/3548/3390
f 1753/3533/3391 1770/3545/3391 1771/3534/3391
f 1766/3549/3392 1765/3550/3392 1777/3551/3392
f 1767/3552/3393 1766/3549/3393 1778/3553/3393
f 1769/3554/3394 1768/3555/3394 1779/3556/3394
f 1778/3553/3395 1784/3557/3395 1785/3558/3395
f 1774/3559/3396 1791/3560/3396 1792/3561/3396
f 1767/3552/3397 1785/3558/3397 1786/3562/3397
f 1762/3563/3398 1780/3564/3398 1781/3565/3398
f 1779/3566/3399 1786/3562/3399 1787/3567/3399
f 1776/3568/3400 1792/3561/3400 1793/3569/3400
f 1763/3570/3401 1781/3565/3401 1782/3571/3401
f 1769/3554/3402 1787/3572/3402 1788/3573/3402
f 1761/3574/3403 1793/3569/3403 1780/3575/3403
f 1770/3576/3404 1788/3573/3404 1789/3577/3404
f 1765/3578/3405 1782/3571/3405 1783/3579/3405
f 1772/3580/3406 1789/3577/3406 1790/3581/3406
f 1766/3549/3407 1783/3582/3407 1784/3557/3407
f 1773/3583/3408 1790/3581/3408 1791/3584/3408
f 1788/3585/3409 1787/3586/3409 1800/3587/3409
f 1793/3588/3410 1804/3589/3410 1794/3590/3410
f 1789/3591/3411 1788/3585/3411 1800/3587/3411
f 1783/3592/3412 1782/3593/3412 1796/3594/3412
f 1790/3595/3413 1789/3591/3413 1801/3596/3413
f 1783/3592/3414 1796/3594/3414 1797/3597/3414
f 1791/3598/3415 1790/3595/3415 1802/3599/3415
f 1784/3600/3416 1797/3597/3416 1798/3601/3416
f 1791/3598/3417 1802/3599/3418 1803/3602/3419
f 1792/3603/3420 1791/3598/3420 1803/3602/3420
f 1786/3604/3421 1798/3601/3422 1799/3605/3423
f 1792/3603/3424 1803/3602/3424 1804/3589/3424
f 1781/3606/3425 1794/3590/3425 1795/3607/3425
f 1787/3586/3426 1799/3605/3426 1800/3587/3426
f 1799/3608/3427 1798/3609/3427 1808/3610/3427
f 1804/3611/3428 1803/3612/3428 1812/3613/3428
f 1795/3614/3429 1805/3615/3429 1806/3616/3429
f 1794/3617/3430 1804/3611/3431 1813/3618/3430
f 1800/3619/3432 1809/3620/3432 1810/3621/3433
f 1801/3622/3434 1800/3619/3434 1810/3621/3434
f 1796/3623/3435 1806/3616/3435 1807/3624/3435
f 1802/3625/3436 1801/3622/3437 1810/3621/3436
f 1797/3626/3438 1807/3627/3438 1808/3610/3438
f 1803/3612/3439 1802/3628/3440 1812/3613/3440
f 1813/3618/3441 1824/3629/3441 1825/3630/3441
f 1806/3616/3442 1805/3615/3442 1815/3631/3442
f 1813/3618/3443 1825/3630/3443 1814/3632/3443
f 1810/3621/3444 1809/3620/3444 1820/3633/3444
f 1807/3624/3445 1806/3616/3446 1816/3634/3447
f 1811/3635/3448 1822/3636/3448 1823/3637/3448
f 1808/3610/3449 1807/3627/3450 1818/3638/3451
f 1808/3610/3452 1818/3638/3453 1819/3639/3454
f 1812/3613/3455 1823/3640/3455 1824/3629/3455
f 1809/3641/3456 1808/3610/3456 1819/3639/3456
f 1805/3615/3457 1814/3642/3457 1815/3631/3457
f 1817/3643/3458 1827/3644/3458 1828/3645/3458
f 1823/3646/3459 1822/3647/3459 1831/3648/3459
f 1817/3643/3460 1828/3645/3461 1829/3649/3462
f 1823/3646/3463 1831/3648/3463 1832/3650/3463
f 1824/3651/3464 1823/3646/3464 1832/3650/3464
f 1815/3652/3465 1826/3653/3465 1827/3654/3465
f 1815/3652/3466 1827/3654/3466 1816/3655/3466
f 1830/3656/3467 1829/3657/3467 1838/3658/3467
f 1819/3659/3468 1829/3657/3469 1830/3656/3470
f 1833/3660/3471 1838/3661/3471 1846/3662/3471
f 1826/3663/3472 1834/3664/3472 1835/3665/3472
f 1814/3666/3473 1825/3667/3473 1841/3668/3473
f 1828/3669/3474 1836/3670/3474 1837/3671/3474
f 1833/3660/3475 1846/3662/3475 1847/3672/3475
f 1836/3673/3476 1835/3665/3477 1844/3674/3478
f 1840/3675/3479 1839/3676/3479 1847/3672/3479
f 1834/3664/3480 1842/3677/3481 1843/3678/3480
f 1838/3661/3482 1845/3679/3482 1846/3662/3483
f 1834/3680/3484 1841/3668/3484 1842/3681/3484
f 1842/3677/3485 1849/3682/3485 1850/3683/3485
f 1848/3684/3486 1856/3685/3486 1857/3686/3486
f 1845/3687/3487 1853/3688/3487 1854/3689/3487
f 1843/3678/3488 1850/3683/3488 1851/3690/3488
f 1842/3681/3489 1857/3686/3489 1849/3691/3489
f 1835/3665/3490 1843/3678/3490 1851/3690/3490
f 1846/3662/3491 1854/3692/3491 1855/3693/3491
f 1835/3665/3492 1851/3690/3492 1852/3694/3492
f 1847/3672/3493 1855/3693/3493 1856/3695/3493
f 1851/3696/3494 1850/3697/3494 1859/3698/3494
f 1851/3696/3495 1859/3698/3495 1860/3699/3495
f 1852/3700/3496 1851/3696/3496 1860/3699/3496
f 1855/3701/3497 1864/3702/3497 1865/3703/3497
f 1853/3704/3498 1852/3700/3498 1861/3705/3498
f 1857/3706/3499 1866/3707/3499 1867/3708/3499
f 1850/3697/3500 1849/3709/3500 1858/3710/3500
f 1864/3711/3501 1863/3712/3501 1869/3713/3501
f 1862/3714/3502 1873/3715/3502 1874/3716/3502
f 1867/3717/3503 1866/3718/3504 1879/3719/3505
f 1858/3720/3506 1870/3721/3506 1871/3722/3506
f 1867/3717/3507 1879/3719/3507 1880/3723/3507
f 1863/3724/3508 1874/3716/3509 1875/3725/3510
f 1868/3726/3511 1867/3717/3511 1880/3723/3511
f 1869/3727/3512 1863/3724/3513 1875/3725/3514
f 1860/3728/3515 1859/3729/3515 1871/3722/3515
f 1865/3730/3516 1869/3727/3516 1876/3731/3516
f 1861/3732/3517 1872/3733/3517 1873/3715/3517
f 1872/3734/3518 1871/3735/3518 1881/3736/3518
f 1880/3737/3519 1879/3738/3519 1883/3739/3519
f 1881/3736/3520 1871/3735/3520 1884/3740/3520
f 1876/3741/3521 1875/3742/3521 1888/3743/3521
f 1882/3744/3522 1877/3745/3522 1889/3746/3522
f 1873/3747/3523 1872/3748/3523 1885/3749/3523
f 1873/3747/3524 1886/3750/3524 1887/3751/3524
f 1874/3752/3525 1873/3747/3526 1887/3751/3526
f 1879/3738/3527 1878/3753/3527 1890/3754/3527
f 1875/3755/3528 1874/3756/3528 1887/3757/3528
f 1889/3746/3529 1900/3758/3529 1892/3759/3529
f 1886/3750/3530 1885/3749/3530 1896/3760/3530
f 1888/3761/3531 1887/3751/3531 1898/3762/3531
f 1884/3740/3532 1891/3763/3533 1895/3764/3534
f 1889/3746/3535 1888/3743/3536 1899/3765/3536
f 1885/3766/3537 1884/3740/3537 1895/3764/3537
f 1885/3766/3538 1895/3764/3539 1896/3767/3538
f 1893/3768/3540 1901/3769/3540 1910/3770/3540
f 1894/3771/3541 1902/3772/3541 1903/3773/3541
f 1899/3774/3542 1898/3775/3542 1907/3776/3542
f 1894/3771/3543 1893/3768/3543 1911/3777/3543
f 1899/3774/3544 1907/3776/3544 1908/3778/3544
f 1895/3779/3545 1903/3773/3545 1904/3780/3545
f 1900/3781/3546 1899/3774/3546 1908/3778/3546
f 1896/3782/3547 1895/3779/3547 1904/3780/3547
f 1896/3782/3548 1904/3780/3549 1905/3783/3550
f 1897/3784/3551 1905/3783/3551 1906/3785/3551
f 1904/3786/3552 1913/3787/3552 1914/3788/3552
f 1910/3789/3553 1915/3790/3553 1911/3791/3553
f 1908/3792/3554 1921/3793/3554 1922/3794/3554
f 1915/3795/3555 1909/3796/3555 1922/3794/3555
f 1915/3795/3556 1922/3794/3557 1923/3797/3558
f 1911/3798/3559 1915/3795/3559 1923/3797/3559
f 1907/3799/3560 1906/3800/3560 1919/3801/3560
f 1902/3802/3561 1911/3798/3561 1924/3803/3561
f 1918/3804/3562 1933/3805/3562 1934/3806/3562
f 1912/3807/3563 1926/3808/3563 1916/3809/3563
f 1913/3810/3564 1927/3811/3564 1917/3812/3564
f 1922/3813/3565 1921/3814/3565 1928/3815/3565
f 1919/3816/3566 1918/3804/3566 1934/3806/3566
f 1926/3808/3567 1925/3817/3567 1929/3818/3567
f 1919/3816/3568 1934/3806/3568 1935/3819/3568
f 1924/3820/3569 1940/3821/3569 1941/3822/3569
f 1925/3823/3570 1941/3822/3570 1929/3824/3570
f 1921/3814/3571 1920/3825/3571 1936/3826/3571
f 1916/3809/3572 1930/3827/3572 1927/3811/3572
f 1917/3828/3573 1931/3829/3573 1932/3830/3573
f 1918/3804/3574 1917/3828/3574 1932/3830/3574
f 1923/3831/3575 1922/3813/3576 1938/3832/3576
f 1937/3833/3577 1936/3834/3577 1955/3835/3577
f 1926/3808/3578 1942/3836/3578 1930/3827/3578
f 1927/3811/3579 1943/3837/3579 1931/3838/3579
f 1928/3815/3580 1944/3839/3581 1938/3832/3582
f 1931/3840/3583 1943/3841/3583 1948/3842/3583
f 1937/3843/3584 1956/3844/3584 1957/3845/3584
f 1931/3840/3585 1950/3846/3585 1951/3847/3585
f 1938/3848/3586 1944/3849/3586 1957/3850/3586
f 1933/3851/3587 1932/3852/3588 1951/3847/3589
f 1938/3848/3590 1958/3853/3590 1959/3854/3590
f 1933/3855/3591 1952/3856/3591 1953/3857/3591
f 1940/3858/3592 1939/3859/3592 1959/3854/3592
f 1929/3860/3593 1945/3861/3593 1946/3862/3593
f 1935/3863/3594 1934/3864/3594 1953/3857/3594
f 1940/3858/3595 1960/3865/3595 1961/3866/3595
f 1930/3867/3596 1942/3868/3596 1946/3862/3596
f 1935/3863/3597 1954/3869/3597 1955/3835/3597
f 1929/3860/3598 1941/3870/3598 1961/3866/3598
f 1930/3871/3599 1947/3872/3599 1948/3873/3599
f 1958/3874/3600 1957/3875/3600 1956/3876/3600
f 1952/3877/3601 1951/3878/3601 1950/3879/3601
f 1959/3880/3602 1958/3881/3602 1960/3882/3602
f 1954/3883/3603 1953/3884/3603 1962/3885/3603
f 1956/3886/3604 1955/3887/3604 1963/3888/3604
f 1952/3889/3605 1965/3890/3605 1966/3891/3605
f 1962/3892/3606 1952/3889/3606 1966/3891/3606
f 1960/3893/3607 1958/3894/3607 1969/3895/3607
f 1954/3896/3608 1962/3892/3608 1966/3891/3608
f 1945/3897/3609 1960/3893/3609 1969/3895/3609
f 1949/3898/3610 1947/3899/3610 1964/3900/3610
f 1949/3898/3611 1964/3900/3611 1965/3890/3611
f 1956/3901/3612 1967/3902/3612 1968/3903/3612
f 1958/3894/3613 1956/3901/3613 1968/3903/3613
f 1976/3904/3614 1986/3905/3614 1977/3906/3614
f 1966/3907/3615 1973/3908/3615 1974/3909/3615
f 1964/3910/3616 1970/3911/3616 1971/3912/3616
f 1967/3913/3617 1966/3907/3617 1974/3909/3617
f 1969/3914/3618 1968/3915/3619 1975/3916/3618
f 1970/3911/3620 1976/3917/3620 1971/3912/3620
f 1972/3918/3621 1978/3919/3621 1979/3920/3621
f 1973/3921/3622 1972/3918/3623 1979/3920/3623
f 1973/3921/3624 1979/3920/3624 1980/3922/3624
f 1971/3923/3625 1976/3904/3625 1977/3906/3625
f 1976/3904/3626 1985/3924/3626 1986/3905/3626
f 1973/3921/3627 1980/3922/3627 1981/3925/3627
f 1971/3923/3628 1977/3906/3628 1978/3919/3628
f 1985/3926/3629 1996/3927/3629 1997/3928/3629
f 1981/3929/3630 1980/3930/3630 1992/3931/3630
f 1986/3932/3631 1985/3926/3632 1997/3928/3633
f 1981/3929/3634 1992/3931/3635 1993/3933/3635
f 1986/3932/3636 1997/3928/3636 1987/3934/3636
f 1982/3935/3637 1981/3936/3637 1993/3937/3637
f 1979/3938/3638 1978/3939/3638 1989/3940/3638
f 1983/3941/3639 1994/3942/3639 1995/3943/3639
f 1979/3944/3640 1990/3945/3640 1991/3946/3640
f 1985/3947/3641 1984/3948/3641 1995/3943/3641
f 1985/3926/3642 1995/3949/3642 1996/3927/3642
f 1980/3930/3643 1991/3946/3643 1992/3931/3643
f 1994/3942/3644 2001/3950/3644 1998/3951/3644
f 1992/3931/3645 1991/3946/3646 1993/3933/3647
f 1997/3928/3648 1996/3927/3648 2005/3952/3648
f 1993/3953/3649 2003/3954/3649 2001/3955/3649
f 1989/3940/3650 2002/3956/3651 1999/3957/3651
f 1998/3951/3652 2001/3950/3652 2004/3958/3652
f 2001/3955/3653 2007/3959/3653 2008/3960/3653
f 1987/3961/3654 2009/3962/3654 2002/3963/3654
f 2004/3964/3655 2001/3955/3656 2008/3960/3655
f 2000/3965/3657 1999/3966/3657 2006/3967/3657
f 2004/3964/3658 2008/3960/3658 2009/3962/3658
f 1740/3502/3659 1742/3501/3659 1743/3968/3659
f 1743/3968/3660 1742/3501/3660 1744/3504/3660
f 1744/3969/3661 1746/3506/3661 1747/3970/3661
f 1747/3970/3662 1746/3506/3662 1748/3508/3662
f 1748/3508/3663 1749/3507/3663 1750/3510/3663
f 1750/3971/3664 1751/3511/3664 1752/3513/3664
f 1752/3513/3665 1753/3512/3665 1754/3515/3665
f 1754/3515/3666 1755/3514/3666 1756/3517/3666
f 1756/3972/3667 1757/3518/3667 1758/3520/3667
f 1758/3520/3668 1759/3519/3668 1760/3522/3668
f 1774/3543/3669 1757/3542/3669 1773/3548/3669
f 1760/3522/3670 1741/3521/3670 1740/3973/3670
f 1747/3974/333 1748/3975/333 1750/3976/333
f 1752/3523/333 1754/3977/333 1756/3524/333
f 1760/3525/333 1740/3978/333 1743/3979/333
f 1760/3525/333 1743/3979/333 1750/3976/333
f 1744/3980/333 1747/3974/333 1750/3976/333
f 1750/3976/333 1752/3523/333 1760/3525/333
f 1756/3524/333 1758/3981/333 1760/3525/333
f 1743/3979/333 1744/3980/333 1750/3976/333
f 1749/3546/3671 1746/3529/3671 1767/3531/3671
f 1746/3529/3672 1745/3982/3672 1765/3541/3672
f 1764/3983/3673 1742/3526/3673 1763/3528/3673
f 1772/3547/3674 1755/3532/3674 1771/3534/3674
f 1761/3984/3675 1741/3538/3675 1776/3540/3675
f 1753/3533/3676 1751/3535/3676 1769/3537/3676
f 1759/3539/3677 1757/3542/3677 1775/3544/3677
f 1745/3982/3678 1742/3526/3678 1764/3983/3678
f 1768/3536/3679 1749/3546/3679 1767/3531/3679
f 1762/3527/3680 1741/3538/3680 1761/3984/3680
f 1765/3541/3681 1745/3982/3681 1764/3983/3681
f 1757/3542/3682 1755/3532/3682 1773/3548/3682
f 1742/3526/3683 1741/3538/3683 1762/3527/3683
f 1776/3540/3684 1759/3539/3684 1775/3544/3684
f 1767/3552/3685 1778/3553/3685 1785/3558/3685
f 1775/3985/3686 1774/3559/3686 1792/3561/3686
f 1768/3986/3687 1767/3552/3687 1786/3562/3687
f 1762/3563/3688 1761/3987/3688 1780/3564/3688
f 1779/3566/3689 1768/3986/3689 1786/3562/3689
f 1776/3568/3690 1775/3985/3690 1792/3561/3690
f 1763/3570/3691 1762/3563/3691 1781/3565/3691
f 1769/3554/3692 1779/3556/3692 1787/3572/3692
f 1764/3988/3693 1763/3570/3693 1782/3571/3693
f 1761/3574/3694 1776/3568/3694 1793/3569/3694
f 1770/3576/3695 1769/3554/3695 1788/3573/3695
f 1765/3578/3696 1764/3988/3696 1782/3571/3696
f 1771/3989/3697 1770/3576/3697 1789/3577/3697
f 1777/3990/3698 1765/3578/3698 1783/3579/3698
f 1772/3580/3699 1771/3989/3699 1789/3577/3699
f 1766/3549/3700 1777/3551/3700 1783/3582/3700
f 1773/3583/3701 1772/3580/3701 1790/3581/3701
f 1778/3553/3702 1766/3549/3702 1784/3557/3702
f 1774/3991/3703 1773/3583/3703 1791/3584/3703
f 1780/3992/3704 1793/3588/3704 1794/3590/3704
f 1796/3594/3705 1782/3593/3705 1795/3607/3705
f 1801/3596/3706 1789/3591/3706 1800/3587/3706
f 1802/3599/3707 1790/3595/3707 1801/3596/3707
f 1784/3600/3708 1783/3592/3708 1797/3597/3708
f 1785/3993/3709 1784/3600/3709 1798/3601/3709
f 1786/3604/3710 1785/3993/3710 1798/3601/3710
f 1781/3606/3711 1780/3992/3711 1794/3590/3711
f 1787/3586/3712 1786/3604/3712 1799/3605/3712
f 1793/3588/3713 1792/3603/3713 1804/3589/3713
f 1782/3593/3714 1781/3606/3714 1795/3607/3714
f 1809/3641/3715 1799/3608/3715 1808/3610/3716
f 1813/3618/3717 1804/3611/3717 1812/3613/3717
f 1795/3614/3718 1794/3994/3718 1805/3615/3718
f 1800/3619/3719 1799/3995/3719 1809/3620/3719
f 1805/3996/3720 1794/3617/3720 1813/3618/3720
f 1796/3623/3721 1795/3614/3721 1806/3616/3721
f 1811/3635/3722 1802/3625/3723 1810/3621/3723
f 1797/3626/3724 1796/3997/3724 1807/3627/3724
f 1812/3998/3725 1802/3625/3726 1811/3635/3725
f 1798/3609/3727 1797/3626/3727 1808/3610/3727
f 1820/3999/3728 1809/4000/3728 1819/4001/3728
f 1805/3996/3729 1813/3618/3729 1814/3632/3729
f 1821/4002/3730 1810/3621/3730 1820/3633/3731
f 1816/3634/3732 1806/3616/3733 1815/3631/3734
f 1822/3636/3735 1810/3621/3735 1821/4002/3735
f 1811/3635/3736 1810/3621/3736 1822/3636/3736
f 1817/4003/3737 1807/4004/3737 1816/4005/3737
f 1818/3638/3738 1807/3627/3738 1817/4006/3738
f 1812/4007/3739 1811/4008/3739 1823/4009/3739
f 1813/3618/3740 1812/3613/3740 1824/3629/3740
f 1818/4010/3741 1817/3643/3741 1829/3649/3741
f 1819/4011/3742 1818/4010/3742 1829/3649/3742
f 1815/3652/3743 1814/4012/3743 1826/3653/3743
f 1830/4013/3744 1820/4014/3744 1819/4011/3744
f 1817/3643/3745 1816/3655/3745 1827/3644/3745
f 1822/3647/3746 1821/4015/3746 1831/3648/3746
f 1825/3667/3747 1824/4016/3747 1832/4017/3747
f 1820/4018/3748 1830/4019/3749 1833/3660/3749
f 1821/4020/3750 1820/4018/3750 1833/3660/3750
f 1831/4021/3751 1821/4020/3751 1833/3660/3751
f 1826/3663/3752 1814/4022/3752 1834/3664/3752
f 1825/3667/3753 1832/4017/3753 1841/3668/3753
f 1834/3680/3754 1814/3666/3754 1841/3668/3754
f 1833/3660/3755 1830/4019/3755 1838/3661/3755
f 1827/4023/3756 1826/3663/3756 1835/3665/3756
f 1836/3673/3757 1827/4023/3757 1835/3665/3757
f 1831/4021/3758 1833/3660/3758 1839/3676/3758
f 1828/4024/3759 1827/4023/3759 1836/3673/3759
f 1840/3675/3760 1831/4021/3761 1839/3676/3760
f 1829/3657/3762 1828/3669/3762 1837/3671/3762
f 1832/4025/3763 1831/4021/3764 1840/3675/3763
f 1841/3668/3765 1832/4017/3765 1840/4026/3765
f 1838/3658/3766 1829/3657/3766 1837/3671/3766
f 1839/3676/3767 1833/3660/3767 1847/3672/3767
f 1837/3671/3768 1836/3670/3768 1844/4027/3769
f 1848/3684/3770 1841/3668/3770 1840/4026/3770
f 1838/3658/3771 1837/3671/3771 1845/3687/3771
f 1835/3665/3772 1834/3664/3772 1843/3678/3772
f 1842/3681/3773 1841/3668/3773 1848/3684/3773
f 1840/3675/3774 1847/3672/3774 1856/3695/3774
f 1853/3688/3775 1837/3671/3775 1852/4028/3775
f 1848/3684/3776 1840/4026/3777 1856/3685/3778
f 1845/3687/3779 1837/3671/3779 1853/3688/3779
f 1843/3678/3780 1842/3677/3780 1850/3683/3780
f 1842/3681/3781 1848/3684/3781 1857/3686/3781
f 1846/3662/3782 1845/3679/3782 1854/3692/3782
f 1847/3672/3783 1846/3662/3783 1855/3693/3783
f 1844/3674/3784 1835/3665/3784 1852/3694/3784
f 1837/3671/3785 1844/4027/3785 1852/4028/3785
f 1849/3709/3786 1857/3706/3786 1867/3708/3786
f 1864/3702/3787 1854/4029/3787 1863/4030/3787
f 1858/3710/3788 1849/3709/3788 1867/3708/3788
f 1855/3701/3789 1854/4029/3790 1864/3702/3791
f 1861/3705/3792 1852/3700/3792 1860/3699/3792
f 1856/4031/3793 1855/3701/3793 1865/3703/3793
f 1862/4032/3794 1853/3704/3794 1861/3705/3794
f 1866/3707/3795 1856/4031/3795 1865/3703/3795
f 1857/3706/3796 1856/4031/3796 1866/3707/3796
f 1863/4030/3797 1853/3704/3797 1862/4032/3797
f 1854/4029/3798 1853/3704/3798 1863/4030/3798
f 1859/3698/3799 1850/3697/3799 1858/3710/3799
f 1865/4033/3800 1864/3711/3800 1869/3713/3800
f 1858/4034/3801 1867/4035/3801 1868/4036/3801
f 1878/4037/3802 1865/3730/3802 1877/4038/3802
f 1862/3714/3803 1861/3732/3804 1873/3715/3805
f 1866/3718/3806 1865/3730/3806 1878/4037/3806
f 1879/3719/3807 1866/3718/3807 1878/4037/3807
f 1858/3720/3808 1868/3726/3808 1870/3721/3808
f 1863/3724/3809 1862/3714/3809 1874/3716/3809
f 1859/3729/3810 1858/3720/3810 1871/3722/3810
f 1876/3731/3811 1869/3727/3811 1875/3725/3811
f 1870/3721/3812 1868/3726/3812 1880/3723/3812
f 1872/3733/3813 1860/3728/3813 1871/3722/3813
f 1861/3732/3814 1860/3728/3814 1872/3733/3814
f 1877/4038/3815 1865/3730/3815 1876/3731/3815
f 1878/4039/3816 1877/3745/3816 1882/3744/3816
f 1888/4040/3817 1875/3755/3817 1887/3757/3817
f 1884/4041/3818 1871/4042/3818 1870/4043/3818
f 1870/4044/3819 1880/3737/3819 1883/3739/3819
f 1889/3746/3820 1876/3741/3820 1888/3743/3820
f 1885/4045/3821 1881/4046/3821 1884/4047/3821
f 1877/3745/3822 1876/3741/3822 1889/3746/3822
f 1872/4048/3823 1881/4046/3823 1885/4045/3823
f 1886/3750/3824 1873/3747/3824 1885/3749/3824
f 1878/4049/3825 1882/4050/3825 1890/4051/3825
f 1882/3744/3826 1889/3746/3826 1892/3759/3826
f 1870/4052/3827 1883/4053/3827 1891/3763/3827
f 1893/4054/3828 1879/3738/3829 1890/3754/3830
f 1884/3740/3831 1870/4052/3831 1891/3763/3831
f 1883/3739/3832 1879/3738/3832 1893/4054/3832
f 1897/4055/3833 1886/3750/3833 1896/3760/3833
f 1901/4056/3834 1882/3744/3834 1892/3759/3834
f 1887/3751/3835 1886/3750/3835 1897/4055/3835
f 1890/3754/3836 1882/4057/3836 1901/4058/3836
f 1898/3762/3837 1887/3751/3837 1897/4055/3837
f 1891/3763/3838 1883/4053/3838 1894/4059/3838
f 1899/4060/3839 1888/3761/3839 1898/3762/3839
f 1883/3739/3840 1893/4054/3840 1894/4061/3840
f 1900/3758/3841 1889/3746/3841 1899/3765/3841
f 1893/4054/3842 1890/3754/3842 1901/4058/3842
f 1901/4056/3843 1892/3759/3843 1900/3758/3843
f 1911/3777/3844 1893/3768/3844 1910/3770/3844
f 1907/3776/3845 1898/3775/3845 1906/3785/3845
f 1891/4062/3846 1894/3771/3846 1903/3773/3846
f 1902/3772/3847 1894/3771/3847 1911/3777/3847
f 1895/3779/3848 1891/4062/3848 1903/3773/3848
f 1909/4063/3849 1900/3781/3849 1908/3778/3849
f 1901/3769/3850 1900/3781/3850 1909/4063/3850
f 1897/3784/3851 1896/3782/3851 1905/3783/3851
f 1910/3770/3852 1901/3769/3852 1909/4063/3852
f 1898/3775/3853 1897/3784/3853 1906/3785/3853
f 1904/3786/3854 1903/4064/3854 1913/3787/3854
f 1905/4065/3855 1904/4066/3855 1914/4067/3855
f 1910/4068/3856 1909/4069/3856 1915/4070/3856
f 1903/4064/3857 1902/4071/3857 1912/4072/3857
f 1909/3796/3858 1908/3792/3858 1922/3794/3858
f 1914/4073/3859 1913/4074/3859 1917/4075/3859
f 1918/4076/3860 1914/4073/3860 1917/4075/3860
f 1905/4077/3861 1914/4073/3861 1918/4076/3861
f 1906/3800/3862 1905/4077/3863 1918/4076/3864
f 1924/3803/3865 1911/3798/3865 1923/3797/3865
f 1919/3801/3866 1906/3800/3866 1918/4076/3866
f 1920/4078/3867 1907/3799/3868 1919/3801/3869
f 1903/4079/3870 1912/4080/3871 1916/4081/3872
f 1925/4082/3873 1902/3802/3873 1924/3803/3874
f 1908/3792/3875 1907/3799/3875 1920/4078/3875
f 1913/4074/3876 1903/4079/3876 1916/4081/3876
f 1912/4080/3877 1902/3802/3877 1925/4082/3877
f 1921/3793/3878 1908/3792/3879 1920/4078/3879
f 1926/3808/3880 1912/3807/3880 1925/3817/3880
f 1927/3811/3881 1913/3810/3881 1916/3809/3881
f 1924/3820/3882 1923/4083/3882 1940/3821/3882
f 1920/4084/3883 1919/3816/3884 1935/3819/3885
f 1916/3809/3886 1926/3808/3887 1930/3827/3888
f 1925/3823/3889 1924/3820/3890 1941/3822/3889
f 1936/3826/3891 1920/3825/3892 1935/4085/3893
f 1937/4086/3894 1921/3814/3894 1936/3826/3894
f 1931/3838/3895 1917/3812/3895 1927/3811/3895
f 1928/3815/3896 1921/3814/3896 1937/4086/3896
f 1922/3813/3897 1928/3815/3897 1938/3832/3897
f 1933/3805/3898 1918/3804/3898 1932/3830/3898
f 1939/4087/3899 1923/3831/3899 1938/3832/3899
f 1940/3821/3900 1923/4083/3900 1939/4088/3900
f 1956/4089/3901 1937/3833/3901 1955/3835/3901
f 1943/3837/3902 1927/3811/3902 1930/3827/3902
f 1944/3839/3903 1928/3815/3903 1937/4086/3903
f 1942/3836/3904 1926/3808/3904 1929/3818/3904
f 1949/4090/3905 1931/3840/3905 1948/3842/3905
f 1944/3849/3906 1937/4091/3906 1957/3850/3906
f 1950/3846/3907 1931/3840/3908 1949/4090/3909
f 1932/3852/3910 1931/3840/3910 1951/3847/3910
f 1958/3853/3911 1938/3848/3911 1957/3850/3911
f 1952/4092/3912 1933/4093/3912 1951/4094/3912
f 1939/3859/3913 1938/3848/3914 1959/3854/3915
f 1934/3864/3916 1933/3855/3916 1953/3857/3916
f 1960/3865/3917 1940/3858/3917 1959/3854/3917
f 1942/3868/3918 1929/3860/3918 1946/3862/3918
f 1954/3869/3919 1935/3863/3919 1953/3857/3919
f 1941/3822/3920 1940/3858/3920 1961/3866/3920
f 1947/4095/3921 1930/3867/3921 1946/3862/3921
f 1936/3834/3922 1935/3863/3922 1955/3835/3922
f 1945/3861/3923 1929/3860/3923 1961/3866/3923
f 1943/3841/3924 1930/4096/3924 1948/3842/3924
f 1953/3884/3925 1952/4097/3925 1962/3885/3925
f 1947/4098/3926 1946/4099/3926 1945/4100/3926
f 1945/4101/3927 1961/4102/3927 1960/4103/3927
f 1955/3887/3928 1954/4104/3928 1963/3888/3928
f 1949/4105/3929 1948/4106/3929 1947/4107/3929
f 1969/3895/3930 1958/3894/3930 1968/3903/3930
f 1947/3899/3931 1945/3897/3931 1970/4108/3931
f 1964/3900/3932 1947/3899/3932 1970/4108/3932
f 1970/4108/3933 1945/3897/3933 1969/3895/3933
f 1967/3902/3934 1954/3896/3934 1966/3891/3934
f 1963/4109/3935 1954/3896/3935 1967/3902/3935
f 1956/3901/3936 1963/4109/3936 1967/3902/3936
f 1950/4110/3937 1949/3898/3937 1965/3890/3937
f 1952/3889/3938 1950/4110/3938 1965/3890/3938
f 1970/4111/3939 1969/3914/3939 1976/4112/3939
f 1975/4113/3940 1967/4114/3941 1974/4115/3942
f 1972/4116/3943 1964/3910/3943 1971/3912/3943
f 1965/4117/3944 1964/3910/3945 1972/4116/3945
f 1968/4118/3946 1967/4114/3946 1975/4113/3946
f 1973/3908/3947 1965/4119/3947 1972/4120/3947
f 1966/3907/3948 1965/4119/3948 1973/3908/3948
f 1976/4112/3949 1969/3914/3949 1975/3916/3949
f 1975/4121/3950 1974/4122/3950 1982/4123/3950
f 1972/3918/3951 1971/3923/3952 1978/3919/3951
f 1983/4124/3953 1975/4121/3953 1982/4123/3953
f 1984/4125/3954 1975/4121/3954 1983/4124/3954
f 1985/3924/3955 1975/4121/3955 1984/4125/3955
f 1976/3904/3956 1975/4121/3956 1985/3924/3956
f 1974/4122/3957 1973/3921/3958 1981/3925/3957
f 1982/4123/3959 1974/4122/3959 1981/3925/3959
f 1988/4126/3960 1977/4127/3960 1987/4128/3961
f 1978/3939/3962 1977/4127/3962 1988/4126/3962
f 1977/4129/3963 1986/3932/3963 1987/3934/3963
f 1989/3940/3964 1978/3939/3964 1988/4126/3964
f 1994/3942/3965 1982/3935/3965 1993/3937/3965
f 1983/3941/3966 1982/3935/3966 1994/3942/3966
f 1990/4130/3967 1979/3938/3967 1989/3940/3967
f 1984/3948/3968 1983/3941/3968 1995/3943/3968
f 1980/3930/3969 1979/3944/3969 1991/3946/3969
f 1998/3951/3970 1995/3943/3970 1994/3942/3970
f 1990/4130/3971 1989/3940/3971 1999/3957/3971
f 2000/4131/3972 1990/3945/3972 1999/4132/3972
f 1991/3946/3973 1990/3945/3973 2000/4131/3973
f 1996/4133/3974 1995/3943/3975 1998/3951/3976
f 1994/3942/3977 1993/3937/3978 2001/3950/3979
f 2003/3954/3980 2000/3965/3980 2007/3959/3980
f 1996/4134/3981 1998/4135/3981 2004/3964/3981
f 2003/4136/3982 1991/3946/3983 2000/4131/3984
f 2005/3952/3985 1996/3927/3985 2004/4137/3986
f 2002/3963/3987 1988/4138/3987 1987/3961/3987
f 1993/3933/3988 1991/3946/3988 2003/4136/3988
f 1987/3934/3989 1997/3928/3990 2005/3952/3991
f 1989/3940/3992 1988/4126/3992 2002/3956/3992
f 2005/4139/3993 2004/3964/3993 2009/3962/3993
f 2001/3955/3994 2003/3954/3994 2007/3959/3994
f 1987/3961/3995 2005/4139/3996 2009/3962/3997
f 2006/3967/3998 1999/3966/3998 2002/3963/3998
f 2007/3959/3999 2000/3965/3999 2006/3967/3999
f 2006/3967/4000 2009/3962/4000 2007/3959/4000
f 2006/3967/4001 2002/3963/4001 2009/3962/4001
f 2009/3962/4002 2008/3960/4002 2007/3959/4002
